GrLivArea,BedroomAbvGr,Bathrooms,PropertyAge,GarageCars,TotalBsmtSF,OverallQual,LotArea,TotRmsAbvGrd,2ndFlrSF,GarageArea,BsmtFinSF1,BsmtUnfSF,1stFlrSF,GarageYrBlt,WoodDeckSF,OpenPorchSF,MasVnrArea,OverallCond,LotShape,ScreenPorch,MSSubClass,LotFrontage,CrimeRate,MedianIncome,InterestRate,UnemploymentRate,YrSold,MoSold,QrtSold,BldgType,RenovationFlag,SaleDate,SalePrice
1734,3,3.0,1,2.0,1734.0,7,11645,7,0,660.0,1300.0,434.0,1734,2005.0,160,24,0.0,5,Reg,0,20,78.0,30.85894600589856,48130.0,6.135,3.1,2006,1,Q1,1Fam,0,2006-01-01,260000.0
2064,4,2.5,1,2.0,1074.0,8,13128,7,990,527.0,0.0,1074.0,1074,2005.0,0,119,216.0,5,IR1,0,60,50.0,30.85894600589856,48130.0,6.135,3.1,2006,1,Q1,1Fam,0,2006-01-01,196858.923438425
1142,3,1.5,1,0.0,1142.0,6,7733,5,0,0.0,24.0,1118.0,1142,1979.0,4,50,0.0,5,IR1,0,20,74.0,30.85894600589856,48130.0,6.135,3.1,2006,1,Q1,1Fam,0,2006-01-01,172965.476488899
2646,3,4.0,32,2.0,1748.0,7,14330,9,495,550.0,1023.0,228.0,2151,1974.0,641,100,145.0,4,IR1,0,80,100.0,30.85894600589856,48130.0,6.135,3.1,2006,1,Q1,1Fam,0,2006-01-01,185948.625475832
1050,3,2.0,45,1.0,1050.0,5,10659,6,0,368.0,915.0,135.0,1050,1961.0,0,319,0.0,6,IR1,0,20,68.0,30.85894600589856,48130.0,6.135,3.1,2006,1,Q1,1Fam,0,2006-01-01,136500.0
1964,3,2.5,1,2.0,1100.0,8,12447,8,848,760.0,0.0,1100.0,1116,2005.0,200,70,192.0,5,IR1,0,60,75.0,30.85894600589856,48130.0,6.135,3.1,2006,1,Q1,1Fam,1,2006-01-01,182242.80926507
1008,2,2.0,54,1.0,1008.0,5,12778,4,0,280.0,658.0,350.0,1008,1952.0,0,154,0.0,6,Reg,0,20,66.0,30.85894600589856,48130.0,6.135,3.1,2006,1,Q1,1Fam,1,2006-01-01,169618.349900686
1056,3,2.0,51,2.0,1056.0,5,34650,5,0,572.0,1056.0,0.0,1056,1955.0,264,0,0.0,5,Reg,0,190,100.0,30.85894600589856,48130.0,6.135,3.1,2006,1,Q1,2fmCon,0,2006-01-01,145000.0
1803,3,3.0,49,2.0,1134.0,5,13125,8,0,484.0,168.0,284.0,1803,1957.0,0,0,67.0,4,Reg,0,20,88.0,30.85894600589856,48130.0,6.135,3.1,2006,1,Q1,1Fam,1,2006-01-01,155000.0
1309,3,2.5,32,2.0,1040.0,6,10140,5,0,484.0,663.0,0.0,1309,1974.0,265,0,99.0,6,Reg,0,20,78.0,30.85894600589856,48130.0,6.135,3.1,2006,1,Q1,1Fam,1,2006-01-01,181000.0
879,2,1.0,70,1.0,830.0,5,5220,4,0,180.0,0.0,830.0,879,1936.0,0,108,0.0,3,IR1,0,30,50.0,30.85894600589856,48130.0,6.135,3.1,2006,1,Q1,1Fam,1,2006-01-01,154743.91606057
1024,3,1.5,41,1.0,1024.0,5,13052,5,0,308.0,712.0,312.0,1024,1965.0,0,0,0.0,6,IR1,0,20,68.0,30.85894600589856,48130.0,6.135,3.1,2006,1,Q1,1Fam,0,2006-01-01,183433.472466085
2795,4,3.5,1,3.0,1390.0,9,15922,10,1405,660.0,0.0,1390.0,1390,2005.0,272,102,550.0,5,IR1,0,60,92.0,30.85894600589856,48130.0,6.135,3.1,2006,1,Q1,1Fam,1,2006-01-01,202357.62258493
1664,3,2.5,6,2.0,953.0,6,8121,7,711,460.0,0.0,953.0,953,2000.0,100,40,0.0,5,IR1,0,60,68.0,30.85894600589856,48130.0,6.135,3.1,2006,1,Q1,1Fam,0,2006-01-01,172400.0
1707,2,2.5,25,2.0,1686.0,8,16669,6,0,511.0,0.0,1686.0,1707,1981.0,574,64,653.0,6,IR1,0,20,68.0,30.85894600589856,48130.0,6.135,3.1,2006,1,Q1,1Fam,0,2006-01-01,228000.0
2097,1,2.5,1,3.0,2077.0,8,20896,8,0,1134.0,1721.0,356.0,2097,2005.0,192,267,0.0,5,IR2,0,20,49.0,30.85894600589856,48130.0,6.135,3.1,2006,1,Q1,1Fam,1,2006-01-01,423000.0
1214,3,1.0,91,3.0,672.0,3,10410,6,520,936.0,0.0,672.0,694,1998.0,216,0,0.0,4,Reg,0,50,60.0,30.85894600589856,48130.0,6.135,3.1,2006,1,Q1,1Fam,1,2006-01-01,105000.0
1541,3,2.0,5,3.0,1541.0,7,13704,6,0,843.0,0.0,1541.0,1541,2001.0,468,81,150.0,5,IR1,0,20,118.0,30.85894600589856,48130.0,6.135,3.1,2006,1,Q1,1Fam,1,2006-01-01,205000.0
1370,3,2.0,50,1.0,1058.0,5,10000,6,0,300.0,678.0,99.0,1370,1956.0,191,0,272.0,6,Reg,120,80,125.0,30.85894600589856,48130.0,6.25,3.0,2006,2,Q1,1Fam,0,2006-02-01,178531.911979192
1776,3,2.5,4,2.0,936.0,7,14006,7,840,474.0,0.0,936.0,936,2002.0,144,96,144.0,5,IR1,0,60,65.0,30.85894600589856,48130.0,6.25,3.0,2006,2,Q1,1Fam,0,2006-02-01,192500.0
1671,3,2.5,11,2.0,781.0,6,13041,7,890,423.0,0.0,781.0,781,1995.0,0,84,0.0,5,IR2,0,60,68.0,30.85894600589856,48130.0,6.25,3.0,2006,2,Q1,1Fam,0,2006-02-01,184516.716597846
864,3,1.5,44,1.0,864.0,5,7000,5,0,336.0,468.0,396.0,864,1962.0,0,0,0.0,6,Reg,0,20,70.0,30.85894600589856,48130.0,6.25,3.0,2006,2,Q1,1Fam,0,2006-02-01,172627.796932837
1671,4,2.0,77,2.0,1022.0,7,8170,7,549,451.0,526.0,496.0,1122,1963.0,0,0,270.0,7,IR1,0,50,81.0,30.85894600589856,48130.0,6.25,3.0,2006,2,Q1,1Fam,1,2006-02-01,188206.281858748
1717,2,1.5,66,1.0,901.0,5,12400,7,592,410.0,602.0,299.0,1125,1940.0,0,0,0.0,6,Reg,113,50,80.0,30.85894600589856,48130.0,6.25,3.0,2006,2,Q1,1Fam,1,2006-02-01,169979.323958443
2291,4,2.5,7,2.0,975.0,7,8738,8,1286,429.0,0.0,975.0,1005,1999.0,192,0,302.0,5,IR1,0,60,66.0,30.85894600589856,48130.0,6.25,3.0,2006,2,Q1,1Fam,0,2006-02-01,230000.0
1324,3,1.0,76,1.0,741.0,5,6120,7,583,180.0,0.0,741.0,741,1930.0,0,0,0.0,7,Reg,0,50,51.0,30.85894600589856,48130.0,6.25,3.0,2006,2,Q1,1Fam,1,2006-02-01,170895.923185907
498,1,1.0,84,1.0,498.0,2,8088,3,0,216.0,0.0,498.0,498,1922.0,0,0,0.0,3,Reg,0,30,60.0,30.85894600589856,48130.0,6.25,3.0,2006,2,Q1,1Fam,1,2006-02-01,148217.262540651
1552,3,3.5,31,2.0,713.0,6,11475,6,741,434.0,550.0,163.0,811,1975.0,209,208,0.0,6,Reg,0,60,85.0,30.85894600589856,48130.0,6.25,3.0,2006,2,Q1,1Fam,0,2006-02-01,179900.0
2183,4,2.5,18,3.0,1204.0,7,13837,9,806,786.0,1002.0,0.0,1377,1988.0,0,0,178.0,5,IR1,0,50,68.0,30.85894600589856,48130.0,6.25,3.0,2006,2,Q1,1Fam,0,2006-02-01,229000.0
2314,3,2.5,3,2.0,1150.0,7,11060,9,1150,502.0,0.0,1150.0,1164,2003.0,0,274,0.0,5,IR1,0,60,90.0,30.85894600589856,48130.0,6.25,3.0,2006,2,Q1,1Fam,1,2006-02-01,180618.032628904
1671,3,3.5,6,2.0,959.0,6,10852,7,712,472.0,786.0,173.0,959,2000.0,0,38,0.0,5,IR1,0,60,58.0,30.85894600589856,48130.0,6.25,3.0,2006,2,Q1,1Fam,0,2006-02-01,173000.0
1208,2,2.0,1,2.0,1208.0,7,7488,6,0,632.0,393.0,815.0,1208,2005.0,105,58,0.0,5,IR1,0,20,64.0,30.85894600589856,48130.0,6.25,3.0,2006,2,Q1,1Fam,0,2006-02-01,160312.319589212
1760,4,1.5,96,2.0,1077.0,4,10818,7,779,648.0,0.0,1077.0,981,1935.0,120,0,0.0,4,Reg,0,50,60.0,30.85894600589856,48130.0,6.25,3.0,2006,2,Q1,1Fam,1,2006-02-01,193417.64740633
1778,2,4.0,1,2.0,1573.0,8,5748,5,0,495.0,1573.0,0.0,1778,2005.0,123,53,473.0,5,IR1,153,120,41.0,30.85894600589856,48130.0,6.25,3.0,2006,2,Q1,TwnhsE,1,2006-02-01,156887.932862327
1654,3,3.0,4,3.0,1654.0,7,8125,6,0,900.0,986.0,668.0,1654,2002.0,0,136,295.0,5,Reg,0,20,68.0,30.85894600589856,48130.0,6.25,3.0,2006,2,Q1,1Fam,0,2006-02-01,230000.0
1915,3,3.5,14,2.0,908.0,8,10041,8,988,506.0,789.0,119.0,927,1992.0,120,150,0.0,5,IR1,0,60,80.0,30.85894600589856,48130.0,6.25,3.0,2006,2,Q1,1Fam,0,2006-02-01,220000.0
1914,3,3.5,2,3.0,1420.0,8,13215,9,488,746.0,994.0,426.0,1426,2004.0,168,127,112.0,5,IR1,0,60,68.0,30.85894600589856,48130.0,6.25,3.0,2006,2,Q1,1Fam,0,2006-02-01,184859.155270535
1716,3,2.5,1,2.0,858.0,6,8125,7,858,615.0,0.0,858.0,858,2005.0,0,53,0.0,5,Reg,0,60,65.0,30.85894600589856,48130.0,6.25,3.0,2006,2,Q1,1Fam,0,2006-02-01,174841.84007522
1717,3,2.0,91,3.0,756.0,7,9550,7,756,642.0,216.0,540.0,961,1998.0,0,35,0.0,5,IR1,0,70,60.0,30.85894600589856,48130.0,6.25,3.0,2006,2,Q1,1Fam,1,2006-02-01,140000.0
1456,3,2.5,1,2.0,728.0,6,10237,8,728,390.0,0.0,728.0,728,2005.0,0,24,0.0,5,Reg,0,60,65.0,30.85894600589856,48130.0,6.25,3.0,2006,2,Q1,1Fam,1,2006-02-01,178998.337067854
1976,3,3.5,8,3.0,1044.0,8,9660,7,897,885.0,791.0,253.0,1079,1998.0,210,31,242.0,5,IR1,0,60,84.0,30.85894600589856,48130.0,6.25,3.0,2006,2,Q1,1Fam,0,2006-02-01,177862.778940605
1068,3,1.5,43,1.0,1059.0,6,8414,6,0,264.0,663.0,396.0,1068,1963.0,192,0,0.0,8,Reg,0,20,70.0,30.85894600589856,48130.0,6.25,3.0,2006,2,Q1,1Fam,1,2006-02-01,154500.0
2098,3,2.5,1,3.0,1030.0,8,10240,8,1060,878.0,0.0,1030.0,1038,2005.0,192,52,178.0,5,Reg,0,60,80.0,30.85894600589856,48130.0,6.34,2.7,2006,3,Q1,1Fam,0,2006-03-01,275500.0
1652,4,2.0,36,3.0,1652.0,5,11836,8,0,928.0,149.0,1503.0,1652,1970.0,0,0,0.0,5,IR1,0,90,68.0,30.85894600589856,48130.0,6.34,2.7,2006,3,Q1,Duplex,0,2006-03-01,196526.002998991
1664,4,2.5,30,2.0,832.0,7,10140,8,832,528.0,194.0,638.0,832,1976.0,0,28,0.0,5,Reg,259,60,78.0,30.85894600589856,48130.0,6.34,2.7,2006,3,Q1,1Fam,0,2006-03-01,162900.0
1025,3,2.0,44,0.0,1025.0,5,7000,6,0,0.0,953.0,72.0,1025,1979.0,96,80,0.0,5,Reg,0,190,70.0,30.85894600589856,48130.0,6.34,2.7,2006,3,Q1,2fmCon,0,2006-03-01,173732.689486435
1141,3,1.5,1,2.0,1141.0,6,13072,6,0,484.0,0.0,1141.0,1141,2005.0,0,0,0.0,5,Reg,0,20,63.0,30.85894600589856,48130.0,6.34,2.7,2006,3,Q1,1Fam,0,2006-03-01,142500.0
1096,3,2.0,37,1.0,1096.0,5,15870,6,0,299.0,75.0,230.0,1096,1969.0,240,32,0.0,5,IR1,0,20,68.0,30.85894600589856,48130.0,6.34,2.7,2006,3,Q1,1Fam,0,2006-03-01,138800.0
1376,2,1.0,101,1.0,738.0,3,7614,7,662,216.0,0.0,738.0,714,1930.0,0,0,0.0,5,Reg,225,70,42.0,30.85894600589856,48130.0,6.34,2.7,2006,3,Q1,1Fam,1,2006-03-01,161665.184974757
2855,4,3.5,6,3.0,1540.0,9,9233,9,1315,774.0,1182.0,358.0,1540,2000.0,247,55,877.0,5,IR1,0,60,68.0,30.85894600589856,48130.0,6.34,2.7,2006,3,Q1,1Fam,0,2006-03-01,191403.199177104
1251,3,2.0,42,1.0,1251.0,6,8800,6,0,461.0,553.0,698.0,1251,1964.0,0,116,425.0,6,Reg,0,20,80.0,30.85894600589856,48130.0,6.34,2.7,2006,3,Q1,1Fam,0,2006-03-01,160000.0
1337,2,3.0,8,2.0,1237.0,6,4500,5,0,405.0,1201.0,36.0,1337,1998.0,0,199,443.0,5,Reg,0,120,32.0,30.85894600589856,48130.0,6.34,2.7,2006,3,Q1,TwnhsE,0,2006-03-01,153500.0
1150,3,1.0,64,1.0,799.0,5,6488,6,351,215.0,230.0,569.0,799,1942.0,264,0,0.0,5,Reg,0,50,62.0,30.85894600589856,48130.0,6.34,2.7,2006,3,Q1,1Fam,1,2006-03-01,172725.053851858
874,3,1.5,35,2.0,864.0,4,7200,5,0,576.0,20.0,224.0,874,1995.0,63,0,0.0,4,Reg,0,20,60.0,30.85894600589856,48130.0,6.34,2.7,2006,3,Q1,1Fam,0,2006-03-01,174126.297156192
2798,3,4.5,1,3.0,1398.0,9,16023,11,1384,670.0,1218.0,180.0,1414,2005.0,182,37,600.0,5,IR1,0,60,59.0,30.85894600589856,48130.0,6.34,2.7,2006,3,Q1,1Fam,1,2006-03-01,191490.299507521
984,3,1.0,76,1.0,984.0,6,7200,6,0,308.0,343.0,641.0,984,1930.0,0,0,0.0,6,Reg,0,30,60.0,30.85894600589856,48130.0,6.34,2.7,2006,3,Q1,1Fam,1,2006-03-01,174126.297156192
1565,2,3.0,1,2.0,1560.0,9,5911,6,0,556.0,472.0,1088.0,1565,2005.0,196,56,278.0,5,Reg,0,120,48.0,30.85894600589856,48130.0,6.34,2.7,2006,3,Q1,TwnhsE,0,2006-03-01,158313.615666777
1057,3,1.5,51,1.0,1057.0,5,10519,6,0,288.0,0.0,1057.0,1057,1955.0,0,0,164.0,8,Reg,0,20,70.0,30.85894600589856,48130.0,6.34,2.7,2006,3,Q1,1Fam,1,2006-03-01,180658.216435809
1248,2,2.0,1,2.0,1248.0,7,3010,5,0,438.0,16.0,1232.0,1248,2005.0,108,0,16.0,5,Reg,0,120,43.0,30.85894600589856,48130.0,6.34,2.7,2006,3,Q1,TwnhsE,1,2006-03-01,167240.0
1553,3,2.5,1,2.0,756.0,7,8125,6,797,615.0,0.0,756.0,756,2005.0,0,45,0.0,5,Reg,0,60,65.0,30.85894600589856,48130.0,6.34,2.7,2006,3,Q1,1Fam,1,2006-03-01,186500.0
1405,2,2.0,3,2.0,1405.0,7,3136,6,0,478.0,0.0,1405.0,1405,2003.0,148,36,163.0,5,IR1,0,120,68.0,30.85894600589856,48130.0,6.34,2.7,2006,3,Q1,TwnhsE,0,2006-03-01,171750.0
1452,3,3.5,7,2.0,691.0,7,3735,6,739,506.0,450.0,241.0,713,1999.0,0,34,218.0,5,Reg,0,160,35.0,30.85894600589856,48130.0,6.34,2.7,2006,3,Q1,TwnhsE,0,2006-03-01,183900.0
3112,4,3.5,88,2.0,1360.0,8,25419,8,1360,795.0,1036.0,140.0,1360,1918.0,0,16,0.0,4,Reg,0,75,174.0,30.85894600589856,48130.0,6.34,2.7,2006,3,Q1,1Fam,1,2006-03-01,235000.0
1221,4,2.0,82,1.0,784.0,5,9738,7,272,392.0,392.0,392.0,949,1965.0,0,0,0.0,7,Reg,0,50,60.0,30.85894600589856,48130.0,6.34,2.7,2006,3,Q1,1Fam,1,2006-03-01,104900.0
2028,2,3.0,1,3.0,1868.0,8,11443,7,0,880.0,1460.0,408.0,2028,2005.0,326,66,208.0,5,Reg,0,20,88.0,30.85894600589856,48130.0,6.34,2.7,2006,3,Q1,1Fam,1,2006-03-01,369900.0
1045,3,2.0,44,2.0,1045.0,7,7400,6,0,528.0,809.0,236.0,1045,1962.0,0,0,0.0,6,Reg,0,20,74.0,30.85894600589856,48130.0,6.34,2.7,2006,3,Q1,1Fam,0,2006-03-01,174519.904825949
2263,3,3.5,29,2.0,795.0,7,16659,9,795,539.0,795.0,0.0,1468,1977.0,0,250,34.0,7,IR1,0,60,68.0,30.85894600589856,48130.0,6.34,2.7,2006,3,Q1,1Fam,1,2006-03-01,235000.0
1051,3,2.0,40,1.0,1051.0,5,9759,6,0,264.0,799.0,252.0,1051,1966.0,182,88,0.0,5,IR1,0,20,68.0,30.85894600589856,48130.0,6.34,2.7,2006,3,Q1,1Fam,0,2006-03-01,179162.507290733
1851,3,2.0,37,2.0,1851.0,7,11727,8,0,506.0,0.0,1851.0,1851,1969.0,0,146,434.0,6,Reg,0,20,90.0,30.85894600589856,48130.0,6.34,2.7,2006,3,Q1,1Fam,0,2006-03-01,183035.606761141
1390,3,3.0,3,2.0,1390.0,7,8810,7,0,545.0,1000.0,390.0,1390,2003.0,0,68,0.0,5,Reg,0,20,70.0,30.85894600589856,48130.0,6.34,2.7,2006,3,Q1,1Fam,0,2006-03-01,177294.838897736
1650,2,2.0,48,2.0,1632.0,6,50102,6,0,518.0,909.0,723.0,1650,1958.0,0,0,0.0,5,IR1,138,20,68.0,30.85894600589856,48130.0,6.34,2.7,2006,3,Q1,1Fam,0,2006-03-01,245283.198337927
1144,3,2.0,47,1.0,1144.0,5,8163,6,0,796.0,748.0,102.0,1144,1959.0,86,0,128.0,6,Reg,0,80,70.0,30.85894600589856,48130.0,6.34,2.7,2006,3,Q1,1Fam,0,2006-03-01,143000.0
1850,3,3.0,2,3.0,1833.0,9,16033,8,0,772.0,1261.0,572.0,1850,2004.0,519,112,378.0,5,IR1,0,20,98.0,30.85894600589856,48130.0,6.34,2.7,2006,3,Q1,1Fam,1,2006-03-01,326000.0
936,2,1.0,52,1.0,936.0,5,9888,5,0,240.0,486.0,450.0,936,1954.0,0,0,0.0,6,Reg,0,20,82.0,30.85894600589856,48130.0,6.34,2.7,2006,3,Q1,1Fam,1,2006-03-01,166140.504179894
1364,3,1.5,49,1.0,1179.0,5,8400,6,0,331.0,623.0,556.0,1364,1957.0,0,60,0.0,5,Reg,0,20,70.0,30.85894600589856,48130.0,6.34,2.7,2006,3,Q1,1Fam,0,2006-03-01,176487.943174734
1211,2,1.0,44,2.0,864.0,5,9240,6,0,576.0,612.0,252.0,1211,1972.0,161,0,0.0,6,IR1,0,20,68.0,30.85894600589856,48130.0,6.34,2.7,2006,3,Q1,1Fam,1,2006-03-01,164865.215329881
1131,3,1.5,1,0.0,1131.0,6,13072,6,0,0.0,0.0,1131.0,1131,1979.0,0,39,0.0,5,Reg,0,20,63.0,30.85894600589856,48130.0,6.34,2.7,2006,3,Q1,1Fam,1,2006-03-01,185682.618340257
1095,2,2.0,48,1.0,588.0,6,10382,6,0,264.0,513.0,75.0,1095,1958.0,0,0,105.0,5,Reg,0,190,75.0,30.85894600589856,48130.0,6.34,2.7,2006,3,Q1,2fmCon,0,2006-03-01,140000.0
1200,4,1.0,83,1.0,1200.0,6,11340,7,0,312.0,0.0,1200.0,1200,1923.0,0,0,0.0,5,Reg,0,30,84.0,30.85894600589856,48130.0,6.34,2.7,2006,3,Q1,1Fam,1,2006-03-01,125000.0
641,2,1.0,81,1.0,641.0,4,7030,4,0,272.0,0.0,641.0,641,1925.0,184,0,0.0,6,Reg,0,30,50.0,30.85894600589856,48130.0,6.34,2.7,2006,3,Q1,1Fam,1,2006-03-01,160515.850579067
2230,5,2.0,94,1.0,795.0,4,6204,10,795,440.0,0.0,795.0,954,1997.0,0,188,0.0,5,Reg,0,75,60.0,30.85894600589856,48130.0,6.34,2.7,2006,3,Q1,1Fam,1,2006-03-01,118500.0
1003,3,2.0,22,2.0,1003.0,6,7937,6,0,588.0,819.0,184.0,1003,1984.0,120,0,0.0,6,IR1,0,80,37.0,30.85894600589856,48130.0,6.34,2.7,2006,3,Q1,1Fam,0,2006-03-01,142500.0
864,3,1.0,34,1.0,864.0,5,7200,5,0,297.0,437.0,427.0,864,1977.0,0,0,0.0,8,Reg,0,20,60.0,30.85894600589856,48130.0,6.34,2.7,2006,3,Q1,1Fam,0,2006-03-01,174126.297156192
1647,3,3.0,29,2.0,1430.0,5,12984,7,0,621.0,1283.0,0.0,1647,1977.0,0,0,459.0,6,Reg,0,20,80.0,30.85894600589856,48130.0,6.34,2.7,2006,3,Q1,1Fam,0,2006-03-01,217500.0
1614,3,2.0,1,2.0,1614.0,7,9316,7,0,576.0,56.0,1558.0,1614,2005.0,100,45,140.0,5,Reg,0,20,78.0,30.85894600589856,48130.0,6.34,2.7,2006,3,Q1,1Fam,0,2006-03-01,178290.666302221
1585,3,2.5,1,2.0,784.0,7,7632,7,754,449.0,0.0,784.0,831,2005.0,100,77,96.0,5,IR1,0,60,74.0,30.85894600589856,48130.0,6.34,2.7,2006,3,Q1,1Fam,0,2006-03-01,174976.489722867
1400,3,1.5,28,2.0,672.0,6,7844,6,728,440.0,209.0,463.0,672,1978.0,0,0,203.0,7,Reg,0,60,74.0,30.85894600589856,48130.0,6.34,2.7,2006,3,Q1,1Fam,0,2006-03-01,149500.0
1611,3,2.5,1,2.0,784.0,7,8400,6,827,572.0,0.0,784.0,784,2005.0,144,36,0.0,5,Reg,0,60,70.0,30.85894600589856,48130.0,6.34,2.7,2006,3,Q1,1Fam,0,2006-03-01,176487.943174734
1792,2,3.0,1,3.0,1792.0,9,13758,6,0,925.0,1232.0,560.0,1792,2005.0,204,49,430.0,5,IR1,0,20,121.0,30.85894600589856,48130.0,6.34,2.7,2006,3,Q1,1Fam,1,2006-03-01,173756.812589691
720,1,1.0,106,1.0,448.0,4,7008,5,272,280.0,0.0,448.0,448,1900.0,0,0,0.0,8,Reg,0,50,60.0,30.85894600589856,48130.0,6.34,2.7,2006,3,Q1,1Fam,1,2006-03-01,147196.673677562
1368,2,2.0,1,2.0,1368.0,7,6792,6,0,474.0,0.0,1368.0,1368,2005.0,132,35,94.0,5,IR1,0,120,40.0,30.85894600589856,48130.0,6.34,2.7,2006,3,Q1,TwnhsE,1,2006-03-01,202665.0
693,2,1.0,65,0.0,693.0,4,4118,4,0,0.0,0.0,693.0,693,1979.0,0,20,0.0,4,IR1,0,30,153.0,30.85894600589856,48130.0,6.34,2.7,2006,3,Q1,1Fam,1,2006-03-01,52500.0
2462,4,3.5,1,2.0,1392.0,7,19378,9,1070,576.0,57.0,1335.0,1392,2006.0,239,132,456.0,5,IR1,0,60,134.0,30.85894600589856,48130.0,6.34,2.7,2006,3,Q1,1Fam,1,2006-03-01,320000.0
1344,3,1.0,70,1.0,896.0,5,6240,7,448,240.0,0.0,896.0,896,1936.0,200,114,0.0,4,Reg,0,50,68.0,30.85894600589856,48130.0,6.51,2.4,2006,4,Q2,1Fam,1,2006-04-01,115000.0
2514,4,2.5,16,2.0,1216.0,7,11170,8,1216,693.0,1216.0,0.0,1298,1990.0,0,0,0.0,5,IR2,0,60,68.0,30.85894600589856,48130.0,6.51,2.4,2006,4,Q2,1Fam,1,2006-04-01,250000.0
1282,3,2.5,28,3.0,995.0,6,10385,6,0,672.0,595.0,0.0,1282,1989.0,386,0,123.0,6,IR1,0,80,42.0,30.85894600589856,48130.0,6.51,2.4,2006,4,Q2,1Fam,0,2006-04-01,181499.39185067
1440,2,4.0,13,4.0,1344.0,6,9069,8,0,920.0,261.0,0.0,1440,1993.0,288,0,0.0,8,Reg,0,90,73.0,30.85894600589856,48130.0,6.51,2.4,2006,4,Q2,Duplex,0,2006-04-01,165633.573325837
1488,3,1.0,54,2.0,0.0,5,12048,7,0,569.0,0.0,0.0,1488,2002.0,0,189,232.0,6,Reg,348,20,80.0,30.85894600589856,48130.0,6.51,2.4,2006,4,Q2,1Fam,1,2006-04-01,184772.239624699
1709,3,2.0,2,2.0,970.0,6,2522,7,739,380.0,0.0,970.0,970,2004.0,0,40,50.0,5,Reg,0,160,24.0,30.85894600589856,48130.0,6.51,2.4,2006,4,Q2,Twnhs,1,2006-04-01,130000.0
1124,3,1.0,52,0.0,0.0,5,8335,5,0,0.0,0.0,0.0,1124,1979.0,0,36,0.0,5,Reg,0,20,77.0,30.85894600589856,48130.0,6.51,2.4,2006,4,Q2,1Fam,0,2006-04-01,93000.0
1494,2,2.5,11,2.0,1494.0,8,9549,6,0,481.0,437.0,0.0,1494,1995.0,0,30,0.0,5,IR1,216,120,30.0,30.85894600589856,48130.0,6.51,2.4,2006,4,Q2,TwnhsE,1,2006-04-01,270000.0
1334,3,3.0,39,2.0,1334.0,7,10140,7,0,477.0,553.0,713.0,1334,1967.0,0,20,264.0,6,Reg,264,20,78.0,30.85894600589856,48130.0,6.51,2.4,2006,4,Q2,1Fam,0,2006-04-01,181017.222455218
1266,3,2.0,1,2.0,1257.0,7,7500,6,0,453.0,0.0,1257.0,1266,2005.0,38,144,0.0,5,Reg,0,20,62.0,30.85894600589856,48130.0,6.51,2.4,2006,4,Q2,1Fam,0,2006-04-01,176000.0
1055,2,3.0,30,1.0,1055.0,7,2280,4,0,319.0,120.0,443.0,1055,1976.0,0,29,0.0,7,Reg,0,120,24.0,30.85894600589856,48130.0,6.51,2.4,2006,4,Q2,Twnhs,0,2006-04-01,152272.560975937
912,3,1.0,42,0.0,912.0,5,8020,6,0,0.0,644.0,268.0,912,1979.0,0,0,0.0,6,IR1,0,20,68.0,30.85894600589856,48130.0,6.51,2.4,2006,4,Q2,1Fam,0,2006-04-01,176844.981155794
1488,3,2.5,42,2.0,1008.0,6,10368,7,0,430.0,260.0,0.0,1488,1964.0,154,60,112.0,6,IR1,0,20,68.0,30.85894600589856,48130.0,6.51,2.4,2006,4,Q2,1Fam,0,2006-04-01,181465.935198741
951,2,1.0,70,1.0,951.0,4,8765,6,0,327.0,285.0,666.0,951,1936.0,0,28,0.0,6,Reg,0,30,50.0,30.85894600589856,48130.0,6.51,2.4,2006,4,Q2,1Fam,1,2006-04-01,106500.0
2728,4,3.5,1,3.0,1848.0,9,20431,10,880,706.0,1410.0,438.0,1848,2006.0,0,0,870.0,5,IR2,0,60,56.0,30.85894600589856,48130.0,6.51,2.4,2006,4,Q2,1Fam,1,2006-04-01,437154.0
1382,3,3.5,6,2.0,673.0,7,2651,6,709,490.0,641.0,32.0,673,2000.0,153,50,0.0,5,Reg,0,160,68.0,30.85894600589856,48130.0,6.51,2.4,2006,4,Q2,Twnhs,0,2006-04-01,165000.0
1383,3,1.5,46,1.0,1383.0,6,11600,7,0,292.0,565.0,818.0,1383,1960.0,0,45,175.0,5,Reg,0,20,80.0,30.85894600589856,48130.0,6.51,2.4,2006,4,Q2,1Fam,0,2006-04-01,145250.0
1595,3,2.0,91,2.0,663.0,6,7200,7,821,528.0,338.0,325.0,774,1974.0,49,0,0.0,8,Reg,0,70,60.0,30.85894600589856,48130.0,6.51,2.4,2006,4,Q2,1Fam,1,2006-04-01,175231.189709791
1506,2,2.0,1,2.0,1362.0,7,3013,6,0,440.0,16.0,1346.0,1506,2005.0,142,20,145.0,5,Reg,0,120,43.0,30.85894600589856,48130.0,6.51,2.4,2006,4,Q2,TwnhsE,0,2006-04-01,213490.0
1686,3,2.5,1,2.0,891.0,7,7800,8,795,462.0,0.0,891.0,891,2005.0,144,101,172.0,5,Reg,0,60,65.0,30.85894600589856,48130.0,6.51,2.4,2006,4,Q2,1Fam,0,2006-04-01,176412.012719061
1466,3,2.5,70,2.0,796.0,5,10800,7,370,566.0,626.0,170.0,1096,1950.0,436,21,0.0,8,Reg,0,50,60.0,30.85894600589856,48130.0,6.51,2.4,2006,4,Q2,1Fam,1,2006-04-01,170000.0
1951,4,2.0,106,2.0,938.0,4,7745,9,867,576.0,0.0,938.0,1084,1993.0,0,6,0.0,6,Reg,0,190,56.0,30.85894600589856,48130.0,6.51,2.4,2006,4,Q2,2fmCon,1,2006-04-01,189579.65066771
1709,3,2.0,2,2.0,970.0,7,2522,7,739,380.0,0.0,970.0,970,2004.0,0,40,50.0,5,Reg,0,160,24.0,30.85894600589856,48130.0,6.51,2.4,2006,4,Q2,Twnhs,0,2006-04-01,137500.0
788,2,1.0,65,0.0,788.0,4,7446,4,0,0.0,266.0,522.0,788,1979.0,0,0,0.0,5,Reg,0,30,68.0,30.85894600589856,48130.0,6.51,2.4,2006,4,Q2,1Fam,1,2006-04-01,100000.0
1247,1,2.5,1,2.0,1247.0,8,3316,4,0,550.0,1039.0,208.0,1247,2005.0,0,84,0.0,5,IR1,0,120,37.0,30.85894600589856,48130.0,6.51,2.4,2006,4,Q2,TwnhsE,0,2006-04-01,197000.0
1889,3,2.5,6,2.0,982.0,6,8658,9,881,431.0,732.0,250.0,1008,2000.0,0,0,0.0,5,IR1,0,60,68.0,30.85894600589856,48130.0,6.51,2.4,2006,4,Q2,1Fam,0,2006-04-01,178100.589622319
2519,4,3.5,17,2.0,1210.0,7,26178,9,1281,628.0,965.0,245.0,1238,1989.0,320,27,293.0,5,IR1,0,60,42.0,30.85894600589856,48130.0,6.51,2.4,2006,4,Q2,1Fam,1,2006-04-01,335000.0
1498,2,2.0,0,2.0,1498.0,7,8990,5,0,675.0,0.0,1498.0,1498,2006.0,351,33,0.0,5,IR1,0,20,73.0,30.85894600589856,48130.0,6.51,2.4,2006,4,Q2,1Fam,0,2006-04-01,204900.0
872,2,1.0,82,1.0,872.0,5,17529,5,0,322.0,0.0,872.0,872,1924.0,0,0,65.0,5,Reg,0,30,68.0,30.85894600589856,48130.0,6.51,2.4,2006,4,Q2,1Fam,1,2006-04-01,182283.177756557
1000,1,2.0,43,2.0,1000.0,5,13050,4,0,575.0,104.0,46.0,1000,1993.0,238,0,0.0,6,Reg,0,20,87.0,30.85894600589856,48130.0,6.51,2.4,2006,4,Q2,1Fam,0,2006-04-01,160192.453934518
1700,2,3.5,26,1.0,430.0,7,1700,7,680,450.0,397.0,33.0,880,1980.0,188,36,0.0,5,Reg,200,150,68.0,30.85894600589856,48130.0,6.51,2.4,2006,4,Q2,Twnhs,1,2006-04-01,151131.098733642
1220,2,1.0,55,2.0,836.0,4,8877,6,0,396.0,836.0,0.0,1220,1951.0,0,0,0.0,5,Reg,0,20,67.0,30.85894600589856,48130.0,6.51,2.4,2006,4,Q2,1Fam,0,2006-04-01,102000.0
1928,4,2.0,96,1.0,1020.0,6,9142,9,1020,440.0,0.0,1020.0,908,1910.0,0,60,0.0,8,Reg,0,190,69.0,30.85894600589856,48130.0,6.51,2.4,2006,4,Q2,2fmCon,1,2006-04-01,137000.0
1440,3,1.0,106,1.0,540.0,5,5000,6,551,352.0,0.0,540.0,889,1940.0,0,0,0.0,4,Reg,0,50,63.0,30.85894600589856,48130.0,6.51,2.4,2006,4,Q2,1Fam,1,2006-04-01,79000.0
1218,3,1.5,35,0.0,672.0,6,1680,7,546,0.0,0.0,672.0,672,1979.0,201,0,236.0,5,Reg,0,160,21.0,30.85894600589856,48130.0,6.51,2.4,2006,4,Q2,Twnhs,0,2006-04-01,91500.0
1092,3,1.5,36,1.0,546.0,4,1894,6,546,286.0,252.0,294.0,546,1970.0,0,24,0.0,5,Reg,0,160,21.0,30.85894600589856,48130.0,6.51,2.4,2006,4,Q2,TwnhsE,0,2006-04-01,164788.778231138
1616,3,2.0,1,3.0,1616.0,7,8688,7,0,834.0,0.0,1616.0,1616,2005.0,208,59,228.0,5,Reg,0,20,73.0,30.85894600589856,48130.0,6.51,2.4,2006,4,Q2,1Fam,0,2006-04-01,232000.0
2417,4,2.5,15,2.0,1288.0,8,16059,9,1116,462.0,0.0,1288.0,1301,1991.0,127,82,284.0,5,Reg,0,60,121.0,30.85894600589856,48130.0,6.51,2.4,2006,4,Q2,1Fam,1,2006-04-01,260000.0
914,2,2.0,4,0.0,914.0,6,8050,4,0,0.0,475.0,142.0,914,1979.0,32,0,0.0,5,Reg,0,20,75.0,30.85894600589856,48130.0,6.51,2.4,2006,4,Q2,1Fam,0,2006-04-01,163628.142248426
864,2,2.0,51,2.0,864.0,5,8172,5,0,572.0,167.0,697.0,864,1957.0,0,0,0.0,7,Reg,0,20,60.0,30.85894600589856,48130.0,6.51,2.4,2006,4,Q2,1Fam,1,2006-04-01,115000.0
1638,4,2.0,49,1.0,967.0,6,9060,6,671,384.0,0.0,967.0,967,1957.0,0,21,327.0,5,Reg,0,50,75.0,30.85894600589856,48130.0,6.51,2.4,2006,4,Q2,1Fam,0,2006-04-01,192167.621096362
1200,2,2.5,1,2.0,600.0,7,3180,4,600,480.0,0.0,600.0,520,2005.0,0,166,0.0,5,Reg,0,160,30.0,30.85894600589856,48130.0,6.51,2.4,2006,4,Q2,TwnhsE,0,2006-04-01,144152.0
936,3,1.0,58,1.0,624.0,4,6956,5,312,265.0,0.0,624.0,624,1948.0,0,0,0.0,7,Reg,0,50,56.0,30.85894600589856,48130.0,6.51,2.4,2006,4,Q2,1Fam,1,2006-04-01,174750.988352687
848,1,2.0,3,2.0,848.0,6,4435,4,0,420.0,717.0,131.0,848,2003.0,140,0,170.0,5,Reg,0,120,37.0,30.85894600589856,48130.0,6.51,2.4,2006,4,Q2,TwnhsE,0,2006-04-01,143237.803559736
630,1,2.0,36,0.0,630.0,4,1470,3,0,0.0,522.0,108.0,630,1979.0,0,0,0.0,6,Reg,0,180,21.0,30.85894600589856,48130.0,6.51,2.4,2006,4,Q2,Twnhs,0,2006-04-01,137402.569855589
1708,3,2.0,2,2.0,976.0,7,3363,7,732,380.0,0.0,976.0,976,2004.0,0,40,117.0,5,Reg,0,160,32.0,30.85894600589856,48130.0,6.51,2.4,2006,4,Q2,TwnhsE,0,2006-04-01,130000.0
936,2,1.0,90,0.0,216.0,3,8520,6,360,0.0,0.0,216.0,576,1979.0,0,0,0.0,5,Reg,0,50,60.0,30.85894600589856,48130.0,6.51,2.4,2006,4,Q2,1Fam,1,2006-04-01,164553.120272354
1389,2,2.0,32,2.0,1389.0,5,10010,6,0,418.0,1071.0,195.0,1389,1975.0,240,38,0.0,5,Reg,0,20,77.0,30.85894600589856,48130.0,6.51,2.4,2006,4,Q2,1Fam,1,2006-04-01,170000.0
1827,2,1.0,82,1.0,848.0,6,11737,9,810,240.0,0.0,848.0,1017,1943.0,27,36,0.0,7,IR1,0,70,69.0,30.85894600589856,48130.0,6.595,2.4,2006,5,Q2,1Fam,1,2006-05-01,171989.192193993
1216,3,2.0,55,1.0,1056.0,5,9600,7,0,280.0,996.0,60.0,1216,1951.0,0,0,144.0,5,Reg,0,20,80.0,30.85894600589856,48130.0,6.595,2.4,2006,5,Q2,1Fam,0,2006-05-01,181059.374300472
1320,3,2.0,40,2.0,1164.0,5,11777,6,0,564.0,328.0,285.0,1320,1966.0,160,68,97.0,6,IR1,0,80,96.0,30.85894600589856,48130.0,6.595,2.4,2006,5,Q2,1Fam,0,2006-05-01,164500.0
1216,2,3.0,8,2.0,1216.0,6,4500,5,0,402.0,897.0,319.0,1216,1998.0,0,125,116.0,5,Reg,0,120,32.0,30.85894600589856,48130.0,6.595,2.4,2006,5,Q2,Twnhs,0,2006-05-01,164000.0
1182,3,1.5,61,1.0,770.0,6,9576,5,297,378.0,310.0,460.0,885,1945.0,0,0,0.0,7,Reg,0,50,56.0,30.85894600589856,48130.0,6.595,2.4,2006,5,Q2,1Fam,1,2006-05-01,181012.141380101
848,1,2.0,2,2.0,848.0,6,4435,3,0,420.0,662.0,186.0,848,2004.0,140,0,169.0,5,Reg,0,120,37.0,30.85894600589856,48130.0,6.595,2.4,2006,5,Q2,TwnhsE,0,2006-05-01,155900.0
1428,4,2.0,106,2.0,712.0,7,6451,7,580,576.0,208.0,504.0,848,1985.0,264,0,0.0,7,Reg,0,70,58.0,30.85894600589856,48130.0,6.595,2.4,2006,5,Q2,1Fam,1,2006-05-01,188137.901597981
1210,3,3.0,31,2.0,1128.0,6,11080,6,0,528.0,576.0,552.0,1210,1975.0,0,0,257.0,6,Reg,0,80,140.0,30.85894600589856,48130.0,6.595,2.4,2006,5,Q2,1Fam,0,2006-05-01,183972.071056674
1072,2,2.0,1,2.0,547.0,5,3675,5,0,525.0,547.0,0.0,1072,2005.0,0,28,80.0,5,Reg,0,180,35.0,30.85894600589856,48130.0,6.595,2.4,2006,5,Q2,TwnhsE,0,2006-05-01,145000.0
1479,3,2.0,80,1.0,624.0,7,7000,6,736,312.0,424.0,200.0,743,1926.0,530,0,0.0,8,Reg,0,70,43.0,30.85894600589856,48130.0,6.595,2.4,2006,5,Q2,1Fam,1,2006-05-01,175942.474593632
1669,4,1.5,82,1.0,1093.0,4,8707,9,576,288.0,0.0,1093.0,1093,1924.0,0,0,0.0,5,Reg,0,50,62.0,30.85894600589856,48130.0,6.595,2.4,2006,5,Q2,1Fam,1,2006-05-01,192577.796112839
1293,2,3.0,52,2.0,1178.0,6,11027,5,0,452.0,468.0,171.0,1293,1954.0,280,0,28.0,5,IR1,0,20,68.0,30.85894600589856,48130.0,6.595,2.4,2006,5,Q2,1Fam,0,2006-05-01,170591.884966356
1304,3,1.5,29,1.0,264.0,5,2665,5,688,336.0,0.0,264.0,616,1977.0,141,0,0.0,6,Reg,0,160,41.0,30.85894600589856,48130.0,6.595,2.4,2006,5,Q2,TwnhsE,0,2006-05-01,167411.02835165
1073,2,3.0,2,1.0,1073.0,7,5500,4,0,246.0,510.0,190.0,1073,2004.0,0,120,0.0,5,Reg,0,20,50.0,30.85894600589856,48130.0,6.595,2.4,2006,5,Q2,1Fam,0,2006-05-01,159714.537012622
1774,4,3.0,106,3.0,1095.0,4,9600,8,679,779.0,0.0,1095.0,1095,1920.0,0,0,0.0,2,Reg,0,70,60.0,30.85894600589856,48130.0,6.595,2.4,2006,5,Q2,1Fam,1,2006-05-01,87000.0
1236,2,1.5,49,1.0,1070.0,5,10011,6,0,447.0,360.0,710.0,1236,1957.0,0,0,64.0,6,IR1,0,20,72.0,30.85894600589856,48130.0,6.595,2.4,2006,5,Q2,1Fam,1,2006-05-01,134450.0
1456,3,2.5,0,2.0,728.0,6,15578,8,728,429.0,0.0,728.0,728,2006.0,0,0,0.0,5,IR1,0,60,105.0,30.85894600589856,48130.0,6.595,2.4,2006,5,Q2,1Fam,0,2006-05-01,172785.0
1456,2,2.0,3,2.0,1273.0,8,3196,7,0,400.0,0.0,1273.0,1456,2003.0,143,20,40.0,5,Reg,0,120,68.0,30.85894600589856,48130.0,6.595,2.4,2006,5,Q2,TwnhsE,0,2006-05-01,215000.0
2091,3,3.5,1,2.0,1606.0,9,9942,8,466,521.0,1290.0,316.0,1625,2005.0,194,84,385.0,5,IR1,0,60,82.0,30.85894600589856,48130.0,6.595,2.4,2006,5,Q2,1Fam,1,2006-05-01,181732.443415757
1949,6,2.0,29,2.0,1949.0,5,8235,10,0,586.0,483.0,1466.0,1949,1977.0,32,0,99.0,4,Reg,0,90,75.0,30.85894600589856,48130.0,6.595,2.4,2006,5,Q2,Duplex,0,2006-05-01,218200.642127877
3500,4,4.5,13,3.0,1733.0,9,17242,11,1567,959.0,292.0,48.0,1933,1993.0,870,86,738.0,5,IR1,210,60,114.0,30.85894600589856,48130.0,6.595,2.4,2006,5,Q2,1Fam,1,2006-05-01,209375.003419718
1310,2,2.0,82,1.0,617.0,6,7000,6,445,398.0,617.0,0.0,865,1924.0,0,0,0.0,6,Reg,0,50,50.0,30.85894600589856,48130.0,6.595,2.4,2006,5,Q2,1Fam,1,2006-05-01,112000.0
1338,3,2.0,91,2.0,832.0,6,7822,7,492,528.0,0.0,832.0,846,1974.0,0,0,0.0,3,Reg,0,50,72.0,30.85894600589856,48130.0,6.595,2.4,2006,5,Q2,1Fam,1,2006-05-01,177560.202116333
2320,2,2.0,58,2.0,0.0,5,14762,7,720,672.0,0.0,0.0,1547,1979.0,120,144,0.0,6,IR2,0,60,68.0,30.85894600589856,48130.0,6.595,2.4,2006,5,Q2,1Fam,1,2006-05-01,169000.0
1491,3,2.0,5,2.0,1491.0,8,9116,7,0,490.0,0.0,1491.0,1491,2001.0,120,100,0.0,5,Reg,0,20,70.0,30.85894600589856,48130.0,6.595,2.4,2006,5,Q2,1Fam,0,2006-05-01,180106.84373966
1609,3,1.5,74,3.0,637.0,7,12320,8,650,579.0,0.0,637.0,959,1963.0,0,0,0.0,7,IR1,104,70,70.0,30.85894600589856,48130.0,6.595,2.4,2006,5,Q2,1Fam,1,2006-05-01,186412.438609167
1262,2,2.0,0,2.0,1262.0,6,7200,5,0,572.0,905.0,357.0,1262,2006.0,0,120,68.0,5,Reg,0,20,60.0,30.85894600589856,48130.0,6.595,2.4,2006,5,Q2,1Fam,0,2006-05-01,185000.0
1776,3,2.5,10,2.0,821.0,6,9783,7,955,443.0,0.0,821.0,821,1996.0,286,116,0.0,5,IR1,0,60,54.0,30.85894600589856,48130.0,6.595,2.4,2006,5,Q2,1Fam,0,2006-05-01,181419.5253183
1150,3,2.0,47,1.0,1150.0,5,7945,6,0,300.0,179.0,465.0,1150,1959.0,0,0,0.0,6,Reg,0,20,70.0,30.85894600589856,48130.0,6.595,2.4,2006,5,Q2,1Fam,0,2006-05-01,141000.0
1043,2,1.0,59,1.0,938.0,5,9724,5,0,273.0,0.0,938.0,1043,1947.0,125,48,0.0,7,Reg,0,20,68.0,30.85894600589856,48130.0,6.595,2.4,2006,5,Q2,1Fam,1,2006-05-01,168027.530997889
1040,2,2.0,57,2.0,0.0,3,8544,6,0,400.0,0.0,0.0,1040,1949.0,0,0,340.0,4,Reg,0,90,68.0,30.85894600589856,48130.0,6.595,2.4,2006,5,Q2,Duplex,1,2006-05-01,87500.0
1416,3,2.5,38,2.0,708.0,6,11700,7,708,776.0,404.0,304.0,708,1968.0,0,169,420.0,6,Reg,119,60,90.0,30.85894600589856,48130.0,6.595,2.4,2006,5,Q2,1Fam,0,2006-05-01,179900.0
1621,3,3.0,22,2.0,1208.0,7,14145,8,0,440.0,213.0,995.0,1621,1984.0,108,45,0.0,7,Reg,0,20,91.0,30.85894600589856,48130.0,6.595,2.4,2006,5,Q2,1Fam,1,2006-05-01,202500.0
1124,3,2.0,50,1.0,1124.0,6,10152,6,0,353.0,914.0,210.0,1124,1956.0,0,211,0.0,6,Reg,142,20,72.0,30.85894600589856,48130.0,6.595,2.4,2006,5,Q2,1Fam,1,2006-05-01,182145.731469001
1092,2,2.0,49,1.0,1092.0,5,14850,6,0,299.0,895.0,197.0,1092,1957.0,268,0,0.0,5,IR1,122,20,69.0,30.85894600589856,48130.0,6.595,2.4,2006,5,Q2,1Fam,0,2006-05-01,141000.0
1248,3,2.0,46,1.0,1248.0,5,10800,6,0,286.0,632.0,616.0,1248,1960.0,0,0,88.0,7,Reg,0,20,80.0,30.85894600589856,48130.0,6.595,2.4,2006,5,Q2,1Fam,0,2006-05-01,183421.020319014
1077,3,1.0,84,1.0,1007.0,3,9786,6,0,210.0,0.0,1007.0,1077,1922.0,0,100,0.0,4,Reg,0,30,60.0,30.85894600589856,48130.0,6.595,2.4,2006,5,Q2,1Fam,1,2006-05-01,91000.0
1285,3,1.5,80,2.0,861.0,6,7000,6,424,506.0,374.0,487.0,861,1950.0,96,0,0.0,7,Reg,0,50,50.0,30.85894600589856,48130.0,6.595,2.4,2006,5,Q2,1Fam,1,2006-05-01,175942.474593632
1686,3,3.0,26,2.0,1686.0,6,10240,7,0,612.0,625.0,0.0,1686,1980.0,384,131,157.0,6,Reg,0,20,79.0,30.85894600589856,48130.0,6.595,2.4,2006,5,Q2,1Fam,0,2006-05-01,207500.0
1525,3,3.5,9,2.0,813.0,6,8238,6,712,400.0,700.0,113.0,813,1997.0,421,72,0.0,5,IR1,0,60,60.0,30.85894600589856,48130.0,6.595,2.4,2006,5,Q2,1Fam,1,2006-05-01,178378.906069427
1118,3,2.0,67,2.0,793.0,5,7800,5,325,410.0,507.0,286.0,793,1939.0,0,0,0.0,7,Reg,271,190,65.0,30.85894600589856,48130.0,6.595,2.4,2006,5,Q2,2fmCon,1,2006-05-01,119900.0
1501,3,2.5,13,2.0,697.0,6,7685,6,804,420.0,518.0,179.0,697,1993.0,190,63,112.0,5,IR1,0,60,68.0,30.85894600589856,48130.0,6.595,2.4,2006,5,Q2,1Fam,1,2006-05-01,165600.0
1158,3,2.5,2,2.0,1158.0,6,13072,5,0,576.0,941.0,217.0,1158,2006.0,0,50,0.0,5,Reg,0,20,63.0,30.85894600589856,48130.0,6.595,2.4,2006,5,Q2,1Fam,0,2006-05-01,158000.0
1218,3,2.0,34,1.0,672.0,6,1680,7,546,264.0,317.0,355.0,672,1972.0,0,28,281.0,7,Reg,0,160,21.0,30.85894600589856,48130.0,6.595,2.4,2006,5,Q2,Twnhs,0,2006-05-01,118000.0
1207,3,1.5,44,1.0,1135.0,6,9510,6,0,264.0,701.0,434.0,1207,1962.0,0,240,161.0,5,Reg,0,20,77.0,30.85894600589856,48130.0,6.595,2.4,2006,5,Q2,1Fam,1,2006-05-01,180882.250849082
960,3,2.0,36,2.0,960.0,4,9873,6,0,576.0,789.0,171.0,960,1970.0,0,288,160.0,5,Reg,0,190,60.0,30.85894600589856,48130.0,6.595,2.4,2006,5,Q2,2fmCon,0,2006-05-01,129000.0
1126,3,3.0,29,2.0,1126.0,5,17400,5,0,484.0,936.0,190.0,1126,1977.0,295,41,0.0,5,Reg,0,20,80.0,30.85894600589856,48130.0,6.595,2.4,2006,5,Q2,1Fam,0,2006-05-01,160000.0
1184,5,1.0,96,0.0,658.0,5,8410,8,526,0.0,0.0,658.0,658,1979.0,0,151,0.0,3,Reg,0,50,58.0,30.85894600589856,48130.0,6.595,2.4,2006,5,Q2,1Fam,1,2006-05-01,81000.0
1800,3,3.0,4,3.0,1800.0,8,14331,7,0,765.0,1274.0,526.0,1800,2002.0,270,78,630.0,5,Reg,0,20,85.0,30.85894600589856,48130.0,6.595,2.4,2006,5,Q2,1Fam,0,2006-05-01,312500.0
2212,3,3.5,1,3.0,1700.0,7,13751,9,512,773.0,60.0,1640.0,1700,2006.0,237,38,248.0,5,IR1,115,60,42.0,30.85894600589856,48130.0,6.595,2.4,2006,5,Q2,1Fam,1,2006-05-01,189228.701486278
1143,1,1.5,2,2.0,1143.0,7,3628,5,0,588.0,0.0,1143.0,1143,2004.0,0,191,0.0,5,Reg,0,120,34.0,30.85894600589856,48130.0,6.595,2.4,2006,5,Q2,TwnhsE,0,2006-05-01,142754.489165865
971,3,1.5,37,1.0,971.0,5,9920,5,0,300.0,523.0,448.0,971,1969.0,0,0,0.0,6,IR1,0,20,69.0,30.85894600589856,48130.0,6.595,2.4,2006,5,Q2,1Fam,0,2006-05-01,128500.0
1668,3,2.0,58,1.0,1212.0,5,9600,6,442,240.0,276.0,936.0,1226,1948.0,0,0,264.0,6,Reg,0,50,60.0,30.85894600589856,48130.0,6.595,2.4,2006,5,Q2,1Fam,1,2006-05-01,181059.374300472
1709,3,2.0,2,2.0,970.0,7,2522,7,739,380.0,0.0,970.0,970,2004.0,0,40,50.0,5,Reg,0,160,24.0,30.85894600589856,48130.0,6.595,2.4,2006,5,Q2,Twnhs,0,2006-05-01,167129.598867773
1600,3,1.5,55,1.0,0.0,1,31250,6,0,270.0,0.0,0.0,1600,1951.0,0,0,0.0,3,Reg,0,20,125.0,30.85894600589856,48130.0,6.595,2.4,2006,5,Q2,1Fam,0,2006-05-01,223667.404551664
1511,2,3.0,4,2.0,1368.0,7,2938,5,0,398.0,1038.0,330.0,1511,2002.0,130,30,40.0,5,Reg,0,120,68.0,30.85894600589856,48130.0,6.595,2.4,2006,5,Q2,TwnhsE,0,2006-05-01,154672.422763036
1700,3,3.0,3,2.0,1682.0,6,9135,7,0,544.0,340.0,1342.0,1700,2003.0,192,23,120.0,5,Reg,0,20,70.0,30.85894600589856,48130.0,6.595,2.4,2006,5,Q2,1Fam,0,2006-05-01,200000.0
1190,3,2.0,44,2.0,1106.0,5,7728,6,0,540.0,803.0,303.0,1190,1962.0,0,18,120.0,6,Reg,0,90,70.0,30.85894600589856,48130.0,6.595,2.4,2006,5,Q2,Duplex,0,2006-05-01,132500.0
1298,3,3.0,21,2.0,1298.0,6,11200,5,0,403.0,1258.0,40.0,1298,1985.0,165,26,85.0,5,Reg,0,20,68.0,30.85894600589856,48130.0,6.595,2.4,2006,5,Q2,1Fam,0,2006-05-01,180000.0
1004,2,2.0,29,2.0,975.0,6,10530,4,0,504.0,975.0,0.0,1004,1977.0,0,0,90.0,5,Reg,0,90,78.0,30.85894600589856,48130.0,6.595,2.4,2006,5,Q2,Duplex,0,2006-05-01,135000.0
1360,3,2.0,37,1.0,1104.0,5,13384,8,0,336.0,119.0,641.0,1360,1969.0,160,0,194.0,5,Reg,0,20,80.0,30.85894600589856,48130.0,6.595,2.4,2006,5,Q2,1Fam,1,2006-05-01,188506.431412274
960,0,1.5,41,1.0,648.0,4,10246,3,0,364.0,648.0,0.0,960,1965.0,88,0,0.0,9,IR1,0,80,68.0,30.85894600589856,48130.0,6.595,2.4,2006,5,Q2,1Fam,1,2006-05-01,145000.0
1724,3,2.5,3,2.0,796.0,7,7162,8,918,616.0,0.0,796.0,806,2003.0,168,57,190.0,5,Reg,0,60,62.0,30.85894600589856,48130.0,6.595,2.4,2006,5,Q2,1Fam,1,2006-05-01,176261.296806135
1425,3,3.0,8,2.0,1425.0,7,8685,5,0,591.0,846.0,579.0,1425,1998.0,0,130,0.0,5,IR1,0,20,68.0,30.85894600589856,48130.0,6.595,2.4,2006,5,Q2,1Fam,0,2006-05-01,179258.619211334
1560,3,2.5,44,2.0,1776.0,5,11679,6,0,528.0,612.0,0.0,1560,1962.0,453,253,96.0,5,IR1,0,80,78.0,30.85894600589856,48130.0,6.595,2.4,2006,5,Q2,1Fam,0,2006-05-01,185150.926027596
1939,3,3.0,8,3.0,1054.0,7,11250,8,869,555.0,796.0,258.0,1070,1998.0,128,84,227.0,5,IR1,0,60,90.0,30.85894600589856,48130.0,6.595,2.4,2006,5,Q2,1Fam,0,2006-05-01,184306.637575967
1809,3,2.5,1,2.0,945.0,7,10984,8,864,638.0,0.0,945.0,945,2005.0,144,54,0.0,5,IR1,0,60,91.0,30.85894600589856,48130.0,6.595,2.4,2006,5,Q2,1Fam,1,2006-05-01,183783.13937519
2414,3,2.0,106,2.0,954.0,5,10800,10,648,520.0,664.0,290.0,1766,1970.0,142,0,0.0,4,Reg,0,190,60.0,30.85894600589856,48130.0,6.595,2.4,2006,5,Q2,2fmCon,1,2006-05-01,160000.0
1092,3,1.5,34,1.0,546.0,4,1484,5,546,253.0,252.0,294.0,546,1972.0,0,0,0.0,4,Reg,0,160,21.0,30.85894600589856,48130.0,6.595,2.4,2006,5,Q2,TwnhsE,0,2006-05-01,165086.775061735
1414,2,2.0,2,2.0,1375.0,7,3072,6,0,398.0,0.0,1375.0,1414,2004.0,144,20,18.0,5,Reg,0,120,68.0,30.85894600589856,48130.0,6.595,2.4,2006,5,Q2,TwnhsE,0,2006-05-01,178740.0
2157,4,2.5,40,2.0,924.0,7,14200,8,941,487.0,445.0,479.0,1216,1966.0,105,66,309.0,6,Reg,0,60,88.0,30.85894600589856,48130.0,6.595,2.4,2006,5,Q2,1Fam,0,2006-05-01,226000.0
1709,3,2.0,2,2.0,970.0,7,2522,7,739,380.0,0.0,970.0,970,2004.0,0,40,50.0,5,Reg,0,160,24.0,30.85894600589856,48130.0,6.595,2.4,2006,5,Q2,Twnhs,0,2006-05-01,130000.0
999,3,2.0,44,1.0,925.0,5,10205,6,0,300.0,784.0,141.0,999,1962.0,150,72,0.0,5,IR1,0,85,69.0,30.85894600589856,48130.0,6.595,2.4,2006,5,Q2,1Fam,0,2006-05-01,134500.0
1660,3,3.0,0,2.0,1660.0,8,10182,8,0,500.0,1220.0,440.0,1660,2006.0,322,50,420.0,5,IR1,0,20,85.0,30.85894600589856,48130.0,6.595,2.4,2006,5,Q2,1Fam,0,2006-05-01,290000.0
858,3,1.0,35,0.0,858.0,4,8125,5,0,0.0,614.0,244.0,858,1979.0,0,0,0.0,4,IR1,0,20,68.0,30.85894600589856,48130.0,6.67,3.1,2006,6,Q2,1Fam,0,2006-06-01,88000.0
1524,2,2.5,6,2.0,756.0,6,2998,4,756,440.0,353.0,403.0,768,2000.0,0,32,513.0,5,Reg,0,160,68.0,30.85894600589856,48130.0,6.67,3.1,2006,6,Q2,TwnhsE,0,2006-06-01,155895.397617561
2097,3,3.5,8,2.0,1108.0,7,9750,8,989,583.0,975.0,133.0,1108,1998.0,253,170,0.0,6,Reg,0,60,75.0,30.85894600589856,48130.0,6.67,3.1,2006,6,Q2,1Fam,0,2006-06-01,274300.0
1472,2,2.0,47,2.0,0.0,7,11650,5,0,484.0,0.0,0.0,1472,1959.0,0,68,58.0,5,Reg,227,20,86.0,30.85894600589856,48130.0,6.67,3.1,2006,6,Q2,1Fam,0,2006-06-01,172922.865411247
1072,2,3.0,1,2.0,547.0,6,3675,5,0,525.0,547.0,0.0,1072,2005.0,0,44,82.0,5,Reg,0,180,35.0,30.85894600589856,48130.0,6.67,3.1,2006,6,Q2,TwnhsE,1,2006-06-01,140000.0
1040,2,1.0,56,2.0,0.0,5,7200,5,0,625.0,0.0,0.0,1040,1950.0,0,0,0.0,7,Reg,0,20,60.0,30.85894600589856,48130.0,6.67,3.1,2006,6,Q2,1Fam,0,2006-06-01,109500.0
1100,3,1.5,10,2.0,1100.0,5,13015,5,0,462.0,0.0,1100.0,1100,1996.0,0,0,0.0,6,Reg,0,20,95.0,30.85894600589856,48130.0,6.67,3.1,2006,6,Q2,1Fam,0,2006-06-01,188885.11781517
1734,3,1.5,44,2.0,912.0,6,9786,7,649,440.0,600.0,312.0,1085,1962.0,0,0,0.0,7,IR1,128,50,77.0,30.85894600589856,48130.0,6.67,3.1,2006,6,Q2,1Fam,1,2006-06-01,159000.0
2234,3,3.5,6,3.0,1160.0,8,9545,7,1029,768.0,505.0,655.0,1205,2000.0,0,50,322.0,5,Reg,0,60,83.0,30.85894600589856,48130.0,6.67,3.1,2006,6,Q2,1Fam,0,2006-06-01,182056.024744887
1364,2,3.0,1,2.0,1364.0,7,7052,6,0,484.0,659.0,705.0,1364,2005.0,192,36,240.0,5,IR1,0,120,43.0,30.85894600589856,48130.0,6.67,3.1,2006,6,Q2,TwnhsE,0,2006-06-01,185850.0
2373,4,2.5,2,3.0,1052.0,8,11631,9,1321,632.0,0.0,1052.0,1052,2004.0,120,46,236.0,5,IR1,0,60,96.0,30.85894600589856,48130.0,6.67,3.1,2006,6,Q2,1Fam,1,2006-06-01,199437.232798284
902,2,2.0,23,2.0,864.0,5,8885,5,0,484.0,301.0,239.0,902,1983.0,164,0,0.0,5,IR1,0,20,68.0,30.85894600589856,48130.0,6.67,3.1,2006,6,Q2,1Fam,0,2006-06-01,131000.0
2521,5,3.5,33,2.0,942.0,6,3964,10,1230,576.0,837.0,105.0,1291,1973.0,728,20,0.0,4,Reg,0,160,42.0,30.85894600589856,48130.0,6.67,3.1,2006,6,Q2,TwnhsE,0,2006-06-01,151400.0
2318,3,3.5,1,2.0,960.0,7,9512,8,1358,541.0,788.0,172.0,960,2005.0,0,246,0.0,5,IR1,0,60,75.0,30.85894600589856,48130.0,6.67,3.1,2006,6,Q2,1Fam,1,2006-06-01,181991.079479377
2057,3,1.5,70,1.0,1017.0,7,11500,6,1037,180.0,223.0,794.0,1020,1936.0,0,0,0.0,7,IR1,322,50,86.0,30.85894600589856,48130.0,6.67,3.1,2006,6,Q2,1Fam,1,2006-06-01,250000.0
941,3,1.0,39,1.0,912.0,5,8789,6,0,288.0,659.0,253.0,941,1967.0,64,0,0.0,6,IR1,0,20,68.0,30.85894600589856,48130.0,6.67,3.1,2006,6,Q2,1Fam,0,2006-06-01,180568.187753206
2014,5,2.0,106,2.0,716.0,5,9856,8,1007,624.0,0.0,716.0,1007,1900.0,0,72,0.0,8,Reg,0,70,62.0,30.85894600589856,48130.0,6.67,3.1,2006,6,Q2,1Fam,1,2006-06-01,209219.844787023
1086,3,2.0,40,2.0,1024.0,5,13400,6,0,484.0,516.0,380.0,1086,1966.0,0,0,1047.0,5,Reg,0,80,85.0,30.85894600589856,48130.0,6.67,3.1,2006,6,Q2,1Fam,0,2006-06-01,159950.0
1416,3,1.5,106,2.0,780.0,6,9600,7,476,400.0,381.0,399.0,940,1956.0,0,24,0.0,8,Reg,0,50,60.0,30.85894600589856,48130.0,6.67,3.1,2006,6,Q2,1Fam,1,2006-06-01,182164.26685407
1596,3,2.5,1,2.0,784.0,7,9316,6,812,610.0,0.0,784.0,784,2005.0,144,45,532.0,5,IR1,0,60,78.0,30.85894600589856,48130.0,6.67,3.1,2006,6,Q2,1Fam,0,2006-06-01,181605.343963015
1666,2,3.0,0,2.0,1666.0,9,6373,6,0,575.0,415.0,1251.0,1666,2006.0,228,75,572.0,5,Reg,0,120,48.0,30.85894600589856,48130.0,6.67,3.1,2006,6,Q2,TwnhsE,0,2006-06-01,162537.52704471
1128,2,1.0,52,1.0,936.0,5,9000,5,0,286.0,812.0,124.0,1128,1954.0,0,0,0.0,5,Reg,0,20,75.0,30.85894600589856,48130.0,6.67,3.1,2006,6,Q2,1Fam,0,2006-06-01,118000.0
1749,3,2.5,7,2.0,842.0,7,9272,7,893,515.0,500.0,342.0,856,1999.0,140,85,0.0,5,IR1,0,60,68.0,30.85894600589856,48130.0,6.67,3.1,2006,6,Q2,1Fam,0,2006-06-01,181518.750275669
1092,3,1.5,36,0.0,546.0,4,1936,5,546,0.0,0.0,546.0,546,1979.0,0,0,0.0,7,Reg,0,160,21.0,30.85894600589856,48130.0,6.67,3.1,2006,6,Q2,Twnhs,0,2006-06-01,167081.220948984
1924,3,3.5,8,2.0,1086.0,8,12011,7,838,592.0,956.0,130.0,1086,1998.0,208,75,530.0,5,IR1,374,60,78.0,30.85894600589856,48130.0,6.67,3.1,2006,6,Q2,1Fam,0,2006-06-01,280000.0
747,1,1.0,80,2.0,600.0,4,5825,5,0,528.0,0.0,600.0,747,1953.0,0,0,108.0,5,IR1,0,30,52.0,30.85894600589856,48130.0,6.67,3.1,2006,6,Q2,1Fam,1,2006-06-01,79900.0
1433,3,2.0,45,2.0,1251.0,5,9600,7,0,441.0,915.0,336.0,1433,1961.0,144,0,0.0,6,Reg,0,20,80.0,30.85894600589856,48130.0,6.67,3.1,2006,6,Q2,1Fam,1,2006-06-01,182164.26685407
894,3,2.0,32,2.0,864.0,5,13350,5,0,440.0,762.0,102.0,894,1974.0,241,0,0.0,5,IR1,0,20,100.0,30.85894600589856,48130.0,6.67,3.1,2006,6,Q2,1Fam,0,2006-06-01,142500.0
1092,3,1.5,36,0.0,546.0,4,1526,5,546,0.0,0.0,546.0,546,1979.0,0,34,0.0,5,Reg,0,160,21.0,30.85894600589856,48130.0,6.67,3.1,2006,6,Q2,Twnhs,0,2006-06-01,166274.325225982
1050,3,2.0,52,1.0,1050.0,6,8092,6,0,286.0,824.0,226.0,1050,1954.0,0,0,176.0,8,Reg,0,20,70.0,30.85894600589856,48130.0,6.67,3.1,2006,6,Q2,1Fam,1,2006-06-01,179196.465024103
672,2,1.0,81,0.0,432.0,4,8534,4,0,0.0,0.0,432.0,672,1979.0,0,0,0.0,4,Reg,0,30,61.0,30.85894600589856,48130.0,6.67,3.1,2006,6,Q2,1Fam,1,2006-06-01,166790.457916434
1575,2,1.5,55,2.0,216.0,6,10170,5,0,400.0,0.0,216.0,1575,1951.0,0,0,522.0,6,Reg,0,20,75.0,30.85894600589856,48130.0,6.67,3.1,2006,6,Q2,1Fam,0,2006-06-01,170010.168655046
1358,1,2.5,4,2.0,1348.0,8,11088,5,0,418.0,872.0,476.0,1358,2002.0,68,166,0.0,5,Reg,0,20,68.0,30.85894600589856,48130.0,6.67,3.1,2006,6,Q2,1Fam,0,2006-06-01,158540.947801398
1635,2,1.0,96,1.0,485.0,6,5310,5,634,255.0,0.0,485.0,1001,1950.0,394,0,0.0,8,Reg,0,50,59.0,30.85894600589856,48130.0,6.67,3.1,2006,6,Q2,1Fam,1,2006-06-01,117000.0
1565,3,3.0,41,1.0,1187.0,6,8800,7,0,299.0,901.0,34.0,1565,1965.0,200,25,0.0,7,Reg,0,190,80.0,30.85894600589856,48130.0,6.67,3.1,2006,6,Q2,2fmCon,1,2006-06-01,180589.836175042
1336,2,2.0,53,1.0,1165.0,5,15750,5,0,375.0,841.0,324.0,1336,1953.0,0,0,56.0,5,Reg,0,190,90.0,30.85894600589856,48130.0,6.67,3.1,2006,6,Q2,2fmCon,0,2006-06-01,157000.0
884,2,2.0,55,1.0,884.0,5,15428,4,0,270.0,741.0,143.0,884,1951.0,0,0,0.0,6,Reg,195,20,85.0,30.85894600589856,48130.0,6.67,3.1,2006,6,Q2,1Fam,1,2006-06-01,180358.114292956
1632,3,2.5,8,2.0,935.0,7,9084,8,677,462.0,0.0,935.0,955,1998.0,0,28,0.0,5,IR1,0,60,63.0,30.85894600589856,48130.0,6.67,3.1,2006,6,Q2,1Fam,0,2006-06-01,176500.0
754,2,2.0,71,0.0,520.0,6,6780,5,0,0.0,490.0,30.0,520,1979.0,53,0,0.0,8,Reg,0,190,60.0,30.85894600589856,48130.0,6.67,3.1,2006,6,Q2,2fmCon,1,2006-06-01,84500.0
1770,4,2.5,38,2.0,900.0,5,8640,7,886,530.0,361.0,56.0,884,1968.0,0,60,300.0,5,Reg,270,60,72.0,30.85894600589856,48130.0,6.67,3.1,2006,6,Q2,1Fam,0,2006-06-01,193550.830097069
1365,3,1.5,33,2.0,765.0,5,2160,7,600,440.0,402.0,363.0,765,1973.0,0,36,200.0,6,Reg,0,160,24.0,30.85894600589856,48130.0,6.67,3.1,2006,6,Q2,TwnhsE,0,2006-06-01,167522.061539111
1384,2,2.0,50,2.0,1015.0,5,13300,6,0,896.0,494.0,521.0,1384,2001.0,75,0,0.0,5,Reg,0,20,70.0,30.85894600589856,48130.0,6.67,3.1,2006,6,Q2,1Fam,1,2006-06-01,176170.128686742
1686,1,3.0,0,3.0,1686.0,9,7740,6,0,899.0,1023.0,663.0,1686,2006.0,266,100,518.0,5,Reg,0,20,61.0,30.85894600589856,48130.0,6.67,3.1,2006,6,Q2,TwnhsE,0,2006-06-01,151951.955409666
1102,2,2.0,26,2.0,988.0,6,10464,5,0,582.0,850.0,138.0,1102,1980.0,140,22,130.0,6,IR1,0,85,68.0,30.85894600589856,48130.0,6.67,3.1,2006,6,Q2,1Fam,0,2006-06-01,170588.771929588
1522,4,2.0,80,0.0,1008.0,5,6000,7,0,0.0,0.0,1008.0,1008,1979.0,0,0,0.0,5,Reg,0,50,60.0,30.85894600589856,48130.0,6.67,3.1,2006,6,Q2,1Fam,1,2006-06-01,102000.0
1208,3,2.5,29,2.0,1208.0,6,11250,6,0,546.0,767.0,441.0,1208,1977.0,198,42,0.0,6,IR1,0,20,68.0,30.85894600589856,48130.0,6.67,3.1,2006,6,Q2,1Fam,0,2006-06-01,165000.0
1801,3,2.5,1,3.0,893.0,8,10463,8,900,800.0,0.0,893.0,901,2005.0,0,116,0.0,5,IR1,0,60,72.0,30.85894600589856,48130.0,6.67,3.1,2006,6,Q2,1Fam,0,2006-06-01,239900.0
1146,3,1.5,43,1.0,1083.0,6,10184,6,0,294.0,580.0,503.0,1146,1963.0,345,75,379.0,5,Reg,0,80,83.0,30.85894600589856,48130.0,6.67,3.1,2006,6,Q2,1Fam,0,2006-06-01,183313.601249761
1993,4,2.5,35,2.0,825.0,6,14803,8,896,495.0,416.0,409.0,1097,1971.0,0,66,252.0,5,IR1,0,60,68.0,30.85894600589856,48130.0,6.67,3.1,2006,6,Q2,1Fam,0,2006-06-01,190000.0
2392,3,3.5,9,3.0,1396.0,8,9452,7,985,870.0,1074.0,322.0,1407,1997.0,0,70,423.0,5,Reg,0,60,82.0,30.85894600589856,48130.0,6.67,3.1,2006,6,Q2,1Fam,1,2006-06-01,348000.0
1511,3,3.5,9,2.0,802.0,6,11207,8,709,413.0,714.0,88.0,802,1997.0,95,75,0.0,5,IR1,0,60,70.0,30.85894600589856,48130.0,6.67,3.1,2006,6,Q2,1Fam,0,2006-06-01,185000.0
1595,2,1.0,66,1.0,940.0,6,8400,6,403,240.0,388.0,552.0,1192,1940.0,0,0,0.0,5,Reg,0,50,60.0,30.85894600589856,48130.0,6.67,3.1,2006,6,Q2,1Fam,1,2006-06-01,140000.0
1582,4,2.5,42,2.0,1624.0,5,36500,7,0,390.0,812.0,812.0,1582,1964.0,168,198,621.0,5,IR1,0,20,68.0,30.85894600589856,48130.0,6.67,3.1,2006,6,Q2,1Fam,0,2006-06-01,190000.0
1376,3,2.0,69,1.0,780.0,6,8600,7,596,198.0,0.0,780.0,780,1937.0,0,0,0.0,6,Reg,0,50,50.0,30.85894600589856,48130.0,6.67,3.1,2006,6,Q2,1Fam,1,2006-06-01,119500.0
616,2,1.0,85,1.0,616.0,5,6000,4,0,205.0,616.0,0.0,616,1921.0,0,0,0.0,7,Reg,0,30,50.0,30.85894600589856,48130.0,6.67,3.1,2006,6,Q2,1Fam,1,2006-06-01,89000.0
2494,4,3.5,12,3.0,1290.0,8,10236,9,1189,803.0,380.0,742.0,1305,1994.0,200,95,501.0,5,IR1,0,60,68.0,30.85894600589856,48130.0,6.67,3.1,2006,6,Q2,1Fam,1,2006-06-01,196691.81930173
1861,3,3.5,4,2.0,916.0,7,13450,8,941,492.0,700.0,216.0,920,2002.0,146,91,0.0,5,IR1,0,60,95.0,30.85894600589856,48130.0,6.67,3.1,2006,6,Q2,1Fam,0,2006-06-01,200000.0
1103,3,2.0,32,2.0,1103.0,6,10000,6,0,462.0,755.0,348.0,1103,1974.0,295,84,176.0,6,Reg,0,20,80.0,30.85894600589856,48130.0,6.67,3.1,2006,6,Q2,1Fam,0,2006-06-01,182951.482193584
1130,2,2.0,86,2.0,1120.0,5,10800,5,0,720.0,821.0,299.0,1130,1970.0,229,0,0.0,6,Reg,0,30,60.0,30.85894600589856,48130.0,6.67,3.1,2006,6,Q2,1Fam,1,2006-06-01,120000.0
3608,4,2.5,114,3.0,1107.0,10,22950,12,1518,840.0,0.0,1107.0,1518,1993.0,0,260,0.0,9,IR2,410,75,90.0,30.85894600589856,48130.0,6.67,3.1,2006,6,Q2,1Fam,1,2006-06-01,475000.0
1059,3,2.0,40,1.0,1059.0,5,9000,6,0,286.0,773.0,286.0,1059,1966.0,0,88,0.0,6,Reg,0,20,75.0,30.85894600589856,48130.0,6.67,3.1,2006,6,Q2,1Fam,0,2006-06-01,180983.443844799
1875,3,3.0,31,2.0,675.0,6,10530,8,766,485.0,548.0,127.0,1109,1975.0,48,28,248.0,6,Reg,0,80,81.0,30.85894600589856,48130.0,6.67,3.1,2006,6,Q2,1Fam,1,2006-06-01,183994.54251844
987,2,1.5,34,1.0,483.0,6,1680,5,504,288.0,0.0,483.0,483,1972.0,0,0,297.0,5,Reg,0,160,21.0,30.85894600589856,48130.0,6.67,3.1,2006,6,Q2,Twnhs,0,2006-06-01,94500.0
1517,3,1.0,77,2.0,792.0,8,11435,7,725,400.0,0.0,792.0,792,1931.0,0,0,0.0,7,IR1,0,70,68.0,30.85894600589856,48130.0,6.67,3.1,2006,6,Q2,1Fam,1,2006-06-01,230000.0
1252,3,1.0,98,2.0,504.0,5,7438,5,316,576.0,0.0,504.0,936,1986.0,104,0,0.0,8,IR1,0,50,92.0,30.85894600589856,48130.0,6.67,3.1,2006,6,Q2,1Fam,1,2006-06-01,127000.0
864,3,1.0,34,1.0,864.0,5,9560,5,0,288.0,360.0,504.0,864,1972.0,0,0,0.0,7,IR1,0,20,120.0,30.85894600589856,48130.0,6.67,3.1,2006,6,Q2,1Fam,0,2006-06-01,128500.0
1509,3,3.5,4,2.0,783.0,6,7861,7,702,393.0,457.0,326.0,807,2002.0,100,75,0.0,5,IR1,0,60,68.0,30.85894600589856,48130.0,6.67,3.1,2006,6,Q2,1Fam,1,2006-06-01,183200.0
1422,3,2.0,55,1.0,806.0,5,12375,7,341,288.0,329.0,477.0,1081,1951.0,0,0,41.0,5,Reg,0,50,82.0,30.85894600589856,48130.0,6.67,3.1,2006,6,Q2,1Fam,0,2006-06-01,187625.573271948
1064,3,1.5,39,2.0,1064.0,5,11327,6,0,528.0,779.0,285.0,1064,1967.0,314,48,305.0,6,IR1,0,20,68.0,30.85894600589856,48130.0,6.67,3.1,2006,6,Q2,1Fam,0,2006-06-01,185563.069082422
813,2,1.0,76,1.0,813.0,6,5684,5,0,270.0,0.0,813.0,813,1932.0,0,113,0.0,8,Reg,0,30,70.0,30.85894600589856,48130.0,6.67,3.1,2006,6,Q2,1Fam,1,2006-06-01,110000.0
1489,3,2.0,0,2.0,1489.0,8,11216,7,0,776.0,0.0,1489.0,1489,2006.0,0,140,0.0,5,Reg,0,20,81.0,30.85894600589856,48130.0,6.67,3.1,2006,6,Q2,1Fam,0,2006-06-01,232600.0
1640,3,1.0,56,2.0,0.0,5,21370,7,0,394.0,0.0,0.0,1640,1950.0,0,0,0.0,5,Reg,0,20,100.0,30.85894600589856,48130.0,6.67,3.1,2006,6,Q2,1Fam,0,2006-06-01,205328.078219268
1032,2,1.0,71,1.0,0.0,5,8250,6,0,260.0,0.0,0.0,1032,1939.0,0,0,0.0,7,Reg,0,30,55.0,30.85894600589856,48130.0,6.67,3.1,2006,6,Q2,1Fam,1,2006-06-01,166231.535025379
1904,3,3.5,1,2.0,1058.0,8,10927,8,846,736.0,546.0,512.0,1058,2003.0,179,60,280.0,5,Reg,0,60,74.0,30.85894600589856,48130.0,6.67,3.1,2006,6,Q2,1Fam,0,2006-06-01,275000.0
2156,3,2.0,38,2.0,1568.0,7,20781,9,0,508.0,297.0,1203.0,2156,1968.0,0,80,0.0,7,IR2,0,20,68.0,30.85894600589856,48130.0,6.67,3.1,2006,6,Q2,1Fam,1,2006-06-01,262500.0
1868,2,3.0,1,3.0,1868.0,9,14780,7,0,1085.0,1505.0,363.0,1868,2005.0,354,56,568.0,5,IR1,156,20,120.0,30.85894600589856,48130.0,6.67,3.1,2006,6,Q2,1Fam,0,2006-06-01,179082.825442944
1767,2,3.0,19,2.0,1064.0,7,5306,5,703,504.0,495.0,354.0,1064,1987.0,441,35,0.0,7,IR1,0,160,44.0,30.85894600589856,48130.0,6.67,3.1,2006,6,Q2,TwnhsE,0,2006-06-01,239000.0
1142,2,2.0,1,2.0,1142.0,7,3010,6,0,440.0,16.0,1126.0,1142,2005.0,90,0,14.0,5,Reg,0,120,43.0,30.85894600589856,48130.0,6.67,3.1,2006,6,Q2,TwnhsE,1,2006-06-01,155919.014077746
1750,3,1.0,126,1.0,636.0,5,9000,8,661,240.0,0.0,636.0,1089,1937.0,0,0,0.0,6,Reg,0,70,50.0,30.85894600589856,48130.0,6.67,3.1,2006,6,Q2,1Fam,1,2006-06-01,124000.0
987,2,1.5,33,1.0,483.0,6,1953,5,504,264.0,309.0,174.0,483,1973.0,72,0,408.0,5,Reg,0,160,21.0,30.85894600589856,48130.0,6.67,3.1,2006,6,Q2,Twnhs,0,2006-06-01,83000.0
1350,3,1.5,52,2.0,967.0,4,9375,6,0,504.0,799.0,168.0,1350,1954.0,237,0,0.0,5,Reg,0,20,75.0,30.85894600589856,48130.0,6.67,3.1,2006,6,Q2,1Fam,0,2006-06-01,181721.458225594
810,2,2.0,35,2.0,782.0,5,10820,4,0,576.0,535.0,88.0,810,1973.0,0,0,153.0,7,Reg,0,85,72.0,30.85894600589856,48130.0,6.67,3.1,2006,6,Q2,1Fam,1,2006-06-01,171289.393581756
1712,4,2.0,47,2.0,1626.0,5,8393,8,0,588.0,528.0,1098.0,1712,2005.0,272,54,122.0,5,Reg,0,90,70.0,30.85894600589856,48130.0,6.67,3.1,2006,6,Q2,Duplex,1,2006-06-01,145000.0
492,1,2.0,85,1.0,492.0,3,7830,3,0,200.0,416.0,76.0,492,1921.0,0,0,0.0,5,Reg,0,30,52.0,30.85894600589856,48130.0,6.67,3.1,2006,6,Q2,1Fam,1,2006-06-01,152129.078861057
2726,4,2.5,11,3.0,1342.0,8,10019,9,1368,725.0,527.0,815.0,1358,1995.0,307,169,397.0,5,IR1,0,60,83.0,30.85894600589856,48130.0,6.67,3.1,2006,6,Q2,1Fam,0,2006-06-01,196264.754980043
1510,3,1.0,86,1.0,755.0,6,4899,6,755,216.0,305.0,450.0,755,1920.0,0,0,0.0,8,Reg,0,70,69.0,30.85894600589856,48130.0,6.67,3.1,2006,6,Q2,1Fam,1,2006-06-01,172912.518576433
960,3,2.0,51,2.0,960.0,5,6000,5,0,576.0,576.0,384.0,960,1976.0,0,0,0.0,7,Reg,0,190,50.0,30.85894600589856,48130.0,6.67,3.1,2006,6,Q2,2fmCon,0,2006-06-01,175079.328798445
840,2,1.0,86,1.0,798.0,3,5747,5,0,250.0,0.0,798.0,840,1938.0,112,0,0.0,4,Reg,0,30,48.0,30.85894600589856,48130.0,6.67,3.1,2006,6,Q2,1Fam,1,2006-06-01,161305.53503837
1375,2,1.0,52,2.0,1367.0,6,11310,5,0,451.0,0.0,1367.0,1375,1954.0,0,30,0.0,5,Reg,0,20,75.0,30.85894600589856,48130.0,6.67,3.1,2006,6,Q2,1Fam,0,2006-06-01,140000.0
1236,3,1.0,45,1.0,912.0,5,6993,6,0,288.0,465.0,447.0,1236,1961.0,0,0,0.0,7,Reg,0,20,65.0,30.85894600589856,48130.0,6.67,3.1,2006,6,Q2,1Fam,1,2006-06-01,135000.0
1217,2,2.0,15,2.0,1217.0,6,7175,5,0,484.0,278.0,939.0,1217,1991.0,0,64,0.0,5,Reg,0,120,50.0,30.85894600589856,48130.0,6.67,3.1,2006,6,Q2,TwnhsE,0,2006-06-01,164115.893800435
1872,3,2.5,18,2.0,1845.0,7,10400,6,0,604.0,929.0,916.0,1872,1988.0,197,39,102.0,5,Reg,0,20,80.0,30.85894600589856,48130.0,6.67,3.1,2006,6,Q2,1Fam,0,2006-06-01,241500.0
1200,2,2.5,1,2.0,600.0,7,3180,4,600,480.0,0.0,600.0,520,2005.0,0,166,0.0,5,Reg,0,160,30.0,30.85894600589856,48130.0,6.67,3.1,2006,6,Q2,TwnhsE,0,2006-06-01,151000.0
1032,2,1.0,82,1.0,1032.0,6,7741,5,0,280.0,143.0,817.0,1032,1995.0,0,0,0.0,5,Reg,0,30,56.0,30.85894600589856,48130.0,6.67,3.1,2006,6,Q2,1Fam,1,2006-06-01,165229.803505847
1830,2,2.0,39,2.0,1865.0,7,20355,6,0,521.0,810.0,229.0,1830,1967.0,0,115,123.0,6,Reg,0,20,68.0,30.85894600589856,48130.0,6.67,3.1,2006,6,Q2,1Fam,0,2006-06-01,190054.639237419
1797,3,1.5,49,3.0,1617.0,5,11765,7,0,963.0,1127.0,490.0,1797,1957.0,0,0,302.0,5,IR1,0,20,68.0,30.85894600589856,48130.0,6.67,3.1,2006,6,Q2,1Fam,0,2006-06-01,186425.069879189
1624,2,2.0,54,1.0,1444.0,5,10858,6,0,240.0,40.0,1404.0,1624,1952.0,0,40,150.0,6,Reg,0,20,89.0,30.85894600589856,48130.0,6.765000000000001,2.8,2006,7,Q3,1Fam,0,2006-07-01,172469.071592608
1886,4,2.5,8,2.0,930.0,7,11214,10,930,431.0,0.0,930.0,956,1998.0,89,0,0.0,5,IR1,0,60,68.0,30.85894600589856,48130.0,6.765000000000001,2.8,2006,7,Q3,1Fam,1,2006-07-01,199900.0
1141,3,2.0,39,1.0,1141.0,5,9600,6,0,568.0,602.0,137.0,1141,1967.0,0,78,140.0,7,Reg,0,80,80.0,30.85894600589856,48130.0,6.765000000000001,2.8,2006,7,Q3,1Fam,0,2006-07-01,183269.159407668
1728,4,2.0,30,2.0,1728.0,6,12640,8,0,574.0,936.0,396.0,1728,1976.0,40,0,0.0,5,IR1,0,90,55.0,30.85894600589856,48130.0,6.765000000000001,2.8,2006,7,Q3,Duplex,0,2006-07-01,150900.0
1574,3,3.5,30,2.0,796.0,6,18800,6,784,566.0,712.0,84.0,790,1976.0,306,111,120.0,5,IR1,0,60,68.0,30.85894600589856,48130.0,6.765000000000001,2.8,2006,7,Q3,1Fam,0,2006-07-01,190000.0
1294,2,2.0,0,2.0,1286.0,7,6762,6,0,662.0,0.0,1286.0,1294,2006.0,168,55,0.0,5,Reg,0,20,64.0,30.85894600589856,48130.0,6.765000000000001,2.8,2006,7,Q3,1Fam,0,2006-07-01,193879.0
1598,3,2.5,2,2.0,848.0,7,9171,7,750,433.0,0.0,848.0,848,2004.0,100,48,0.0,5,IR1,0,60,59.0,30.85894600589856,48130.0,6.765000000000001,2.8,2006,7,Q3,1Fam,1,2006-07-01,182424.87095604
1223,2,2.5,1,2.0,600.0,7,2544,4,623,480.0,0.0,600.0,520,2005.0,0,166,0.0,5,Reg,0,160,24.0,30.85894600589856,48130.0,6.765000000000001,2.8,2006,7,Q3,Twnhs,0,2006-07-01,147400.0
816,2,2.0,72,1.0,816.0,6,8550,4,0,240.0,574.0,242.0,816,1949.0,228,0,0.0,8,Reg,0,30,60.0,30.85894600589856,48130.0,6.765000000000001,2.8,2006,7,Q3,1Fam,1,2006-07-01,167926.839083612
2324,4,4.0,1,3.0,1175.0,9,11924,11,1142,736.0,998.0,177.0,1182,2005.0,147,21,286.0,5,IR1,0,60,85.0,30.85894600589856,48130.0,6.765000000000001,2.8,2006,7,Q3,1Fam,1,2006-07-01,345000.0
1494,3,3.0,9,2.0,1479.0,6,9236,6,0,576.0,1200.0,279.0,1494,1997.0,168,27,0.0,5,IR1,0,20,79.0,30.85894600589856,48130.0,6.765000000000001,2.8,2006,7,Q3,1Fam,0,2006-07-01,217000.0
1614,3,2.0,1,3.0,1614.0,7,11210,7,0,865.0,20.0,1594.0,1614,2005.0,144,59,240.0,5,IR1,0,20,86.0,30.85894600589856,48130.0,6.765000000000001,2.8,2006,7,Q3,1Fam,1,2006-07-01,221500.0
1352,3,1.5,48,1.0,1062.0,5,6930,6,0,288.0,300.0,468.0,1352,1958.0,168,0,120.0,4,IR1,0,80,92.0,30.85894600589856,48130.0,6.765000000000001,2.8,2006,7,Q3,1Fam,0,2006-07-01,130000.0
1440,4,1.5,42,2.0,720.0,5,9350,7,720,480.0,360.0,360.0,720,1964.0,0,32,0.0,6,Reg,0,60,85.0,30.85894600589856,48130.0,6.765000000000001,2.8,2006,7,Q3,1Fam,0,2006-07-01,196053.029878304
1603,3,2.5,14,2.0,761.0,6,7153,7,793,484.0,387.0,374.0,810,1992.0,0,124,0.0,5,Reg,0,60,65.0,30.85894600589856,48130.0,6.765000000000001,2.8,2006,7,Q3,1Fam,0,2006-07-01,175900.0
914,2,1.0,10,2.0,870.0,5,8846,5,0,576.0,298.0,572.0,914,1998.0,0,0,0.0,5,IR1,0,85,57.0,30.85894600589856,48130.0,6.765000000000001,2.8,2006,7,Q3,1Fam,0,2006-07-01,148000.0
2263,4,2.5,8,2.0,1141.0,8,12090,10,1098,420.0,0.0,1141.0,1165,1998.0,144,123,650.0,5,Reg,0,60,93.0,30.85894600589856,48130.0,6.765000000000001,2.8,2006,7,Q3,1Fam,0,2006-07-01,258000.0
1509,3,2.5,3,2.0,783.0,7,7875,8,702,393.0,0.0,783.0,807,2003.0,0,75,0.0,5,Reg,0,60,63.0,30.85894600589856,48130.0,6.765000000000001,2.8,2006,7,Q3,1Fam,0,2006-07-01,180000.0
1360,2,1.5,68,1.0,803.0,5,7200,6,557,297.0,0.0,803.0,803,1951.0,0,65,0.0,6,Reg,0,50,60.0,30.85894600589856,48130.0,6.765000000000001,2.8,2006,7,Q3,1Fam,1,2006-07-01,125500.0
984,3,1.0,41,1.0,984.0,5,9308,5,0,310.0,554.0,430.0,984,1965.0,0,0,0.0,5,IR1,0,20,68.0,30.85894600589856,48130.0,6.765000000000001,2.8,2006,7,Q3,1Fam,0,2006-07-01,182694.492209823
2784,5,4.5,28,2.0,1392.0,7,16692,12,1392,564.0,790.0,133.0,1392,1978.0,0,112,184.0,5,IR1,440,60,80.0,30.85894600589856,48130.0,6.765000000000001,2.8,2006,7,Q3,1Fam,0,2006-07-01,250000.0
988,3,2.0,44,2.0,988.0,5,9100,6,0,624.0,36.0,952.0,988,1977.0,0,0,51.0,4,Reg,0,20,70.0,30.85894600589856,48130.0,6.765000000000001,2.8,2006,7,Q3,1Fam,0,2006-07-01,182285.140233276
954,3,1.0,30,2.0,911.0,5,10780,6,0,576.0,483.0,428.0,954,1976.0,0,0,0.0,5,IR1,0,80,55.0,30.85894600589856,48130.0,6.765000000000001,2.8,2006,7,Q3,1Fam,0,2006-07-01,132500.0
2253,3,2.5,1,2.0,1209.0,8,12867,8,1044,575.0,0.0,1209.0,1209,2005.0,243,142,0.0,5,IR1,0,60,103.0,30.85894600589856,48130.0,6.765000000000001,2.8,2006,7,Q3,1Fam,1,2006-07-01,189698.740693148
1320,3,2.5,12,2.0,636.0,6,9019,6,684,472.0,274.0,362.0,636,1994.0,0,40,0.0,5,IR1,0,60,68.0,30.85894600589856,48130.0,6.765000000000001,2.8,2006,7,Q3,1Fam,0,2006-07-01,182125.729127024
1223,2,2.5,1,2.0,600.0,7,2544,4,623,480.0,0.0,600.0,520,2005.0,0,166,0.0,5,Reg,0,160,24.0,30.85894600589856,48130.0,6.765000000000001,2.8,2006,7,Q3,Twnhs,0,2006-07-01,156106.800760811
1326,3,2.0,0,2.0,1326.0,6,11660,6,0,427.0,0.0,1326.0,1326,2006.0,100,0,0.0,5,IR1,0,20,102.0,30.85894600589856,48130.0,6.765000000000001,2.8,2006,7,Q3,1Fam,0,2006-07-01,187323.318406165
1040,2,2.0,56,2.0,0.0,3,8544,6,0,400.0,0.0,0.0,1040,1949.0,0,0,0.0,4,Reg,0,90,60.0,30.85894600589856,48130.0,6.765000000000001,2.8,2006,7,Q3,Duplex,0,2006-07-01,93500.0
1779,3,2.5,51,2.0,1763.0,5,17920,6,0,454.0,306.0,372.0,1779,1955.0,0,418,0.0,4,Reg,312,20,102.0,30.85894600589856,48130.0,6.765000000000001,2.8,2006,7,Q3,1Fam,1,2006-07-01,170000.0
1398,2,3.0,16,2.0,1398.0,6,7175,5,0,542.0,904.0,494.0,1398,1990.0,0,46,0.0,5,Reg,0,120,50.0,30.85894600589856,48130.0,6.765000000000001,2.8,2006,7,Q3,TwnhsE,1,2006-07-01,165220.786354033
1080,2,2.5,3,2.0,530.0,7,4447,4,550,496.0,0.0,530.0,530,2003.0,0,50,0.0,5,IR1,0,160,68.0,30.85894600589856,48130.0,6.765000000000001,2.8,2006,7,Q3,TwnhsE,0,2006-07-01,159851.977738548
1015,3,1.0,81,1.0,768.0,5,6120,6,0,450.0,489.0,279.0,1015,1925.0,0,0,0.0,7,Reg,120,30,51.0,30.85894600589856,48130.0,6.765000000000001,2.8,2006,7,Q3,1Fam,1,2006-07-01,88000.0
1250,3,2.0,88,1.0,686.0,5,8248,7,564,280.0,0.0,686.0,686,1955.0,207,0,0.0,7,Reg,0,50,45.0,30.85894600589856,48130.0,6.765000000000001,2.8,2006,7,Q3,1Fam,1,2006-07-01,116000.0
1008,2,1.0,52,1.0,1008.0,5,11425,4,0,275.0,486.0,522.0,1008,1954.0,0,0,0.0,6,IR1,0,20,68.0,30.85894600589856,48130.0,6.765000000000001,2.8,2006,7,Q3,1Fam,0,2006-07-01,137000.0
1456,3,2.5,30,2.0,855.0,6,2179,6,601,460.0,70.0,785.0,855,1976.0,0,28,0.0,5,Reg,0,160,24.0,30.85894600589856,48130.0,6.765000000000001,2.8,2006,7,Q3,Twnhs,0,2006-07-01,168664.346821336
1618,2,2.0,2,3.0,1618.0,8,16163,6,0,880.0,0.0,1618.0,1618,2004.0,0,0,232.0,5,Reg,0,20,110.0,30.85894600589856,48130.0,6.765000000000001,2.8,2006,7,Q3,1Fam,0,2006-07-01,182909.515032911
1837,3,2.5,9,2.0,941.0,6,8304,7,896,688.0,0.0,941.0,941,1997.0,150,165,0.0,5,IR1,0,60,70.0,30.85894600589856,48130.0,6.765000000000001,2.8,2006,7,Q3,1Fam,1,2006-07-01,180718.581707643
2576,4,2.5,0,3.0,1234.0,8,12438,10,1312,666.0,0.0,1234.0,1264,2006.0,324,100,466.0,5,IR1,0,60,82.0,30.85894600589856,48130.0,6.765000000000001,2.8,2006,7,Q3,1Fam,0,2006-07-01,361919.0
1310,3,2.0,1,2.0,1310.0,7,8767,6,0,400.0,24.0,1286.0,1310,2005.0,0,0,0.0,5,IR1,0,20,65.0,30.85894600589856,48130.0,6.765000000000001,2.8,2006,7,Q3,1Fam,0,2006-07-01,164990.0
1193,2,3.0,34,2.0,1153.0,5,13110,6,0,501.0,962.0,191.0,1193,1972.0,140,153,144.0,6,IR1,0,190,79.0,30.85894600589856,48130.0,6.765000000000001,2.8,2006,7,Q3,2fmCon,0,2006-07-01,176901.093954071
1051,3,2.0,38,2.0,1051.0,5,9600,6,0,504.0,758.0,293.0,1051,1968.0,0,0,0.0,5,Reg,0,20,80.0,30.85894600589856,48130.0,6.765000000000001,2.8,2006,7,Q3,1Fam,0,2006-07-01,183269.159407668
1475,4,2.0,29,1.0,757.0,5,2665,6,550,336.0,548.0,36.0,925,1977.0,104,26,0.0,6,Reg,0,160,41.0,30.85894600589856,48130.0,6.765000000000001,2.8,2006,7,Q3,TwnhsE,0,2006-07-01,127000.0
1728,4,4.0,30,2.0,1728.0,5,9297,8,0,560.0,1606.0,122.0,1728,1976.0,0,0,0.0,5,Reg,0,90,63.0,30.85894600589856,48130.0,6.765000000000001,2.8,2006,7,Q3,Duplex,0,2006-07-01,188000.0
2295,4,3.5,14,2.0,1095.0,7,13346,9,1129,590.0,728.0,367.0,1166,1992.0,0,40,0.0,5,IR1,0,60,68.0,30.85894600589856,48130.0,6.765000000000001,2.8,2006,7,Q3,1Fam,1,2006-07-01,268000.0
912,2,1.0,59,0.0,0.0,4,6240,3,240,0.0,0.0,0.0,672,1979.0,0,0,0.0,5,Reg,0,50,52.0,30.85894600589856,48130.0,6.765000000000001,2.8,2006,7,Q3,1Fam,1,2006-07-01,80500.0
1330,3,1.0,96,1.0,396.0,5,7518,7,665,390.0,0.0,396.0,665,2001.0,0,72,0.0,8,Reg,0,70,60.0,30.85894600589856,48130.0,6.765000000000001,2.8,2006,7,Q3,1Fam,1,2006-07-01,179171.703565498
1609,5,1.5,53,1.0,1000.0,6,9525,7,541,305.0,468.0,532.0,1068,1953.0,0,0,0.0,5,Reg,0,50,75.0,30.85894600589856,48130.0,6.765000000000001,2.8,2006,7,Q3,1Fam,0,2006-07-01,209673.316647174
1811,2,1.0,50,2.0,1073.0,6,14115,6,0,470.0,296.0,230.0,1811,1956.0,0,0,0.0,7,IR1,0,20,90.0,30.85894600589856,48130.0,6.765000000000001,2.8,2006,7,Q3,1Fam,1,2006-07-01,230000.0
1552,3,2.0,1,3.0,1552.0,7,10084,7,0,782.0,24.0,1528.0,1552,2005.0,144,20,196.0,5,Reg,0,20,84.0,30.85894600589856,48130.0,6.765000000000001,2.8,2006,7,Q3,1Fam,1,2006-07-01,212900.0
1339,2,3.0,16,2.0,1309.0,7,8049,6,0,484.0,1053.0,256.0,1339,1990.0,0,58,54.0,5,IR1,90,20,50.0,30.85894600589856,48130.0,6.765000000000001,2.8,2006,7,Q3,1Fam,0,2006-07-01,180000.0
1040,3,1.0,47,1.0,1040.0,5,7560,6,0,286.0,369.0,671.0,1040,1959.0,140,0,0.0,5,Reg,0,20,70.0,30.85894600589856,48130.0,6.765000000000001,2.8,2006,7,Q3,1Fam,0,2006-07-01,133700.0
1040,3,2.0,28,2.0,960.0,6,7176,6,0,616.0,794.0,166.0,1040,1979.0,131,0,200.0,6,IR1,180,80,68.0,30.85894600589856,48130.0,6.765000000000001,2.8,2006,7,Q3,1Fam,0,2006-07-01,178498.634450214
1458,3,2.5,39,2.0,1176.0,5,9535,7,0,512.0,194.0,0.0,1458,1967.0,284,0,450.0,5,IR1,0,20,68.0,30.85894600589856,48130.0,6.765000000000001,2.8,2006,7,Q3,1Fam,0,2006-07-01,183141.236914997
990,3,1.5,11,2.0,990.0,5,13568,5,0,576.0,716.0,274.0,990,1996.0,224,0,0.0,5,IR2,0,20,43.0,30.85894600589856,48130.0,6.765000000000001,2.8,2006,7,Q3,1Fam,0,2006-07-01,156000.0
934,2,1.5,42,1.0,912.0,6,10366,4,0,336.0,456.0,456.0,934,1964.0,77,0,0.0,7,IR1,0,80,80.0,30.85894600589856,48130.0,6.765000000000001,2.8,2006,7,Q3,1Fam,0,2006-07-01,171500.796725006
970,3,1.5,14,0.0,912.0,5,10441,6,0,0.0,337.0,575.0,970,1979.0,80,32,0.0,5,Reg,0,85,62.0,30.85894600589856,48130.0,6.765000000000001,2.8,2006,7,Q3,1Fam,0,2006-07-01,184924.279658997
1040,2,1.0,56,2.0,0.0,4,7200,4,0,420.0,0.0,0.0,1040,1950.0,0,29,0.0,5,Reg,0,20,60.0,30.85894600589856,48130.0,6.765000000000001,2.8,2006,7,Q3,1Fam,0,2006-07-01,109900.0
1140,3,1.0,0,0.0,1140.0,5,17217,6,0,0.0,0.0,1140.0,1140,1979.0,36,56,0.0,5,Reg,0,20,90.0,30.85894600589856,48130.0,6.765000000000001,2.8,2006,7,Q3,1Fam,0,2006-07-01,84500.0
1921,4,2.0,42,2.0,1921.0,6,11136,8,0,576.0,0.0,1921.0,1921,1964.0,0,180,0.0,5,Reg,0,90,120.0,30.85894600589856,48130.0,6.765000000000001,2.8,2006,7,Q3,Duplex,0,2006-07-01,199567.946369234
816,2,2.0,49,1.0,816.0,5,7100,5,0,308.0,708.0,108.0,816,1957.0,0,0,0.0,7,IR1,0,20,73.0,30.85894600589856,48130.0,6.765000000000001,2.8,2006,7,Q3,1Fam,0,2006-07-01,129900.0
1728,3,1.5,57,1.0,704.0,5,9462,7,704,234.0,0.0,704.0,1024,1949.0,245,60,0.0,6,Reg,0,60,79.0,30.85894600589856,48130.0,6.765000000000001,2.8,2006,7,Q3,1Fam,1,2006-07-01,182997.570115536
1137,2,3.0,19,2.0,1112.0,6,13811,5,0,551.0,980.0,92.0,1137,1987.0,125,0,72.0,6,IR1,0,20,54.0,30.85894600589856,48130.0,6.765000000000001,2.8,2006,7,Q3,1Fam,0,2006-07-01,176000.0
816,2,1.0,81,1.0,816.0,5,11672,4,0,210.0,0.0,816.0,816,1925.0,168,0,0.0,5,IR2,0,30,50.0,30.85894600589856,48130.0,6.765000000000001,2.8,2006,7,Q3,1Fam,1,2006-07-01,174071.054808518
1194,3,1.5,47,2.0,655.0,6,8910,6,0,539.0,655.0,0.0,1194,1954.0,0,0,0.0,6,Reg,0,20,79.0,30.85894600589856,48130.0,6.765000000000001,2.8,2006,7,Q3,1Fam,0,2006-07-01,159500.0
960,3,1.0,48,2.0,960.0,5,9750,5,0,624.0,0.0,960.0,960,2002.0,0,0,0.0,5,Reg,0,20,65.0,30.85894600589856,48130.0,6.765000000000001,2.8,2006,7,Q3,1Fam,0,2006-07-01,183564.365159986
1551,3,3.0,68,1.0,1058.0,5,10890,6,493,240.0,930.0,128.0,1058,1938.0,0,0,0.0,5,Reg,0,50,60.0,30.85894600589856,48130.0,6.765000000000001,2.8,2006,7,Q3,1Fam,1,2006-07-01,185807.928877601
2104,5,2.0,96,2.0,1226.0,7,6300,9,878,432.0,0.0,1226.0,1226,1910.0,0,341,0.0,6,Reg,0,75,70.0,30.85894600589856,48130.0,6.765000000000001,2.8,2006,7,Q3,1Fam,1,2006-07-01,203326.392972343
3627,4,4.5,11,3.0,1930.0,10,35760,10,1796,807.0,1387.0,543.0,1831,1995.0,361,76,1378.0,5,IR1,0,60,118.0,30.85894600589856,48130.0,6.765000000000001,2.8,2006,7,Q3,1Fam,1,2006-07-01,625000.0
2345,4,2.5,74,2.0,952.0,6,16560,9,1175,360.0,503.0,449.0,1170,1932.0,0,0,0.0,8,IR1,0,70,80.0,30.85894600589856,48130.0,6.765000000000001,2.8,2006,7,Q3,1Fam,1,2006-07-01,239000.0
1802,4,1.5,86,1.0,793.0,7,7588,9,901,216.0,352.0,441.0,901,1920.0,0,0,0.0,6,Reg,0,70,54.0,30.85894600589856,48130.0,6.765000000000001,2.8,2006,7,Q3,1Fam,1,2006-07-01,200100.0
2473,4,2.5,0,3.0,1094.0,9,12292,11,1371,675.0,205.0,889.0,1102,2006.0,246,39,184.0,5,IR1,0,60,63.0,30.85894600589856,48130.0,6.765000000000001,2.8,2006,7,Q3,1Fam,0,2006-07-01,201842.998700429
1348,3,1.5,40,2.0,660.0,6,7590,6,688,453.0,512.0,148.0,660,1966.0,188,108,266.0,5,Reg,0,60,69.0,30.85894600589856,48130.0,6.765000000000001,2.8,2006,7,Q3,1Fam,0,2006-07-01,155000.0
1053,3,2.0,48,2.0,1008.0,5,8973,6,0,750.0,567.0,413.0,1053,1998.0,0,80,85.0,7,Reg,0,20,69.0,30.85894600589856,48130.0,6.765000000000001,2.8,2006,7,Q3,1Fam,1,2006-07-01,150000.0
1721,3,2.5,38,2.0,1461.0,5,10335,7,0,440.0,570.0,891.0,1721,1968.0,0,96,0.0,6,IR1,0,20,78.0,30.85894600589856,48130.0,6.765000000000001,2.8,2006,7,Q3,1Fam,1,2006-07-01,180000.0
2214,3,3.5,7,3.0,1090.0,8,10566,8,1124,646.0,920.0,170.0,1090,1999.0,197,80,261.0,5,IR1,0,60,67.0,30.85894600589856,48130.0,6.765000000000001,2.8,2006,7,Q3,1Fam,0,2006-07-01,185170.284452595
1959,5,3.0,18,3.0,1907.0,7,11070,9,0,766.0,0.0,1907.0,1959,1989.0,0,0,70.0,5,Reg,0,90,82.0,30.85894600589856,48130.0,6.765000000000001,2.8,2006,7,Q3,Duplex,1,2006-07-01,171000.0
1857,4,2.5,28,2.0,945.0,7,10530,8,912,482.0,0.0,945.0,945,1978.0,400,105,68.0,5,Reg,0,60,81.0,30.85894600589856,48130.0,6.765000000000001,2.8,2006,7,Q3,1Fam,0,2006-07-01,198375.31512987
1762,3,2.5,4,2.0,826.0,7,9930,6,884,591.0,456.0,370.0,878,2002.0,320,54,199.0,5,IR1,0,60,68.0,30.85894600589856,48130.0,6.765000000000001,2.8,2006,7,Q3,1Fam,0,2006-07-01,183918.612062767
1995,4,3.5,11,2.0,930.0,7,11250,8,1045,610.0,685.0,245.0,950,1995.0,275,170,0.0,5,Reg,0,60,90.0,30.85894600589856,48130.0,6.765000000000001,2.8,2006,7,Q3,1Fam,1,2006-07-01,199792.302740996
1083,2,2.0,30,2.0,1047.0,7,9927,5,0,596.0,1005.0,42.0,1083,1976.0,444,0,252.0,5,IR1,0,85,68.0,30.85894600589856,48130.0,6.765000000000001,2.8,2006,7,Q3,1Fam,0,2006-07-01,170636.827889889
1456,3,2.5,1,2.0,728.0,6,8461,8,728,390.0,0.0,728.0,728,2005.0,0,24,0.0,5,Reg,0,60,65.0,30.85894600589856,48130.0,6.765000000000001,2.8,2006,7,Q3,1Fam,1,2006-07-01,163990.0
1340,3,2.0,61,1.0,780.0,6,6430,6,524,440.0,780.0,0.0,816,1945.0,0,0,0.0,6,Reg,0,190,58.0,30.85894600589856,48130.0,6.765000000000001,2.8,2006,7,Q3,2fmCon,1,2006-07-01,177030.477842021
1180,2,1.0,84,1.0,700.0,4,11600,5,0,252.0,0.0,700.0,1180,1922.0,0,0,0.0,5,Reg,0,30,80.0,30.85894600589856,48130.0,6.765000000000001,2.8,2006,7,Q3,1Fam,1,2006-07-01,137500.0
1388,3,3.0,38,2.0,1388.0,6,12000,6,0,522.0,853.0,535.0,1388,1968.0,0,58,0.0,5,Reg,0,20,80.0,30.85894600589856,48130.0,6.765000000000001,2.8,2006,7,Q3,1Fam,0,2006-07-01,187992.451444752
864,3,1.0,36,1.0,864.0,4,9353,5,0,280.0,0.0,864.0,864,1972.0,0,0,0.0,5,Reg,0,20,71.0,30.85894600589856,48130.0,6.765000000000001,2.8,2006,7,Q3,1Fam,0,2006-07-01,116050.0
1690,3,1.0,90,1.0,815.0,7,8850,7,875,225.0,0.0,815.0,815,1916.0,0,0,0.0,6,IR1,0,75,65.0,30.85894600589856,48130.0,6.765000000000001,2.8,2006,7,Q3,1Fam,1,2006-07-01,144000.0
1784,4,1.5,92,1.0,747.0,5,13132,9,892,180.0,0.0,747.0,892,1914.0,203,40,0.0,5,Reg,0,70,96.0,30.85894600589856,48130.0,6.765000000000001,2.8,2006,7,Q3,1Fam,1,2006-07-01,138887.0
1624,2,3.0,12,3.0,1624.0,8,12461,5,0,757.0,1456.0,168.0,1624,1994.0,0,114,0.0,5,Reg,0,20,89.0,30.85894600589856,48130.0,6.765000000000001,2.8,2006,7,Q3,1Fam,1,2006-07-01,262000.0
1846,3,3.0,0,2.0,1836.0,6,13377,7,0,495.0,1576.0,260.0,1846,2006.0,0,32,0.0,5,Reg,0,20,90.0,30.85894600589856,48130.0,6.765000000000001,2.8,2006,7,Q3,1Fam,0,2006-07-01,190702.440251029
1876,3,2.5,1,3.0,1308.0,7,11003,7,568,848.0,0.0,1308.0,1308,2005.0,0,40,0.0,5,IR2,0,60,133.0,30.85894600589856,48130.0,6.765000000000001,2.8,2006,7,Q3,1Fam,1,2006-07-01,186030.317211014
1159,3,1.5,38,1.0,1051.0,5,11553,7,0,336.0,673.0,378.0,1159,1968.0,466,0,188.0,5,IR1,0,20,68.0,30.85894600589856,48130.0,6.765000000000001,2.8,2006,7,Q3,1Fam,0,2006-07-01,158000.0
1920,4,3.0,48,2.0,1052.0,5,13650,8,668,451.0,57.0,554.0,1252,1958.0,0,0,0.0,5,Reg,0,50,68.0,30.85894600589856,48130.0,6.765000000000001,2.8,2006,7,Q3,1Fam,0,2006-07-01,172500.0
2698,4,3.5,0,3.0,1850.0,10,16052,11,848,736.0,1206.0,644.0,1850,2006.0,250,0,734.0,5,IR1,0,60,82.0,30.85894600589856,48130.0,6.765000000000001,2.8,2006,7,Q3,1Fam,0,2006-07-01,209242.82289186
1074,3,2.5,31,2.0,1056.0,5,10140,6,0,495.0,788.0,268.0,1074,1975.0,0,88,0.0,6,Reg,0,20,78.0,30.85894600589856,48130.0,6.765000000000001,2.8,2006,7,Q3,1Fam,0,2006-07-01,153500.0
1498,3,2.5,11,2.0,691.0,6,13031,6,807,409.0,592.0,99.0,691,1995.0,315,44,0.0,5,IR2,0,60,68.0,30.85894600589856,48130.0,6.765000000000001,2.8,2006,7,Q3,1Fam,1,2006-07-01,187500.0
1220,2,3.0,0,2.0,1199.0,7,7406,6,0,632.0,684.0,515.0,1220,2006.0,105,54,84.0,5,Reg,0,20,64.0,30.85894600589856,48130.0,6.765000000000001,2.8,2006,7,Q3,1Fam,0,2006-07-01,194000.0
894,3,2.0,34,2.0,894.0,5,9800,5,0,552.0,894.0,0.0,894,1975.0,256,0,0.0,7,Reg,0,20,70.0,30.85894600589856,48130.0,6.765000000000001,2.8,2006,7,Q3,1Fam,0,2006-07-01,149900.0
1838,4,2.5,1,2.0,732.0,5,21930,7,1104,372.0,0.0,732.0,734,2005.0,100,40,0.0,5,IR3,0,60,60.0,30.85894600589856,48130.0,6.765000000000001,2.8,2006,7,Q3,1Fam,0,2006-07-01,192140.0
1928,5,2.0,90,0.0,686.0,5,7082,10,980,0.0,0.0,686.0,948,1979.0,0,0,0.0,8,Reg,0,190,68.0,30.85894600589856,48130.0,6.765000000000001,2.8,2006,7,Q3,2fmCon,1,2006-07-01,160000.0
1163,3,2.0,51,1.0,1162.0,3,5820,6,0,220.0,256.0,906.0,1163,1955.0,142,98,0.0,8,Reg,0,20,49.0,30.85894600589856,48130.0,6.765000000000001,2.8,2006,7,Q3,1Fam,1,2006-07-01,126175.0
1164,3,1.5,37,2.0,1164.0,7,9600,6,0,528.0,0.0,1164.0,1164,1969.0,0,0,168.0,5,Reg,0,20,80.0,30.85894600589856,48130.0,6.765000000000001,2.8,2006,7,Q3,1Fam,0,2006-07-01,140000.0
2315,4,3.0,56,1.0,1168.0,5,15600,9,1037,342.0,760.0,408.0,1278,1950.0,0,0,405.0,7,Reg,192,60,78.0,30.85894600589856,48130.0,6.765000000000001,2.8,2006,7,Q3,1Fam,1,2006-07-01,208353.269558209
1919,3,2.5,0,2.0,1079.0,8,15611,8,840,685.0,0.0,1079.0,1079,2006.0,0,51,0.0,5,Reg,0,60,120.0,30.85894600589856,48130.0,6.765000000000001,2.8,2006,7,Q3,1Fam,0,2006-07-01,233230.0
2868,4,3.5,1,3.0,1992.0,9,16056,11,876,716.0,240.0,1752.0,1992,2005.0,214,108,208.0,5,IR1,0,60,85.0,30.85894600589856,48130.0,6.765000000000001,2.8,2006,7,Q3,1Fam,1,2006-07-01,556581.0
1005,2,1.0,50,1.0,1005.0,5,11050,6,0,319.0,488.0,517.0,1005,1956.0,0,0,0.0,5,Reg,288,20,65.0,30.85894600589856,48130.0,6.765000000000001,2.8,2006,7,Q3,1Fam,0,2006-07-01,172846.934955574
2640,5,4.5,81,3.0,2171.0,5,22136,10,1248,1008.0,1018.0,1153.0,1392,1977.0,631,48,0.0,5,Reg,0,190,94.0,30.85894600589856,48130.0,6.765000000000001,2.8,2006,7,Q3,2fmCon,1,2006-07-01,234492.248263699
1030,3,1.5,34,1.0,494.0,6,1890,6,536,264.0,282.0,212.0,494,1973.0,0,0,380.0,7,Reg,0,160,21.0,30.85894600589856,48130.0,6.765000000000001,2.8,2006,7,Q3,Twnhs,0,2006-07-01,168095.583738538
1150,3,1.0,45,1.0,1150.0,5,7000,6,0,288.0,781.0,369.0,1150,1961.0,0,0,0.0,4,Reg,162,20,70.0,30.85894600589856,48130.0,6.765000000000001,2.8,2006,7,Q3,1Fam,0,2006-07-01,178152.259700828
2287,3,2.0,53,2.0,1304.0,7,15593,7,983,667.0,603.0,701.0,1304,1953.0,0,21,0.0,4,Reg,0,50,81.0,30.85894600589856,48130.0,6.765000000000001,2.8,2006,7,Q3,1Fam,0,2006-07-01,225000.0
948,2,1.5,34,1.0,483.0,6,1680,5,465,264.0,276.0,207.0,483,1972.0,0,0,504.0,5,Reg,0,160,21.0,30.85894600589856,48130.0,6.765000000000001,2.8,2006,7,Q3,Twnhs,0,2006-07-01,154406.415627461
1103,2,1.0,81,2.0,1103.0,6,6000,5,0,440.0,397.0,706.0,1103,1976.0,166,120,0.0,6,Reg,0,30,50.0,30.85894600589856,48130.0,6.765000000000001,2.8,2006,7,Q3,1Fam,1,2006-07-01,110500.0
864,3,2.0,48,2.0,864.0,5,9100,5,0,624.0,521.0,169.0,864,1964.0,0,0,0.0,5,Reg,0,20,70.0,30.85894600589856,48130.0,6.765000000000001,2.8,2006,7,Q3,1Fam,0,2006-07-01,129900.0
1069,2,2.5,31,2.0,1069.0,6,4043,4,0,440.0,727.0,186.0,1069,1975.0,0,55,0.0,5,Reg,225,120,53.0,30.85894600589856,48130.0,6.765000000000001,2.8,2006,7,Q3,TwnhsE,0,2006-07-01,159056.890245639
1465,3,2.0,67,1.0,992.0,5,10164,6,473,240.0,646.0,346.0,992,1939.0,0,126,0.0,5,Reg,0,50,84.0,30.85894600589856,48130.0,6.765000000000001,2.8,2006,7,Q3,1Fam,1,2006-07-01,184379.133036383
1212,3,2.0,29,2.0,506.0,6,8471,6,0,492.0,506.0,0.0,1212,1978.0,292,12,46.0,7,IR1,0,80,88.0,30.85894600589856,48130.0,6.765000000000001,2.8,2006,7,Q3,1Fam,1,2006-07-01,151000.0
1004,2,1.0,76,1.0,502.0,7,3960,5,502,200.0,0.0,502.0,502,1930.0,280,0,0.0,8,Reg,0,70,66.0,30.85894600589856,48130.0,6.765000000000001,2.8,2006,7,Q3,1Fam,1,2006-07-01,158893.54306269
844,2,1.0,81,1.0,844.0,5,5633,5,0,216.0,0.0,844.0,844,1925.0,50,81,0.0,7,Reg,0,30,50.0,30.85894600589856,48130.0,6.765000000000001,2.8,2006,7,Q3,1Fam,1,2006-07-01,162186.071220207
1657,4,1.0,86,1.0,1147.0,4,5520,9,510,162.0,284.0,863.0,1147,1920.0,0,0,0.0,6,Reg,0,50,60.0,30.85894600589856,48130.0,6.765000000000001,2.8,2006,7,Q3,1Fam,1,2006-07-01,188515.443002459
965,3,2.0,41,1.0,828.0,5,7800,6,0,300.0,641.0,187.0,965,1979.0,421,0,0.0,5,Reg,0,20,60.0,30.85894600589856,48130.0,6.765000000000001,2.8,2006,7,Q3,1Fam,0,2006-07-01,119900.0
1169,3,2.5,13,2.0,1160.0,6,8076,6,0,402.0,705.0,455.0,1169,1993.0,0,26,112.0,6,IR1,144,20,68.0,30.85894600589856,48130.0,6.765000000000001,2.8,2006,7,Q3,1Fam,1,2006-07-01,180269.86896412
1714,2,3.0,1,2.0,1714.0,9,8147,7,0,517.0,1191.0,523.0,1714,2005.0,156,55,230.0,5,Reg,0,120,60.0,30.85894600589856,48130.0,6.52,2.6,2006,8,Q3,TwnhsE,0,2006-08-01,168238.61218265
1230,3,2.5,60,1.0,747.0,4,4712,5,456,305.0,384.0,363.0,774,1946.0,0,57,0.0,7,IR1,63,50,51.0,30.85894600589856,48130.0,6.52,2.6,2006,8,Q3,1Fam,1,2006-08-01,121600.0
1590,2,3.5,1,3.0,1570.0,8,11645,6,0,754.0,1122.0,448.0,1590,2005.0,176,80,198.0,5,Reg,0,20,78.0,30.85894600589856,48130.0,6.52,2.6,2006,8,Q3,1Fam,1,2006-08-01,175122.810326699
1792,2,3.0,3,3.0,1792.0,9,11846,6,0,874.0,1567.0,225.0,1792,2003.0,206,49,562.0,5,IR1,0,20,72.0,30.85894600589856,48130.0,6.52,2.6,2006,8,Q3,1Fam,1,2006-08-01,374000.0
2358,4,3.5,1,3.0,1524.0,8,11643,10,814,784.0,880.0,644.0,1544,2005.0,120,34,142.0,5,IR1,0,60,82.0,30.85894600589856,48130.0,6.52,2.6,2006,8,Q3,1Fam,1,2006-08-01,201670.634365666
898,3,2.0,38,1.0,833.0,5,8400,6,0,326.0,744.0,89.0,898,1968.0,143,0,0.0,6,Reg,0,85,70.0,30.85894600589856,48130.0,6.52,2.6,2006,8,Q3,1Fam,0,2006-08-01,182012.405942725
1826,3,3.0,1,3.0,1814.0,8,11302,7,0,758.0,1422.0,392.0,1826,2005.0,180,75,238.0,5,IR1,120,20,69.0,30.85894600589856,48130.0,6.52,2.6,2006,8,Q3,1Fam,1,2006-08-01,319000.0
976,2,2.0,38,2.0,976.0,6,9360,4,0,504.0,760.0,216.0,976,1968.0,94,0,203.0,7,Reg,0,20,78.0,30.85894600589856,48130.0,6.52,2.6,2006,8,Q3,1Fam,1,2006-08-01,170625.842699726
1755,3,3.5,7,2.0,840.0,6,9468,7,915,530.0,639.0,201.0,840,1999.0,176,73,148.0,5,IR2,0,60,45.0,30.85894600589856,48130.0,6.52,2.6,2006,8,Q3,1Fam,0,2006-08-01,184114.270899227
1500,3,2.5,1,2.0,750.0,6,8846,6,750,564.0,0.0,750.0,750,2005.0,0,35,0.0,5,Reg,0,60,68.0,30.85894600589856,48130.0,6.52,2.6,2006,8,Q3,1Fam,1,2006-08-01,173900.0
1048,2,1.0,84,1.0,993.0,5,6380,5,0,280.0,0.0,993.0,1048,1922.0,0,0,0.0,6,Reg,0,45,58.0,30.85894600589856,48130.0,6.52,2.6,2006,8,Q3,1Fam,1,2006-08-01,113000.0
1737,3,2.5,0,2.0,851.0,7,8581,7,886,578.0,0.0,851.0,851,2006.0,0,105,0.0,5,IR1,0,60,74.0,30.85894600589856,48130.0,6.52,2.6,2006,8,Q3,1Fam,0,2006-08-01,182368.620883855
1576,3,2.5,0,2.0,770.0,7,8125,6,798,614.0,0.0,770.0,778,2006.0,0,50,0.0,5,Reg,0,60,65.0,30.85894600589856,48130.0,6.52,2.6,2006,8,Q3,1Fam,0,2006-08-01,197000.0
2049,4,2.5,10,2.0,1065.0,7,21533,9,984,467.0,0.0,1065.0,1065,1997.0,120,48,0.0,5,IR2,0,60,68.0,30.85894600589856,48130.0,6.52,2.6,2006,8,Q3,1Fam,1,2006-08-01,221134.533635148
869,2,1.0,83,0.0,440.0,4,5900,4,0,0.0,0.0,440.0,869,1979.0,0,0,0.0,7,IR1,0,30,51.0,30.85894600589856,48130.0,6.52,2.6,2006,8,Q3,1Fam,1,2006-08-01,85500.0
1780,2,3.0,2,3.0,1780.0,9,14828,7,0,816.0,1383.0,397.0,1780,2004.0,144,68,674.0,5,IR1,0,20,131.0,30.85894600589856,48130.0,6.52,2.6,2006,8,Q3,1Fam,1,2006-08-01,181387.076390881
2201,4,2.0,40,2.0,697.0,6,19690,8,626,432.0,0.0,697.0,1575,1966.0,586,236,0.0,7,IR1,0,80,68.0,30.85894600589856,48130.0,6.52,2.6,2006,8,Q3,1Fam,0,2006-08-01,274970.0
1962,3,2.5,0,3.0,1391.0,7,8760,7,571,868.0,464.0,927.0,1391,2006.0,0,90,0.0,5,Reg,0,60,73.0,30.85894600589856,48130.0,6.52,2.6,2006,8,Q3,1Fam,0,2006-08-01,239799.0
1499,3,2.5,11,2.0,781.0,6,12438,6,704,473.0,0.0,781.0,795,1995.0,413,91,68.0,5,IR1,0,60,65.0,30.85894600589856,48130.0,6.52,2.6,2006,8,Q3,1Fam,0,2006-08-01,189959.344795118
1204,2,2.0,19,2.0,1191.0,8,3701,5,0,461.0,0.0,1191.0,1204,1987.0,120,70,0.0,5,IR1,0,120,30.0,30.85894600589856,48130.0,6.52,2.6,2006,8,Q3,TwnhsE,0,2006-08-01,159488.713683953
715,2,1.0,77,2.0,715.0,3,10914,4,0,660.0,0.0,715.0,715,1967.0,0,0,0.0,3,Reg,112,30,60.0,30.85894600589856,48130.0,6.52,2.6,2006,8,Q3,1Fam,1,2006-08-01,173684.174293738
1566,5,1.5,82,2.0,816.0,5,6000,7,750,450.0,0.0,816.0,816,1976.0,24,0,145.0,7,Reg,0,50,50.0,30.85894600589856,48130.0,6.52,2.6,2006,8,Q3,1Fam,1,2006-08-01,203840.874021305
1654,4,2.0,29,2.0,0.0,6,8927,10,368,528.0,0.0,0.0,1286,1977.0,0,0,0.0,6,Reg,0,90,68.0,30.85894600589856,48130.0,6.52,2.6,2006,8,Q3,Duplex,0,2006-08-01,196325.442210366
630,1,2.0,36,0.0,630.0,5,1533,3,0,0.0,553.0,77.0,630,1979.0,0,0,0.0,7,Reg,0,180,21.0,30.85894600589856,48130.0,6.52,2.6,2006,8,Q3,Twnhs,0,2006-08-01,92000.0
1024,2,2.0,50,1.0,1008.0,6,10533,5,0,313.0,773.0,235.0,1024,1956.0,0,0,244.0,6,IR1,280,20,85.0,30.85894600589856,48130.0,6.52,2.6,2006,8,Q3,1Fam,0,2006-08-01,172934.351682851
2589,4,3.5,0,3.0,1738.0,9,16387,11,851,831.0,1369.0,369.0,1738,2006.0,0,0,215.0,5,IR1,0,60,72.0,30.85894600589856,48130.0,6.52,2.6,2006,8,Q3,1Fam,0,2006-08-01,211007.008292301
1939,3,2.5,0,3.0,1095.0,8,10728,8,844,1053.0,0.0,1095.0,1095,2006.0,192,51,0.0,5,Reg,0,60,84.0,30.85894600589856,48130.0,6.52,2.6,2006,8,Q3,1Fam,0,2006-08-01,266000.0
1670,3,2.0,0,3.0,1670.0,7,14859,7,0,690.0,0.0,1670.0,1670,2006.0,144,60,27.0,5,IR1,0,20,50.0,30.85894600589856,48130.0,6.52,2.6,2006,8,Q3,1Fam,0,2006-08-01,240000.0
1456,4,2.5,58,1.0,810.0,5,7585,7,454,280.0,0.0,810.0,1002,1954.0,0,0,0.0,3,Reg,0,50,50.0,30.85894600589856,48130.0,6.52,2.6,2006,8,Q3,1Fam,1,2006-08-01,91500.0
2008,3,4.0,58,1.0,896.0,5,7800,8,896,230.0,603.0,293.0,1112,1948.0,103,0,0.0,8,Reg,0,20,78.0,30.85894600589856,48130.0,6.52,2.6,2006,8,Q3,1Fam,1,2006-08-01,225000.0
2654,4,3.5,38,2.0,1054.0,6,11029,9,1142,619.0,619.0,435.0,1512,1968.0,0,65,220.0,7,IR1,222,60,68.0,30.85894600589856,48130.0,6.52,2.6,2006,8,Q3,1Fam,1,2006-08-01,250000.0
1641,3,2.0,81,2.0,728.0,7,9600,6,809,546.0,16.0,712.0,832,1925.0,0,0,0.0,7,Reg,0,70,60.0,30.85894600589856,48130.0,6.52,2.6,2006,8,Q3,1Fam,1,2006-08-01,178000.0
2206,4,2.5,1,3.0,1090.0,9,13975,10,1089,670.0,0.0,1090.0,1117,2005.0,148,95,525.0,5,IR1,0,60,120.0,30.85894600589856,48130.0,6.52,2.6,2006,8,Q3,1Fam,1,2006-08-01,206260.099795032
1787,3,2.0,5,3.0,1753.0,8,14781,7,0,748.0,0.0,1753.0,1787,2001.0,198,150,178.0,5,IR2,0,20,68.0,30.85894600589856,48130.0,6.52,2.6,2006,8,Q3,1Fam,1,2006-08-01,275000.0
1576,3,1.0,78,1.0,1042.0,5,6240,8,534,225.0,0.0,1042.0,1042,1928.0,0,0,0.0,6,Reg,0,50,52.0,30.85894600589856,48130.0,6.52,2.6,2006,8,Q3,1Fam,1,2006-08-01,149000.0
1967,6,2.0,29,2.0,1967.0,5,9662,10,0,580.0,0.0,1967.0,1967,1977.0,170,0,0.0,4,IR1,0,90,68.0,30.85894600589856,48130.0,6.52,2.6,2006,8,Q3,Duplex,0,2006-08-01,224323.710512388
976,2,2.0,64,1.0,976.0,5,7288,5,0,215.0,305.0,671.0,976,1942.0,160,0,0.0,6,Reg,0,30,50.0,30.85894600589856,48130.0,6.52,2.6,2006,8,Q3,1Fam,1,2006-08-01,166548.067241044
833,2,1.0,52,1.0,833.0,5,5400,4,0,326.0,415.0,418.0,833,1955.0,0,0,0.0,7,Reg,0,20,90.0,30.85894600589856,48130.0,6.52,2.6,2006,8,Q3,1Fam,1,2006-08-01,117000.0
1301,2,3.0,0,2.0,1293.0,7,7200,5,0,572.0,0.0,1293.0,1301,2006.0,216,121,0.0,5,Reg,0,20,60.0,30.85894600589856,48130.0,6.52,2.6,2006,8,Q3,1Fam,0,2006-08-01,187750.0
1773,3,3.0,45,2.0,1313.0,6,10800,6,0,418.0,913.0,400.0,1773,1961.0,355,98,104.0,6,Reg,144,20,80.0,30.85894600589856,48130.0,6.52,2.6,2006,8,Q3,1Fam,1,2006-08-01,186735.697979808
1588,3,2.0,7,2.0,1588.0,7,10264,6,0,472.0,1162.0,426.0,1588,1999.0,158,29,183.0,5,IR1,0,20,78.0,30.85894600589856,48130.0,6.52,2.6,2006,8,Q3,1Fam,0,2006-08-01,214000.0
1720,3,2.5,2,2.0,860.0,7,11645,7,860,565.0,0.0,860.0,860,2004.0,0,70,0.0,5,IR1,0,60,89.0,30.85894600589856,48130.0,6.52,2.6,2006,8,Q3,1Fam,0,2006-08-01,196500.0
864,2,1.0,56,1.0,576.0,4,7200,5,0,528.0,0.0,576.0,864,1952.0,0,0,0.0,5,Reg,115,20,60.0,30.85894600589856,48130.0,6.52,2.6,2006,8,Q3,1Fam,0,2006-08-01,166374.879866351
1578,3,2.0,65,1.0,806.0,6,9490,5,620,240.0,403.0,238.0,958,1941.0,0,0,0.0,7,Reg,0,50,79.0,30.85894600589856,48130.0,6.52,2.6,2006,8,Q3,1Fam,1,2006-08-01,133000.0
2322,4,3.5,0,3.0,1035.0,7,12104,8,1240,617.0,0.0,1035.0,1082,2006.0,400,45,0.0,5,IR1,0,60,68.0,30.85894600589856,48130.0,6.52,2.6,2006,8,Q3,1Fam,0,2006-08-01,202577.900044456
1336,3,1.5,86,1.0,637.0,4,11040,7,439,570.0,637.0,0.0,897,1994.0,0,47,0.0,6,Reg,0,50,60.0,30.85894600589856,48130.0,6.415,2.6,2006,9,Q3,1Fam,1,2006-09-01,108000.0
1148,2,1.5,54,1.0,980.0,5,6420,6,0,308.0,210.0,219.0,1148,1952.0,0,0,0.0,7,IR1,0,20,57.0,30.85894600589856,48130.0,6.415,2.6,2006,9,Q3,1Fam,0,2006-09-01,123500.0
1387,3,2.0,39,1.0,943.0,5,7514,6,0,300.0,373.0,462.0,1387,1974.0,0,0,0.0,7,Reg,0,20,65.0,30.85894600589856,48130.0,6.415,2.6,2006,9,Q3,1Fam,1,2006-09-01,181373.6165193
3390,5,3.5,0,3.0,1528.0,10,18062,10,1862,758.0,0.0,1528.0,1528,2006.0,204,34,662.0,5,IR1,0,60,60.0,30.85894600589856,48130.0,6.415,2.6,2006,9,Q3,1Fam,0,2006-09-01,228684.245137946
1911,3,2.5,13,2.0,777.0,8,9554,8,846,471.0,380.0,397.0,1065,1993.0,182,81,125.0,5,IR1,0,60,80.0,30.85894600589856,48130.0,6.415,2.6,2006,9,Q3,1Fam,1,2006-09-01,215000.0
1740,4,2.0,0,3.0,1721.0,7,12228,8,0,874.0,0.0,1721.0,1740,2006.0,0,43,206.0,5,Reg,0,20,108.0,30.85894600589856,48130.0,6.415,2.6,2006,9,Q3,1Fam,0,2006-09-01,203926.829353303
2000,3,3.5,1,3.0,1910.0,9,18261,8,0,722.0,1416.0,494.0,2000,2005.0,351,102,420.0,5,IR1,123,20,90.0,30.85894600589856,48130.0,6.415,2.6,2006,9,Q3,1Fam,0,2006-09-01,202524.12465369
1496,3,3.5,0,2.0,654.0,7,17104,7,832,426.0,554.0,100.0,664,2006.0,100,24,0.0,5,IR1,0,60,58.0,30.85894600589856,48130.0,6.415,2.6,2006,9,Q3,1Fam,0,2006-09-01,179665.0
1419,2,3.0,4,2.0,1487.0,6,8773,4,0,543.0,951.0,536.0,1419,2002.0,196,68,0.0,5,IR2,0,120,26.0,30.85894600589856,48130.0,6.415,2.6,2006,9,Q3,TwnhsE,0,2006-09-01,170575.496742588
1980,3,3.0,2,3.0,1980.0,9,16737,8,0,770.0,1447.0,533.0,1980,2004.0,194,45,66.0,5,Reg,0,20,129.0,30.85894600589856,48130.0,6.415,2.6,2006,9,Q3,1Fam,1,2006-09-01,315000.0
1909,4,2.5,4,2.0,872.0,7,8726,8,1037,529.0,0.0,872.0,872,2002.0,0,108,0.0,5,Reg,0,60,70.0,30.85894600589856,48130.0,6.415,2.6,2006,9,Q3,1Fam,0,2006-09-01,197034.759055859
1556,4,2.0,46,0.0,1556.0,5,8512,8,0,0.0,0.0,1556.0,1556,1979.0,0,0,0.0,5,Reg,0,90,75.0,30.85894600589856,48130.0,6.415,2.6,2006,9,Q3,Duplex,0,2006-09-01,196613.598849219
2021,3,2.5,0,2.0,868.0,7,23257,9,1134,422.0,0.0,868.0,887,2006.0,0,100,0.0,5,IR3,0,60,168.0,30.85894600589856,48130.0,6.415,2.6,2006,9,Q3,1Fam,0,2006-09-01,274725.0
819,2,1.0,87,0.0,610.0,5,9000,4,0,0.0,0.0,610.0,819,1979.0,0,0,0.0,4,Reg,0,30,50.0,30.85894600589856,48130.0,6.415,2.6,2006,9,Q3,1Fam,1,2006-09-01,171022.241447762
1328,3,1.0,81,1.0,686.0,4,9906,8,518,210.0,0.0,686.0,810,1940.0,0,172,0.0,4,Reg,0,70,57.0,30.85894600589856,48130.0,6.415,2.6,2006,9,Q3,1Fam,1,2006-09-01,107000.0
1779,3,3.5,7,2.0,951.0,7,13426,7,828,586.0,894.0,57.0,951,1999.0,208,107,0.0,5,IR1,0,60,72.0,30.85894600589856,48130.0,6.415,2.6,2006,9,Q3,1Fam,1,2006-09-01,193008.659237315
1948,4,2.5,2,2.0,847.0,7,12393,8,1101,434.0,0.0,847.0,847,2004.0,100,48,0.0,5,IR2,0,60,41.0,30.85894600589856,48130.0,6.415,2.6,2006,9,Q3,1Fam,1,2006-09-01,195000.0
1336,3,3.0,1,2.0,1336.0,7,8772,6,0,502.0,996.0,340.0,1336,2005.0,136,43,0.0,5,Reg,0,20,65.0,30.85894600589856,48130.0,6.415,2.6,2006,9,Q3,1Fam,1,2006-09-01,183849.408762071
2076,2,3.5,0,3.0,2076.0,10,13891,7,0,850.0,1386.0,690.0,2076,2006.0,216,229,0.0,5,Reg,0,20,107.0,30.85894600589856,48130.0,6.415,2.6,2006,9,Q3,1Fam,0,2006-09-01,465000.0
1414,3,1.0,84,0.0,864.0,4,8248,8,0,0.0,0.0,864.0,964,1979.0,0,0,0.0,4,Reg,0,50,45.0,30.85894600589856,48130.0,6.415,2.6,2006,9,Q3,1Fam,1,2006-09-01,182818.156667308
2448,3,4.0,44,2.0,1438.0,7,18275,9,548,441.0,636.0,802.0,1900,1962.0,520,102,0.0,8,IR1,0,60,68.0,30.85894600589856,48130.0,6.415,2.6,2006,9,Q3,1Fam,1,2006-09-01,202551.677190573
1273,3,1.0,96,1.0,616.0,4,11388,5,218,275.0,0.0,616.0,1055,1910.0,212,0,0.0,7,Reg,0,50,76.0,30.85894600589856,48130.0,6.415,2.6,2006,9,Q3,1Fam,1,2006-09-01,188997.797082492
1550,3,1.5,86,1.0,817.0,6,21780,7,610,318.0,0.0,817.0,940,1937.0,0,0,0.0,5,Reg,0,50,66.0,30.85894600589856,48130.0,6.415,2.6,2006,9,Q3,1Fam,1,2006-09-01,209449.651603064
1368,2,2.0,1,2.0,1368.0,7,6955,6,0,474.0,0.0,1368.0,1368,2005.0,132,35,94.0,5,IR1,0,120,48.0,30.85894600589856,48130.0,6.415,2.6,2006,9,Q3,TwnhsE,1,2006-09-01,202500.0
1176,3,1.0,72,2.0,816.0,6,6240,6,0,528.0,0.0,816.0,816,1985.0,112,0,0.0,6,Reg,0,50,52.0,30.85894600589856,48130.0,6.415,2.6,2006,9,Q3,1Fam,1,2006-09-01,114500.0
1625,3,2.5,27,2.0,1625.0,6,23580,6,0,576.0,776.0,849.0,1625,1979.0,136,28,0.0,6,IR1,0,20,69.0,30.85894600589856,48130.0,6.415,2.6,2006,9,Q3,1Fam,0,2006-09-01,212992.120630876
2452,4,3.5,2,3.0,1117.0,8,13418,9,1320,691.0,0.0,1117.0,1132,2004.0,113,32,132.0,5,Reg,0,60,108.0,30.85894600589856,48130.0,6.415,2.6,2006,9,Q3,1Fam,1,2006-09-01,309000.0
1525,3,3.0,6,2.0,1525.0,7,9100,6,0,541.0,1400.0,125.0,1525,2000.0,219,36,244.0,5,Reg,0,20,70.0,30.85894600589856,48130.0,6.415,2.6,2006,9,Q3,1Fam,0,2006-09-01,235000.0
1838,3,3.0,1,3.0,1838.0,9,11577,9,0,682.0,1455.0,383.0,1838,2005.0,161,225,382.0,5,Reg,0,20,88.0,30.85894600589856,48130.0,6.415,2.6,2006,9,Q3,1Fam,1,2006-09-01,189369.756330412
1224,4,2.0,46,2.0,1224.0,5,20000,7,0,576.0,1224.0,0.0,1224,1960.0,474,0,0.0,7,Reg,0,20,160.0,30.85894600589856,48130.0,6.415,2.6,2006,9,Q3,1Fam,1,2006-09-01,219222.423400059
1920,4,3.0,38,2.0,570.0,7,10192,8,698,487.0,0.0,570.0,1222,1968.0,0,98,143.0,6,IR1,0,80,102.0,30.85894600589856,48130.0,6.415,2.6,2006,9,Q3,1Fam,1,2006-09-01,170000.0
1636,4,1.5,87,1.0,818.0,7,9399,7,818,288.0,0.0,818.0,818,1919.0,0,0,0.0,8,Reg,0,70,54.0,30.85894600589856,48130.0,6.415,2.6,2006,9,Q3,1Fam,1,2006-09-01,198359.248864591
2596,4,3.5,0,3.0,1249.0,9,16259,9,1347,840.0,0.0,1249.0,1249,2006.0,240,154,370.0,5,Reg,0,60,111.0,30.85894600589856,48130.0,6.415,2.6,2006,9,Q3,1Fam,0,2006-09-01,342643.0
1521,3,1.5,56,1.0,910.0,4,12144,6,611,597.0,455.0,455.0,910,1950.0,199,0,0.0,6,Reg,0,50,60.0,30.85894600589856,48130.0,6.415,2.6,2006,9,Q3,1Fam,0,2006-09-01,190485.634074173
1548,2,3.0,2,2.0,1365.0,7,3072,7,0,388.0,1059.0,306.0,1548,2004.0,143,20,18.0,5,Reg,0,120,68.0,30.85894600589856,48130.0,6.415,2.6,2006,9,Q3,TwnhsE,0,2006-09-01,159355.710116165
1492,3,2.5,0,2.0,738.0,7,10237,8,754,440.0,0.0,738.0,738,2006.0,0,32,0.0,5,Reg,0,60,65.0,30.85894600589856,48130.0,6.415,2.6,2006,9,Q3,1Fam,0,2006-09-01,186732.584943041
1670,2,3.5,0,3.0,1670.0,8,15218,6,0,928.0,1562.0,108.0,1670,2006.0,0,240,0.0,5,IR1,0,20,49.0,30.85894600589856,48130.0,6.415,2.6,2006,9,Q3,1Fam,0,2006-09-01,183259.503900506
1504,3,2.0,0,2.0,1504.0,8,10936,7,0,510.0,0.0,1504.0,1504,2006.0,144,0,60.0,5,Reg,0,20,85.0,30.85894600589856,48130.0,6.415,2.6,2006,9,Q3,1Fam,0,2006-09-01,188108.243748841
1568,3,2.0,5,2.0,1568.0,8,7180,6,0,564.0,0.0,1568.0,1568,2001.0,0,266,0.0,5,IR1,0,20,60.0,30.85894600589856,48130.0,6.415,2.6,2006,9,Q3,1Fam,1,2006-09-01,180716.291710805
1145,3,1.0,50,2.0,301.0,5,7700,6,0,684.0,271.0,30.0,1145,1993.0,0,0,0.0,7,Reg,0,80,55.0,30.85894600589856,48130.0,6.415,2.6,2006,9,Q3,1Fam,0,2006-09-01,181739.671652174
1278,2,2.0,0,2.0,1278.0,8,8640,5,0,584.0,24.0,1254.0,1278,2006.0,0,60,0.0,5,Reg,0,20,72.0,30.85894600589856,48130.0,6.365,2.4,2006,10,Q4,1Fam,0,2006-10-01,171418.640195797
2945,3,3.5,0,3.0,1410.0,10,13682,10,1519,641.0,0.0,1410.0,1426,2006.0,192,0,1031.0,5,IR2,0,60,66.0,30.85894600589856,48130.0,6.365,2.4,2006,10,Q4,1Fam,0,2006-10-01,438780.0
1970,3,2.5,0,3.0,1085.0,8,11065,8,850,753.0,0.0,1085.0,1120,2006.0,177,74,788.0,5,IR1,0,60,86.0,30.85894600589856,48130.0,6.365,2.4,2006,10,Q4,1Fam,0,2006-10-01,281000.0
1008,2,1.0,43,2.0,1008.0,6,9723,5,0,430.0,0.0,1008.0,1008,1963.0,0,0,332.0,7,IR1,0,20,109.0,30.85894600589856,48130.0,6.365,2.4,2006,10,Q4,1Fam,0,2006-10-01,173550.025727531
1768,2,1.5,92,2.0,880.0,7,10800,6,888,320.0,390.0,490.0,880,1914.0,0,341,0.0,7,Reg,0,75,60.0,30.85894600589856,48130.0,6.365,2.4,2006,10,Q4,1Fam,1,2006-10-01,163000.0
1731,3,3.5,14,2.0,836.0,6,9370,7,887,462.0,758.0,78.0,844,1992.0,307,85,0.0,5,IR2,224,60,70.0,30.85894600589856,48130.0,6.365,2.4,2006,10,Q4,1Fam,1,2006-10-01,186131.188248242
925,2,2.0,43,2.0,925.0,5,8638,5,0,484.0,181.0,744.0,925,1990.0,203,74,0.0,6,IR1,0,20,68.0,30.85894600589856,48130.0,6.365,2.4,2006,10,Q4,1Fam,0,2006-10-01,171414.7041191
1482,3,2.5,52,2.0,954.0,4,16012,6,0,609.0,691.0,263.0,1482,1956.0,0,30,60.0,4,IR1,0,20,60.0,30.85894600589856,48130.0,6.365,2.4,2006,10,Q4,1Fam,1,2006-10-01,199202.898960871
1072,2,2.0,1,2.0,547.0,6,3675,5,0,525.0,547.0,0.0,1072,2005.0,0,44,82.0,5,Reg,0,180,35.0,30.85894600589856,48130.0,6.365,2.4,2006,10,Q4,TwnhsE,1,2006-10-01,161647.329794081
1400,3,2.0,1,2.0,1400.0,7,11024,6,0,612.0,0.0,1400.0,1400,2005.0,144,55,118.0,5,IR1,0,20,91.0,30.85894600589856,48130.0,6.365,2.4,2006,10,Q4,1Fam,1,2006-10-01,189386.323677132
729,2,1.0,61,0.0,0.0,3,12366,5,0,0.0,0.0,0.0,729,1979.0,0,0,0.0,5,Reg,0,30,69.0,30.85894600589856,48130.0,6.365,2.4,2006,10,Q4,1Fam,1,2006-10-01,178751.551083369
1500,2,3.0,0,3.0,1356.0,7,4045,6,0,648.0,1070.0,286.0,1500,2006.0,161,20,45.0,5,Reg,0,120,53.0,30.85894600589856,48130.0,6.365,2.4,2006,10,Q4,TwnhsE,0,2006-10-01,246578.0
1557,2,2.0,3,2.0,1374.0,7,3196,7,0,420.0,0.0,1374.0,1557,2003.0,143,20,18.0,5,Reg,0,120,68.0,30.85894600589856,48130.0,6.365,2.4,2006,10,Q4,TwnhsE,1,2006-10-01,234000.0
2799,3,3.5,13,3.0,1286.0,8,12585,8,1234,704.0,247.0,0.0,1565,1993.0,432,136,420.0,5,IR1,0,60,68.0,30.85894600589856,48130.0,6.365,2.4,2006,10,Q4,1Fam,0,2006-10-01,192458.431539585
1664,4,2.0,28,2.0,1664.0,6,8385,10,0,616.0,0.0,1664.0,1664,1978.0,0,0,0.0,5,Reg,0,90,65.0,30.85894600589856,48130.0,6.365,2.4,2006,10,Q4,Duplex,0,2006-10-01,197468.550532521
1118,2,1.0,86,2.0,648.0,6,4400,6,384,440.0,0.0,648.0,734,1990.0,0,0,0.0,8,Reg,0,50,40.0,30.85894600589856,48130.0,6.365,2.4,2006,10,Q4,1Fam,1,2006-10-01,116000.0
1390,1,2.5,49,2.0,1705.0,6,39384,4,0,550.0,1110.0,595.0,1390,1957.0,0,189,902.0,6,IR1,0,20,68.0,30.85894600589856,48130.0,6.365,2.4,2006,10,Q4,1Fam,0,2006-10-01,218648.131133006
1403,2,3.0,6,2.0,1381.0,6,8098,5,0,470.0,1136.0,129.0,1403,2000.0,0,173,0.0,5,IR1,0,20,68.0,30.85894600589856,48130.0,6.365,2.4,2006,10,Q4,1Fam,0,2006-10-01,170351.963410756
1762,4,2.5,86,2.0,596.0,7,7200,8,764,576.0,0.0,596.0,998,1989.0,36,0,0.0,7,Reg,0,70,60.0,30.85894600589856,48130.0,6.365,2.4,2006,10,Q4,1Fam,1,2006-10-01,157000.0
874,3,2.0,38,1.0,864.0,5,10172,5,0,288.0,441.0,423.0,874,1968.0,0,120,0.0,7,IR1,0,20,58.0,30.85894600589856,48130.0,6.365,2.4,2006,10,Q4,1Fam,1,2006-10-01,187709.555003968
1296,2,2.0,39,2.0,0.0,4,10791,6,0,516.0,0.0,0.0,1296,1967.0,0,0,0.0,5,Reg,0,90,72.0,30.85894600589856,48130.0,6.365,2.4,2006,10,Q4,Duplex,0,2006-10-01,90000.0
864,2,2.0,47,1.0,864.0,6,7332,4,0,288.0,414.0,450.0,864,1959.0,168,0,207.0,6,Reg,0,20,60.0,30.85894600589856,48130.0,6.365,2.4,2006,10,Q4,1Fam,0,2006-10-01,120000.0
1492,3,2.5,0,2.0,738.0,7,9073,8,754,440.0,0.0,738.0,738,2006.0,100,32,0.0,5,IR1,0,60,75.0,30.85894600589856,48130.0,6.365,2.4,2006,10,Q4,1Fam,0,2006-10-01,185546.680858653
1368,3,1.0,96,1.0,684.0,6,3600,7,684,216.0,0.0,684.0,684,1930.0,0,158,0.0,7,Reg,0,70,60.0,30.85894600589856,48130.0,6.365,2.4,2006,10,Q4,1Fam,1,2006-10-01,114504.0
1396,4,2.0,55,0.0,660.0,5,9000,8,336,0.0,0.0,660.0,1060,1979.0,0,0,0.0,6,Reg,0,190,50.0,30.85894600589856,48130.0,6.365,2.4,2006,10,Q4,2fmCon,0,2006-10-01,198678.894117024
2826,3,3.5,14,3.0,1334.0,8,11025,9,1306,888.0,1118.0,216.0,1520,1992.0,177,208,692.0,5,Reg,0,60,105.0,30.85894600589856,48130.0,6.365,2.4,2006,10,Q4,1Fam,1,2006-10-01,189388.291715481
1012,4,3.0,31,0.0,976.0,6,7840,4,0,0.0,976.0,0.0,1012,1979.0,0,0,355.0,5,IR1,0,90,38.0,30.85894600589856,48130.0,6.365,2.4,2006,10,Q4,Duplex,0,2006-10-01,196395.969632434
1436,3,3.0,96,2.0,676.0,4,8777,6,676,528.0,173.0,166.0,760,1950.0,147,0,0.0,6,Reg,0,70,67.0,30.85894600589856,48130.0,6.365,2.4,2006,10,Q4,1Fam,1,2006-10-01,184964.141507413
1312,3,1.5,59,2.0,784.0,6,7500,6,412,649.0,0.0,784.0,900,1953.0,0,28,0.0,6,Reg,0,50,50.0,30.85894600589856,48130.0,6.365,2.4,2006,10,Q4,1Fam,1,2006-10-01,182450.956536015
713,2,1.0,76,1.0,713.0,3,10410,5,0,371.0,0.0,713.0,713,1936.0,0,75,0.0,8,Reg,0,30,60.0,30.85894600589856,48130.0,6.365,2.4,2006,10,Q4,1Fam,1,2006-10-01,174902.068073146
1092,3,1.5,34,1.0,525.0,6,1680,6,567,264.0,382.0,143.0,525,1972.0,352,0,504.0,5,Reg,0,160,21.0,30.85894600589856,48130.0,6.365,2.4,2006,10,Q4,Twnhs,0,2006-10-01,170996.973346087
980,4,3.0,31,0.0,945.0,6,9400,4,0,0.0,945.0,0.0,980,1979.0,0,0,250.0,5,IR1,0,90,35.0,30.85894600589856,48130.0,6.365,2.4,2006,10,Q4,Duplex,0,2006-10-01,127500.0
1200,1,2.5,41,2.0,864.0,5,9230,6,0,884.0,661.0,203.0,1200,1977.0,0,64,166.0,8,Reg,0,20,71.0,30.85894600589856,48130.0,6.365,2.4,2006,10,Q4,1Fam,1,2006-10-01,146000.0
1020,2,1.0,88,0.0,1020.0,3,4761,5,0,0.0,0.0,1020.0,1020,1979.0,0,0,0.0,3,Reg,0,50,63.0,30.85894600589856,48130.0,6.365,2.4,2006,10,Q4,1Fam,1,2006-10-01,163784.619440861
1577,3,1.0,67,1.0,972.0,6,6435,6,605,312.0,0.0,972.0,972,1939.0,0,0,0.0,5,Reg,0,50,65.0,30.85894600589856,48130.0,6.365,2.4,2006,10,Q4,1Fam,1,2006-10-01,140200.0
2486,5,2.0,44,2.0,1595.0,6,33120,8,875,576.0,0.0,1595.0,1611,1962.0,0,0,0.0,5,IR3,0,50,90.0,30.85894600589856,48130.0,6.365,2.4,2006,10,Q4,1Fam,0,2006-10-01,259423.859147546
1430,3,2.0,82,2.0,596.0,4,10320,7,596,370.0,0.0,596.0,834,1924.0,218,0,0.0,5,Reg,210,50,60.0,30.85894600589856,48130.0,6.365,2.4,2006,10,Q4,1Fam,1,2006-10-01,188000.824679588
1664,3,2.0,59,2.0,1004.0,6,5000,7,660,420.0,399.0,605.0,1004,1950.0,0,24,0.0,7,Reg,0,50,50.0,30.85894600589856,48130.0,6.365,2.4,2006,10,Q4,1Fam,1,2006-10-01,159000.0
1584,4,2.0,39,2.0,1584.0,5,8917,8,0,506.0,0.0,1584.0,1584,1967.0,0,0,0.0,5,IR1,0,90,68.0,30.85894600589856,48130.0,6.365,2.4,2006,10,Q4,Duplex,0,2006-10-01,198515.546934075
1567,1,3.0,0,3.0,1520.0,8,3982,7,0,648.0,1154.0,366.0,1567,2006.0,312,0,0.0,5,Reg,0,120,53.0,30.85894600589856,48130.0,6.365,2.4,2006,10,Q4,TwnhsE,0,2006-10-01,264561.0
1382,3,1.5,43,2.0,1051.0,4,11235,6,0,459.0,547.0,504.0,1382,1974.0,0,82,51.0,5,Reg,0,20,75.0,30.85894600589856,48130.0,6.365,2.4,2006,10,Q4,1Fam,1,2006-10-01,148000.0
980,3,2.0,39,1.0,980.0,5,9750,6,0,384.0,400.0,100.0,980,1967.0,68,0,0.0,5,Reg,0,80,75.0,30.85894600589856,48130.0,6.365,2.4,2006,10,Q4,1Fam,0,2006-10-01,135500.0
988,1,2.0,37,2.0,938.0,6,21453,4,0,540.0,938.0,0.0,988,1969.0,0,130,0.0,5,IR1,0,80,68.0,30.85894600589856,48130.0,6.365,2.4,2006,10,Q4,1Fam,0,2006-10-01,180000.0
1316,3,2.0,1,2.0,1316.0,6,10237,6,0,397.0,28.0,1288.0,1316,2005.0,100,0,0.0,5,Reg,0,20,65.0,30.85894600589856,48130.0,6.365,2.4,2006,10,Q4,1Fam,1,2006-10-01,169990.0
1855,4,2.0,52,1.0,994.0,6,9525,7,639,325.0,444.0,550.0,1216,1954.0,182,0,0.0,4,Reg,0,50,75.0,30.85894600589856,48130.0,6.365,2.4,2006,10,Q4,1Fam,1,2006-10-01,136900.0
1836,3,2.0,2,2.0,1860.0,7,9100,8,0,484.0,24.0,1836.0,1836,2004.0,120,33,0.0,5,Reg,0,20,70.0,30.85894600589856,48130.0,6.365,2.4,2006,10,Q4,1Fam,1,2006-10-01,216837.0
1414,3,2.5,2,2.0,707.0,8,9056,6,707,403.0,0.0,707.0,707,2004.0,100,35,0.0,5,IR1,0,60,74.0,30.85894600589856,48130.0,6.365,2.4,2006,10,Q4,1Fam,0,2006-10-01,178000.0
480,1,1.0,57,1.0,480.0,2,9000,4,0,308.0,50.0,430.0,480,1958.0,0,0,0.0,3,Reg,0,20,50.0,30.85894600589856,48130.0,6.365,2.4,2006,10,Q4,1Fam,1,2006-10-01,35311.0
2136,4,2.0,55,2.0,2136.0,5,10680,7,0,528.0,756.0,1380.0,2136,1951.0,0,30,44.0,3,Reg,0,20,89.0,30.85894600589856,48130.0,6.365,2.4,2006,10,Q4,1Fam,0,2006-10-01,137900.0
935,3,2.0,41,1.0,935.0,5,13526,5,0,288.0,560.0,0.0,935,1965.0,180,0,114.0,6,IR1,0,20,68.0,30.85894600589856,48130.0,6.24,2.4,2006,11,Q4,1Fam,0,2006-11-01,137000.0
2520,5,3.5,13,3.0,1338.0,8,14541,10,1168,796.0,1012.0,326.0,1352,1993.0,209,55,0.0,7,IR1,0,60,68.0,30.85894600589856,48130.0,6.24,2.4,2006,11,Q4,1Fam,0,2006-11-01,310000.0
1790,4,3.0,34,2.0,732.0,6,10400,8,778,484.0,247.0,485.0,1012,1972.0,148,0,288.0,5,Reg,147,60,80.0,30.85894600589856,48130.0,6.24,2.4,2006,11,Q4,1Fam,0,2006-11-01,165150.0
1989,3,3.5,4,2.0,1065.0,8,11367,7,898,586.0,932.0,133.0,1091,2002.0,199,60,210.0,5,Reg,0,60,90.0,30.85894600589856,48130.0,6.24,2.4,2006,11,Q4,1Fam,0,2006-11-01,255000.0
1437,3,2.5,50,2.0,1188.0,5,14175,6,0,576.0,988.0,200.0,1437,1999.0,304,0,0.0,6,Reg,0,20,68.0,30.85894600589856,48130.0,6.24,2.4,2006,11,Q4,1Fam,1,2006-11-01,168000.0
1936,3,2.5,6,2.0,1406.0,8,11194,7,482,504.0,0.0,1406.0,1454,2000.0,188,124,40.0,5,IR1,0,60,106.0,30.85894600589856,48130.0,6.24,2.4,2006,11,Q4,1Fam,0,2006-11-01,230500.0
912,2,1.0,42,1.0,912.0,5,7800,5,0,288.0,312.0,0.0,912,1964.0,0,0,0.0,5,IR1,0,20,66.0,30.85894600589856,48130.0,6.24,2.4,2006,11,Q4,1Fam,0,2006-11-01,115000.0
1052,3,2.5,38,1.0,1052.0,5,8400,5,0,288.0,1016.0,36.0,1052,1968.0,356,0,168.0,5,Reg,0,20,70.0,30.85894600589856,48130.0,6.24,2.4,2006,11,Q4,1Fam,0,2006-11-01,138500.0
2236,4,2.5,9,2.0,964.0,7,13006,8,1243,642.0,0.0,964.0,993,1997.0,0,0,285.0,5,IR1,0,60,68.0,30.85894600589856,48130.0,6.24,2.4,2006,11,Q4,1Fam,0,2006-11-01,222000.0
1466,3,1.5,47,2.0,1466.0,5,17755,6,0,528.0,176.0,1290.0,1466,1959.0,0,140,132.0,4,Reg,100,20,134.0,30.85894600589856,48130.0,6.24,2.4,2006,11,Q4,1Fam,0,2006-11-01,149900.0
1056,2,2.0,40,1.0,1056.0,4,8900,5,0,384.0,1056.0,0.0,1056,1966.0,0,42,0.0,4,Reg,0,20,68.0,30.85894600589856,48130.0,6.24,2.4,2006,11,Q4,1Fam,0,2006-11-01,107000.0
1863,4,2.5,0,3.0,879.0,7,14054,9,984,660.0,0.0,879.0,879,2006.0,100,17,0.0,5,IR1,0,60,58.0,30.85894600589856,48130.0,6.24,2.4,2006,11,Q4,1Fam,0,2006-11-01,219210.0
2000,3,2.5,13,3.0,996.0,7,9627,9,1004,650.0,758.0,238.0,996,1993.0,190,48,94.0,5,Reg,0,60,74.0,30.85894600589856,48130.0,6.24,2.4,2006,11,Q4,1Fam,1,2006-11-01,187741.866657478
1728,6,3.0,43,2.0,1728.0,5,9100,10,0,504.0,1332.0,396.0,1728,1963.0,0,0,336.0,5,Reg,0,90,70.0,30.85894600589856,48130.0,6.24,2.4,2006,11,Q4,Duplex,0,2006-11-01,125000.0
909,3,1.0,38,1.0,882.0,5,8450,5,0,294.0,162.0,450.0,909,1968.0,0,155,90.0,6,Reg,0,20,65.0,30.85894600589856,48130.0,6.24,2.4,2006,11,Q4,1Fam,0,2006-11-01,185425.485520958
1944,3,3.0,3,3.0,1896.0,9,12378,8,0,708.0,1274.0,622.0,1944,2003.0,208,175,0.0,5,IR1,0,20,90.0,30.85894600589856,48130.0,6.24,2.4,2006,11,Q4,1Fam,1,2006-11-01,360000.0
2389,4,2.5,0,3.0,1054.0,8,10672,10,1335,672.0,0.0,1054.0,1054,2006.0,176,64,0.0,5,IR1,0,60,82.0,30.85894600589856,48130.0,6.24,2.4,2006,11,Q4,1Fam,0,2006-11-01,203074.34678979
1801,3,1.5,76,2.0,697.0,6,14210,8,697,365.0,0.0,697.0,1104,1930.0,0,90,0.0,7,IR1,0,70,70.0,30.85894600589856,48130.0,6.24,2.4,2006,11,Q4,1Fam,1,2006-11-01,196761.386409959
1056,3,2.5,51,1.0,1056.0,5,13600,6,0,300.0,144.0,0.0,1056,1955.0,0,0,0.0,6,Reg,0,20,80.0,30.85894600589856,48130.0,6.24,2.4,2006,11,Q4,1Fam,0,2006-11-01,195560.8830172
1364,2,3.0,0,2.0,1220.0,7,3087,6,0,437.0,453.0,767.0,1364,2006.0,100,16,14.0,5,Reg,0,120,43.0,30.85894600589856,48130.0,6.24,2.4,2006,11,Q4,TwnhsE,0,2006-11-01,161595.015798593
1288,4,1.0,65,1.0,824.0,5,6191,6,464,240.0,384.0,440.0,824,1941.0,0,0,0.0,4,Reg,0,50,51.0,30.85894600589856,48130.0,6.24,2.4,2006,11,Q4,1Fam,1,2006-11-01,194255.566948886
1842,0,2.5,25,3.0,1842.0,9,50271,5,0,894.0,1810.0,32.0,1842,1981.0,857,72,0.0,5,IR1,0,20,68.0,30.85894600589856,48130.0,6.24,2.4,2006,11,Q4,1Fam,1,2006-11-01,385000.0
1162,3,2.0,76,1.0,728.0,3,6120,6,434,258.0,347.0,381.0,728,1930.0,0,24,0.0,5,Reg,0,50,51.0,30.85894600589856,48130.0,6.24,2.4,2006,11,Q4,1Fam,1,2006-11-01,180839.95616829
1694,3,2.5,9,1.0,569.0,7,8314,6,840,434.0,0.0,569.0,854,1997.0,0,382,0.0,5,IR1,110,60,114.0,30.85894600589856,48130.0,6.24,2.4,2006,11,Q4,1Fam,1,2006-11-01,185157.832305524
1246,3,2.0,42,2.0,1246.0,6,12700,6,0,441.0,939.0,307.0,1246,1964.0,0,69,0.0,5,IR1,0,80,68.0,30.85894600589856,48130.0,6.24,2.4,2006,11,Q4,1Fam,0,2006-11-01,193789.648503294
2559,4,2.5,17,2.0,868.0,6,12128,9,1246,506.0,549.0,319.0,1313,1989.0,0,245,232.0,4,IR1,168,60,88.0,30.85894600589856,48130.0,6.24,2.4,2006,11,Q4,1Fam,0,2006-11-01,205939.810625621
2640,3,4.5,0,3.0,2036.0,9,13162,11,604,792.0,1836.0,200.0,2036,2006.0,0,265,0.0,5,Reg,0,60,100.0,30.85894600589856,48130.0,6.24,2.4,2006,11,Q4,1Fam,0,2006-11-01,194698.882220432
1960,3,3.0,1,3.0,1728.0,8,13618,8,0,714.0,1350.0,378.0,1960,2005.0,172,38,198.0,5,Reg,0,20,95.0,30.85894600589856,48130.0,6.24,2.4,2006,11,Q4,1Fam,1,2006-11-01,195596.307707478
1368,2,4.0,9,4.0,1288.0,7,7020,8,0,784.0,1243.0,45.0,1368,1997.0,0,48,200.0,5,Reg,0,90,78.0,30.85894600589856,48130.0,6.24,2.4,2006,11,Q4,Duplex,0,2006-11-01,169335.310624364
2376,4,3.5,1,3.0,1158.0,8,14215,9,1218,853.0,0.0,1158.0,1158,2005.0,240,154,380.0,5,IR1,0,60,101.0,30.85894600589856,48130.0,6.24,2.4,2006,11,Q4,1Fam,1,2006-11-01,325300.0
1073,2,1.0,85,1.0,1073.0,5,5400,4,0,326.0,0.0,1073.0,1073,1968.0,0,0,0.0,6,Reg,0,30,60.0,30.85894600589856,48130.0,6.125,2.5,2006,12,Q4,1Fam,1,2006-12-01,108480.0
1388,3,1.5,29,1.0,675.0,6,8340,6,702,317.0,509.0,166.0,686,1977.0,406,36,62.0,6,IR1,0,60,50.0,30.85894600589856,48130.0,6.125,2.5,2006,12,Q4,1Fam,0,2006-12-01,186313.89385619
2526,4,3.5,12,3.0,1165.0,8,10120,8,1323,844.0,740.0,425.0,1203,1994.0,309,78,391.0,5,Reg,0,60,92.0,30.85894600589856,48130.0,6.125,2.5,2006,12,Q4,1Fam,0,2006-12-01,290000.0
1742,2,3.0,21,2.0,1742.0,8,6563,5,0,564.0,1148.0,594.0,1742,1985.0,114,28,0.0,5,IR1,0,120,68.0,30.85894600589856,48130.0,6.125,2.5,2006,12,Q4,1Fam,0,2006-12-01,275000.0
2009,4,2.0,78,3.0,672.0,6,19950,8,672,795.0,0.0,672.0,1337,1928.0,0,42,0.0,7,Reg,180,70,114.0,30.85894600589856,48130.0,6.125,2.5,2006,12,Q4,1Fam,1,2006-12-01,222438.699143414
3672,5,3.5,71,2.0,1836.0,6,19800,7,1836,836.0,425.0,1411.0,1836,1993.0,684,80,0.0,8,Reg,0,75,60.0,30.85894600589856,48130.0,6.125,2.5,2006,12,Q4,1Fam,1,2006-12-01,235419.373448928
1176,2,2.0,37,1.0,1176.0,5,16133,5,0,360.0,847.0,329.0,1176,1969.0,0,92,0.0,4,Reg,112,20,73.0,30.85894600589856,48130.0,6.125,2.5,2006,12,Q4,1Fam,0,2006-12-01,188374.936650438
1235,2,1.0,45,2.0,1235.0,5,8500,6,0,480.0,600.0,635.0,1235,1961.0,0,0,203.0,3,Reg,0,20,85.0,30.85894600589856,48130.0,6.125,2.5,2006,12,Q4,1Fam,0,2006-12-01,98600.0
1533,2,3.0,31,2.0,1533.0,7,70761,5,0,576.0,655.0,878.0,1533,1975.0,200,54,0.0,5,IR1,0,20,62.0,30.85894600589856,48130.0,6.125,2.5,2006,12,Q4,1Fam,0,2006-12-01,280000.0
1092,3,1.5,33,2.0,525.0,6,2760,6,567,440.0,0.0,525.0,525,1973.0,0,0,514.0,5,Reg,0,160,24.0,30.85894600589856,48130.0,6.125,2.5,2006,12,Q4,TwnhsE,0,2006-12-01,175332.239869971
1248,2,2.0,86,0.0,624.0,5,5976,8,624,0.0,0.0,624.0,624,1979.0,0,130,0.0,7,Reg,0,90,33.0,30.85894600589856,48130.0,6.125,2.5,2006,12,Q4,Duplex,1,2006-12-01,168385.571141831
2687,4,2.5,12,2.0,2062.0,8,13108,9,608,618.0,0.0,2062.0,2079,1994.0,168,12,0.0,5,IR1,0,160,68.0,30.85894600589856,48130.0,6.125,2.5,2006,12,Q4,1Fam,0,2006-12-01,208973.380761028
1040,2,2.0,56,2.0,0.0,3,8544,6,0,400.0,0.0,0.0,1040,1950.0,0,0,0.0,4,Reg,0,90,60.0,30.85894600589856,48130.0,6.125,2.5,2006,12,Q4,Duplex,0,2006-12-01,173439.49362151
1324,3,2.0,41,2.0,1088.0,6,8658,6,0,440.0,643.0,445.0,1324,1965.0,0,138,101.0,5,Reg,0,20,84.0,30.85894600589856,48130.0,6.125,2.5,2006,12,Q4,1Fam,0,2006-12-01,160000.0
1600,2,2.0,49,1.0,1484.0,5,16321,6,0,319.0,1277.0,207.0,1600,1957.0,288,258,0.0,6,IR1,0,20,47.0,30.85894600589856,48130.0,6.125,2.5,2006,12,Q4,1Fam,1,2006-12-01,207500.0
1336,3,1.5,48,2.0,1121.0,6,9610,7,0,488.0,203.0,918.0,1336,1958.0,80,0,632.0,6,IR1,0,20,68.0,30.85894600589856,48130.0,6.125,2.5,2006,12,Q4,1Fam,0,2006-12-01,188813.302559147
1192,4,1.5,57,0.0,720.0,4,10800,6,472,0.0,0.0,720.0,720,1979.0,0,0,0.0,4,Reg,0,50,60.0,30.85894600589856,48130.0,6.125,2.5,2006,12,Q4,1Fam,1,2006-12-01,135000.0
1453,2,2.5,20,2.0,1453.0,7,5271,6,0,445.0,1082.0,371.0,1453,1986.0,0,80,0.0,5,IR1,184,120,68.0,30.85894600589856,48130.0,6.125,2.5,2006,12,Q4,1Fam,0,2006-12-01,190000.0
900,3,2.0,39,1.0,864.0,5,7838,6,0,288.0,769.0,95.0,900,1967.0,175,144,0.0,5,Reg,0,85,68.0,30.85894600589856,48130.0,6.125,2.5,2006,12,Q4,1Fam,0,2006-12-01,123000.0
1092,3,1.5,36,1.0,546.0,4,1533,5,546,286.0,408.0,138.0,546,1970.0,0,0,0.0,5,Reg,0,160,21.0,30.85894600589856,48130.0,6.125,2.5,2006,12,Q4,Twnhs,0,2006-12-01,172917.456816012
2039,3,2.5,65,3.0,929.0,7,21299,7,0,791.0,0.0,929.0,2039,1941.0,0,0,0.0,5,Reg,0,30,118.0,30.85894600589856,48130.0,6.125,2.5,2006,12,Q4,1Fam,1,2006-12-01,211817.702818093
1844,3,3.0,37,2.0,1844.0,6,16381,7,0,540.0,1110.0,734.0,1844,1969.0,0,73,312.0,5,IR1,0,20,68.0,30.85894600589856,48130.0,6.125,2.5,2006,12,Q4,1Fam,0,2006-12-01,223000.0
943,2,2.0,27,2.0,943.0,5,7032,4,0,600.0,943.0,0.0,943,1979.0,42,0,0.0,5,IR1,0,90,68.0,30.85894600589856,48130.0,6.125,2.5,2006,12,Q4,Duplex,0,2006-12-01,135960.0
1646,2,3.5,2,2.0,1594.0,8,3842,5,0,525.0,1564.0,30.0,1646,2004.0,128,53,186.0,5,IR1,155,120,44.0,30.85894600589856,48130.0,6.125,2.5,2006,12,Q4,TwnhsE,1,2006-12-01,164185.777305524
334,1,1.0,61,0.0,0.0,1,5000,2,0,0.0,0.0,0.0,334,1979.0,0,0,0.0,3,Reg,0,20,50.0,29.102296283256685,48910.0,6.220000000000001,3.0,2007,1,Q1,1Fam,1,2007-01-01,39300.0
894,3,1.0,47,1.0,894.0,5,8680,5,0,312.0,0.0,894.0,894,1965.0,0,0,0.0,7,Reg,0,20,70.0,29.102296283256685,48910.0,6.220000000000001,3.0,2007,1,Q1,1Fam,0,2007-01-01,173931.531845427
2592,6,4.0,84,0.0,1296.0,5,10890,12,1296,0.0,371.0,925.0,1296,1979.0,0,742,0.0,6,Reg,0,90,60.0,29.102296283256685,48910.0,6.220000000000001,3.0,2007,1,Q1,Duplex,1,2007-01-01,218108.536769738
2234,1,2.5,1,2.0,2220.0,8,14082,7,0,724.0,1558.0,662.0,2234,2006.0,390,80,945.0,5,IR1,0,20,85.0,29.102296283256685,48910.0,6.220000000000001,3.0,2007,1,Q1,1Fam,0,2007-01-01,158011.114889899
1074,2,1.0,51,2.0,894.0,5,7450,6,0,396.0,438.0,250.0,1074,1966.0,0,72,0.0,5,IR1,0,20,74.0,29.102296283256685,48910.0,6.220000000000001,3.0,2007,1,Q1,1Fam,0,2007-01-01,158234.96461859
969,3,1.5,32,2.0,969.0,5,10356,5,0,440.0,716.0,253.0,969,1975.0,0,0,0.0,6,Reg,0,20,120.0,29.102296283256685,48910.0,6.220000000000001,3.0,2007,1,Q1,1Fam,0,2007-01-01,122000.0
1721,3,3.0,2,2.0,1721.0,8,9254,7,0,554.0,119.0,1602.0,1721,2005.0,168,27,210.0,5,IR1,0,20,71.0,29.102296283256685,48910.0,6.220000000000001,3.0,2007,1,Q1,1Fam,0,2007-01-01,175061.18585763
1092,3,1.5,37,1.0,546.0,4,2001,6,546,286.0,0.0,546.0,546,1970.0,0,0,80.0,5,Reg,0,160,21.0,29.102296283256685,48910.0,6.220000000000001,3.0,2007,1,Q1,Twnhs,0,2007-01-01,75000.0
1534,3,2.0,1,2.0,1524.0,8,10612,7,0,484.0,28.0,1496.0,1534,2006.0,168,46,248.0,5,Reg,0,20,76.0,29.102296283256685,48910.0,6.220000000000001,3.0,2007,1,Q1,1Fam,0,2007-01-01,177733.78193528
2582,4,3.5,9,3.0,1389.0,8,11002,9,1171,758.0,1048.0,341.0,1411,1998.0,286,60,0.0,5,IR1,0,60,74.0,29.102296283256685,48910.0,6.220000000000001,3.0,2007,1,Q1,1Fam,1,2007-01-01,191777.196949138
1082,3,2.0,38,2.0,973.0,6,8723,6,0,480.0,973.0,0.0,1082,1969.0,160,0,0.0,6,IR1,0,85,68.0,29.102296283256685,48910.0,6.220000000000001,3.0,2007,1,Q1,1Fam,0,2007-01-01,174016.157494425
1040,3,2.0,44,2.0,1064.0,4,25286,5,0,648.0,633.0,431.0,1040,1963.0,0,0,0.0,5,Reg,0,20,94.0,29.102296283256685,48910.0,6.220000000000001,3.0,2007,1,Q1,1Fam,0,2007-01-01,132250.0
1341,1,2.5,8,2.0,1341.0,8,17227,5,0,482.0,915.0,426.0,1341,1999.0,240,84,158.0,5,IR2,0,20,73.0,29.102296283256685,48910.0,6.220000000000001,3.0,2007,1,Q1,1Fam,1,2007-01-01,164200.595496827
2439,4,3.5,6,2.0,1531.0,8,12728,7,908,560.0,1198.0,333.0,1531,2001.0,184,121,256.0,5,Reg,0,60,68.0,29.102296283256685,48910.0,6.220000000000001,3.0,2007,1,Q1,1Fam,0,2007-01-01,195174.031139141
1055,2,2.0,34,2.0,1044.0,6,12712,5,0,542.0,968.0,76.0,1055,1973.0,455,0,0.0,7,IR1,0,20,43.0,29.102296283256685,48910.0,6.220000000000001,3.0,2007,1,Q1,1Fam,1,2007-01-01,168590.782409896
1673,3,3.0,7,2.0,1673.0,7,11354,7,0,583.0,1412.0,261.0,1673,2000.0,306,113,0.0,5,Reg,116,20,68.0,29.102296283256685,48910.0,6.220000000000001,3.0,2007,1,Q1,1Fam,0,2007-01-01,179194.066390078
1982,3,2.5,18,2.0,807.0,7,11287,7,807,575.0,421.0,386.0,1175,1989.0,0,84,340.0,6,Reg,0,60,82.0,29.102296283256685,48910.0,6.220000000000001,3.0,2007,1,Q1,1Fam,0,2007-01-01,228500.0
691,2,1.0,87,1.0,691.0,5,5400,4,0,216.0,0.0,691.0,691,1920.0,0,20,0.0,6,Reg,0,30,60.0,29.102296283256685,48910.0,6.220000000000001,3.0,2007,1,Q1,1Fam,1,2007-01-01,86000.0
907,3,2.0,30,1.0,876.0,5,16300,5,0,308.0,60.0,399.0,907,1977.0,0,0,0.0,4,IR1,0,20,39.0,29.102296283256685,48910.0,6.220000000000001,3.0,2007,1,Q1,1Fam,0,2007-01-01,188927.984063168
1040,3,1.5,30,2.0,1040.0,5,8982,5,0,748.0,539.0,501.0,1040,1977.0,0,0,0.0,5,IR1,0,20,45.0,29.102296283256685,48910.0,6.220000000000001,3.0,2007,1,Q1,1Fam,0,2007-01-01,174525.87942676
4316,4,4.0,13,3.0,2444.0,10,21535,10,1872,832.0,1455.0,989.0,2444,1994.0,382,50,1170.0,6,IR1,0,60,104.0,29.102296283256685,48910.0,6.220000000000001,3.0,2007,1,Q1,1Fam,1,2007-01-01,755000.0
2385,3,3.5,4,3.0,1317.0,8,14277,7,1168,818.0,938.0,379.0,1217,2003.0,192,228,280.0,5,Reg,0,60,110.0,29.102296283256685,48910.0,6.220000000000001,3.0,2007,1,Q1,1Fam,0,2007-01-01,184946.642483576
897,3,1.0,39,1.0,876.0,5,8665,5,0,264.0,168.0,420.0,897,1968.0,0,0,89.0,5,IR1,0,20,86.0,29.102296283256685,48910.0,6.220000000000001,3.0,2007,1,Q1,1Fam,0,2007-01-01,173902.011270196
1299,2,3.0,28,2.0,1001.0,6,12150,5,0,486.0,1001.0,0.0,1299,1979.0,84,0,0.0,6,IR1,0,85,68.0,29.102296283256685,48910.0,6.220000000000001,3.0,2007,1,Q1,1Fam,0,2007-01-01,167484.744857879
1701,3,3.0,32,2.0,1390.0,5,16647,6,0,611.0,1390.0,0.0,1701,1975.0,0,0,0.0,5,IR1,0,85,68.0,29.102296283256685,48910.0,6.220000000000001,3.0,2007,1,Q1,1Fam,1,2007-01-01,171000.0
1846,3,2.0,58,1.0,1040.0,6,10496,7,678,315.0,196.0,844.0,1168,1949.0,0,0,320.0,6,Reg,0,50,78.0,29.102296283256685,48910.0,6.220000000000001,3.0,2007,1,Q1,1Fam,1,2007-01-01,143000.0
1889,4,1.5,97,1.0,925.0,7,10120,9,925,308.0,0.0,925.0,964,1960.0,0,0,0.0,4,IR1,0,190,60.0,29.102296283256685,48910.0,6.220000000000001,3.0,2007,1,Q1,2fmCon,1,2007-01-01,122000.0
1274,3,3.0,2,2.0,1274.0,7,8814,6,0,508.0,925.0,349.0,1274,2005.0,264,98,80.0,5,Reg,0,20,68.0,29.102296283256685,48910.0,6.220000000000001,3.0,2007,1,Q1,1Fam,1,2007-01-01,203000.0
1868,3,3.5,23,2.0,585.0,6,12090,7,728,477.0,0.0,585.0,1140,1984.0,268,112,74.0,7,Reg,147,80,78.0,29.102296283256685,48910.0,6.220000000000001,3.0,2007,1,Q1,1Fam,1,2007-01-01,178000.0
955,3,2.0,41,1.0,955.0,5,7742,6,0,386.0,763.0,192.0,955,1966.0,0,0,0.0,7,Reg,0,20,66.0,29.102296283256685,48910.0,6.220000000000001,3.0,2007,1,Q1,1Fam,0,2007-01-01,127000.0
1312,2,2.0,6,2.0,1267.0,8,6718,5,0,471.0,250.0,1017.0,1312,2001.0,256,28,86.0,5,IR1,0,20,68.0,29.102296283256685,48910.0,6.220000000000001,3.0,2007,1,Q1,1Fam,0,2007-01-01,156794.36054728
1696,3,2.0,36,2.0,1696.0,7,20693,7,0,625.0,434.0,1262.0,1696,1971.0,0,146,652.0,5,IR1,0,20,68.0,29.102296283256685,48910.0,6.29,3.0,2007,2,Q1,1Fam,0,2007-02-01,198678.469082978
1402,2,2.0,1,3.0,1258.0,7,3922,7,0,648.0,0.0,1258.0,1402,2006.0,120,16,72.0,5,Reg,0,120,53.0,29.102296283256685,48910.0,6.29,3.0,2007,2,Q1,TwnhsE,1,2007-02-01,194201.0
1092,3,1.5,34,1.0,525.0,6,2205,6,567,264.0,312.0,213.0,525,1973.0,144,0,567.0,6,Reg,0,160,21.0,29.102296283256685,48910.0,6.29,3.0,2007,2,Q1,Twnhs,0,2007-02-01,162293.376090644
1151,2,3.0,1,2.0,1141.0,8,3523,5,0,484.0,60.0,1081.0,1151,2006.0,0,60,30.0,5,IR1,0,120,80.0,29.102296283256685,48910.0,6.29,3.0,2007,2,Q1,TwnhsE,1,2007-02-01,151611.37057651
1315,3,3.0,49,2.0,808.0,4,4330,5,477,436.0,681.0,0.0,838,1958.0,0,0,0.0,6,Reg,0,190,52.0,29.102296283256685,48910.0,6.29,3.0,2007,2,Q1,2fmCon,0,2007-02-01,166475.457581812
2503,3,3.5,17,2.0,1223.0,7,19522,7,1232,564.0,727.0,496.0,1271,1990.0,0,99,272.0,5,IR1,182,60,68.0,29.102296283256685,48910.0,6.29,3.0,2007,2,Q1,1Fam,0,2007-02-01,196373.896176551
1484,3,2.0,36,2.0,1484.0,5,12243,7,0,487.0,998.0,486.0,1484,1971.0,224,0,0.0,6,IR1,180,20,70.0,29.102296283256685,48910.0,6.29,3.0,2007,2,Q1,1Fam,0,2007-02-01,175000.0
1324,3,2.5,31,2.0,1228.0,7,8991,5,0,585.0,624.0,0.0,1324,1976.0,407,36,130.0,6,IR1,0,80,64.0,29.102296283256685,48910.0,6.29,3.0,2007,2,Q1,1Fam,0,2007-02-01,175648.484325498
1828,3,2.5,1,3.0,1298.0,8,10732,7,530,876.0,0.0,1298.0,1298,2006.0,0,40,0.0,5,IR1,0,60,92.0,29.102296283256685,48910.0,6.29,3.0,2007,2,Q1,1Fam,1,2007-02-01,179074.839090732
1690,3,2.5,6,2.0,845.0,7,9543,7,845,517.0,0.0,845.0,845,2001.0,0,103,0.0,5,IR1,0,60,68.0,29.102296283256685,48910.0,6.29,3.0,2007,2,Q1,1Fam,0,2007-02-01,176734.841494027
1647,3,2.0,54,1.0,1105.0,4,9532,6,0,280.0,595.0,156.0,1647,1953.0,225,0,0.0,6,Reg,0,20,75.0,29.102296283256685,48910.0,6.29,3.0,2007,2,Q1,1Fam,0,2007-02-01,176713.19307219
1360,3,1.0,52,2.0,384.0,5,7134,6,0,572.0,384.0,0.0,1360,1962.0,0,50,0.0,5,Reg,0,80,60.0,29.102296283256685,48910.0,6.29,3.0,2007,2,Q1,1Fam,0,2007-02-01,130000.0
888,3,1.5,46,1.0,920.0,5,8700,5,0,240.0,192.0,728.0,888,1961.0,0,0,53.0,7,IR1,0,20,75.0,29.102296283256685,48910.0,6.29,3.0,2007,2,Q1,1Fam,0,2007-02-01,175075.785166001
2223,3,3.0,34,2.0,2223.0,7,13651,8,0,516.0,1880.0,343.0,2223,1973.0,300,0,1115.0,6,IR1,0,20,95.0,29.102296283256685,48910.0,6.29,3.0,2007,2,Q1,1Fam,0,2007-02-01,244000.0
2233,5,2.5,28,2.0,0.0,5,9555,11,1133,579.0,0.0,0.0,1100,1979.0,0,0,0.0,6,IR1,0,90,68.0,29.102296283256685,48910.0,6.29,3.0,2007,2,Q1,Duplex,0,2007-02-01,203310.218069877
958,2,2.0,31,2.0,1078.0,6,4928,5,0,440.0,120.0,958.0,958,1977.0,0,205,0.0,5,IR1,0,120,68.0,29.102296283256685,48910.0,6.29,3.0,2007,2,Q1,TwnhsE,0,2007-02-01,128000.0
2454,3,2.0,128,2.0,819.0,7,13500,8,1142,576.0,0.0,819.0,1312,1950.0,0,148,0.0,8,Reg,0,75,75.0,29.102296283256685,48910.0,6.29,3.0,2007,2,Q1,1Fam,1,2007-02-01,184522.369240168
948,3,1.0,53,1.0,864.0,4,10215,5,0,248.0,492.0,372.0,948,1954.0,0,0,132.0,5,Reg,0,20,75.0,29.102296283256685,48910.0,6.29,3.0,2007,2,Q1,1Fam,0,2007-02-01,111000.0
1052,3,2.0,44,1.0,1052.0,6,10800,6,0,311.0,617.0,171.0,1052,1963.0,0,133,203.0,5,Reg,0,20,80.0,29.102296283256685,48910.0,6.29,3.0,2007,2,Q1,1Fam,0,2007-02-01,179208.665698449
1565,2,3.0,1,2.0,1511.0,8,3784,5,0,476.0,60.0,1451.0,1565,2006.0,0,120,36.0,5,IR1,0,120,32.0,29.102296283256685,48910.0,6.29,3.0,2007,2,Q1,TwnhsE,1,2007-02-01,152125.028585543
1795,2,2.0,1,3.0,1795.0,8,9986,7,0,895.0,0.0,1795.0,1795,2007.0,0,49,428.0,5,Reg,0,20,75.0,29.102296283256685,48910.0,6.29,3.0,2007,2,Q1,1Fam,1,2007-02-01,147000.0
1522,3,2.0,23,2.0,1190.0,6,11075,7,0,552.0,299.0,0.0,1522,1984.0,0,77,136.0,5,Reg,168,20,68.0,29.102296283256685,48910.0,6.29,3.0,2007,2,Q1,1Fam,0,2007-02-01,179749.876244365
2482,4,2.5,2,3.0,1094.0,8,12665,9,1349,642.0,0.0,1094.0,1133,2005.0,144,39,245.0,5,IR1,0,60,88.0,29.102296283256685,48910.0,6.29,3.0,2007,2,Q1,1Fam,1,2007-02-01,281213.0
964,3,1.0,46,2.0,964.0,5,8243,5,0,784.0,700.0,264.0,964,1985.0,170,0,56.0,7,IR1,0,20,76.0,29.102296283256685,48910.0,6.29,3.0,2007,2,Q1,1Fam,0,2007-02-01,174176.391640607
1376,3,1.0,87,2.0,768.0,6,8850,7,624,576.0,0.0,768.0,752,1977.0,0,54,0.0,7,Reg,0,50,60.0,29.102296283256685,48910.0,6.29,3.0,2007,2,Q1,1Fam,1,2007-02-01,175370.990918319
1022,2,2.0,85,1.0,1022.0,5,4480,4,0,184.0,782.0,240.0,1022,1922.0,0,122,0.0,5,Reg,0,30,56.0,29.102296283256685,48910.0,6.29,3.0,2007,2,Q1,1Fam,1,2007-02-01,153494.783276297
1232,3,1.5,68,1.0,600.0,6,6000,6,624,217.0,276.0,324.0,608,1939.0,0,0,0.0,6,Reg,0,70,50.0,29.102296283256685,48910.0,6.29,3.0,2007,2,Q1,1Fam,1,2007-02-01,169762.081624282
1040,3,2.0,41,1.0,1040.0,5,11677,6,0,264.0,249.0,30.0,1040,1966.0,0,90,442.0,4,IR1,0,20,68.0,29.102296283256685,48910.0,6.29,3.0,2007,2,Q1,1Fam,0,2007-02-01,180934.635330334
2633,2,3.5,6,3.0,2633.0,10,11400,8,0,804.0,1282.0,1351.0,2633,2001.0,314,140,705.0,5,Reg,0,20,68.0,29.102296283256685,48910.0,6.16,2.9,2007,3,Q1,1Fam,1,2007-03-01,466500.0
1753,3,3.5,9,2.0,853.0,7,12352,7,900,534.0,638.0,215.0,853,1998.0,0,74,290.0,5,IR2,0,60,43.0,29.102296283256685,48910.0,6.16,2.9,2007,3,Q1,1Fam,1,2007-03-01,183367.953769362
1218,3,1.5,66,2.0,735.0,6,6000,6,349,440.0,375.0,360.0,869,2003.0,0,0,0.0,6,Reg,0,50,60.0,29.102296283256685,48910.0,6.16,2.9,2007,3,Q1,1Fam,1,2007-03-01,131000.0
1111,3,1.0,87,1.0,530.0,5,7200,6,530,288.0,0.0,530.0,581,1935.0,0,0,0.0,7,Reg,0,75,60.0,29.102296283256685,48910.0,6.16,2.9,2007,3,Q1,1Fam,1,2007-03-01,101000.0
1991,3,1.5,75,2.0,854.0,6,11275,7,895,432.0,297.0,0.0,1096,1977.0,0,0,480.0,7,IR1,0,50,68.0,29.102296283256685,48910.0,6.16,2.9,2007,3,Q1,1Fam,1,2007-03-01,220000.0
1642,4,2.0,80,1.0,728.0,6,9863,9,728,374.0,196.0,322.0,914,1927.0,0,0,0.0,6,Reg,0,70,53.0,29.102296283256685,48910.0,6.16,2.9,2007,3,Q1,1Fam,1,2007-03-01,191745.386377068
1905,3,2.0,1,3.0,1905.0,9,11670,8,0,788.0,0.0,1905.0,1905,2006.0,0,191,302.0,5,IR1,0,20,84.0,29.102296283256685,48910.0,6.16,2.9,2007,3,Q1,1Fam,0,2007-03-01,320000.0
1107,3,2.0,40,1.0,949.0,5,8050,5,0,308.0,474.0,437.0,1107,1967.0,88,64,0.0,6,Reg,0,20,70.0,29.102296283256685,48910.0,6.16,2.9,2007,3,Q1,1Fam,1,2007-03-01,174901.452792889
1495,3,2.5,1,2.0,738.0,6,8857,7,757,440.0,0.0,738.0,738,2006.0,100,30,0.0,5,IR1,0,60,62.0,29.102296283256685,48910.0,6.16,2.9,2007,3,Q1,1Fam,0,2007-03-01,176489.659740359
1435,3,2.0,57,1.0,910.0,5,8674,6,525,308.0,910.0,0.0,910,1950.0,0,33,0.0,6,Reg,0,50,55.0,29.102296283256685,48910.0,6.16,2.9,2007,3,Q1,1Fam,0,2007-03-01,176129.508722531
1274,3,2.0,68,1.0,728.0,5,6125,6,546,224.0,306.0,422.0,728,1939.0,0,0,0.0,7,Reg,0,50,50.0,29.102296283256685,48910.0,6.16,2.9,2007,3,Q1,1Fam,1,2007-03-01,171112.978971478
999,3,2.0,44,1.0,925.0,5,11235,6,0,308.0,925.0,0.0,999,1963.0,40,176,0.0,5,Reg,0,190,75.0,29.102296283256685,48910.0,6.16,2.9,2007,3,Q1,2fmCon,0,2007-03-01,181169.654933769
1873,3,2.5,8,2.0,988.0,7,10820,7,885,597.0,342.0,646.0,988,1999.0,202,123,0.0,5,IR2,0,60,47.0,29.102296283256685,48910.0,6.16,2.9,2007,3,Q1,1Fam,0,2007-03-01,180352.919019023
925,3,2.0,52,1.0,923.0,5,8400,5,0,390.0,793.0,130.0,925,1955.0,81,0,0.0,5,Reg,0,20,70.0,29.102296283256685,48910.0,6.16,2.9,2007,3,Q1,1Fam,0,2007-03-01,175590.266214964
1830,3,2.5,1,3.0,1302.0,8,8778,7,528,859.0,0.0,1302.0,1302,2006.0,0,40,0.0,5,Reg,0,60,75.0,29.102296283256685,48910.0,6.16,2.9,2007,3,Q1,1Fam,0,2007-03-01,176334.184710805
882,3,2.0,35,2.0,882.0,5,7700,5,0,461.0,138.0,276.0,882,1980.0,96,0,0.0,5,Reg,0,20,70.0,29.102296283256685,48910.0,6.16,2.9,2007,3,Q1,1Fam,0,2007-03-01,112500.0
1248,2,1.0,77,1.0,912.0,5,9439,6,336,160.0,324.0,588.0,912,1957.0,0,0,0.0,5,Reg,0,50,52.0,29.102296283256685,48910.0,6.16,2.9,2007,3,Q1,1Fam,1,2007-03-01,87000.0
2643,3,2.5,1,3.0,2153.0,9,13693,9,574,694.0,0.0,2153.0,2069,2006.0,414,84,772.0,5,Reg,0,60,105.0,29.102296283256685,48910.0,6.16,2.9,2007,3,Q1,1Fam,0,2007-03-01,380000.0
1657,3,2.5,37,2.0,1657.0,6,12155,7,0,484.0,1237.0,420.0,1657,1970.0,0,0,0.0,3,IR3,147,20,68.0,29.102296283256685,48910.0,6.16,2.9,2007,3,Q1,1Fam,0,2007-03-01,163500.0
894,2,2.0,30,1.0,894.0,5,6285,5,0,308.0,138.0,405.0,894,1979.0,192,0,0.0,5,Reg,0,20,64.0,29.102296283256685,48910.0,6.16,2.9,2007,3,Q1,1Fam,0,2007-03-01,158151.985049452
1630,3,2.0,54,2.0,1073.0,5,22692,6,0,649.0,587.0,486.0,1630,1953.0,0,64,0.0,5,IR1,0,20,68.0,29.102296283256685,48910.0,6.16,2.9,2007,3,Q1,1Fam,0,2007-03-01,203717.470295797
2497,2,3.0,26,2.0,2461.0,8,17778,7,0,676.0,1632.0,0.0,2497,1981.0,266,0,0.0,5,IR1,0,20,94.0,29.102296283256685,48910.0,6.16,2.9,2007,3,Q1,1Fam,0,2007-03-01,180770.649792036
1362,4,2.0,87,1.0,951.0,4,7550,7,376,280.0,0.0,951.0,986,1920.0,0,0,0.0,5,Reg,0,50,50.0,29.102296283256685,48910.0,6.16,2.9,2007,3,Q1,1Fam,1,2007-03-01,187193.313676329
1131,2,1.0,70,2.0,907.0,4,5925,7,0,672.0,168.0,739.0,1131,1995.0,0,72,435.0,7,Reg,0,30,50.0,29.102296283256685,48910.0,6.16,2.9,2007,3,Q1,1Fam,1,2007-03-01,89471.0
2362,3,3.5,27,2.0,2002.0,7,12000,8,0,546.0,1732.0,270.0,2362,1980.0,180,16,600.0,6,Reg,0,20,80.0,29.102296283256685,48910.0,6.16,2.9,2007,3,Q1,1Fam,0,2007-03-01,182675.204270589
694,2,1.0,94,1.0,440.0,5,4280,4,0,352.0,365.0,75.0,694,1990.0,0,0,0.0,6,Reg,0,30,40.0,29.102296283256685,48910.0,6.16,2.9,2007,3,Q1,1Fam,1,2007-03-01,90350.0
999,3,2.0,45,1.0,999.0,5,7758,6,0,264.0,588.0,411.0,999,1963.0,0,132,0.0,7,IR1,0,20,68.0,29.102296283256685,48910.0,6.16,2.9,2007,3,Q1,1Fam,1,2007-03-01,132500.0
918,3,1.5,32,1.0,852.0,7,8750,4,0,360.0,224.0,98.0,918,1975.0,192,84,50.0,6,IR1,0,80,68.0,29.102296283256685,48910.0,6.16,2.9,2007,3,Q1,1Fam,0,2007-03-01,176279.079637039
1355,3,1.5,93,0.0,684.0,6,6882,7,582,0.0,0.0,684.0,773,1979.0,136,0,0.0,7,Reg,0,70,60.0,29.102296283256685,48910.0,6.16,2.9,2007,3,Q1,1Fam,1,2007-03-01,127000.0
1930,4,3.5,28,2.0,780.0,7,11339,9,845,481.0,758.0,22.0,1085,1979.0,192,72,549.0,5,IR1,0,60,61.0,29.102296283256685,48910.0,6.16,2.9,2007,3,Q1,1Fam,0,2007-03-01,194650.210979875
1696,3,1.5,45,1.0,1140.0,5,13673,8,0,349.0,0.0,1140.0,1696,1962.0,0,30,0.0,5,IR1,0,20,40.0,29.102296283256685,48910.0,6.16,2.9,2007,3,Q1,1Fam,0,2007-03-01,143900.0
1828,3,2.0,84,2.0,859.0,5,9060,6,886,480.0,548.0,311.0,942,1979.0,174,0,0.0,6,Reg,0,70,50.0,29.102296283256685,48910.0,6.16,2.9,2007,3,Q1,1Fam,1,2007-03-01,176889.171525162
1102,2,2.5,3,2.0,551.0,7,5105,4,551,480.0,239.0,312.0,551,2004.0,0,60,0.0,5,IR2,0,160,68.0,29.102296283256685,48910.0,6.16,2.9,2007,3,Q1,TwnhsE,0,2007-03-01,148800.0
1479,3,2.5,26,2.0,725.0,7,12090,6,754,484.0,321.0,404.0,725,1981.0,167,72,306.0,7,Reg,0,60,78.0,29.102296283256685,48910.0,6.16,2.9,2007,3,Q1,1Fam,1,2007-03-01,182852.32772198
2550,4,2.5,1,3.0,1108.0,8,13440,11,1402,670.0,0.0,1108.0,1148,2006.0,120,39,190.0,5,Reg,0,60,110.0,29.102296283256685,48910.0,6.16,2.9,2007,3,Q1,1Fam,1,2007-03-01,198785.059550672
3395,8,2.0,93,0.0,1440.0,6,10896,14,1440,0.0,256.0,1184.0,1440,1979.0,0,110,0.0,7,Reg,0,190,60.0,29.102296283256685,48910.0,6.16,2.9,2007,3,Q1,2fmCon,1,2007-03-01,200000.0
1587,3,2.0,36,2.0,1587.0,6,10667,7,0,525.0,838.0,749.0,1587,1971.0,0,44,302.0,6,Reg,0,20,85.0,29.102296283256685,48910.0,6.16,2.9,2007,3,Q1,1Fam,0,2007-03-01,180051.809151659
1224,2,2.0,45,2.0,0.0,4,9842,6,0,462.0,0.0,0.0,1224,1962.0,0,0,0.0,5,Reg,0,90,70.0,29.102296283256685,48910.0,6.16,2.9,2007,3,Q1,Duplex,0,2007-03-01,101800.0
1612,2,3.0,1,2.0,1612.0,9,8035,6,0,556.0,797.0,815.0,1612,2006.0,0,164,165.0,5,IR1,0,120,61.0,29.102296283256685,48910.0,6.16,2.9,2007,3,Q1,TwnhsE,0,2007-03-01,161596.052159825
1622,3,2.0,46,4.0,1249.0,4,32463,7,0,1356.0,1159.0,90.0,1622,1975.0,439,0,149.0,4,Reg,0,190,68.0,29.102296283256685,48910.0,6.16,2.9,2007,3,Q1,2fmCon,1,2007-03-01,168000.0
2515,4,4.0,50,2.0,2035.0,6,32668,9,0,484.0,1219.0,816.0,2515,1975.0,0,0,0.0,3,IR1,0,20,68.0,29.102296283256685,48910.0,6.16,2.9,2007,3,Q1,1Fam,1,2007-03-01,200624.0
3086,3,3.0,61,0.0,1598.0,5,18030,12,971,0.0,152.0,977.0,1636,1979.0,122,0,0.0,6,IR1,0,50,138.0,29.102296283256685,48910.0,6.16,2.9,2007,3,Q1,1Fam,1,2007-03-01,200500.0
1128,3,2.0,43,2.0,1302.0,6,18160,6,0,480.0,550.0,752.0,1128,1964.0,0,108,138.0,6,Reg,0,20,160.0,29.102296283256685,48910.0,6.16,2.9,2007,3,Q1,1Fam,0,2007-03-01,194798.320499104
845,1,1.0,68,1.0,0.0,2,11067,4,0,256.0,0.0,0.0,640,1950.0,48,0,0.0,4,Reg,0,50,64.0,29.102296283256685,48910.0,6.16,2.9,2007,3,Q1,1Fam,1,2007-03-01,154287.264375509
1412,3,2.5,1,2.0,616.0,6,8499,6,796,432.0,0.0,616.0,616,2007.0,0,36,0.0,5,IR1,0,60,73.0,29.102296283256685,48910.0,6.16,2.9,2007,3,Q1,1Fam,1,2007-03-01,156932.0
1384,3,2.5,10,2.0,384.0,6,8872,7,630,390.0,0.0,384.0,754,1997.0,0,0,0.0,5,IR1,0,80,56.0,29.102296283256685,48910.0,6.16,2.9,2007,3,Q1,1Fam,0,2007-03-01,176519.18031559
1694,3,2.5,13,2.0,392.0,6,10147,7,770,398.0,186.0,206.0,924,1994.0,256,64,32.0,5,IR1,0,80,68.0,29.102296283256685,48910.0,6.16,2.9,2007,3,Q1,1Fam,0,2007-03-01,179028.429210291
981,3,2.5,36,2.0,981.0,6,10530,5,0,576.0,282.0,664.0,981,1979.0,0,312,0.0,5,IR1,0,20,68.0,29.102296283256685,48910.0,6.16,2.9,2007,3,Q1,1Fam,0,2007-03-01,143250.0
1020,1,2.0,19,2.0,1004.0,8,3907,4,0,509.0,577.0,427.0,1020,1988.0,135,0,0.0,5,IR1,0,120,35.0,29.102296283256685,48910.0,6.16,2.9,2007,3,Q1,TwnhsE,0,2007-03-01,140196.10979821
1409,3,2.5,69,2.0,861.0,6,6240,6,548,528.0,52.0,809.0,861,1968.0,225,0,0.0,5,Reg,0,50,68.0,29.102296283256685,48910.0,6.16,2.9,2007,3,Q1,1Fam,1,2007-03-01,171339.303381589
1314,3,2.0,1,2.0,1314.0,6,9317,6,0,440.0,24.0,1290.0,1314,2006.0,0,22,0.0,5,IR1,0,20,78.0,29.102296283256685,48910.0,6.16,2.9,2007,3,Q1,1Fam,0,2007-03-01,176432.0
1405,2,3.0,4,2.0,1405.0,7,3242,6,0,478.0,1000.0,405.0,1405,2003.0,136,36,235.0,5,Reg,0,120,48.0,29.102296283256685,48910.0,6.16,2.9,2007,3,Q1,TwnhsE,0,2007-03-01,152163.2443541
1170,3,1.5,49,1.0,1170.0,5,7315,6,0,338.0,625.0,545.0,1170,1958.0,0,0,0.0,6,Reg,225,20,70.0,29.102296283256685,48910.0,6.16,2.9,2007,3,Q1,1Fam,0,2007-03-01,173454.944606532
1822,4,2.0,23,2.0,1105.0,6,23920,7,717,515.0,0.0,1105.0,1105,1984.0,0,195,0.0,5,Reg,0,50,104.0,29.102296283256685,48910.0,6.17,2.8,2007,4,Q2,1Fam,0,2007-04-01,220514.993999535
1342,4,2.0,56,1.0,1342.0,5,9280,7,0,256.0,557.0,785.0,1342,1951.0,0,0,0.0,6,Reg,0,20,58.0,29.102296283256685,48910.0,6.17,2.8,2007,4,Q2,1Fam,0,2007-04-01,191702.912573325
1125,2,1.5,1,2.0,1125.0,5,8536,5,0,430.0,0.0,1125.0,1125,2007.0,80,64,0.0,5,Reg,0,20,74.0,29.102296283256685,48910.0,6.17,2.8,2007,4,Q2,1Fam,1,2007-04-01,155000.0
1352,2,2.0,1,2.0,1352.0,7,4230,5,0,466.0,0.0,1352.0,1352,2006.0,0,241,0.0,5,Reg,0,120,47.0,29.102296283256685,48910.0,6.17,2.8,2007,4,Q2,TwnhsE,1,2007-04-01,208900.0
1055,2,2.0,29,1.0,1061.0,7,2304,4,0,319.0,632.0,423.0,1055,1978.0,108,32,0.0,7,Reg,0,120,24.0,29.102296283256685,48910.0,6.17,2.8,2007,4,Q2,Twnhs,0,2007-04-01,151422.116936538
1422,3,1.0,81,1.0,1290.0,5,7223,6,0,352.0,319.0,971.0,1422,1973.0,0,0,0.0,5,Reg,0,30,54.0,29.102296283256685,48910.0,6.17,2.8,2007,4,Q2,1Fam,1,2007-04-01,174378.777632042
2872,4,2.5,15,2.0,1683.0,8,10678,9,743,541.0,700.0,983.0,2129,1992.0,0,33,337.0,5,Reg,0,50,85.0,29.102296283256685,48910.0,6.17,2.8,2007,4,Q2,1Fam,1,2007-04-01,285000.0
1284,3,3.0,23,2.0,1284.0,6,10960,5,0,480.0,256.0,1028.0,1284,1984.0,0,0,0.0,5,IR1,0,20,68.0,29.102296283256685,48910.0,6.17,2.8,2007,4,Q2,1Fam,0,2007-04-01,181733.336941451
1436,3,1.0,86,1.0,585.0,6,6720,7,585,228.0,0.0,585.0,851,1992.0,184,0,0.0,7,Reg,0,70,53.0,29.102296283256685,48910.0,6.17,2.8,2007,4,Q2,1Fam,1,2007-04-01,173388.854342604
960,2,1.0,81,2.0,850.0,5,6978,5,0,576.0,0.0,850.0,960,1981.0,0,0,0.0,7,Reg,0,30,60.0,29.102296283256685,48910.0,6.17,2.8,2007,4,Q2,1Fam,1,2007-04-01,160620.728178758
882,1,1.0,51,0.0,882.0,4,5500,4,0,0.0,0.0,882.0,882,1979.0,0,0,0.0,6,Reg,0,45,55.0,29.102296283256685,48910.0,6.17,2.8,2007,4,Q2,1Fam,0,2007-04-01,103200.0
1057,3,1.0,45,2.0,1057.0,5,7420,6,0,576.0,417.0,640.0,1057,1977.0,0,0,0.0,5,Reg,0,20,70.0,29.102296283256685,48910.0,6.17,2.8,2007,4,Q2,1Fam,0,2007-04-01,132000.0
1224,2,2.0,43,3.0,0.0,4,10899,8,0,530.0,0.0,0.0,1224,1964.0,0,0,0.0,5,IR1,0,90,68.0,29.102296283256685,48910.0,6.17,2.8,2007,4,Q2,Duplex,0,2007-04-01,168337.406544343
1092,3,1.5,31,1.0,546.0,4,1890,6,546,286.0,0.0,546.0,546,1976.0,0,0,0.0,3,Reg,0,160,21.0,29.102296283256685,48910.0,6.17,2.8,2007,4,Q2,Twnhs,0,2007-04-01,163883.229117973
958,2,1.0,47,1.0,958.0,6,12772,5,0,301.0,498.0,460.0,958,1960.0,0,0,0.0,8,IR1,0,20,68.0,29.102296283256685,48910.0,6.17,2.8,2007,4,Q2,1Fam,1,2007-04-01,151500.0
666,2,1.5,61,0.0,666.0,3,5000,4,0,0.0,299.0,367.0,666,1979.0,0,52,0.0,3,Reg,0,20,50.0,29.102296283256685,48910.0,6.17,2.8,2007,4,Q2,1Fam,1,2007-04-01,156727.948324862
1620,4,2.5,38,2.0,780.0,5,10793,7,840,462.0,493.0,0.0,780,1969.0,208,0,263.0,5,Reg,0,60,80.0,29.102296283256685,48910.0,6.17,2.8,2007,4,Q2,1Fam,0,2007-04-01,152000.0
1797,3,2.5,1,2.0,939.0,7,9245,8,858,639.0,0.0,939.0,939,2006.0,144,53,0.0,5,IR1,0,60,79.0,29.102296283256685,48910.0,6.17,2.8,2007,4,Q2,1Fam,0,2007-04-01,213500.0
1721,4,1.0,50,2.0,1331.0,6,9736,8,0,464.0,668.0,525.0,1721,1957.0,0,0,289.0,6,Reg,0,20,80.0,29.102296283256685,48910.0,6.17,2.8,2007,4,Q2,1Fam,1,2007-04-01,192600.338060371
1922,2,3.0,5,3.0,1922.0,8,11305,6,0,692.0,1329.0,593.0,1922,2002.0,201,64,886.0,5,Reg,0,20,80.0,29.102296283256685,48910.0,6.17,2.8,2007,4,Q2,1Fam,0,2007-04-01,169136.43011395
1295,3,2.5,39,2.0,1295.0,6,11700,6,0,528.0,910.0,385.0,1295,1968.0,0,194,196.0,5,Reg,200,20,130.0,29.102296283256685,48910.0,6.17,2.8,2007,4,Q2,1Fam,0,2007-04-01,183189.685319552
1689,3,2.0,1,2.0,1689.0,7,8368,7,0,433.0,0.0,1689.0,1689,2007.0,100,39,0.0,5,IR1,0,20,67.0,29.102296283256685,48910.0,6.17,2.8,2007,4,Q2,1Fam,1,2007-04-01,176632.181541401
1714,3,3.5,8,2.0,923.0,6,8637,7,767,451.0,871.0,52.0,947,2000.0,256,48,0.0,5,IR1,0,60,68.0,29.102296283256685,48910.0,6.17,2.8,2007,4,Q2,1Fam,1,2007-04-01,177161.583857224
1544,3,2.0,117,0.0,925.0,4,14190,7,544,0.0,0.0,925.0,1000,1979.0,231,0,0.0,7,Reg,0,50,60.0,29.102296283256685,48910.0,6.17,2.8,2007,4,Q2,1Fam,1,2007-04-01,188090.100808026
2267,3,2.5,70,2.0,1005.0,7,12888,7,1005,498.0,288.0,717.0,1262,1937.0,521,0,0.0,8,Reg,0,70,107.0,29.102296283256685,48910.0,6.17,2.8,2007,4,Q2,1Fam,1,2007-04-01,185527.714877908
990,3,1.0,13,1.0,990.0,5,8775,5,0,299.0,495.0,495.0,990,1996.0,0,64,0.0,5,Reg,0,20,65.0,29.102296283256685,48910.0,6.17,2.8,2007,4,Q2,1Fam,0,2007-04-01,126000.0
1119,2,3.0,3,2.0,835.0,7,16219,5,0,437.0,779.0,56.0,1119,2004.0,100,24,0.0,5,IR2,0,80,65.0,29.102296283256685,48910.0,6.17,2.8,2007,4,Q2,1Fam,1,2007-04-01,178807.370559878
1525,3,2.5,1,2.0,1510.0,7,10936,6,0,534.0,0.0,1510.0,1525,2006.0,100,18,0.0,5,IR1,0,20,59.0,29.102296283256685,48910.0,6.17,2.8,2007,4,Q2,1Fam,0,2007-04-01,181686.10402108
1026,2,2.0,33,2.0,970.0,6,8410,5,0,528.0,924.0,46.0,1026,1974.0,193,0,0.0,6,IR1,0,85,82.0,29.102296283256685,48910.0,6.17,2.8,2007,4,Q2,1Fam,0,2007-04-01,163438.959094218
1134,2,1.0,47,1.0,1010.0,5,7000,6,0,254.0,588.0,422.0,1134,1960.0,0,16,45.0,7,Reg,0,20,70.0,29.102296283256685,48910.0,6.17,2.8,2007,4,Q2,1Fam,1,2007-04-01,135000.0
1302,3,2.5,37,2.0,630.0,5,2016,6,672,440.0,0.0,630.0,630,1970.0,0,0,304.0,5,Reg,0,160,24.0,29.102296283256685,48910.0,6.17,2.8,2007,4,Q2,TwnhsE,0,2007-04-01,106000.0
1952,4,1.5,57,1.0,976.0,7,9780,8,976,299.0,354.0,224.0,976,1950.0,285,0,0.0,9,Reg,216,60,60.0,29.102296283256685,48910.0,6.17,2.8,2007,4,Q2,1Fam,1,2007-04-01,192686.931747717
2828,4,4.0,1,3.0,1466.0,8,9965,11,1362,1052.0,1150.0,316.0,1466,2006.0,125,144,340.0,5,Reg,0,60,77.0,29.102296283256685,48910.0,6.17,2.8,2007,4,Q2,1Fam,1,2007-04-01,424870.0
2294,5,3.0,44,2.0,741.0,6,13200,9,797,658.0,375.0,366.0,1497,1963.0,0,110,234.0,6,Reg,0,80,120.0,29.102296283256685,48910.0,6.17,2.8,2007,4,Q2,1Fam,0,2007-04-01,212693.502958393
1029,3,2.0,46,1.0,1029.0,4,7943,5,0,261.0,903.0,126.0,1029,1961.0,64,0,192.0,5,Reg,0,20,61.0,29.102296283256685,48910.0,6.17,2.8,2007,4,Q2,1Fam,0,2007-04-01,118500.0
1717,3,2.5,17,2.0,1156.0,7,13758,7,530,400.0,902.0,254.0,1187,1990.0,168,36,117.0,5,IR1,0,50,44.0,29.102296283256685,48910.0,6.17,2.8,2007,4,Q2,1Fam,1,2007-04-01,187500.0
1277,2,2.0,37,2.0,1277.0,7,10628,5,0,526.0,778.0,499.0,1277,1970.0,0,0,0.0,5,Reg,176,20,85.0,29.102296283256685,48910.0,6.17,2.8,2007,4,Q2,1Fam,0,2007-04-01,167000.0
2062,3,3.5,19,2.0,1157.0,7,14364,7,882,454.0,1065.0,92.0,1180,1988.0,60,55,128.0,5,IR1,154,60,68.0,29.102296283256685,48910.0,6.17,2.8,2007,4,Q2,1Fam,1,2007-04-01,277000.0
1442,4,1.5,49,1.0,1442.0,6,9750,7,0,301.0,608.0,834.0,1442,1958.0,0,0,243.0,6,Reg,0,20,75.0,29.102296283256685,48910.0,6.17,2.8,2007,4,Q2,1Fam,0,2007-04-01,157900.0
1440,3,2.0,26,2.0,1440.0,6,12546,7,0,467.0,678.0,762.0,1440,1981.0,0,0,310.0,7,IR1,0,20,68.0,29.102296283256685,48910.0,6.17,2.8,2007,4,Q2,1Fam,0,2007-04-01,182900.0
1506,3,3.0,2,2.0,1494.0,7,8251,7,0,672.0,778.0,716.0,1506,2005.0,192,35,143.0,5,Reg,0,20,70.0,29.102296283256685,48910.0,6.17,2.8,2007,4,Q2,1Fam,1,2007-04-01,176401.921054593
1214,2,2.0,42,2.0,1214.0,5,9170,6,0,461.0,698.0,420.0,1214,1965.0,0,0,0.0,7,Reg,0,20,70.0,29.102296283256685,48910.0,6.17,2.8,2007,4,Q2,1Fam,0,2007-04-01,140000.0
1134,3,2.5,67,1.0,756.0,5,8160,7,378,240.0,312.0,444.0,756,1940.0,0,0,0.0,6,Reg,0,50,60.0,29.102296283256685,48910.0,6.17,2.8,2007,4,Q2,1Fam,1,2007-04-01,126000.0
1376,3,2.0,66,1.0,768.0,5,9492,6,408,240.0,368.0,359.0,968,1941.0,0,0,0.0,5,Reg,0,50,79.0,29.102296283256685,48910.0,6.17,2.8,2007,4,Q2,1Fam,1,2007-04-01,105000.0
1044,3,2.0,31,2.0,960.0,6,6285,7,0,528.0,504.0,456.0,1044,1976.0,228,0,0.0,6,Reg,0,80,65.0,29.102296283256685,48910.0,6.17,2.8,2007,4,Q2,1Fam,0,2007-04-01,172532.757660882
948,2,1.0,55,2.0,948.0,6,10950,5,0,410.0,441.0,507.0,948,1952.0,0,48,0.0,6,Reg,0,20,60.0,29.102296283256685,48910.0,6.17,2.8,2007,4,Q2,1Fam,0,2007-04-01,168437.776500131
1685,2,2.0,1,3.0,1685.0,8,11824,5,0,658.0,0.0,1685.0,1685,2006.0,112,63,298.0,5,IR1,0,20,100.0,29.102296283256685,48910.0,6.17,2.8,2007,4,Q2,1Fam,0,2007-04-01,170157.842016969
1285,3,1.5,30,2.0,660.0,6,8197,7,0,528.0,0.0,660.0,1285,1977.0,138,0,148.0,5,Reg,0,20,71.0,29.102296283256685,48910.0,6.17,2.8,2007,4,Q2,1Fam,0,2007-04-01,143500.0
922,2,2.0,50,1.0,922.0,5,9770,5,0,308.0,512.0,410.0,922,1957.0,0,34,0.0,5,Reg,0,20,72.0,29.102296283256685,48910.0,6.17,2.8,2007,4,Q2,1Fam,0,2007-04-01,166115.491248565
768,2,2.0,37,2.0,768.0,5,7244,5,0,624.0,619.0,149.0,768,1987.0,104,0,0.0,7,Reg,0,85,54.0,29.102296283256685,48910.0,6.17,2.8,2007,4,Q2,1Fam,0,2007-04-01,129500.0
1772,3,2.5,97,2.0,725.0,8,10337,7,863,816.0,0.0,725.0,909,1992.0,0,0,0.0,9,IR1,0,70,68.0,29.102296283256685,48910.0,6.21,2.8,2007,5,Q2,1Fam,1,2007-05-01,181612.141603756
1242,3,2.5,47,1.0,1242.0,5,7903,6,0,324.0,739.0,503.0,1242,1960.0,0,0,0.0,5,Reg,0,20,70.0,29.102296283256685,48910.0,6.21,2.8,2007,5,Q2,1Fam,0,2007-05-01,176821.936262814
1798,4,2.5,107,2.0,1075.0,4,9639,7,642,342.0,0.0,1075.0,1156,1935.0,0,0,0.0,8,Reg,0,70,57.0,29.102296283256685,48910.0,6.21,2.8,2007,5,Q2,1Fam,1,2007-05-01,193514.330894137
1141,3,1.0,107,1.0,570.0,4,5925,6,380,252.0,122.0,0.0,761,1930.0,0,0,0.0,6,Reg,0,50,50.0,29.102296283256685,48910.0,6.21,2.8,2007,5,Q2,1Fam,1,2007-05-01,172929.156408918
1254,3,2.0,46,2.0,1218.0,6,9600,6,0,525.0,600.0,618.0,1254,1961.0,0,0,291.0,5,IR1,168,80,100.0,29.102296283256685,48910.0,6.21,2.8,2007,5,Q2,1Fam,0,2007-05-01,180161.697340702
1572,3,2.5,12,2.0,806.0,6,10364,7,766,373.0,0.0,806.0,806,1995.0,0,40,0.0,5,IR1,0,60,68.0,29.102296283256685,48910.0,6.21,2.8,2007,5,Q2,1Fam,1,2007-05-01,168000.0
1072,2,1.0,67,2.0,808.0,5,7200,5,0,379.0,0.0,808.0,1072,1940.0,0,0,279.0,8,Reg,0,30,60.0,29.102296283256685,48910.0,6.21,2.8,2007,5,Q2,1Fam,1,2007-05-01,162162.525245786
1120,3,2.5,46,2.0,1040.0,4,6970,5,0,544.0,932.0,108.0,1120,1961.0,168,0,0.0,5,Reg,0,20,85.0,29.102296283256685,48910.0,6.21,2.8,2007,5,Q2,1Fam,0,2007-05-01,129000.0
1496,3,3.0,0,2.0,768.0,6,15810,7,728,572.0,0.0,768.0,768,2007.0,100,0,0.0,5,IR1,0,60,59.0,29.102296283256685,48910.0,6.21,2.8,2007,5,Q2,1Fam,0,2007-05-01,192383.215486656
1560,4,2.0,39,3.0,1560.0,5,8668,8,0,792.0,0.0,1560.0,1560,1968.0,0,0,0.0,5,Reg,0,90,63.0,29.102296283256685,48910.0,6.21,2.8,2007,5,Q2,Duplex,0,2007-05-01,191603.365657467
2210,5,2.0,127,1.0,1008.0,6,9900,8,1032,205.0,0.0,1008.0,1178,1930.0,0,48,0.0,4,Reg,0,70,90.0,29.102296283256685,48910.0,6.21,2.8,2007,5,Q2,1Fam,1,2007-05-01,117500.0
986,2,1.0,81,1.0,960.0,6,6180,5,0,180.0,0.0,960.0,986,1926.0,0,128,0.0,5,Reg,0,30,60.0,29.102296283256685,48910.0,6.21,2.8,2007,5,Q2,1Fam,1,2007-05-01,102000.0
2758,4,2.5,2,3.0,1704.0,9,13654,9,1036,814.0,0.0,1704.0,1722,2005.0,282,55,365.0,5,IR1,0,60,118.0,29.102296283256685,48910.0,6.21,2.8,2007,5,Q2,1Fam,1,2007-05-01,201416.004864508
1167,3,1.0,87,2.0,915.0,5,8731,6,0,495.0,645.0,270.0,1167,1972.0,0,0,0.0,5,IR1,126,30,98.0,29.102296283256685,48910.0,6.21,2.8,2007,5,Q2,1Fam,1,2007-05-01,144000.0
894,3,1.0,39,2.0,894.0,5,8724,5,0,450.0,492.0,402.0,894,1968.0,0,0,0.0,5,Reg,0,20,109.0,29.102296283256685,48910.0,6.21,2.8,2007,5,Q2,1Fam,0,2007-05-01,129000.0
1572,3,2.5,44,3.0,1572.0,5,35133,5,0,995.0,1159.0,413.0,1572,1963.0,0,263,226.0,4,Reg,263,20,50.0,29.102296283256685,48910.0,6.21,2.8,2007,5,Q2,1Fam,0,2007-05-01,186700.0
1382,2,1.5,66,2.0,720.0,5,12358,7,0,660.0,360.0,360.0,854,1991.0,237,0,0.0,6,IR1,0,50,68.0,29.102296283256685,48910.0,6.21,2.8,2007,5,Q2,1Fam,1,2007-05-01,128500.0
1720,3,2.5,3,2.0,840.0,7,8244,7,880,440.0,0.0,840.0,840,2004.0,100,48,0.0,5,IR1,0,60,62.0,29.102296283256685,48910.0,6.21,2.8,2007,5,Q2,1Fam,0,2007-05-01,183500.0
894,3,1.0,41,1.0,894.0,5,7094,5,0,384.0,180.0,340.0,894,1966.0,0,0,0.0,5,IR1,0,20,99.0,29.102296283256685,48910.0,6.21,2.8,2007,5,Q2,1Fam,0,2007-05-01,125000.0
988,3,1.0,57,1.0,876.0,5,7200,6,0,276.0,534.0,246.0,988,1950.0,0,80,0.0,7,Reg,0,20,60.0,29.102296283256685,48910.0,6.21,2.8,2007,5,Q2,1Fam,0,2007-05-01,119000.0
960,3,2.0,42,1.0,960.0,4,10921,6,0,432.0,520.0,440.0,960,1965.0,120,0,48.0,5,Reg,0,20,73.0,29.102296283256685,48910.0,6.21,2.8,2007,5,Q2,1Fam,0,2007-05-01,94750.0
1786,3,3.5,10,2.0,824.0,6,9337,7,881,684.0,648.0,176.0,905,1997.0,0,162,0.0,5,IR1,0,60,69.0,29.102296283256685,48910.0,6.21,2.8,2007,5,Q2,1Fam,0,2007-05-01,204750.0
1346,2,1.5,97,1.0,560.0,4,11767,6,550,384.0,0.0,560.0,796,1950.0,168,24,0.0,7,Reg,0,50,70.0,29.102296283256685,48910.0,6.21,2.8,2007,5,Q2,1Fam,1,2007-05-01,112000.0
913,3,2.0,41,1.0,814.0,6,8400,6,0,240.0,187.0,0.0,913,1990.0,0,0,0.0,5,Reg,0,85,70.0,29.102296283256685,48910.0,6.21,2.8,2007,5,Q2,1Fam,0,2007-05-01,129000.0
864,3,1.0,36,2.0,864.0,4,9000,5,0,528.0,616.0,248.0,864,1974.0,0,0,0.0,6,Reg,0,20,60.0,29.102296283256685,48910.0,6.21,2.8,2007,5,Q2,1Fam,0,2007-05-01,120500.0
1513,4,1.5,87,1.0,939.0,5,6120,8,574,180.0,0.0,939.0,939,1933.0,24,0,0.0,8,Reg,0,70,51.0,29.102296283256685,48910.0,6.21,2.8,2007,5,Q2,1Fam,1,2007-05-01,137500.0
774,3,1.0,76,0.0,544.0,3,4270,6,0,0.0,544.0,0.0,774,1979.0,0,0,0.0,6,Reg,0,30,70.0,29.102296283256685,48910.0,6.21,2.8,2007,5,Q2,1Fam,1,2007-05-01,79000.0
1776,3,3.0,1,3.0,1732.0,8,15306,7,0,712.0,80.0,1652.0,1776,2006.0,0,0,100.0,5,IR1,0,20,93.0,29.102296283256685,48910.0,6.21,2.8,2007,5,Q2,1Fam,1,2007-05-01,283463.0
1262,3,2.5,31,2.0,1262.0,6,9600,6,0,460.0,978.0,284.0,1262,1976.0,298,0,0.0,8,Reg,0,20,80.0,29.102296283256685,48910.0,6.21,2.8,2007,5,Q2,1Fam,0,2007-05-01,181500.0
1012,2,1.0,87,1.0,1012.0,6,8263,6,0,308.0,0.0,1012.0,1012,1920.0,0,22,0.0,5,Reg,0,30,59.0,29.102296283256685,48910.0,6.21,2.8,2007,5,Q2,1Fam,1,2007-05-01,118400.0
1614,3,3.0,2,3.0,1614.0,7,9926,7,0,878.0,1178.0,436.0,1614,2005.0,100,38,210.0,5,IR1,0,20,70.0,29.102296283256685,48910.0,6.21,2.8,2007,5,Q2,1Fam,1,2007-05-01,180803.277842406
1008,2,2.0,54,1.0,1008.0,5,8923,6,0,240.0,643.0,365.0,1008,1953.0,0,18,0.0,7,Reg,0,20,66.0,29.102296283256685,48910.0,6.21,2.8,2007,5,Q2,1Fam,1,2007-05-01,134500.0
1302,1,2.5,2,2.0,1302.0,6,3903,5,0,631.0,1030.0,272.0,1302,2005.0,110,50,182.0,5,Reg,0,120,34.0,29.102296283256685,48910.0,6.21,2.8,2007,5,Q2,Twnhs,1,2007-05-01,142398.022752011
1042,3,2.0,42,2.0,1042.0,6,9200,5,0,440.0,494.0,548.0,1042,1965.0,192,0,98.0,5,Reg,0,80,80.0,29.102296283256685,48910.0,6.21,2.8,2007,5,Q2,1Fam,0,2007-05-01,179374.482001188
1610,3,2.0,35,2.0,1124.0,7,11358,8,0,515.0,346.0,778.0,1610,1972.0,202,0,0.0,7,IR1,256,20,108.0,29.102296283256685,48910.0,6.21,2.8,2007,5,Q2,1Fam,1,2007-05-01,183621.508757866
894,3,1.0,53,2.0,894.0,4,9450,5,0,400.0,552.0,342.0,894,1999.0,0,0,0.0,5,Reg,0,20,68.0,29.102296283256685,48910.0,6.21,2.8,2007,5,Q2,1Fam,0,2007-05-01,110000.0
1494,1,2.5,13,2.0,1494.0,8,9466,5,0,478.0,457.0,0.0,1494,1994.0,0,30,0.0,5,IR2,217,120,50.0,29.102296283256685,48910.0,6.21,2.8,2007,5,Q2,TwnhsE,1,2007-05-01,153346.220086301
1820,3,2.5,14,2.0,864.0,6,11613,7,900,492.0,480.0,384.0,920,1993.0,144,85,0.0,5,IR2,0,60,68.0,29.102296283256685,48910.0,6.21,2.8,2007,5,Q2,1Fam,1,2007-05-01,184123.358536806
1094,3,2.0,4,2.0,1094.0,5,12450,6,0,576.0,729.0,365.0,1094,2004.0,0,0,126.0,5,Reg,0,20,60.0,29.102296283256685,48910.0,6.21,2.8,2007,5,Q2,1Fam,1,2007-05-01,185770.606634739
1472,3,2.5,16,2.0,384.0,7,10784,7,670,402.0,0.0,384.0,802,1991.0,164,0,76.0,5,IR1,0,80,68.0,29.102296283256685,48910.0,6.21,2.8,2007,5,Q2,1Fam,1,2007-05-01,160000.0
1584,2,2.0,0,2.0,1574.0,8,10440,6,0,594.0,0.0,1574.0,1584,2007.0,0,256,0.0,5,Reg,0,20,84.0,29.102296283256685,48910.0,6.21,2.8,2007,5,Q2,1Fam,0,2007-05-01,168538.969495849
2452,4,2.5,9,2.0,1028.0,8,16226,9,1242,683.0,281.0,747.0,1210,1998.0,208,50,0.0,5,IR3,0,60,66.0,29.102296283256685,48910.0,6.21,2.8,2007,5,Q2,1Fam,1,2007-05-01,267000.0
2374,4,2.5,4,3.0,1181.0,8,11999,10,1140,656.0,0.0,1181.0,1234,2003.0,104,100,340.0,5,Reg,0,60,93.0,29.102296283256685,48910.0,6.21,2.8,2007,5,Q2,1Fam,1,2007-05-01,285000.0
2538,4,2.5,11,3.0,1325.0,8,9044,8,1203,933.0,1225.0,100.0,1335,1996.0,198,92,526.0,5,IR1,0,60,82.0,29.102296283256685,48910.0,6.21,2.8,2007,5,Q2,1Fam,1,2007-05-01,192343.34807661
1644,3,2.5,8,2.0,941.0,6,9649,7,683,460.0,0.0,941.0,961,1999.0,460,42,0.0,5,IR1,0,60,59.0,29.102296283256685,48910.0,6.21,2.8,2007,5,Q2,1Fam,1,2007-05-01,180258.131219792
2121,3,2.5,1,3.0,2121.0,9,14450,8,0,732.0,0.0,2121.0,2121,2007.0,124,98,315.0,5,Reg,142,20,107.0,29.102296283256685,48910.0,6.21,2.8,2007,5,Q2,1Fam,1,2007-05-01,415298.0
893,2,1.5,58,2.0,845.0,5,9600,4,0,576.0,220.0,625.0,893,1985.0,0,0,0.0,7,Reg,0,45,60.0,29.102296283256685,48910.0,6.21,2.8,2007,5,Q2,1Fam,1,2007-05-01,135000.0
1240,2,2.0,1,3.0,1240.0,7,8556,5,0,826.0,0.0,1240.0,1240,2006.0,140,93,0.0,5,Reg,0,20,74.0,29.102296283256685,48910.0,6.21,2.8,2007,5,Q2,1Fam,0,2007-05-01,194000.0
1113,3,2.5,31,1.0,1143.0,6,7917,6,0,504.0,751.0,392.0,1113,1987.0,370,30,174.0,7,IR1,0,20,68.0,29.102296283256685,48910.0,6.21,2.8,2007,5,Q2,1Fam,0,2007-05-01,148000.0
1458,3,2.0,1,2.0,608.0,7,13204,6,850,454.0,0.0,608.0,608,2007.0,100,33,44.0,5,IR1,0,60,58.0,29.102296283256685,48910.0,6.21,2.8,2007,5,Q2,1Fam,1,2007-05-01,187254.507549722
1577,2,3.0,2,2.0,1577.0,9,7841,6,0,564.0,848.0,729.0,1577,2005.0,203,39,394.0,5,IR1,0,120,48.0,29.102296283256685,48910.0,6.21,2.8,2007,5,Q2,TwnhsE,0,2007-05-01,163424.037827357
1554,2,2.0,1,2.0,1554.0,8,4590,6,0,627.0,24.0,1530.0,1554,2006.0,156,73,108.0,5,Reg,0,120,34.0,29.102296283256685,48910.0,6.21,2.8,2007,5,Q2,Twnhs,0,2007-05-01,157025.945155458
1442,3,3.0,17,2.0,910.0,7,10357,6,0,719.0,738.0,172.0,1442,1990.0,0,244,0.0,5,IR1,0,20,114.0,29.102296283256685,48910.0,6.21,2.8,2007,5,Q2,1Fam,1,2007-05-01,179900.0
2385,4,2.5,9,3.0,1066.0,7,10790,8,1277,600.0,0.0,1066.0,1108,1998.0,120,38,275.0,5,Reg,0,60,83.0,29.102296283256685,48910.0,6.21,2.8,2007,5,Q2,1Fam,0,2007-05-01,195779.543033588
968,2,1.0,51,1.0,0.0,4,8626,5,0,331.0,0.0,0.0,968,1956.0,0,0,1.0,6,Reg,0,20,52.0,29.102296283256685,48910.0,6.21,2.8,2007,5,Q2,1Fam,0,2007-05-01,164968.947931153
1408,3,3.5,2,2.0,734.0,5,7023,6,674,489.0,611.0,123.0,734,2005.0,0,85,0.0,5,Reg,0,60,60.0,29.102296283256685,48910.0,6.21,2.8,2007,5,Q2,1Fam,1,2007-05-01,175090.062515883
1382,1,2.0,58,1.0,0.0,4,11800,6,0,384.0,0.0,0.0,1382,1957.0,0,40,0.0,7,Reg,0,80,76.0,29.102296283256685,48910.0,6.21,2.8,2007,5,Q2,1Fam,1,2007-05-01,157939.621592364
816,3,2.0,17,0.0,816.0,6,11841,5,0,0.0,816.0,0.0,816,1979.0,0,32,104.0,5,Reg,0,90,81.0,29.102296283256685,48910.0,6.21,2.8,2007,5,Q2,Duplex,0,2007-05-01,118500.0
1796,3,3.5,9,2.0,794.0,6,9531,7,914,546.0,706.0,88.0,882,1998.0,0,36,0.0,5,IR1,0,60,68.0,29.102296283256685,48910.0,6.21,2.8,2007,5,Q2,1Fam,0,2007-05-01,211000.0
868,2,2.0,36,2.0,768.0,5,8425,6,0,576.0,748.0,20.0,868,1989.0,138,0,0.0,6,Reg,0,190,70.0,29.102296283256685,48910.0,6.21,2.8,2007,5,Q2,2fmCon,1,2007-05-01,164573.372223048
1491,3,2.5,1,2.0,738.0,7,8333,7,753,484.0,0.0,738.0,738,2006.0,100,30,0.0,5,Reg,0,60,64.0,29.102296283256685,48910.0,6.21,2.8,2007,5,Q2,1Fam,0,2007-05-01,177668.192752792
1873,3,3.5,19,2.0,929.0,7,8883,7,927,619.0,608.0,0.0,946,1988.0,108,48,360.0,5,IR1,144,60,68.0,29.102296283256685,48910.0,6.21,2.8,2007,5,Q2,1Fam,0,2007-05-01,178750.613844623
1062,3,2.0,31,2.0,1029.0,6,11333,5,0,539.0,539.0,490.0,1062,1976.0,120,0,0.0,5,IR1,0,80,68.0,29.102296283256685,48910.0,6.21,2.8,2007,5,Q2,1Fam,0,2007-05-01,146800.0
1743,0,2.5,31,2.0,966.0,8,20064,5,0,529.0,51.0,0.0,1743,1976.0,646,0,0.0,6,IR1,0,20,155.0,29.102296283256685,48910.0,6.21,2.8,2007,5,Q2,1Fam,0,2007-05-01,160927.61044889
1432,2,2.0,97,2.0,264.0,5,9600,7,664,360.0,0.0,264.0,768,1910.0,270,0,0.0,7,Reg,0,70,60.0,29.102296283256685,48910.0,6.21,2.8,2007,5,Q2,1Fam,1,2007-05-01,132000.0
1244,3,1.5,50,1.0,1244.0,6,11988,6,0,336.0,777.0,467.0,1244,1957.0,0,40,0.0,6,IR1,0,20,90.0,29.102296283256685,48910.0,6.21,2.8,2007,5,Q2,1Fam,0,2007-05-01,150000.0
2180,3,1.5,92,2.0,1138.0,6,10320,7,1042,720.0,375.0,763.0,1138,2006.0,0,0,0.0,5,Reg,0,50,60.0,29.102296283256685,48910.0,6.21,2.8,2007,5,Q2,1Fam,1,2007-05-01,181578.684951827
1215,3,1.0,67,2.0,720.0,6,7000,6,495,720.0,375.0,345.0,720,1965.0,0,0,0.0,7,Reg,0,50,50.0,29.102296283256685,48910.0,6.21,2.8,2007,5,Q2,1Fam,1,2007-05-01,175044.797633861
1308,3,3.5,10,2.0,635.0,6,10021,6,662,497.0,539.0,96.0,646,1997.0,142,54,0.0,6,IR1,0,60,57.0,29.102296283256685,48910.0,6.21,2.8,2007,5,Q2,1Fam,1,2007-05-01,180990.24148554
1218,3,1.5,34,1.0,672.0,6,1890,7,546,264.0,356.0,316.0,672,1973.0,144,28,285.0,5,Reg,0,160,21.0,29.102296283256685,48910.0,6.21,2.8,2007,5,Q2,Twnhs,0,2007-05-01,113000.0
1092,3,1.5,37,0.0,546.0,4,1495,5,546,0.0,384.0,162.0,546,1979.0,0,64,189.0,6,Reg,0,160,21.0,29.102296283256685,48910.0,6.21,2.8,2007,5,Q2,TwnhsE,0,2007-05-01,164210.746523801
3228,4,4.0,15,2.0,3200.0,8,12692,10,0,546.0,1231.0,1969.0,3228,1992.0,264,75,0.0,5,IR1,0,20,68.0,29.102296283256685,48910.0,6.21,2.8,2007,5,Q2,1Fam,1,2007-05-01,430000.0
1634,3,2.0,1,3.0,1626.0,8,11428,7,0,866.0,0.0,1626.0,1634,2006.0,0,44,248.0,5,IR1,0,20,98.0,29.102296283256685,48910.0,6.21,2.8,2007,5,Q2,1Fam,0,2007-05-01,250000.0
1092,3,1.5,35,1.0,546.0,4,1504,5,546,253.0,252.0,294.0,546,1972.0,0,0,0.0,4,Reg,0,160,21.0,29.102296283256685,48910.0,6.21,2.8,2007,5,Q2,Twnhs,0,2007-05-01,164228.45886894
948,3,1.0,39,1.0,948.0,5,8978,6,0,300.0,0.0,948.0,948,1968.0,147,0,0.0,5,IR1,0,20,68.0,29.102296283256685,48910.0,6.21,2.8,2007,5,Q2,1Fam,0,2007-05-01,108000.0
1020,3,2.5,43,2.0,980.0,5,14149,5,0,528.0,68.0,190.0,1020,1970.0,0,0,50.0,8,IR1,0,80,65.0,29.102296283256685,48910.0,6.21,2.8,2007,5,Q2,1Fam,1,2007-05-01,189114.303789324
1635,3,1.5,84,2.0,1065.0,6,8737,6,720,440.0,300.0,765.0,915,1950.0,0,38,0.0,7,IR1,0,50,70.0,29.102296283256685,48910.0,6.21,2.8,2007,5,Q2,1Fam,1,2007-05-01,210000.0
1929,3,3.5,6,2.0,1057.0,7,7050,7,872,650.0,738.0,319.0,1057,2001.0,0,235,0.0,5,Reg,0,60,68.0,29.102296283256685,48910.0,6.21,2.8,2007,5,Q2,1Fam,0,2007-05-01,226000.0
1146,3,3.0,4,2.0,868.0,7,9590,6,0,438.0,786.0,82.0,1146,2003.0,160,22,442.0,5,IR1,0,80,73.0,29.102296283256685,48910.0,6.21,2.8,2007,5,Q2,1Fam,0,2007-05-01,187500.0
2264,4,2.5,89,1.0,1100.0,6,7755,8,1164,408.0,0.0,1100.0,1100,1950.0,0,152,0.0,8,Reg,0,70,47.0,29.102296283256685,48910.0,6.21,2.8,2007,5,Q2,1Fam,1,2007-05-01,189806.546645026
1072,2,2.0,2,2.0,547.0,6,3675,5,0,525.0,467.0,80.0,1072,2005.0,0,44,76.0,5,Reg,0,180,35.0,29.102296283256685,48910.0,6.21,2.8,2007,5,Q2,TwnhsE,0,2007-05-01,155225.19006632
864,3,1.5,49,1.0,864.0,5,5400,6,0,399.0,453.0,411.0,864,1958.0,0,0,0.0,5,Reg,0,20,60.0,29.102296283256685,48910.0,6.21,2.8,2007,5,Q2,1Fam,0,2007-05-01,171895.936275806
1626,3,1.5,53,1.0,988.0,6,10512,6,638,332.0,491.0,497.0,988,1954.0,366,0,0.0,6,Reg,0,50,70.0,29.102296283256685,48910.0,6.21,2.8,2007,5,Q2,1Fam,0,2007-05-01,181956.548314794
2654,4,3.0,87,2.0,671.0,5,16779,11,1087,638.0,267.0,404.0,1567,1946.0,128,570,356.0,4,Reg,0,60,99.0,29.102296283256685,48910.0,6.21,2.8,2007,5,Q2,1Fam,1,2007-05-01,207566.12470446
1478,3,3.0,16,2.0,1454.0,7,9928,6,0,506.0,1239.0,215.0,1478,1991.0,114,22,0.0,5,IR1,0,20,68.0,29.102296283256685,48910.0,6.21,2.8,2007,5,Q2,1Fam,1,2007-05-01,180807.213919103
816,2,2.0,24,1.0,816.0,5,11625,4,0,264.0,596.0,220.0,816,1983.0,330,0,0.0,7,IR1,0,20,65.0,29.102296283256685,48910.0,6.21,2.8,2007,5,Q2,1Fam,0,2007-05-01,170871.094939159
1560,3,1.5,47,2.0,1560.0,6,25485,6,0,580.0,540.0,0.0,1560,1960.0,0,75,423.0,4,IR1,0,20,68.0,29.102296283256685,48910.0,6.21,2.8,2007,5,Q2,1Fam,0,2007-05-01,211423.986511149
1676,3,2.5,30,2.0,1160.0,5,33983,6,0,672.0,1112.0,48.0,1676,1977.0,690,90,0.0,6,IR1,0,20,61.0,29.102296283256685,48910.0,6.21,2.8,2007,5,Q2,1Fam,1,2007-05-01,228148.376399122
998,3,1.0,62,2.0,0.0,4,9000,5,0,460.0,0.0,0.0,998,1952.0,0,0,0.0,7,Reg,0,20,68.0,29.102296283256685,48910.0,6.21,2.8,2007,5,Q2,1Fam,1,2007-05-01,178980.874331431
2411,4,3.5,37,2.0,1008.0,6,8000,8,1008,570.0,915.0,93.0,1403,1970.0,0,192,525.0,6,Reg,0,60,80.0,29.102296283256685,48910.0,6.68,3.4,2007,6,Q2,1Fam,0,2007-06-01,191393.608594076
1344,2,2.0,49,1.0,1024.0,5,9503,6,0,484.0,457.0,193.0,1344,1970.0,316,28,0.0,5,Reg,0,20,68.0,29.102296283256685,48910.0,6.68,3.4,2007,6,Q2,1Fam,1,2007-06-01,144000.0
1558,4,1.5,57,1.0,910.0,5,13710,6,648,282.0,420.0,490.0,910,1950.0,289,0,0.0,5,Reg,0,50,75.0,29.102296283256685,48910.0,6.68,3.4,2007,6,Q2,1Fam,0,2007-06-01,152000.0
1950,3,2.5,10,2.0,975.0,7,7399,7,975,576.0,649.0,326.0,975,1997.0,0,10,1600.0,5,IR1,198,60,66.0,29.102296283256685,48910.0,6.68,3.4,2007,6,Q2,1Fam,1,2007-06-01,239000.0
1743,3,2.5,39,2.0,702.0,6,11700,7,702,539.0,384.0,143.0,1041,1968.0,224,0,365.0,6,Reg,0,60,90.0,29.102296283256685,48910.0,6.68,3.4,2007,6,Q2,1Fam,0,2007-06-01,175000.0
1073,3,2.5,42,2.0,1073.0,5,10289,6,0,515.0,836.0,237.0,1073,1965.0,0,0,168.0,7,Reg,0,20,79.0,29.102296283256685,48910.0,6.68,3.4,2007,6,Q2,1Fam,0,2007-06-01,156000.0
1253,3,2.0,12,2.0,1237.0,7,7875,6,0,402.0,0.0,1237.0,1253,1995.0,220,21,38.0,5,Reg,0,20,63.0,29.102296283256685,48910.0,6.68,3.4,2007,6,Q2,1Fam,1,2007-06-01,176000.0
1991,4,2.0,112,0.0,957.0,5,8250,9,957,0.0,0.0,957.0,1034,1979.0,0,0,0.0,6,Reg,0,190,75.0,29.102296283256685,48910.0,6.68,3.4,2007,6,Q2,2fmCon,1,2007-06-01,191885.618181273
1689,3,2.0,0,3.0,1689.0,7,9849,7,0,954.0,0.0,1689.0,1689,2007.0,0,56,0.0,6,Reg,0,20,83.0,29.102296283256685,48910.0,6.68,3.4,2007,6,Q2,1Fam,0,2007-06-01,248328.0
1479,3,3.0,4,2.0,1453.0,7,10665,7,0,558.0,1013.0,440.0,1479,2003.0,144,29,167.0,5,IR1,0,20,72.0,29.102296283256685,48910.0,6.68,3.4,2007,6,Q2,1Fam,0,2007-06-01,226000.0
954,2,1.0,69,1.0,920.0,5,6305,5,0,240.0,0.0,920.0,954,1938.0,0,0,0.0,7,Reg,0,30,50.0,29.102296283256685,48910.0,6.68,3.4,2007,6,Q2,1Fam,1,2007-06-01,119750.0
1040,3,2.5,39,2.0,1040.0,5,7476,5,0,686.0,812.0,228.0,1040,1991.0,188,0,0.0,7,Reg,0,20,84.0,29.102296283256685,48910.0,6.68,3.4,2007,6,Q2,1Fam,0,2007-06-01,177086.476441481
2362,3,3.5,9,2.0,1220.0,8,8413,8,1142,1105.0,901.0,319.0,1220,1998.0,147,0,0.0,5,IR1,144,60,106.0,29.102296283256685,48910.0,6.68,3.4,2007,6,Q2,1Fam,0,2007-06-01,178930.528374292
845,2,2.0,25,2.0,845.0,4,7599,4,0,360.0,565.0,280.0,845,1987.0,0,0,0.0,6,Reg,0,20,69.0,29.102296283256685,48910.0,6.68,3.4,2007,6,Q2,1Fam,1,2007-06-01,129500.0
2243,4,3.5,17,3.0,700.0,7,13474,8,1121,746.0,700.0,0.0,1122,1990.0,127,44,246.0,5,Reg,0,60,116.0,29.102296283256685,48910.0,6.68,3.4,2007,6,Q2,1Fam,1,2007-06-01,225000.0
2030,4,2.5,31,2.0,848.0,6,12046,8,912,551.0,156.0,692.0,1118,1976.0,0,224,298.0,6,IR1,0,60,68.0,29.102296283256685,48910.0,6.68,3.4,2007,6,Q2,1Fam,0,2007-06-01,195000.0
2443,4,2.5,3,3.0,1158.0,6,10625,9,1285,744.0,0.0,1158.0,1158,2004.0,193,127,353.0,5,Reg,0,60,85.0,29.102296283256685,48910.0,6.68,3.4,2007,6,Q2,1Fam,0,2007-06-01,196559.709259637
1100,3,1.5,1,0.0,1100.0,6,7500,6,0,0.0,0.0,1100.0,1100,1979.0,0,136,0.0,5,Reg,0,20,63.0,29.102296283256685,48910.0,6.68,3.4,2007,6,Q2,1Fam,1,2007-06-01,177133.709361852
1486,3,2.0,1,2.0,1461.0,7,7441,7,0,566.0,0.0,1461.0,1486,2006.0,0,32,170.0,5,IR1,0,20,65.0,29.102296283256685,48910.0,6.68,3.4,2007,6,Q2,1Fam,0,2007-06-01,177017.595099274
1500,3,2.0,1,2.0,1489.0,8,8760,7,0,674.0,36.0,1453.0,1500,2005.0,144,38,132.0,5,Reg,0,20,73.0,29.102296283256685,48910.0,6.68,3.4,2007,6,Q2,1Fam,0,2007-06-01,179613.437681321
1250,2,2.5,1,2.0,625.0,7,4251,5,625,528.0,0.0,625.0,625,2006.0,0,54,0.0,5,IR1,0,160,35.0,29.102296283256685,48910.0,6.68,3.4,2007,6,Q2,TwnhsE,1,2007-06-01,164700.0
2468,4,3.5,3,3.0,1136.0,8,12099,10,1332,872.0,970.0,166.0,1136,2004.0,184,154,388.0,5,IR1,0,60,99.0,29.102296283256685,48910.0,6.68,3.4,2007,6,Q2,1Fam,0,2007-06-01,354000.0
1512,2,2.5,7,2.0,756.0,6,2117,4,756,440.0,420.0,336.0,756,2000.0,0,32,513.0,5,Reg,0,160,68.0,29.102296283256685,48910.0,6.68,3.4,2007,6,Q2,TwnhsE,0,2007-06-01,168500.0
1680,4,2.0,31,2.0,1680.0,5,11500,8,0,528.0,0.0,1680.0,1680,1976.0,0,0,164.0,6,IR1,0,90,68.0,29.102296283256685,48910.0,6.68,3.4,2007,6,Q2,Duplex,0,2007-06-01,136905.0
1546,3,2.0,2,3.0,1546.0,7,11750,7,0,796.0,20.0,1526.0,1546,2005.0,144,42,204.0,5,IR1,0,20,75.0,29.102296283256685,48910.0,6.68,3.4,2007,6,Q2,1Fam,1,2007-06-01,185497.872344187
1335,3,2.0,1,2.0,1335.0,7,9000,6,0,575.0,0.0,1335.0,1335,2007.0,0,210,0.0,5,Reg,0,20,75.0,29.102296283256685,48910.0,6.68,3.4,2007,6,Q2,1Fam,1,2007-06-01,180085.766885029
1818,4,1.5,76,1.0,1040.0,7,7758,7,592,240.0,224.0,816.0,1226,1951.0,0,0,600.0,4,Reg,184,50,68.0,29.102296283256685,48910.0,6.68,3.4,2007,6,Q2,1Fam,1,2007-06-01,169500.0
1138,3,1.5,49,1.0,588.0,6,10482,6,0,264.0,507.0,81.0,1138,1958.0,224,0,63.0,8,Reg,0,80,65.0,29.102296283256685,48910.0,6.68,3.4,2007,6,Q2,1Fam,0,2007-06-01,145000.0
1977,4,2.0,43,2.0,816.0,6,9500,9,850,540.0,442.0,374.0,1127,1964.0,0,52,272.0,6,Reg,0,60,100.0,29.102296283256685,48910.0,6.68,3.4,2007,6,Q2,1Fam,1,2007-06-01,165000.0
1680,4,2.0,12,2.0,1680.0,4,17871,7,0,628.0,0.0,1680.0,1680,1996.0,152,0,0.0,5,IR2,0,20,68.0,29.102296283256685,48910.0,6.68,3.4,2007,6,Q2,1Fam,1,2007-06-01,210820.115134931
1362,2,3.0,2,2.0,1362.0,6,6289,6,0,460.0,762.0,600.0,1362,2005.0,192,28,256.0,5,IR1,0,120,41.0,29.102296283256685,48910.0,6.68,3.4,2007,6,Q2,TwnhsE,1,2007-06-01,161474.534863641
2520,4,2.5,12,3.0,1203.0,7,9950,9,1306,721.0,565.0,638.0,1214,1995.0,224,114,290.0,5,IR1,0,60,82.0,29.102296283256685,48910.0,6.68,3.4,2007,6,Q2,1Fam,0,2007-06-01,290000.0
1088,2,1.0,44,2.0,1088.0,4,8308,4,0,520.0,132.0,115.0,1088,2002.0,0,0,20.0,6,Reg,0,20,67.0,29.102296283256685,48910.0,6.68,3.4,2007,6,Q2,1Fam,0,2007-06-01,165448.004289838
1362,2,2.0,2,2.0,1362.0,6,7577,6,0,460.0,20.0,1342.0,1362,2005.0,192,28,256.0,5,IR1,0,120,61.0,29.102296283256685,48910.0,6.68,3.4,2007,6,Q2,TwnhsE,1,2007-06-01,194700.0
1802,3,2.5,1,3.0,1802.0,9,13615,7,0,843.0,0.0,1802.0,1802,2006.0,158,105,510.0,5,IR1,0,20,94.0,29.102296283256685,48910.0,6.68,3.4,2007,6,Q2,1Fam,0,2007-06-01,189168.263864671
1179,2,1.0,47,2.0,1179.0,6,8240,5,0,622.0,0.0,1179.0,1179,1960.0,0,0,198.0,6,Reg,0,20,80.0,29.102296283256685,48910.0,6.68,3.4,2007,6,Q2,1Fam,0,2007-06-01,165314.177682121
2152,3,2.5,0,2.0,1582.0,8,16659,7,570,728.0,0.0,1582.0,1582,2007.0,0,368,0.0,5,IR1,0,60,134.0,29.102296283256685,48910.0,6.68,3.4,2007,6,Q2,1Fam,1,2007-06-01,195158.972598372
2338,4,3.5,1,3.0,2660.0,9,51974,8,0,1110.0,1101.0,1559.0,2338,2005.0,0,135,710.0,5,IR1,322,20,52.0,29.102296283256685,48910.0,6.68,3.4,2007,6,Q2,1Fam,1,2007-06-01,277936.12694354
1226,2,1.5,56,2.0,0.0,5,13108,7,0,400.0,0.0,0.0,1226,1951.0,174,24,0.0,5,IR2,228,20,126.0,29.102296283256685,48910.0,6.68,3.4,2007,6,Q2,1Fam,0,2007-06-01,174894.588364005
2158,4,3.0,57,2.0,1202.0,6,12615,7,0,576.0,477.0,725.0,2158,1950.0,0,29,0.0,7,Reg,0,20,84.0,29.102296283256685,48910.0,6.68,3.4,2007,6,Q2,1Fam,1,2007-06-01,243000.0
1098,2,2.0,77,1.0,531.0,7,4000,5,531,216.0,246.0,285.0,567,1930.0,0,0,0.0,8,Reg,0,70,63.0,29.102296283256685,48910.0,6.68,3.4,2007,6,Q2,1Fam,1,2007-06-01,156969.695083273
1839,3,3.0,50,2.0,1477.0,6,14442,7,0,416.0,1186.0,291.0,1839,1957.0,0,87,106.0,7,Reg,200,20,110.0,29.102296283256685,48910.0,6.68,3.4,2007,6,Q2,1Fam,1,2007-06-01,257500.0
1694,3,2.0,1,3.0,1694.0,8,11825,7,0,856.0,0.0,1694.0,1694,2006.0,0,112,302.0,5,Reg,0,20,91.0,29.102296283256685,48910.0,6.68,3.4,2007,6,Q2,1Fam,1,2007-06-01,185645.475220346
928,2,1.0,51,1.0,928.0,5,13300,4,0,252.0,377.0,551.0,928,1956.0,261,0,0.0,7,Reg,0,20,70.0,29.102296283256685,48910.0,6.68,3.4,2007,6,Q2,1Fam,1,2007-06-01,132000.0
1479,4,2.5,35,2.0,725.0,7,7472,7,754,484.0,626.0,99.0,725,1972.0,0,32,138.0,9,IR1,0,60,68.0,29.102296283256685,48910.0,6.68,3.4,2007,6,Q2,1Fam,1,2007-06-01,184000.0
1525,3,2.5,7,2.0,756.0,6,2117,5,756,440.0,436.0,320.0,769,2000.0,0,0,456.0,5,Reg,0,160,68.0,29.102296283256685,48910.0,6.68,3.4,2007,6,Q2,Twnhs,0,2007-06-01,177000.0
1340,3,1.0,50,1.0,0.0,5,9060,7,0,252.0,0.0,0.0,1340,1957.0,116,0,98.0,6,Reg,0,20,60.0,29.102296283256685,48910.0,6.68,3.4,2007,6,Q2,1Fam,1,2007-06-01,120000.0
1432,2,2.5,29,2.0,1360.0,5,16157,5,0,588.0,680.0,289.0,1432,1978.0,168,180,0.0,7,IR1,0,80,68.0,29.102296283256685,48910.0,6.68,3.4,2007,6,Q2,1Fam,0,2007-06-01,194000.0
1536,3,2.5,2,2.0,768.0,5,9045,6,768,400.0,0.0,768.0,768,2005.0,0,40,0.0,5,IR1,0,60,64.0,29.102296283256685,48910.0,6.68,3.4,2007,6,Q2,1Fam,0,2007-06-01,180174.328610725
789,2,1.0,81,1.0,768.0,5,10594,5,0,200.0,0.0,768.0,789,1926.0,0,0,0.0,5,Reg,0,45,55.0,29.102296283256685,48910.0,6.68,3.4,2007,6,Q2,1Fam,1,2007-06-01,96500.0
1080,3,1.5,24,2.0,1084.0,6,9187,5,0,484.0,336.0,748.0,1080,1983.0,120,0,0.0,5,Reg,0,20,71.0,29.102296283256685,48910.0,6.68,3.4,2007,6,Q2,1Fam,0,2007-06-01,134000.0
1559,2,2.0,59,2.0,1559.0,5,8100,5,0,812.0,338.0,1221.0,1559,1948.0,0,116,0.0,6,Reg,0,30,90.0,29.102296283256685,48910.0,6.68,3.4,2007,6,Q2,1Fam,1,2007-06-01,153500.0
2551,4,3.5,10,3.0,1779.0,8,12191,8,772,925.0,1181.0,598.0,1779,1998.0,76,61,515.0,5,IR1,0,60,100.0,29.102296283256685,48910.0,6.68,3.4,2007,6,Q2,1Fam,1,2007-06-01,199641.657313834
1690,3,3.5,7,2.0,915.0,6,9487,7,750,442.0,520.0,395.0,940,2000.0,0,50,0.0,5,IR1,0,60,58.0,29.102296283256685,48910.0,6.68,3.4,2007,6,Q2,1Fam,0,2007-06-01,181044.201560887
1009,3,2.0,30,2.0,995.0,5,9720,6,0,576.0,755.0,240.0,1009,1977.0,0,0,51.0,7,Reg,0,80,72.0,29.102296283256685,48910.0,6.68,3.4,2007,6,Q2,1Fam,0,2007-06-01,181502.754496154
1458,2,2.5,8,2.0,729.0,6,3230,5,729,440.0,419.0,310.0,729,1999.0,0,32,1129.0,5,Reg,0,160,34.0,29.102296283256685,48910.0,6.68,3.4,2007,6,Q2,TwnhsE,0,2007-06-01,176000.0
912,2,1.5,49,1.0,912.0,5,7535,5,0,297.0,111.0,522.0,912,1958.0,12,285,0.0,7,IR1,0,20,70.0,29.102296283256685,48910.0,6.68,3.4,2007,6,Q2,1Fam,1,2007-06-01,120000.0
1374,3,3.5,3,2.0,384.0,7,11084,8,630,400.0,192.0,192.0,744,2004.0,100,0,0.0,5,IR1,0,80,87.0,29.102296283256685,48910.0,6.68,3.4,2007,6,Q2,1Fam,0,2007-06-01,184187.158803897
1048,3,2.0,51,1.0,1048.0,5,10152,6,0,286.0,586.0,462.0,1048,1956.0,0,20,120.0,5,Reg,192,20,72.0,29.102296283256685,48910.0,6.68,3.4,2007,6,Q2,1Fam,0,2007-06-01,135000.0
816,2,1.0,25,1.0,816.0,5,8314,5,0,264.0,546.0,270.0,816,1982.0,168,0,0.0,7,Reg,0,20,76.0,29.102296283256685,48910.0,6.68,3.4,2007,6,Q2,1Fam,0,2007-06-01,124500.0
1123,3,1.0,68,1.0,732.0,4,6060,4,351,264.0,0.0,732.0,772,1979.0,0,0,0.0,5,Reg,0,50,50.0,29.102296283256685,48910.0,6.68,3.4,2007,6,Q2,1Fam,1,2007-06-01,100000.0
767,1,2.0,9,1.0,723.0,7,4058,4,0,367.0,584.0,0.0,767,1998.0,120,40,182.0,5,Reg,0,120,34.0,29.102296283256685,48910.0,6.68,3.4,2007,6,Q2,TwnhsE,0,2007-06-01,133000.0
1932,3,3.5,4,2.0,979.0,7,8749,7,940,610.0,654.0,325.0,992,2003.0,0,120,0.0,5,Reg,0,60,70.0,29.102296283256685,48910.0,6.68,3.4,2007,6,Q2,1Fam,0,2007-06-01,179591.789259484
2144,4,2.5,49,2.0,1444.0,6,159000,7,700,389.0,697.0,747.0,1444,1958.0,0,98,472.0,7,IR2,0,50,68.0,29.102296283256685,48910.0,6.68,3.4,2007,6,Q2,1Fam,1,2007-06-01,277000.0
1326,3,3.0,2,2.0,1326.0,6,12216,6,0,388.0,918.0,408.0,1326,2005.0,120,23,0.0,5,IR1,0,20,88.0,29.102296283256685,48910.0,6.68,3.4,2007,6,Q2,1Fam,0,2007-06-01,186414.978214721
1746,3,3.5,1,3.0,698.0,6,9729,6,1048,350.0,0.0,698.0,698,2007.0,0,34,0.0,5,IR1,0,60,63.0,29.102296283256685,48910.0,6.68,3.4,2007,6,Q2,1Fam,1,2007-06-01,181520.466841293
1592,3,2.0,13,2.0,1556.0,8,11927,7,0,484.0,408.0,683.0,1592,1994.0,120,35,519.0,5,Reg,0,20,73.0,29.102296283256685,48910.0,6.68,3.4,2007,6,Q2,1Fam,1,2007-06-01,185846.215131922
1992,3,3.5,11,2.0,860.0,7,15295,7,780,608.0,762.0,98.0,1212,1996.0,225,32,254.0,5,IR3,0,60,68.0,29.102296283256685,48910.0,6.68,3.4,2007,6,Q2,1Fam,1,2007-06-01,192474.56829063
1536,3,2.5,2,2.0,768.0,6,10237,6,768,400.0,0.0,768.0,768,2005.0,100,38,0.0,5,Reg,0,60,65.0,29.102296283256685,48910.0,6.68,3.4,2007,6,Q2,1Fam,1,2007-06-01,182520.230322476
1824,2,3.0,36,2.0,1643.0,7,115149,5,0,739.0,1219.0,424.0,1824,1971.0,380,48,351.0,5,IR2,0,20,68.0,29.102296283256685,48910.0,6.68,3.4,2007,6,Q2,1Fam,1,2007-06-01,302000.0
1476,3,2.5,0,2.0,738.0,7,8145,7,738,552.0,0.0,738.0,738,2007.0,0,35,0.0,5,IR1,0,60,70.0,29.102296283256685,48910.0,6.68,3.4,2007,6,Q2,1Fam,0,2007-06-01,178403.094096818
2285,4,2.5,7,3.0,969.0,8,11000,8,1288,648.0,0.0,969.0,997,2000.0,0,56,72.0,5,Reg,0,60,68.0,29.102296283256685,48910.0,6.68,3.4,2007,6,Q2,1Fam,0,2007-06-01,248000.0
840,3,1.0,77,0.0,672.0,5,4388,5,0,0.0,116.0,556.0,840,1979.0,0,0,0.0,7,IR1,0,45,55.0,29.102296283256685,48910.0,6.68,3.4,2007,6,Q2,1Fam,1,2007-06-01,87000.0
2810,4,2.5,17,2.0,1453.0,8,9572,9,1357,750.0,482.0,971.0,1453,1990.0,500,0,336.0,5,IR1,0,60,68.0,29.102296283256685,48910.0,6.68,3.4,2007,6,Q2,1Fam,0,2007-06-01,302000.0
2140,3,2.5,1,3.0,2140.0,8,10481,8,0,894.0,0.0,2140.0,2140,2006.0,136,32,0.0,5,IR1,0,20,93.0,29.102296283256685,48910.0,6.68,3.4,2007,6,Q2,1Fam,1,2007-06-01,183000.431679579
1632,4,2.0,40,2.0,1632.0,5,25000,8,0,576.0,0.0,1632.0,1632,1967.0,0,0,0.0,4,Reg,0,90,100.0,29.102296283256685,48910.0,6.68,3.4,2007,6,Q2,Duplex,0,2007-06-01,143000.0
1232,3,1.0,97,2.0,616.0,5,4571,6,616,480.0,168.0,448.0,616,1920.0,280,0,0.0,7,Reg,0,70,35.0,29.102296283256685,48910.0,6.68,3.4,2007,6,Q2,1Fam,1,2007-06-01,171369.325038261
1258,2,2.0,1,3.0,1258.0,7,3922,6,0,648.0,0.0,1258.0,1258,2007.0,144,16,72.0,5,Reg,0,120,53.0,29.102296283256685,48910.0,6.68,3.4,2007,6,Q2,TwnhsE,1,2007-06-01,172500.0
943,2,2.0,40,2.0,943.0,5,8398,5,0,528.0,114.0,300.0,943,1972.0,132,0,323.0,5,IR1,0,20,68.0,29.102296283256685,48910.0,6.68,3.4,2007,6,Q2,1Fam,0,2007-06-01,165625.127741229
1280,3,2.5,41,2.0,793.0,5,10050,6,0,432.0,602.0,191.0,1280,1966.0,140,40,87.0,6,IR1,0,85,68.0,29.102296283256685,48910.0,6.68,3.4,2007,6,Q2,1Fam,0,2007-06-01,182152.207151253
1183,2,1.5,59,1.0,649.0,3,6000,6,504,308.0,331.0,318.0,679,1981.0,0,176,0.0,7,Reg,0,50,50.0,29.102296283256685,48910.0,6.68,3.4,2007,6,Q2,1Fam,1,2007-06-01,120000.0
2034,2,1.0,54,4.0,0.0,3,43500,9,0,1041.0,0.0,0.0,2034,1953.0,483,266,0.0,5,Reg,0,20,200.0,29.102296283256685,48910.0,6.68,3.4,2007,6,Q2,1Fam,0,2007-06-01,234707.209860273
936,0,2.5,11,2.0,920.0,6,6710,3,0,460.0,16.0,0.0,936,1996.0,0,40,134.0,5,IR1,0,120,62.0,29.102296283256685,48910.0,6.68,3.4,2007,6,Q2,TwnhsE,1,2007-06-01,135751.318892816
1953,3,3.5,15,2.0,1580.0,6,53107,9,874,501.0,985.0,595.0,1079,1992.0,216,231,0.0,5,IR2,0,60,68.0,29.102296283256685,48910.0,6.68,3.4,2007,6,Q2,1Fam,0,2007-06-01,240000.0
1144,3,1.0,47,1.0,1144.0,5,9100,6,0,336.0,0.0,1144.0,1144,1960.0,0,0,69.0,5,Reg,0,20,70.0,29.102296283256685,48910.0,6.68,3.4,2007,6,Q2,1Fam,0,2007-06-01,180282.570719908
1174,2,1.0,107,2.0,680.0,5,9000,6,494,576.0,130.0,550.0,680,2000.0,116,26,0.0,8,Reg,0,50,120.0,29.102296283256685,48910.0,6.68,3.4,2007,6,Q2,1Fam,1,2007-06-01,166809.886827197
2013,3,3.5,11,2.0,1117.0,7,9920,8,886,455.0,862.0,255.0,1127,1997.0,180,130,0.0,5,IR1,0,60,92.0,29.102296283256685,48910.0,6.68,3.4,2007,6,Q2,1Fam,1,2007-06-01,269790.0
1496,3,2.0,0,2.0,1496.0,8,9158,7,0,474.0,0.0,1496.0,1496,2007.0,168,130,140.0,5,Reg,0,20,76.0,29.102296283256685,48910.0,6.68,3.4,2007,6,Q2,1Fam,0,2007-06-01,225000.0
1411,3,1.0,52,1.0,1204.0,5,12198,7,0,310.0,780.0,424.0,1411,1955.0,278,82,0.0,6,IR1,0,20,70.0,29.102296283256685,48910.0,6.68,3.4,2007,6,Q2,1Fam,1,2007-06-01,186379.553524443
1636,3,3.0,1,3.0,1623.0,8,13501,8,0,865.0,63.0,1560.0,1636,2006.0,0,60,208.0,5,IR1,0,20,116.0,29.102296283256685,48910.0,6.68,3.4,2007,6,Q2,1Fam,0,2007-06-01,255000.0
858,2,1.0,36,1.0,858.0,4,7340,4,0,684.0,322.0,536.0,858,1979.0,0,0,0.0,6,IR1,0,20,68.0,29.102296283256685,48910.0,6.68,3.4,2007,6,Q2,1Fam,0,2007-06-01,110000.0
1768,3,2.5,70,1.0,731.0,5,7200,7,787,240.0,569.0,162.0,981,1939.0,0,0,252.0,7,Reg,0,50,60.0,29.102296283256685,48910.0,6.68,3.4,2007,6,Q2,1Fam,1,2007-06-01,175000.0
1040,3,1.5,54,1.0,1040.0,6,7942,6,0,293.0,85.0,0.0,1040,1953.0,0,0,0.0,7,Reg,0,20,68.0,29.102296283256685,48910.0,6.68,3.4,2007,6,Q2,1Fam,0,2007-06-01,178003.582312015
925,3,2.0,51,1.0,925.0,5,8540,5,0,252.0,114.0,120.0,925,1956.0,152,0,0.0,8,Reg,0,20,71.0,29.102296283256685,48910.0,6.68,3.4,2007,6,Q2,1Fam,1,2007-06-01,179180.469244588
924,2,1.0,55,1.0,924.0,5,15783,6,0,420.0,292.0,632.0,924,1952.0,0,324,0.0,5,Reg,0,20,68.0,29.102296283256685,48910.0,6.68,3.4,2007,6,Q2,1Fam,0,2007-06-01,180159.090947005
1644,3,1.5,65,1.0,728.0,5,9480,7,756,312.0,386.0,342.0,888,1942.0,168,0,224.0,7,Reg,0,70,79.0,29.102296283256685,48910.0,6.68,3.4,2007,6,Q2,1Fam,1,2007-06-01,146500.0
1178,3,2.5,31,2.0,1090.0,5,11000,6,0,502.0,1090.0,0.0,1178,1976.0,0,44,0.0,6,IR2,88,20,68.0,29.102296283256685,48910.0,6.68,3.4,2007,6,Q2,1Fam,1,2007-06-01,184021.843582599
1728,3,2.0,54,1.0,1216.0,5,12099,7,0,371.0,198.0,1018.0,1216,1953.0,200,0,0.0,6,IR1,0,50,68.0,29.102296283256685,48910.0,6.68,3.4,2007,6,Q2,1Fam,1,2007-06-01,186184.717727913
1060,3,2.0,31,2.0,1040.0,5,4224,6,0,572.0,840.0,200.0,1060,1976.0,100,110,0.0,7,Reg,0,120,44.0,29.102296283256685,48910.0,6.68,3.4,2007,6,Q2,TwnhsE,0,2007-06-01,129900.0
1090,2,2.5,2,2.0,1090.0,5,7024,5,0,450.0,980.0,110.0,1090,2005.0,0,49,0.0,5,Reg,0,20,60.0,29.102296283256685,48910.0,6.68,3.4,2007,6,Q2,1Fam,1,2007-06-01,157000.0
1429,3,1.5,47,2.0,1144.0,6,14585,7,0,572.0,594.0,331.0,1429,1960.0,216,110,85.0,6,IR1,0,20,68.0,29.102296283256685,48910.0,6.68,3.4,2007,6,Q2,1Fam,1,2007-06-01,181900.0
1108,3,1.0,77,1.0,637.0,7,7449,6,0,280.0,0.0,637.0,1108,1930.0,0,0,0.0,7,Reg,0,45,57.0,29.102296283256685,48910.0,6.68,3.4,2007,6,Q2,1Fam,1,2007-06-01,139400.0
872,3,1.0,36,4.0,858.0,4,8294,5,0,480.0,0.0,858.0,872,1974.0,0,0,0.0,5,Reg,0,20,70.0,29.102296283256685,48910.0,6.68,3.4,2007,6,Q2,1Fam,0,2007-06-01,123000.0
