GrLivArea,BedroomAbvGr,Bathrooms,PropertyAge,GarageCars,TotalBsmtSF,OverallQual,LotArea,TotRmsAbvGrd,2ndFlrSF,GarageArea,BsmtFinSF1,BsmtUnfSF,1stFlrSF,GarageYrBlt,WoodDeckSF,OpenPorchSF,MasVnrArea,OverallCond,LotShape,ScreenPorch,MSSubClass,LotFrontage,CrimeRate,MedianIncome,InterestRate,UnemploymentRate,YrSold,MoSold,QrtSold,BldgType,RenovationFlag,SaleDate,SalePrice
800,1,1.0,73,0.0,264.0,2,6120,4,0,0.0,0.0,264.0,800,1979.0,0,0,0.0,3,Reg,0,30,51.0,26.11993393300743,50720.0,5.055,5.0,2009,1,Q1,1Fam,1,2009-01-01,60000.0
845,3,1.0,52,1.0,0.0,4,11500,5,0,290.0,0.0,0.0,845,1957.0,186,0,0.0,3,IR1,0,20,68.0,26.11993393300743,50720.0,5.055,5.0,2009,1,Q1,1Fam,0,2009-01-01,84000.0
1713,3,3.0,5,3.0,1713.0,8,9591,7,0,856.0,1088.0,625.0,1713,2004.0,0,26,262.0,5,Reg,170,20,76.0,26.11993393300743,50720.0,5.055,5.0,2009,1,Q1,1Fam,1,2009-01-01,274900.0
904,2,1.0,83,1.0,884.0,6,6000,4,0,180.0,0.0,884.0,904,1926.0,0,0,0.0,7,Reg,0,45,50.0,26.11993393300743,50720.0,5.055,5.0,2009,1,Q1,1Fam,1,2009-01-01,119000.0
1850,3,2.5,15,2.0,973.0,7,29959,7,871,467.0,595.0,378.0,979,1994.0,168,98,0.0,6,IR2,0,60,68.0,26.11993393300743,50720.0,5.055,5.0,2009,1,Q1,1Fam,0,2009-01-01,248000.0
1641,3,3.0,1,3.0,1641.0,9,14463,7,0,885.0,1115.0,526.0,1641,2008.0,0,95,406.0,5,IR1,0,20,79.0,26.11993393300743,50720.0,5.055,5.0,2009,1,Q1,1Fam,0,2009-01-01,183517.34369691
792,2,1.0,86,1.0,624.0,5,8520,5,0,287.0,0.0,624.0,792,1963.0,0,0,0.0,8,Reg,0,30,60.0,26.11993393300743,50720.0,5.115,5.1,2009,2,Q1,1Fam,1,2009-02-01,159650.304285848
1382,3,2.5,11,2.0,384.0,7,8923,7,631,396.0,189.0,195.0,751,1998.0,256,0,0.0,5,IR1,0,80,57.0,26.11993393300743,50720.0,5.115,5.1,2009,2,Q1,1Fam,0,2009-02-01,173719.30379824
2014,3,2.5,6,2.0,912.0,7,9157,9,942,486.0,0.0,912.0,1072,2003.0,124,114,0.0,5,IR1,0,60,75.0,26.11993393300743,50720.0,5.115,5.1,2009,2,Q1,1Fam,0,2009-02-01,174179.824771856
1516,3,1.5,45,2.0,1516.0,6,10004,6,0,472.0,196.0,975.0,1516,1964.0,0,0,180.0,6,Reg,152,20,100.0,26.11993393300743,50720.0,5.115,5.1,2009,2,Q1,1Fam,0,2009-02-01,167000.0
1476,3,3.5,4,2.0,738.0,6,8633,7,738,540.0,193.0,545.0,738,2005.0,100,35,0.0,5,Reg,0,60,64.0,26.11993393300743,50720.0,5.115,5.1,2009,2,Q1,1Fam,0,2009-02-01,173500.0
1582,3,2.0,71,1.0,952.0,5,6120,6,588,250.0,273.0,679.0,994,1938.0,189,0,0.0,6,Reg,0,50,51.0,26.11993393300743,50720.0,5.115,5.1,2009,2,Q1,1Fam,1,2009-02-01,168202.892306596
1698,3,3.0,2,3.0,1698.0,9,13286,8,0,768.0,1234.0,464.0,1698,2007.0,327,64,340.0,5,IR1,0,20,86.0,26.11993393300743,50720.0,5.115,5.1,2009,2,Q1,1Fam,1,2009-02-01,320000.0
1427,3,1.0,94,1.0,483.0,6,5775,7,686,379.0,0.0,483.0,741,1915.0,0,24,0.0,7,IR2,0,70,68.0,26.11993393300743,50720.0,5.115,5.1,2009,2,Q1,1Fam,1,2009-02-01,167523.919076265
1232,2,3.0,2,2.0,1232.0,7,7314,6,0,632.0,724.0,508.0,1232,2007.0,132,0,82.0,5,Reg,0,20,64.0,26.11993393300743,50720.0,5.115,5.1,2009,2,Q1,1Fam,0,2009-02-01,194500.0
936,2,1.0,56,2.0,936.0,4,6000,4,0,576.0,0.0,936.0,936,1974.0,0,32,0.0,4,Reg,0,20,60.0,26.11993393300743,50720.0,5.115,5.1,2009,2,Q1,2fmCon,0,2009-02-01,93000.0
1403,3,2.5,94,1.0,698.0,6,10320,7,649,308.0,276.0,160.0,754,1915.0,0,0,0.0,7,Reg,0,190,60.0,26.11993393300743,50720.0,5.115,5.1,2009,2,Q1,2fmCon,1,2009-02-01,176468.653371492
2492,2,3.5,5,3.0,2492.0,10,14836,8,0,949.0,2146.0,346.0,2492,2004.0,226,235,730.0,5,IR1,0,20,100.0,26.11993393300743,50720.0,5.115,5.1,2009,2,Q1,1Fam,1,2009-02-01,172080.434496773
2237,3,2.5,29,2.0,712.0,6,9839,7,862,440.0,462.0,250.0,1375,1980.0,305,24,0.0,8,IR1,0,60,68.0,26.11993393300743,50720.0,5.115,5.1,2009,2,Q1,1Fam,1,2009-02-01,175522.026925727
1073,2,2.0,53,1.0,1073.0,5,9571,5,0,340.0,257.0,816.0,1073,1956.0,0,0,0.0,5,Reg,0,20,68.0,26.11993393300743,50720.0,5.115,5.1,2009,2,Q1,1Fam,0,2009-02-01,161718.71259042
1049,2,3.0,25,1.0,1049.0,5,4235,5,0,266.0,552.0,104.0,1049,1984.0,0,105,149.0,5,Reg,0,120,42.0,26.11993393300743,50720.0,5.115,5.1,2009,2,Q1,TwnhsE,0,2009-02-01,151217.259961305
1505,2,2.0,56,2.0,1505.0,6,12160,6,0,505.0,1024.0,481.0,1505,1953.0,0,0,90.0,4,Reg,0,20,128.0,26.11993393300743,50720.0,5.115,5.1,2009,2,Q1,1Fam,0,2009-02-01,149500.0
1302,3,2.5,37,1.0,630.0,5,1680,6,672,264.0,231.0,399.0,630,1972.0,185,0,268.0,7,Reg,0,160,21.0,26.11993393300743,50720.0,5.115,5.1,2009,2,Q1,Twnhs,0,2009-02-01,119500.0
1531,2,3.0,3,3.0,1504.0,9,10872,6,0,700.0,1037.0,467.0,1531,2006.0,184,52,122.0,5,IR1,0,20,77.0,26.11993393300743,50720.0,5.115,5.1,2009,2,Q1,1Fam,0,2009-02-01,164279.13048219
1450,2,2.0,1,3.0,1450.0,7,7328,6,0,788.0,0.0,1450.0,1450,2008.0,0,93,140.0,5,Reg,0,20,61.0,26.11993393300743,50720.0,5.115,5.1,2009,2,Q1,1Fam,1,2009-02-01,157304.402574096
2034,3,3.5,12,2.0,1057.0,7,9375,8,977,645.0,739.0,318.0,1057,1998.0,576,36,573.0,5,Reg,0,60,68.0,26.11993393300743,50720.0,5.115,5.1,2009,2,Q1,1Fam,1,2009-02-01,219500.0
960,2,2.0,54,1.0,960.0,5,9768,5,0,330.0,100.0,613.0,960,1955.0,0,70,0.0,5,Reg,0,20,68.0,26.11993393300743,50720.0,5.115,5.1,2009,2,Q1,1Fam,0,2009-02-01,162106.416145131
1313,3,2.5,48,2.0,1313.0,5,9350,6,0,610.0,310.0,491.0,1313,1961.0,172,28,217.0,6,Reg,121,20,85.0,26.11993393300743,50720.0,5.115,5.1,2009,2,Q1,1Fam,1,2009-02-01,174559.656173171
1062,3,2.0,55,1.0,1062.0,6,8128,6,0,297.0,490.0,572.0,1062,1954.0,0,0,80.0,7,IR1,0,20,53.0,26.11993393300743,50720.0,5.115,5.1,2009,2,Q1,1Fam,0,2009-02-01,172154.713310956
1442,2,2.0,39,2.0,1442.0,6,11717,6,0,615.0,0.0,1442.0,1442,1970.0,371,0,571.0,6,IR1,0,20,68.0,26.11993393300743,50720.0,5.115,5.1,2009,2,Q1,1Fam,0,2009-02-01,185000.0
1971,3,2.5,4,2.0,1113.0,7,9675,8,858,689.0,341.0,772.0,1113,2005.0,0,48,0.0,5,Reg,0,60,75.0,26.11993393300743,50720.0,5.115,5.1,2009,2,Q1,1Fam,0,2009-02-01,253000.0
1567,2,2.5,69,2.0,840.0,5,13680,6,727,440.0,728.0,112.0,840,1961.0,0,21,0.0,6,Reg,0,50,60.0,26.11993393300743,50720.0,5.115,5.1,2009,2,Q1,1Fam,1,2009-02-01,169805.382165577
1332,2,2.0,19,2.0,1332.0,6,7175,5,0,542.0,0.0,1332.0,1332,1990.0,0,60,0.0,5,Reg,0,120,50.0,26.11993393300743,50720.0,5.115,5.1,2009,2,Q1,TwnhsE,1,2009-02-01,157003.292706732
864,2,1.0,38,2.0,864.0,4,10500,4,0,576.0,524.0,160.0,864,1989.0,216,0,0.0,6,Reg,0,20,70.0,26.11993393300743,50720.0,5.005000000000001,5.2,2009,3,Q1,1Fam,0,2009-03-01,97000.0
1031,2,2.0,57,1.0,1031.0,5,7626,5,0,230.0,931.0,100.0,1031,1952.0,0,0,0.0,8,Reg,0,20,60.0,26.11993393300743,50720.0,5.005000000000001,5.2,2009,3,Q1,1Fam,1,2009-03-01,158995.770555632
1144,3,2.0,48,1.0,864.0,5,10000,6,0,264.0,594.0,270.0,1144,1961.0,165,0,0.0,6,Reg,0,20,80.0,26.11993393300743,50720.0,5.005000000000001,5.2,2009,3,Q1,1Fam,1,2009-03-01,131400.0
1653,3,3.5,6,2.0,812.0,7,8127,6,841,628.0,410.0,402.0,812,2003.0,0,45,0.0,5,IR1,0,60,65.0,26.11993393300743,50720.0,5.005000000000001,5.2,2009,3,Q1,1Fam,0,2009-03-01,173257.637826205
1836,3,3.0,5,3.0,1836.0,8,11362,7,0,862.0,1039.0,797.0,1836,2004.0,125,185,42.0,5,IR1,0,20,107.0,26.11993393300743,50720.0,5.005000000000001,5.2,2009,3,Q1,1Fam,1,2009-03-01,280000.0
1112,4,3.0,75,1.0,585.0,5,9780,6,425,226.0,0.0,585.0,687,1934.0,0,0,0.0,3,Reg,0,50,60.0,26.11993393300743,50720.0,5.005000000000001,5.2,2009,3,Q1,1Fam,1,2009-03-01,189786.685274579
1138,3,1.5,49,2.0,1138.0,6,15312,6,0,480.0,588.0,550.0,1138,1960.0,0,0,54.0,5,Reg,140,80,88.0,26.11993393300743,50720.0,5.005000000000001,5.2,2009,3,Q1,1Fam,0,2009-03-01,187397.993362224
1306,1,3.0,4,2.0,1306.0,6,5122,5,0,624.0,881.0,425.0,1306,2005.0,170,63,135.0,5,IR1,0,120,34.0,26.11993393300743,50720.0,5.005000000000001,5.2,2009,3,Q1,Twnhs,0,2009-03-01,140791.922472443
1412,3,3.0,21,2.0,1392.0,6,11457,6,0,576.0,1005.0,387.0,1412,1988.0,0,0,0.0,5,IR1,0,20,130.0,26.11993393300743,50720.0,5.005000000000001,5.2,2009,3,Q1,1Fam,0,2009-03-01,175000.0
1200,3,6.0,22,0.0,1200.0,5,10800,5,0,0.0,1200.0,0.0,1200,1979.0,120,0,0.0,5,Reg,0,90,60.0,26.11993393300743,50720.0,5.005000000000001,5.2,2009,3,Q1,Duplex,1,2009-03-01,178518.204332507
904,1,1.5,87,0.0,683.0,1,10020,4,0,0.0,350.0,333.0,904,1979.0,0,0,0.0,1,IR1,0,30,68.0,26.11993393300743,50720.0,5.005000000000001,5.2,2009,3,Q1,1Fam,1,2009-03-01,61000.0
1430,3,2.5,10,2.0,384.0,7,7750,7,656,400.0,0.0,384.0,774,1999.0,0,0,0.0,5,Reg,0,80,62.0,26.11993393300743,50720.0,5.005000000000001,5.2,2009,3,Q1,1Fam,1,2009-03-01,172515.687368714
1256,1,2.5,1,2.0,1145.0,6,4217,5,0,641.0,962.0,183.0,1256,2008.0,0,169,252.0,5,IR1,0,120,68.0,26.11993393300743,50720.0,5.005000000000001,5.2,2009,3,Q1,TwnhsE,0,2009-03-01,139010.847766793
1041,3,1.0,51,1.0,1041.0,5,7350,6,0,294.0,0.0,1041.0,1041,1958.0,0,0,0.0,6,Reg,0,20,71.0,26.11993393300743,50720.0,5.005000000000001,5.2,2009,3,Q1,1Fam,0,2009-03-01,171728.4720292
995,2,1.0,84,1.0,960.0,5,6120,5,0,264.0,0.0,960.0,995,1926.0,0,15,0.0,6,Reg,0,30,51.0,26.11993393300743,50720.0,5.005000000000001,5.2,2009,3,Q1,1Fam,1,2009-03-01,156031.904802362
1604,3,3.5,3,2.0,1604.0,7,8814,8,0,660.0,1334.0,270.0,1604,2006.0,123,110,180.0,5,Reg,0,20,68.0,26.11993393300743,50720.0,5.005000000000001,5.2,2009,3,Q1,1Fam,0,2009-03-01,220000.0
1838,2,3.0,3,3.0,1838.0,9,14601,8,0,765.0,1260.0,578.0,1838,2006.0,270,68,584.0,5,Reg,0,20,85.0,26.11993393300743,50720.0,5.005000000000001,5.2,2009,3,Q1,1Fam,0,2009-03-01,315000.0
1702,3,3.0,2,3.0,1702.0,8,10130,7,0,844.0,1294.0,408.0,1702,2007.0,0,69,260.0,5,Reg,0,20,85.0,26.11993393300743,50720.0,5.005000000000001,5.2,2009,3,Q1,1Fam,0,2009-03-01,177199.618638821
1486,3,2.0,45,2.0,1486.0,5,9937,7,0,480.0,637.0,849.0,1486,1968.0,0,0,0.0,7,Reg,0,20,75.0,26.11993393300743,50720.0,5.005000000000001,5.2,2009,3,Q1,1Fam,1,2009-03-01,167000.0
1808,3,3.0,1,3.0,1774.0,9,13514,7,0,850.0,1142.0,632.0,1808,2008.0,200,26,285.0,5,IR1,0,20,102.0,26.11993393300743,50720.0,5.005000000000001,5.2,2009,3,Q1,1Fam,0,2009-03-01,183859.460411109
1419,3,3.5,7,2.0,408.0,8,7750,7,640,527.0,353.0,55.0,779,2002.0,120,0,0.0,5,Reg,0,80,68.0,26.11993393300743,50720.0,5.005000000000001,5.2,2009,3,Q1,1Fam,0,2009-03-01,184100.0
1464,3,2.0,99,0.0,504.0,5,9900,7,700,0.0,0.0,504.0,764,1979.0,0,0,0.0,8,Reg,0,70,90.0,26.11993393300743,50720.0,5.005000000000001,5.2,2009,3,Q1,1Fam,1,2009-03-01,176746.969818601
1662,3,3.0,3,3.0,1652.0,7,10625,8,0,711.0,1430.0,222.0,1662,2006.0,168,120,0.0,5,Reg,0,20,85.0,26.11993393300743,50720.0,5.005000000000001,5.2,2009,3,Q1,1Fam,1,2009-03-01,178173.79762147
1404,3,2.0,40,2.0,1188.0,5,13383,7,0,504.0,594.0,594.0,1404,1969.0,0,16,176.0,5,IR1,0,20,83.0,26.11993393300743,50720.0,5.005000000000001,5.2,2009,3,Q1,1Fam,1,2009-03-01,183601.647387418
1806,4,1.5,45,2.0,780.0,6,7570,8,813,483.0,0.0,780.0,993,1964.0,0,55,420.0,5,Reg,0,60,76.0,26.11993393300743,50720.0,5.005000000000001,5.2,2009,3,Q1,1Fam,0,2009-03-01,185437.320523764
861,1,1.0,69,2.0,861.0,4,12342,4,0,539.0,262.0,599.0,861,1961.0,158,0,0.0,5,IR1,0,30,68.0,26.11993393300743,50720.0,5.005000000000001,5.2,2009,3,Q1,1Fam,1,2009-03-01,82500.0
1568,3,1.5,42,2.0,1568.0,5,9600,7,0,440.0,0.0,1568.0,1568,1967.0,160,40,0.0,5,Reg,0,20,80.0,26.11993393300743,50720.0,5.005000000000001,5.2,2009,3,Q1,1Fam,0,2009-03-01,176156.558313965
1328,3,1.5,59,1.0,768.0,5,6000,6,560,308.0,384.0,384.0,768,1950.0,0,12,0.0,7,Reg,0,50,50.0,26.11993393300743,50720.0,5.005000000000001,5.2,2009,3,Q1,1Fam,1,2009-03-01,169071.62025834
1200,3,6.0,22,0.0,1200.0,5,10800,5,0,0.0,1200.0,0.0,1200,1979.0,120,0,0.0,5,Reg,0,90,60.0,26.11993393300743,50720.0,5.005000000000001,5.2,2009,3,Q1,Duplex,1,2009-03-01,179000.0
1498,3,2.0,4,3.0,1498.0,8,11645,7,0,844.0,24.0,1474.0,1498,2005.0,144,98,76.0,5,Reg,0,20,78.0,26.11993393300743,50720.0,5.005000000000001,5.2,2009,3,Q1,1Fam,1,2009-03-01,180181.19673723
1874,3,2.5,9,2.0,1058.0,8,7500,7,816,588.0,0.0,1058.0,1058,2000.0,0,134,0.0,5,Reg,0,60,68.0,26.11993393300743,50720.0,5.005000000000001,5.2,2009,3,Q1,1Fam,1,2009-03-01,172023.677781517
1471,3,2.5,10,2.0,729.0,6,3230,6,729,440.0,381.0,348.0,742,1999.0,0,24,894.0,5,Reg,0,160,34.0,26.11993393300743,50720.0,5.005000000000001,5.2,2009,3,Q1,TwnhsE,0,2009-03-01,172500.0
876,3,1.0,50,1.0,876.0,4,6410,5,0,320.0,332.0,301.0,876,1959.0,0,0,0.0,5,Reg,0,20,64.0,26.11993393300743,50720.0,5.005000000000001,5.2,2009,3,Q1,1Fam,0,2009-03-01,169878.515981342
1560,3,2.5,4,2.0,684.0,6,11911,6,876,400.0,0.0,684.0,684,2005.0,100,38,0.0,5,IR2,0,60,122.0,26.11993393300743,50720.0,5.005000000000001,5.2,2009,3,Q1,1Fam,0,2009-03-01,174000.0
1779,3,2.5,11,2.0,866.0,7,10400,6,913,546.0,0.0,866.0,866,1998.0,198,36,0.0,5,Reg,0,60,80.0,26.11993393300743,50720.0,5.005000000000001,5.2,2009,3,Q1,1Fam,0,2009-03-01,197900.0
1180,2,1.5,39,2.0,1180.0,5,7830,6,0,477.0,0.0,1180.0,1180,1970.0,0,45,0.0,5,IR1,0,20,68.0,26.11993393300743,50720.0,5.005000000000001,5.2,2009,3,Q1,1Fam,0,2009-03-01,159397.250378784
1254,2,3.0,1,3.0,1254.0,8,10324,5,0,810.0,872.0,382.0,1254,2008.0,168,92,140.0,5,IR1,0,20,95.0,26.11993393300743,50720.0,5.005000000000001,5.2,2009,3,Q1,1Fam,0,2009-03-01,164305.538020654
1242,3,1.5,74,1.0,583.0,6,5707,6,595,180.0,0.0,583.0,647,1926.0,329,96,0.0,6,Reg,0,70,43.0,26.11993393300743,50720.0,5.005000000000001,5.2,2009,3,Q1,1Fam,1,2009-03-01,168494.985022146
1573,3,3.0,7,2.0,1573.0,7,9808,6,0,544.0,788.0,785.0,1573,2002.0,0,72,110.0,5,IR1,0,20,67.0,26.11993393300743,50720.0,5.005000000000001,5.2,2009,3,Q1,1Fam,0,2009-03-01,227000.0
1913,3,1.5,81,2.0,896.0,6,7558,9,741,342.0,0.0,896.0,1172,1929.0,0,0,0.0,6,Reg,0,50,57.0,26.11993393300743,50720.0,5.005000000000001,5.2,2009,3,Q1,1Fam,1,2009-03-01,177000.0
1481,3,2.5,15,2.0,702.0,6,8125,6,779,343.0,0.0,702.0,702,1994.0,0,36,0.0,5,Reg,0,60,65.0,26.11993393300743,50720.0,5.005000000000001,5.2,2009,3,Q1,1Fam,1,2009-03-01,174000.0
2674,2,4.5,2,3.0,2630.0,10,13693,8,0,762.0,2288.0,342.0,2674,2007.0,360,50,472.0,5,Reg,0,20,105.0,26.11993393300743,50720.0,5.005000000000001,5.2,2009,3,Q1,1Fam,0,2009-03-01,170935.85921771
768,2,2.0,37,2.0,768.0,5,8445,5,0,396.0,656.0,112.0,768,1988.0,58,0,0.0,7,Reg,0,85,70.0,26.11993393300743,50720.0,5.005000000000001,5.2,2009,3,Q1,1Fam,1,2009-03-01,133000.0
833,3,2.0,24,0.0,833.0,5,8780,5,0,0.0,625.0,208.0,833,1979.0,0,0,0.0,5,IR1,0,20,68.0,26.11993393300743,50720.0,5.005000000000001,5.2,2009,3,Q1,1Fam,0,2009-03-01,112000.0
810,1,1.0,99,1.0,0.0,2,21780,4,0,280.0,0.0,0.0,810,1975.0,119,24,0.0,4,Reg,0,30,109.0,26.11993393300743,50720.0,5.005000000000001,5.2,2009,3,Q1,1Fam,1,2009-03-01,173575.5052865
1135,3,2.0,73,2.0,560.0,7,7200,6,560,576.0,350.0,0.0,575,1971.0,256,0,0.0,9,Reg,0,70,60.0,26.11993393300743,50720.0,4.8,4.9,2009,4,Q2,1Fam,1,2009-04-01,155000.0
2007,3,3.5,1,3.0,1017.0,10,11003,10,981,812.0,765.0,252.0,1026,2008.0,168,52,160.0,5,Reg,0,60,85.0,26.11993393300743,50720.0,4.8,4.9,2009,4,Q2,1Fam,0,2009-04-01,310000.0
1470,3,2.5,16,2.0,680.0,6,9765,6,790,420.0,310.0,370.0,680,1993.0,232,63,68.0,8,IR2,0,60,68.0,26.11993393300743,50720.0,4.8,4.9,2009,4,Q2,1Fam,0,2009-04-01,185000.0
1661,3,3.5,13,2.0,799.0,7,10667,6,834,550.0,385.0,70.0,827,1996.0,158,61,0.0,6,IR2,0,60,43.0,26.11993393300743,50720.0,4.8,4.9,2009,4,Q2,1Fam,0,2009-04-01,212000.0
1411,3,2.0,32,2.0,1386.0,7,11900,6,0,544.0,822.0,564.0,1411,1977.0,192,0,209.0,5,Reg,0,20,85.0,26.11993393300743,50720.0,4.8,4.9,2009,4,Q2,1Fam,0,2009-04-01,82500.0
1314,2,3.0,2,2.0,1314.0,7,5063,6,0,626.0,904.0,410.0,1314,2008.0,172,62,166.0,5,Reg,0,120,34.0,26.11993393300743,50720.0,4.8,4.9,2009,4,Q2,Twnhs,1,2009-04-01,207500.0
1008,3,1.0,41,1.0,1008.0,5,12518,6,0,384.0,532.0,476.0,1008,1968.0,144,0,182.0,7,IR1,0,20,75.0,26.11993393300743,50720.0,4.8,4.9,2009,4,Q2,1Fam,0,2009-04-01,183004.186769318
1072,2,2.0,4,2.0,547.0,6,3675,5,0,525.0,547.0,0.0,1072,2005.0,0,28,80.0,5,Reg,0,180,35.0,26.11993393300743,50720.0,4.8,4.9,2009,4,Q2,TwnhsE,1,2009-04-01,152324.943593181
1045,3,2.0,46,1.0,1045.0,6,7936,6,0,264.0,826.0,219.0,1045,1963.0,0,0,0.0,6,Reg,0,20,80.0,26.11993393300743,50720.0,4.8,4.9,2009,4,Q2,1Fam,0,2009-04-01,173986.635055186
1691,2,2.0,42,2.0,1680.0,6,9900,5,0,550.0,1173.0,507.0,1691,1967.0,0,67,0.0,5,Reg,0,20,90.0,26.11993393300743,50720.0,4.8,4.9,2009,4,Q2,1Fam,0,2009-04-01,164575.982314367
1710,3,2.0,5,2.0,1710.0,7,12118,7,0,550.0,0.0,1710.0,1710,2004.0,100,48,108.0,5,IR1,180,20,43.0,26.11993393300743,50720.0,4.8,4.9,2009,4,Q2,1Fam,1,2009-04-01,240000.0
1218,3,1.5,2,2.0,1218.0,7,9605,6,0,576.0,0.0,1218.0,1218,2007.0,0,178,0.0,6,Reg,0,20,80.0,26.11993393300743,50720.0,4.8,4.9,2009,4,Q2,1Fam,0,2009-04-01,177271.291059307
2402,2,3.0,1,3.0,3094.0,10,15431,10,0,672.0,1767.0,788.0,2402,2008.0,0,72,200.0,5,Reg,170,20,105.0,26.11993393300743,50720.0,4.8,4.9,2009,4,Q2,1Fam,0,2009-04-01,555000.0
2646,4,3.5,16,3.0,1347.0,7,9900,9,1274,656.0,987.0,360.0,1372,1993.0,340,60,256.0,5,Reg,0,60,90.0,26.11993393300743,50720.0,4.8,4.9,2009,4,Q2,1Fam,0,2009-04-01,260000.0
1229,3,1.0,53,1.0,1134.0,4,17140,6,0,284.0,1059.0,75.0,1229,1956.0,0,0,0.0,6,Reg,0,20,68.0,26.11993393300743,50720.0,4.8,4.9,2009,4,Q2,1Fam,0,2009-04-01,135000.0
1334,2,2.5,32,2.0,1350.0,6,9650,6,0,630.0,686.0,664.0,1334,1977.0,0,16,360.0,5,Reg,0,20,80.0,26.11993393300743,50720.0,4.8,4.9,2009,4,Q2,1Fam,0,2009-04-01,167900.0
1142,2,1.0,51,1.0,160.0,6,9000,5,0,384.0,0.0,160.0,1142,1958.0,0,28,82.0,6,IR1,0,20,80.0,26.11993393300743,50720.0,4.8,4.9,2009,4,Q2,1Fam,0,2009-04-01,162804.747800461
1105,3,1.0,52,1.0,1105.0,6,10454,5,0,308.0,546.0,559.0,1105,1957.0,0,0,143.0,6,IR1,0,20,90.0,26.11993393300743,50720.0,4.8,4.9,2009,4,Q2,1Fam,0,2009-04-01,178942.155617426
1595,2,3.0,18,2.0,1582.0,5,11070,5,0,672.0,55.0,1527.0,1595,1991.0,0,0,0.0,5,Reg,0,20,82.0,26.11993393300743,50720.0,4.8,4.9,2009,4,Q2,1Fam,0,2009-04-01,166878.587182445
1982,3,3.5,23,2.0,572.0,6,13607,6,800,501.0,454.0,118.0,1182,1986.0,400,112,242.0,6,IR1,0,80,68.0,26.11993393300743,50720.0,4.8,4.9,2009,4,Q2,1Fam,0,2009-04-01,185147.380531144
768,2,1.5,37,1.0,768.0,5,7200,5,0,396.0,660.0,108.0,768,1974.0,192,0,0.0,8,Reg,0,85,60.0,26.11993393300743,50720.0,4.8,4.9,2009,4,Q2,1Fam,1,2009-04-01,133900.0
2122,4,3.5,13,2.0,913.0,7,11492,8,1209,559.0,637.0,276.0,913,1997.0,0,74,132.0,5,IR1,0,60,43.0,26.11993393300743,50720.0,4.8,4.9,2009,4,Q2,1Fam,1,2009-04-01,194260.859481297
2014,2,3.0,29,3.0,2014.0,8,15676,6,0,864.0,1733.0,189.0,2014,1980.0,462,0,115.0,8,IR1,0,20,68.0,26.11993393300743,50720.0,4.8,4.9,2009,4,Q2,1Fam,0,2009-04-01,175943.371816948
1601,3,2.0,31,2.0,1271.0,7,11880,7,0,478.0,704.0,567.0,1601,1978.0,0,0,206.0,5,IR1,0,20,82.0,26.11993393300743,50720.0,4.8,4.9,2009,4,Q2,1Fam,0,2009-04-01,157000.0
1632,4,1.5,40,2.0,784.0,5,10457,7,848,898.0,496.0,0.0,784,1969.0,0,173,178.0,7,IR1,0,60,70.0,26.11993393300743,50720.0,4.8,4.9,2009,4,Q2,1Fam,0,2009-04-01,192223.939790304
926,2,2.0,32,1.0,902.0,6,9750,5,0,351.0,767.0,135.0,926,1977.0,319,0,0.0,6,Reg,0,85,75.0,26.11993393300743,50720.0,4.8,4.9,2009,4,Q2,1Fam,0,2009-04-01,164280.776562049
1782,3,3.0,5,3.0,1782.0,8,16870,7,0,932.0,1531.0,251.0,1782,2004.0,99,82,238.0,5,IR1,0,20,129.0,26.11993393300743,50720.0,4.8,4.9,2009,4,Q2,1Fam,1,2009-04-01,191569.089663229
1632,3,3.0,51,1.0,1240.0,6,9600,6,0,338.0,620.0,0.0,1632,1958.0,289,0,183.0,6,Reg,0,20,80.0,26.11993393300743,50720.0,4.8,4.9,2009,4,Q2,1Fam,1,2009-04-01,139000.0
1052,3,1.5,42,1.0,1052.0,5,11625,6,0,668.0,527.0,525.0,1052,1984.0,0,215,172.0,6,Reg,0,20,75.0,26.11993393300743,50720.0,4.8,4.9,2009,4,Q2,1Fam,0,2009-04-01,181246.728523853
1838,3,3.0,2,2.0,1838.0,8,11422,7,0,524.0,1359.0,479.0,1838,2007.0,154,222,352.0,5,IR1,0,20,77.0,26.11993393300743,50720.0,4.8,4.9,2009,4,Q2,1Fam,1,2009-04-01,180847.216739049
1728,3,2.5,5,2.0,864.0,7,9313,7,864,572.0,0.0,864.0,864,2004.0,187,56,0.0,5,IR1,0,60,65.0,26.11993393300743,50720.0,4.8,4.9,2009,4,Q2,1Fam,0,2009-04-01,190000.0
1456,3,2.5,31,2.0,855.0,6,2364,6,601,440.0,279.0,576.0,855,1978.0,147,0,0.0,5,Reg,0,160,24.0,26.11993393300743,50720.0,4.8,4.9,2009,4,Q2,TwnhsE,0,2009-04-01,163020.725375757
630,1,2.0,39,1.0,630.0,4,1477,3,0,286.0,509.0,121.0,630,1970.0,0,0,0.0,4,Reg,0,180,21.0,26.11993393300743,50720.0,4.8,4.9,2009,4,Q2,TwnhsE,0,2009-04-01,80000.0
1284,2,1.5,62,1.0,720.0,5,3500,5,564,240.0,312.0,408.0,720,1948.0,0,35,0.0,7,Reg,0,50,50.0,26.11993393300743,50720.0,4.8,4.9,2009,4,Q2,1Fam,1,2009-04-01,110000.0
1772,3,3.5,11,2.0,928.0,6,8750,7,844,492.0,606.0,322.0,928,1998.0,150,96,120.0,5,Reg,0,60,70.0,26.11993393300743,50720.0,4.8,4.9,2009,4,Q2,1Fam,0,2009-04-01,175588.618271096
1444,3,3.0,7,2.0,1431.0,7,10739,6,0,577.0,1259.0,172.0,1444,2002.0,144,40,68.0,5,IR1,0,20,65.0,26.11993393300743,50720.0,4.8,4.9,2009,4,Q2,1Fam,1,2009-04-01,179503.046546829
858,2,2.0,27,2.0,858.0,5,7252,5,0,576.0,685.0,173.0,858,1983.0,120,0,0.0,5,IR1,0,85,68.0,26.11993393300743,50720.0,4.8,4.9,2009,4,Q2,1Fam,0,2009-04-01,134900.0
1539,3,1.5,73,2.0,927.0,5,6120,5,472,576.0,0.0,927.0,1067,1995.0,112,0,0.0,6,Reg,0,50,51.0,26.11993393300743,50720.0,4.8,4.9,2009,4,Q2,1Fam,1,2009-04-01,141500.0
1453,3,3.0,48,2.0,1453.0,6,10573,6,0,530.0,1312.0,141.0,1453,1961.0,0,49,3.0,6,IR1,288,20,92.0,26.11993393300743,50720.0,4.8,4.9,2009,4,Q2,1Fam,0,2009-04-01,179176.352180931
1434,3,2.0,8,2.0,1454.0,7,8529,6,0,527.0,20.0,1434.0,1434,2001.0,290,39,0.0,5,IR1,0,20,65.0,26.11993393300743,50720.0,4.8,4.9,2009,4,Q2,1Fam,0,2009-04-01,189000.0
1456,2,2.0,1,2.0,1451.0,9,6472,6,0,539.0,0.0,1451.0,1456,2008.0,192,42,500.0,5,Reg,0,120,48.0,26.11993393300743,50720.0,4.8,4.9,2009,4,Q2,TwnhsE,0,2009-04-01,157829.546854733
1529,4,2.0,64,1.0,0.0,4,8405,9,441,240.0,0.0,0.0,1088,1945.0,92,0,0.0,3,Reg,0,50,50.0,26.11993393300743,50720.0,4.8,4.9,2009,4,Q2,1Fam,1,2009-04-01,98000.0
1584,4,2.0,42,3.0,1584.0,5,8944,8,0,792.0,0.0,1584.0,1584,1967.0,0,152,0.0,5,Reg,0,90,65.0,26.11993393300743,50720.0,4.8,4.9,2009,4,Q2,Duplex,0,2009-04-01,124000.0
1768,3,2.5,2,2.0,866.0,8,10769,7,902,578.0,20.0,846.0,866,2007.0,144,105,0.0,5,IR1,0,60,68.0,26.11993393300743,50720.0,4.8,4.9,2009,4,Q2,1Fam,0,2009-04-01,212000.0
2256,4,2.5,9,2.0,952.0,7,8795,8,1276,554.0,300.0,652.0,980,2000.0,224,54,0.0,5,IR1,0,60,68.0,26.11993393300743,50720.0,4.8,4.9,2009,4,Q2,1Fam,0,2009-04-01,236000.0
1441,3,2.5,31,2.0,855.0,6,2289,7,586,440.0,311.0,544.0,855,1978.0,28,0,0.0,6,Reg,0,160,24.0,26.11993393300743,50720.0,4.8,4.9,2009,4,Q2,Twnhs,0,2009-04-01,148500.0
1217,3,1.5,29,1.0,626.0,6,10762,6,591,288.0,0.0,626.0,626,1980.0,0,28,0.0,6,Reg,0,160,75.0,26.11993393300743,50720.0,4.8,4.9,2009,4,Q2,TwnhsE,0,2009-04-01,120000.0
1116,3,3.0,35,2.0,1116.0,6,10140,6,0,528.0,888.0,228.0,1116,1974.0,0,0,196.0,6,Reg,0,20,78.0,26.11993393300743,50720.0,4.8,4.9,2009,4,Q2,1Fam,0,2009-04-01,178324.191575907
1567,2,3.0,32,2.0,1567.0,6,9819,5,0,714.0,1567.0,0.0,1567,1977.0,264,32,0.0,5,IR1,0,20,68.0,26.11993393300743,50720.0,4.85,5.0,2009,5,Q2,1Fam,0,2009-05-01,196000.0
2020,3,3.0,1,3.0,2020.0,9,12350,7,0,896.0,1232.0,788.0,2020,2008.0,192,98,450.0,5,Reg,0,20,95.0,26.11993393300743,50720.0,4.85,5.0,2009,5,Q2,1Fam,0,2009-05-01,183778.44888032
1800,2,2.0,2,2.0,1800.0,9,11923,7,0,702.0,0.0,1800.0,1800,2007.0,288,136,0.0,5,IR1,0,20,122.0,26.11993393300743,50720.0,4.85,5.0,2009,5,Q2,1Fam,0,2009-05-01,239000.0
2640,4,1.5,129,4.0,1240.0,7,11700,8,1320,864.0,0.0,1240.0,1320,1950.0,181,0,0.0,7,IR1,0,70,65.0,26.11993393300743,50720.0,4.85,5.0,2009,5,Q2,1Fam,1,2009-05-01,265979.0
2640,5,2.5,42,2.0,932.0,6,10400,8,1369,515.0,0.0,932.0,1271,1967.0,0,120,256.0,7,Reg,168,60,80.0,26.11993393300743,50720.0,4.85,5.0,2009,5,Q2,1Fam,1,2009-05-01,206492.534215854
968,2,1.0,99,0.0,600.0,3,5925,6,368,0.0,0.0,600.0,600,1979.0,0,0,0.0,6,Reg,0,50,50.0,26.11993393300743,50720.0,4.85,5.0,2009,5,Q2,1Fam,1,2009-05-01,37900.0
1358,2,3.0,2,2.0,1350.0,7,10307,6,0,484.0,876.0,474.0,1358,2008.0,192,26,176.0,5,IR1,0,120,80.0,26.11993393300743,50720.0,4.85,5.0,2009,5,Q2,TwnhsE,1,2009-05-01,166481.86647592
1504,1,2.0,4,2.0,1346.0,7,3182,7,0,457.0,16.0,1330.0,1504,2005.0,156,0,16.0,5,Reg,0,120,43.0,26.11993393300743,50720.0,4.85,5.0,2009,5,Q2,TwnhsE,1,2009-05-01,181000.0
1884,2,3.0,1,2.0,1884.0,9,7390,6,0,649.0,800.0,1084.0,1884,2008.0,231,90,308.0,5,IR1,0,120,44.0,26.11993393300743,50720.0,4.85,5.0,2009,5,Q2,TwnhsE,1,2009-05-01,160741.098612515
1362,3,2.0,52,3.0,1040.0,4,9450,6,0,768.0,775.0,265.0,1362,1982.0,0,0,160.0,5,IR1,0,20,68.0,26.11993393300743,50720.0,4.85,5.0,2009,5,Q2,1Fam,0,2009-05-01,178071.137668844
630,1,2.0,39,1.0,630.0,4,1526,3,0,286.0,515.0,115.0,630,1970.0,0,0,0.0,8,Reg,0,180,21.0,26.11993393300743,50720.0,4.85,5.0,2009,5,Q2,Twnhs,1,2009-05-01,86000.0
1320,3,2.5,38,2.0,1232.0,6,16500,5,0,495.0,962.0,270.0,1320,1971.0,0,20,509.0,5,Reg,0,85,68.0,26.11993393300743,50720.0,4.85,5.0,2009,5,Q2,1Fam,0,2009-05-01,191945.808027777
1402,3,2.0,1,2.0,1402.0,7,8640,7,0,625.0,0.0,1402.0,1402,2008.0,205,126,0.0,5,Reg,0,20,72.0,26.11993393300743,50720.0,4.85,5.0,2009,5,Q2,1Fam,0,2009-05-01,176477.026606328
1126,2,2.0,60,2.0,0.0,4,8777,5,0,520.0,0.0,0.0,1126,2002.0,0,96,0.0,5,Reg,0,20,67.0,26.11993393300743,50720.0,4.85,5.0,2009,5,Q2,1Fam,1,2009-05-01,108000.0
2050,4,2.5,31,2.0,832.0,7,13250,8,896,529.0,0.0,832.0,1154,1978.0,192,192,256.0,6,IR1,0,60,68.0,26.11993393300743,50720.0,4.85,5.0,2009,5,Q2,1Fam,0,2009-05-01,198825.563452058
1953,3,2.5,4,3.0,1082.0,8,10574,9,871,1043.0,0.0,1082.0,1082,2005.0,160,50,0.0,5,Reg,0,60,85.0,26.11993393300743,50720.0,4.85,5.0,2009,5,Q2,1Fam,1,2009-05-01,252000.0
1707,3,2.0,31,2.0,1140.0,6,11088,7,0,479.0,832.0,308.0,1707,1978.0,0,0,144.0,5,Reg,0,20,80.0,26.11993393300743,50720.0,4.85,5.0,2009,5,Q2,1Fam,1,2009-05-01,181294.784484153
792,2,1.0,85,1.0,768.0,5,9022,5,0,240.0,0.0,768.0,792,1924.0,316,0,0.0,8,Reg,0,30,52.0,26.11993393300743,50720.0,4.85,5.0,2009,5,Q2,1Fam,1,2009-05-01,109500.0
2312,4,3.5,10,3.0,1177.0,7,15896,8,1089,658.0,913.0,264.0,1223,1999.0,298,0,210.0,5,IR2,0,60,68.0,26.11993393300743,50720.0,4.85,5.0,2009,5,Q2,1Fam,0,2009-05-01,204032.992922943
1306,2,2.0,52,1.0,992.0,5,8712,5,0,756.0,860.0,132.0,1306,1968.0,0,0,0.0,7,IR1,0,20,64.0,26.11993393300743,50720.0,4.85,5.0,2009,5,Q2,1Fam,1,2009-05-01,153000.0
1571,3,2.5,16,2.0,799.0,6,7837,7,772,380.0,0.0,799.0,799,1993.0,0,40,0.0,7,IR1,0,60,59.0,26.11993393300743,50720.0,4.85,5.0,2009,5,Q2,1Fam,1,2009-05-01,178000.0
2153,3,3.5,9,3.0,1440.0,9,11050,8,677,736.0,904.0,536.0,1476,2000.0,253,142,204.0,5,Reg,0,60,68.0,26.11993393300743,50720.0,4.85,5.0,2009,5,Q2,1Fam,0,2009-05-01,313000.0
1348,3,2.0,84,1.0,884.0,5,6000,5,464,216.0,0.0,884.0,884,1960.0,0,0,0.0,8,Reg,0,50,50.0,26.11993393300743,50720.0,4.85,5.0,2009,5,Q2,1Fam,1,2009-05-01,117000.0
1374,3,2.5,5,2.0,384.0,7,9734,7,630,400.0,241.0,30.0,744,2004.0,0,0,0.0,5,IR1,0,80,61.0,26.11993393300743,50720.0,4.85,5.0,2009,5,Q2,1Fam,0,2009-05-01,178630.060559899
1342,3,3.5,6,2.0,698.0,7,8174,7,644,393.0,494.0,204.0,698,2003.0,100,56,0.0,5,IR1,0,60,68.0,26.11993393300743,50720.0,4.85,5.0,2009,5,Q2,1Fam,0,2009-05-01,175559.920735795
848,1,2.0,6,2.0,848.0,6,4435,4,0,420.0,685.0,163.0,848,2003.0,140,0,170.0,5,Reg,0,120,68.0,26.11993393300743,50720.0,4.85,5.0,2009,5,Q2,TwnhsE,0,2009-05-01,140000.0
1556,4,1.5,41,2.0,727.0,6,11700,8,727,441.0,298.0,429.0,829,1968.0,0,0,0.0,6,Reg,0,60,78.0,26.11993393300743,50720.0,4.85,5.0,2009,5,Q2,1Fam,0,2009-05-01,154000.0
1576,3,3.5,86,2.0,1324.0,5,21384,6,504,528.0,1309.0,15.0,1072,1923.0,0,312,0.0,6,Reg,0,70,144.0,26.11993393300743,50720.0,4.85,5.0,2009,5,Q2,1Fam,1,2009-05-01,223500.0
1456,3,2.5,32,2.0,855.0,6,2349,6,601,440.0,389.0,466.0,855,1977.0,0,28,0.0,5,Reg,0,160,24.0,26.11993393300743,50720.0,4.85,5.0,2009,5,Q2,Twnhs,0,2009-05-01,164096.097354123
1114,3,1.5,5,2.0,1114.0,7,13072,6,0,576.0,0.0,1114.0,1114,2005.0,248,102,0.0,5,Reg,0,20,63.0,26.11993393300743,50720.0,4.85,5.0,2009,5,Q2,1Fam,1,2009-05-01,185199.372568143
1530,3,2.0,2,3.0,1530.0,9,12606,7,0,984.0,0.0,1530.0,1530,2008.0,212,136,120.0,5,IR1,0,20,112.0,26.11993393300743,50720.0,4.85,5.0,2009,5,Q2,1Fam,1,2009-05-01,184282.266697609
1229,2,1.5,29,2.0,561.0,6,1300,5,668,462.0,285.0,276.0,561,1980.0,150,0,0.0,6,Reg,0,160,24.0,26.11993393300743,50720.0,4.85,5.0,2009,5,Q2,TwnhsE,0,2009-05-01,124000.0
1882,4,2.0,28,2.0,0.0,6,8250,8,918,612.0,0.0,0.0,964,1981.0,0,0,0.0,7,Reg,0,90,75.0,26.11993393300743,50720.0,4.85,5.0,2009,5,Q2,Duplex,0,2009-05-01,188985.371708134
1020,3,2.0,44,1.0,1024.0,5,9316,5,0,288.0,544.0,480.0,1020,1965.0,171,0,0.0,5,IR1,0,20,68.0,26.11993393300743,50720.0,4.85,5.0,2009,5,Q2,1Fam,0,2009-05-01,177807.420530107
1344,3,1.5,39,0.0,546.0,4,1533,6,546,0.0,0.0,546.0,798,1979.0,0,0,0.0,6,Reg,0,160,21.0,26.11993393300743,50720.0,4.85,5.0,2009,5,Q2,Twnhs,1,2009-05-01,97000.0
2061,4,3.0,35,2.0,1165.0,7,9600,8,896,498.0,698.0,467.0,1165,1974.0,0,77,252.0,5,Reg,196,60,80.0,26.11993393300743,50720.0,4.85,5.0,2009,5,Q2,1Fam,0,2009-05-01,191642.223478994
1230,2,1.5,99,2.0,440.0,5,10440,5,548,440.0,0.0,440.0,682,1966.0,74,0,0.0,6,Reg,0,50,60.0,26.11993393300743,50720.0,4.85,5.0,2009,5,Q2,1Fam,1,2009-05-01,110000.0
1228,3,1.0,91,1.0,600.0,7,7155,6,600,215.0,0.0,600.0,628,1918.0,0,113,0.0,8,Reg,195,70,53.0,26.11993393300743,50720.0,4.85,5.0,2009,5,Q2,1Fam,1,2009-05-01,173554.489658383
1365,3,1.5,39,2.0,765.0,5,2368,7,600,440.0,765.0,0.0,765,1970.0,0,36,312.0,6,Reg,0,160,24.0,26.11993393300743,50720.0,4.85,5.0,2009,5,Q2,TwnhsE,0,2009-05-01,125000.0
1412,4,1.0,70,1.0,780.0,6,6000,6,587,280.0,0.0,780.0,825,1939.0,45,0,0.0,6,Reg,0,50,50.0,26.11993393300743,50720.0,4.85,5.0,2009,5,Q2,1Fam,1,2009-05-01,132500.0
1290,2,3.0,2,2.0,1282.0,7,6762,6,0,662.0,902.0,380.0,1290,2007.0,168,0,0.0,5,Reg,0,20,64.0,26.11993393300743,50720.0,4.85,5.0,2009,5,Q2,1Fam,0,2009-05-01,159505.170529478
1654,3,2.0,79,1.0,297.0,5,4960,7,653,336.0,0.0,297.0,1001,1955.0,244,60,0.0,7,Reg,0,70,50.0,26.11993393300743,50720.0,4.85,5.0,2009,5,Q2,1Fam,1,2009-05-01,169234.6454828
1474,3,2.5,14,2.0,384.0,7,8530,7,670,400.0,0.0,384.0,804,1995.0,120,72,22.0,5,IR1,0,80,68.0,26.11993393300743,50720.0,4.85,5.0,2009,5,Q2,1Fam,1,2009-05-01,168500.0
990,3,2.0,15,2.0,990.0,5,8072,5,0,480.0,746.0,244.0,990,2000.0,0,64,0.0,5,Reg,0,20,60.0,26.11993393300743,50720.0,4.85,5.0,2009,5,Q2,1Fam,1,2009-05-01,138000.0
1560,2,1.0,53,1.0,1150.0,5,11767,7,0,313.0,546.0,604.0,1560,1956.0,0,0,259.0,5,Reg,0,20,70.0,26.11993393300743,50720.0,4.85,5.0,2009,5,Q2,1Fam,0,2009-05-01,169355.202465146
1382,3,2.0,47,2.0,1362.0,6,19296,6,0,884.0,672.0,0.0,1382,1991.0,0,0,399.0,5,Reg,0,80,120.0,26.11993393300743,50720.0,4.85,5.0,2009,5,Q2,1Fam,0,2009-05-01,176000.0
1578,3,2.0,1,3.0,1573.0,8,9262,7,0,840.0,0.0,1573.0,1578,2008.0,0,36,194.0,5,Reg,0,20,78.0,26.11993393300743,50720.0,4.85,5.0,2009,5,Q2,1Fam,1,2009-05-01,287090.0
1904,3,2.5,59,1.0,1208.0,5,7200,7,768,240.0,180.0,676.0,1136,1950.0,0,0,0.0,4,Reg,0,50,60.0,26.11993393300743,50720.0,4.85,5.0,2009,5,Q2,1Fam,1,2009-05-01,138000.0
1983,3,2.5,10,2.0,978.0,7,10762,9,978,490.0,694.0,284.0,1005,1999.0,0,0,344.0,5,IR1,0,60,68.0,26.11993393300743,50720.0,4.85,5.0,2009,5,Q2,1Fam,0,2009-05-01,225000.0
1040,3,2.0,42,2.0,1040.0,6,11500,6,0,480.0,872.0,108.0,1040,1967.0,0,0,0.0,4,IR1,0,20,77.0,26.11993393300743,50720.0,4.85,5.0,2009,5,Q2,1Fam,0,2009-05-01,182105.616283853
1288,3,2.0,92,1.0,624.0,6,3600,5,624,280.0,0.0,624.0,664,1917.0,0,103,0.0,7,Reg,0,70,60.0,26.11993393300743,50720.0,4.85,5.0,2009,5,Q2,1Fam,1,2009-05-01,166558.113328453
816,2,2.0,71,1.0,816.0,4,8877,3,0,288.0,690.0,126.0,816,1958.0,0,0,0.0,6,Reg,0,20,67.0,26.11993393300743,50720.0,4.85,5.0,2009,5,Q2,1Fam,1,2009-05-01,100000.0
952,2,1.0,93,1.0,952.0,6,8854,4,0,192.0,0.0,952.0,952,1916.0,0,98,0.0,6,Reg,40,30,68.0,26.11993393300743,50720.0,4.85,5.0,2009,5,Q2,1Fam,1,2009-05-01,121000.0
972,2,2.0,61,1.0,972.0,6,8000,5,0,240.0,680.0,292.0,972,1948.0,0,0,0.0,6,Reg,0,20,50.0,26.11993393300743,50720.0,4.85,5.0,2009,5,Q2,1Fam,1,2009-05-01,132000.0
1039,2,1.0,109,1.0,405.0,4,8146,6,322,281.0,0.0,405.0,717,1940.0,0,0,0.0,8,Reg,111,70,80.0,26.11993393300743,50720.0,4.85,5.0,2009,5,Q2,1Fam,1,2009-05-01,162228.935604196
1561,3,3.0,49,2.0,1561.0,6,13339,6,0,463.0,65.0,621.0,1561,1960.0,0,148,132.0,6,IR1,120,20,90.0,26.11993393300743,50720.0,4.85,5.0,2009,5,Q2,1Fam,0,2009-05-01,185724.838807268
1870,3,2.5,8,2.0,944.0,7,11250,6,926,608.0,0.0,944.0,944,2001.0,256,43,0.0,5,Reg,0,60,68.0,26.11993393300743,50720.0,4.85,5.0,2009,5,Q2,1Fam,0,2009-05-01,181613.606696657
1302,3,2.5,38,1.0,630.0,5,1680,6,672,280.0,0.0,630.0,630,1991.0,0,0,142.0,5,Reg,0,160,21.0,26.11993393300743,50720.0,4.85,5.0,2009,5,Q2,Twnhs,0,2009-05-01,112000.0
1442,3,2.0,19,2.0,1424.0,7,11851,5,0,500.0,0.0,1424.0,1442,1990.0,0,34,0.0,5,Reg,0,20,99.0,26.11993393300743,50720.0,4.85,5.0,2009,5,Q2,1Fam,0,2009-05-01,180500.0
1569,1,2.5,2,3.0,1386.0,7,3635,7,0,660.0,988.0,398.0,1569,2007.0,143,20,130.0,5,Reg,0,120,51.0,26.11993393300743,50720.0,4.85,5.0,2009,5,Q2,TwnhsE,0,2009-05-01,175900.0
1032,2,1.0,29,2.0,516.0,6,1733,5,516,452.0,0.0,516.0,516,1980.0,279,0,0.0,6,Reg,0,160,24.0,26.11993393300743,50720.0,4.85,5.0,2009,5,Q2,Twnhs,0,2009-05-01,149607.905673439
987,2,1.5,37,1.0,483.0,6,1680,5,504,264.0,162.0,321.0,483,1972.0,250,0,510.0,8,Reg,0,160,21.0,26.11993393300743,50720.0,4.85,5.0,2009,5,Q2,Twnhs,1,2009-05-01,118000.0
1555,2,2.0,4,2.0,1373.0,7,3182,7,0,430.0,16.0,1357.0,1555,2005.0,143,20,16.0,5,Reg,0,120,43.0,26.11993393300743,50720.0,4.85,5.0,2009,5,Q2,TwnhsE,1,2009-05-01,192500.0
2052,3,2.5,9,3.0,1107.0,8,10125,7,1012,642.0,445.0,412.0,1040,2000.0,210,91,0.0,5,Reg,0,60,75.0,26.11993393300743,50720.0,4.85,5.0,2009,5,Q2,1Fam,1,2009-05-01,179399.563554274
1978,2,3.0,2,3.0,1978.0,9,12633,7,0,920.0,1640.0,338.0,1978,2007.0,308,52,290.0,5,IR1,0,20,85.0,26.11993393300743,50720.0,4.85,5.0,2009,5,Q2,1Fam,0,2009-05-01,171059.523675194
1339,3,1.0,51,1.0,1029.0,5,7560,6,0,294.0,504.0,525.0,1339,1958.0,0,0,0.0,6,Reg,0,20,70.0,26.11993393300743,50720.0,4.85,5.0,2009,5,Q2,1Fam,1,2009-05-01,139000.0
572,2,1.0,84,1.0,572.0,4,10200,4,0,200.0,0.0,572.0,572,1940.0,0,0,0.0,6,Reg,0,30,60.0,26.11993393300743,50720.0,4.85,5.0,2009,5,Q2,1Fam,1,2009-05-01,166271.2863726
1864,6,2.5,107,0.0,1020.0,7,5852,9,886,0.0,169.0,851.0,978,1979.0,0,188,188.0,5,IR3,0,190,41.0,26.11993393300743,50720.0,4.85,5.0,2009,5,Q2,2fmCon,1,2009-05-01,210817.775863413
2450,3,3.5,11,3.0,1284.0,8,16545,7,1140,1069.0,781.0,503.0,1310,1998.0,0,126,731.0,5,IR1,0,60,68.0,26.11993393300743,50720.0,4.85,5.0,2009,5,Q2,1Fam,0,2009-05-01,340000.0
1217,3,3.0,19,2.0,1188.0,7,9947,6,0,497.0,611.0,577.0,1217,1990.0,168,27,0.0,5,IR1,0,80,68.0,26.11993393300743,50720.0,5.4,6.0,2009,6,Q2,1Fam,1,2009-06-01,173000.0
1501,3,3.0,10,2.0,1490.0,7,10335,6,0,577.0,679.0,811.0,1501,1999.0,144,29,183.0,5,IR1,0,20,78.0,26.11993393300743,50720.0,5.4,6.0,2009,6,Q2,1Fam,0,2009-06-01,204000.0
1296,2,3.0,8,2.0,1267.0,8,6853,6,0,471.0,1005.0,262.0,1296,2001.0,192,25,136.0,5,IR1,0,20,68.0,26.11993393300743,50720.0,5.4,6.0,2009,6,Q2,1Fam,1,2009-06-01,220000.0
1535,4,2.0,30,2.0,0.0,5,7018,8,0,400.0,0.0,0.0,1535,1979.0,0,0,0.0,5,Reg,0,90,64.0,26.11993393300743,50720.0,5.4,6.0,2009,6,Q2,Duplex,0,2009-06-01,187665.64101603
1621,3,3.0,34,2.0,1621.0,5,9373,7,0,478.0,1333.0,120.0,1621,1975.0,0,0,161.0,7,IR1,490,20,68.0,26.11993393300743,50720.0,5.4,6.0,2009,6,Q2,1Fam,0,2009-06-01,179024.491269586
2126,3,3.0,42,2.0,1013.0,5,28698,7,966,538.0,249.0,0.0,1160,1967.0,486,0,0.0,5,IR2,225,60,68.0,26.11993393300743,50720.0,5.4,6.0,2009,6,Q2,1Fam,0,2009-06-01,185000.0
1144,3,2.0,53,1.0,1169.0,5,8760,6,0,286.0,856.0,313.0,1144,1956.0,257,0,164.0,7,Reg,0,20,73.0,26.11993393300743,50720.0,5.4,6.0,2009,6,Q2,1Fam,0,2009-06-01,177818.083761781
2184,4,2.5,6,2.0,1068.0,8,12334,8,1116,570.0,0.0,1068.0,1068,2003.0,192,132,198.0,5,IR1,0,60,68.0,26.11993393300743,50720.0,5.4,6.0,2009,6,Q2,1Fam,0,2009-06-01,198127.73287817
1760,3,3.0,6,2.0,1760.0,7,12878,8,0,583.0,1262.0,498.0,1760,2003.0,165,190,418.0,5,IR1,0,20,90.0,26.11993393300743,50720.0,5.4,6.0,2009,6,Q2,1Fam,1,2009-06-01,185922.465682076
1430,3,2.0,8,2.0,1413.0,7,16285,6,0,605.0,0.0,1413.0,1430,2001.0,0,33,0.0,5,IR2,0,20,67.0,26.11993393300743,50720.0,5.4,6.0,2009,6,Q2,1Fam,1,2009-06-01,187100.0
2016,4,1.0,129,2.0,0.0,5,26400,7,728,576.0,0.0,0.0,1288,1900.0,0,0,0.0,7,Reg,0,70,120.0,26.11993393300743,50720.0,5.4,6.0,2009,6,Q2,1Fam,1,2009-06-01,225810.160292177
2520,5,3.5,2,3.0,1508.0,8,23303,10,1012,640.0,1230.0,278.0,1508,2007.0,192,273,20.0,5,IR3,0,60,59.0,26.11993393300743,50720.0,5.4,6.0,2009,6,Q2,1Fam,0,2009-06-01,232991.025583822
2228,6,2.0,30,2.0,0.0,5,7018,8,1114,720.0,0.0,0.0,1114,1979.0,73,0,0.0,5,Reg,0,90,64.0,26.11993393300743,50720.0,5.4,6.0,2009,6,Q2,Duplex,0,2009-06-01,214217.401131694
1478,3,2.5,52,2.0,1478.0,6,8400,6,0,442.0,189.0,628.0,1478,1957.0,114,0,0.0,3,Reg,216,20,70.0,26.11993393300743,50720.0,5.4,6.0,2009,6,Q2,1Fam,0,2009-06-01,156500.0
1204,2,3.0,11,2.0,1204.0,6,4500,5,0,412.0,866.0,338.0,1204,1998.0,0,247,320.0,5,Reg,0,120,32.0,26.11993393300743,50720.0,5.4,6.0,2009,6,Q2,TwnhsE,0,2009-06-01,162000.0
1468,3,2.0,1,3.0,1468.0,8,9178,6,0,904.0,0.0,1468.0,1468,2008.0,192,142,0.0,5,Reg,0,20,71.0,26.11993393300743,50720.0,5.4,6.0,2009,6,Q2,1Fam,0,2009-06-01,178640.723791573
2772,4,4.5,2,3.0,1776.0,9,14257,10,978,754.0,1360.0,416.0,1794,2007.0,135,64,726.0,5,Reg,0,60,110.0,26.11993393300743,50720.0,5.4,6.0,2009,6,Q2,1Fam,0,2009-06-01,201912.270622883
1743,3,3.0,1,3.0,1739.0,9,10367,8,0,927.0,1015.0,724.0,1743,2008.0,168,45,284.0,5,IR1,0,20,87.0,26.11993393300743,50720.0,5.4,6.0,2009,6,Q2,1Fam,0,2009-06-01,180980.721388278
1840,3,3.5,8,2.0,944.0,7,12420,6,896,622.0,666.0,278.0,944,2001.0,0,45,0.0,5,Reg,0,60,79.0,26.11993393300743,50720.0,5.4,6.0,2009,6,Q2,1Fam,0,2009-06-01,230000.0
1513,4,2.0,30,2.0,0.0,5,7007,8,0,400.0,0.0,0.0,1513,1979.0,0,0,0.0,5,Reg,0,90,64.0,26.11993393300743,50720.0,5.4,6.0,2009,6,Q2,Duplex,0,2009-06-01,187643.992594193
1229,2,3.0,30,2.0,1094.0,5,7040,6,0,672.0,1094.0,0.0,1229,1979.0,120,0,216.0,5,Reg,0,90,64.0,26.11993393300743,50720.0,5.4,6.0,2009,6,Q2,Duplex,0,2009-06-01,161157.177744039
1759,3,3.5,17,2.0,1449.0,7,16698,7,815,525.0,800.0,649.0,944,1992.0,150,193,0.0,5,IR1,0,60,68.0,26.11993393300743,50720.0,5.4,6.0,2009,6,Q2,1Fam,1,2009-06-01,193440.372174434
988,3,3.0,50,1.0,988.0,6,9240,6,0,297.0,708.0,280.0,988,1959.0,156,0,0.0,8,IR1,0,20,66.0,26.11993393300743,50720.0,5.4,6.0,2009,6,Q2,1Fam,1,2009-06-01,178762.742169197
883,2,2.0,17,2.0,828.0,5,7669,5,0,698.0,718.0,0.0,883,1998.0,100,32,0.0,6,Reg,0,85,70.0,26.11993393300743,50720.0,5.4,6.0,2009,6,Q2,1Fam,1,2009-06-01,162395.073865424
1513,2,3.0,10,2.0,1462.0,8,15750,5,0,521.0,1246.0,216.0,1513,1999.0,135,34,260.0,5,Reg,0,20,90.0,26.11993393300743,50720.0,5.4,6.0,2009,6,Q2,1Fam,1,2009-06-01,178298.791761954
1273,2,1.0,49,1.0,1273.0,5,14680,5,0,307.0,793.0,480.0,1273,1960.0,483,0,0.0,4,IR1,115,20,80.0,26.11993393300743,50720.0,5.4,6.0,2009,6,Q2,1Fam,0,2009-06-01,176192.990728755
1452,2,2.0,89,0.0,736.0,4,4456,8,716,0.0,0.0,736.0,736,1979.0,0,0,0.0,5,Reg,0,190,33.0,26.11993393300743,50720.0,5.4,6.0,2009,6,Q2,2fmCon,1,2009-06-01,113000.0
1308,2,2.5,69,1.0,728.0,5,9600,7,332,256.0,428.0,300.0,976,1940.0,0,70,0.0,7,IR1,0,50,130.0,26.11993393300743,50720.0,5.4,6.0,2009,6,Q2,1Fam,1,2009-06-01,160000.0
1121,3,2.0,46,2.0,1121.0,5,8816,5,0,480.0,651.0,470.0,1121,1963.0,0,80,0.0,6,Reg,0,20,80.0,26.11993393300743,50720.0,5.4,6.0,2009,6,Q2,1Fam,0,2009-06-01,139000.0
1097,3,1.5,15,2.0,1097.0,5,10859,6,0,672.0,0.0,1097.0,1097,1995.0,392,64,0.0,5,Reg,0,20,112.0,26.11993393300743,50720.0,5.4,6.0,2009,6,Q2,1Fam,1,2009-06-01,145000.0
1022,2,2.0,99,1.0,1022.0,5,7200,4,0,280.0,247.0,310.0,1022,1956.0,0,30,0.0,4,Reg,0,30,60.0,26.11993393300743,50720.0,5.4,6.0,2009,6,Q2,1Fam,1,2009-06-01,85000.0
1504,3,3.0,13,2.0,1504.0,7,11883,6,0,478.0,690.0,814.0,1504,1996.0,115,66,196.0,5,Reg,0,20,73.0,26.11993393300743,50720.0,5.4,6.0,2009,6,Q2,1Fam,0,2009-06-01,203000.0
1434,4,3.0,35,2.0,1434.0,6,10200,7,0,528.0,844.0,590.0,1434,1974.0,80,21,440.0,5,Reg,0,20,85.0,26.11993393300743,50720.0,5.4,6.0,2009,6,Q2,1Fam,0,2009-06-01,193927.939041863
1648,2,3.5,2,2.0,1596.0,8,3843,5,0,482.0,1476.0,120.0,1648,2007.0,162,53,174.0,5,IR1,0,120,44.0,26.11993393300743,50720.0,5.4,6.0,2009,6,Q2,TwnhsE,1,2009-06-01,154865.359142973
2020,3,2.5,14,2.0,1128.0,8,9828,8,878,466.0,584.0,544.0,1142,1995.0,0,155,0.0,5,IR1,0,60,80.0,26.11993393300743,50720.0,5.4,6.0,2009,6,Q2,1Fam,0,2009-06-01,239500.0
1555,2,2.0,2,3.0,1373.0,7,3684,7,0,660.0,0.0,1373.0,1555,2007.0,143,20,130.0,5,Reg,0,120,53.0,26.11993393300743,50720.0,5.4,6.0,2009,6,Q2,TwnhsE,0,2009-06-01,174000.0
848,1,2.0,6,2.0,848.0,6,4435,4,0,420.0,685.0,163.0,848,2003.0,140,0,170.0,5,Reg,0,120,68.0,26.11993393300743,50720.0,5.4,6.0,2009,6,Q2,TwnhsE,1,2009-06-01,144000.0
698,2,1.5,62,0.0,698.0,5,9405,4,0,0.0,0.0,698.0,698,1979.0,0,200,0.0,9,Reg,0,20,50.0,26.11993393300743,50720.0,5.4,6.0,2009,6,Q2,1Fam,1,2009-06-01,118000.0
1040,2,2.0,59,2.0,0.0,3,8544,6,0,400.0,0.0,0.0,1040,1987.0,0,0,0.0,4,Reg,0,90,60.0,26.11993393300743,50720.0,5.4,6.0,2009,6,Q2,Duplex,0,2009-06-01,92900.0
1738,4,2.0,89,1.0,715.0,4,12513,7,457,368.0,0.0,715.0,1281,1920.0,55,0,0.0,4,IR1,0,50,68.0,26.11993393300743,50720.0,5.4,6.0,2009,6,Q2,1Fam,1,2009-06-01,104900.0
1530,3,3.0,4,2.0,1530.0,7,16158,7,0,430.0,1274.0,256.0,1530,2005.0,168,36,16.0,5,IR1,0,20,124.0,26.11993393300743,50720.0,5.4,6.0,2009,6,Q2,1Fam,0,2009-06-01,260000.0
1733,4,2.0,54,2.0,0.0,3,13680,8,0,452.0,0.0,0.0,1733,1955.0,0,0,0.0,5,IR1,0,20,68.0,26.11993393300743,50720.0,5.4,6.0,2009,6,Q2,1Fam,0,2009-06-01,139600.0
1884,3,3.5,6,2.0,926.0,7,7000,7,868,581.0,622.0,304.0,1016,2003.0,0,35,0.0,5,Reg,0,60,70.0,26.11993393300743,50720.0,5.4,6.0,2009,6,Q2,1Fam,0,2009-06-01,174354.336267919
2060,3,3.5,10,2.0,992.0,7,8755,8,1038,390.0,772.0,220.0,1022,1999.0,0,0,298.0,5,IR1,0,60,68.0,26.11993393300743,50720.0,5.4,6.0,2009,6,Q2,1Fam,0,2009-06-01,214000.0
1628,3,2.5,13,2.0,384.0,7,8400,7,670,390.0,284.0,100.0,958,1996.0,48,72,32.0,5,Reg,0,80,60.0,26.11993393300743,50720.0,5.4,6.0,2009,6,Q2,1Fam,1,2009-06-01,177109.589956218
1828,3,3.0,7,2.0,1822.0,8,12782,7,0,523.0,1360.0,462.0,1828,2002.0,194,144,164.0,5,Reg,0,20,68.0,26.11993393300743,50720.0,5.4,6.0,2009,6,Q2,1Fam,1,2009-06-01,185733.534000593
1370,3,2.0,33,2.0,1090.0,7,10400,6,0,479.0,0.0,1090.0,1370,1976.0,0,0,189.0,5,Reg,0,20,80.0,26.11993393300743,50720.0,5.4,6.0,2009,6,Q2,1Fam,0,2009-06-01,152000.0
2224,4,3.5,5,3.0,1462.0,9,8834,10,762,738.0,1170.0,292.0,1462,2004.0,184,0,216.0,5,Reg,0,60,74.0,26.11993393300743,50720.0,5.4,6.0,2009,6,Q2,1Fam,1,2009-06-01,350000.0
1535,4,2.0,30,2.0,0.0,5,7018,8,0,410.0,0.0,0.0,1535,1979.0,0,0,0.0,5,Reg,0,90,64.0,26.11993393300743,50720.0,5.4,6.0,2009,6,Q2,Duplex,0,2009-06-01,118964.0
1224,2,3.0,30,2.0,1086.0,5,7018,6,0,528.0,1086.0,0.0,1224,1979.0,120,0,275.0,5,Reg,0,90,64.0,26.11993393300743,50720.0,5.4,6.0,2009,6,Q2,Duplex,0,2009-06-01,153337.0
1724,3,2.5,42,2.0,1680.0,6,17871,7,0,480.0,528.0,1152.0,1724,1967.0,0,0,359.0,5,IR1,0,80,68.0,26.11993393300743,50720.0,5.4,6.0,2009,6,Q2,1Fam,1,2009-06-01,197900.0
1535,4,2.0,30,2.0,0.0,5,7018,8,0,400.0,0.0,0.0,1535,1979.0,0,0,0.0,5,Reg,0,90,64.0,26.11993393300743,50720.0,5.4,6.0,2009,6,Q2,Duplex,0,2009-06-01,118858.0
2142,4,2.5,41,1.0,896.0,6,13000,8,960,509.0,448.0,448.0,1182,1968.0,0,72,576.0,6,Reg,252,60,100.0,26.11993393300743,50720.0,5.4,6.0,2009,6,Q2,1Fam,0,2009-06-01,193500.0
2240,6,2.0,30,2.0,0.0,5,7018,12,1120,528.0,0.0,0.0,1120,1979.0,154,0,0.0,5,Reg,0,90,64.0,26.11993393300743,50720.0,5.4,6.0,2009,6,Q2,Duplex,0,2009-06-01,142953.0
2196,3,2.0,19,3.0,2158.0,7,14684,7,0,701.0,485.0,1496.0,2196,1990.0,84,70,234.0,7,IR1,0,20,90.0,26.11993393300743,50720.0,5.4,6.0,2009,6,Q2,1Fam,1,2009-06-01,271900.0
1484,3,2.5,4,2.0,742.0,6,12589,8,742,390.0,0.0,742.0,742,2005.0,36,24,0.0,5,IR2,0,60,149.0,26.11993393300743,50720.0,5.4,6.0,2009,6,Q2,1Fam,0,2009-06-01,174000.0
1368,3,2.0,59,1.0,1078.0,5,11767,6,0,195.0,1078.0,0.0,1368,1950.0,0,41,0.0,5,Reg,0,20,70.0,26.11993393300743,50720.0,5.4,6.0,2009,6,Q2,1Fam,0,2009-06-01,183735.975076576
1212,3,2.0,8,2.0,1212.0,7,9100,6,0,573.0,0.0,1212.0,1212,2001.0,356,0,0.0,5,Reg,0,20,70.0,26.11993393300743,50720.0,5.4,6.0,2009,6,Q2,1Fam,0,2009-06-01,178000.0
1224,2,2.5,0,2.0,612.0,6,3000,4,612,528.0,294.0,318.0,612,2009.0,0,234,76.0,5,Reg,0,160,30.0,26.11993393300743,50720.0,5.4,6.0,2009,6,Q2,TwnhsE,0,2009-06-01,173733.0
1224,2,3.0,10,2.0,1224.0,6,4500,5,0,402.0,883.0,341.0,1224,1999.0,0,304,425.0,5,Reg,0,120,68.0,26.11993393300743,50720.0,5.4,6.0,2009,6,Q2,TwnhsE,0,2009-06-01,165000.0
1788,3,2.0,8,2.0,1753.0,8,11838,7,0,522.0,0.0,1753.0,1788,2001.0,202,151,0.0,5,Reg,0,20,68.0,26.11993393300743,50720.0,5.4,6.0,2009,6,Q2,1Fam,0,2009-06-01,236500.0
1224,2,2.5,0,2.0,612.0,6,3951,4,612,528.0,0.0,612.0,612,2009.0,0,234,76.0,5,Reg,0,160,40.0,26.11993393300743,50720.0,5.4,6.0,2009,6,Q2,TwnhsE,0,2009-06-01,164500.0
1040,2,2.0,60,2.0,0.0,4,7200,6,0,420.0,0.0,0.0,1040,1956.0,0,0,0.0,5,Reg,0,90,60.0,26.11993393300743,50720.0,5.4,6.0,2009,6,Q2,Duplex,1,2009-06-01,90000.0
2400,4,3.5,6,3.0,1082.0,8,13262,10,1295,730.0,0.0,1082.0,1105,2003.0,114,40,186.0,5,IR1,0,60,96.0,26.11993393300743,50720.0,5.4,6.0,2009,6,Q2,1Fam,1,2009-06-01,199954.072465842
1510,3,2.0,99,2.0,677.0,4,9600,7,677,720.0,0.0,677.0,833,1974.0,0,0,0.0,4,Reg,0,70,60.0,26.11993393300743,50720.0,5.4,6.0,2009,6,Q2,1Fam,1,2009-06-01,179471.23597476
1050,2,1.0,53,1.0,1050.0,5,9600,5,0,338.0,504.0,546.0,1050,1956.0,0,0,0.0,6,Reg,0,20,80.0,26.11993393300743,50720.0,5.4,6.0,2009,6,Q2,1Fam,0,2009-06-01,128900.0
1215,3,1.0,51,1.0,1215.0,6,12400,6,0,297.0,585.0,630.0,1215,1958.0,0,0,176.0,7,IR1,234,20,66.0,26.11993393300743,50720.0,5.4,6.0,2009,6,Q2,1Fam,1,2009-06-01,155000.0
1680,3,3.0,11,2.0,1650.0,7,10140,7,0,583.0,144.0,379.0,1680,1998.0,78,73,0.0,5,Reg,0,20,78.0,26.11993393300743,50720.0,5.4,6.0,2009,6,Q2,1Fam,1,2009-06-01,213250.0
864,2,1.5,42,1.0,864.0,5,7130,5,0,312.0,648.0,216.0,864,1967.0,0,0,0.0,6,Reg,0,20,62.0,26.11993393300743,50720.0,5.4,6.0,2009,6,Q2,1Fam,0,2009-06-01,161334.301195429
2007,3,2.0,109,1.0,917.0,6,8400,8,917,357.0,0.0,917.0,1090,1930.0,0,235,0.0,7,Reg,0,70,70.0,26.11993393300743,50720.0,5.4,6.0,2009,6,Q2,1Fam,1,2009-06-01,177109.589956218
1448,2,2.0,3,2.0,1372.0,8,7500,6,0,692.0,24.0,1348.0,1448,2006.0,0,140,238.0,5,Reg,0,20,75.0,26.11993393300743,50720.0,5.4,6.0,2009,6,Q2,1Fam,1,2009-06-01,162062.47538448
1363,2,2.0,58,1.0,1008.0,5,14559,6,0,288.0,650.0,178.0,1363,1951.0,324,42,70.0,7,Reg,168,20,75.0,26.11993393300743,50720.0,5.4,6.0,2009,6,Q2,1Fam,1,2009-06-01,164900.0
1944,4,3.0,99,2.0,972.0,6,10307,12,972,324.0,633.0,339.0,972,1920.0,0,28,0.0,5,Reg,0,90,57.0,26.11993393300743,50720.0,5.4,6.0,2009,6,Q2,Duplex,1,2009-06-01,194138.519145183
864,3,2.0,48,2.0,864.0,5,8499,5,0,732.0,660.0,204.0,864,1982.0,0,312,0.0,6,IR1,0,20,68.0,26.11993393300743,50720.0,5.4,6.0,2009,6,Q2,1Fam,0,2009-06-01,177304.425752748
1378,3,1.0,74,1.0,901.0,6,4080,6,517,162.0,0.0,901.0,861,1920.0,54,0,0.0,8,Reg,0,50,68.0,26.11993393300743,50720.0,5.4,6.0,2009,6,Q2,1Fam,1,2009-06-01,168607.664289468
1740,2,1.5,28,2.0,1740.0,7,15417,7,0,540.0,121.0,1619.0,1740,1981.0,228,20,0.0,5,Reg,0,20,110.0,26.11993393300743,50720.0,5.4,6.0,2009,6,Q2,1Fam,0,2009-06-01,177643.434991809
2036,3,4.0,44,2.0,2136.0,7,215245,8,0,513.0,1236.0,80.0,2036,1965.0,0,0,0.0,5,IR3,0,20,150.0,26.11993393300743,50720.0,5.4,6.0,2009,6,Q2,1Fam,0,2009-06-01,375000.0
1141,3,2.5,3,2.0,1141.0,7,7500,6,0,484.0,54.0,1087.0,1141,2006.0,182,0,0.0,5,Reg,0,20,63.0,26.11993393300743,50720.0,5.4,6.0,2009,6,Q2,1Fam,0,2009-06-01,175338.355442312
599,2,2.0,69,0.0,416.0,2,5400,4,0,0.0,0.0,416.0,599,1979.0,0,81,0.0,5,Reg,0,30,90.0,26.11993393300743,50720.0,5.4,6.0,2009,6,Q2,1Fam,1,2009-06-01,157929.594852031
846,2,1.0,89,2.0,720.0,5,10800,4,0,576.0,0.0,720.0,846,1980.0,0,0,0.0,7,Reg,0,30,60.0,26.11993393300743,50720.0,5.4,6.0,2009,6,Q2,1Fam,1,2009-06-01,168557.001935469
2296,3,3.5,1,3.0,1722.0,10,13478,10,568,842.0,1338.0,384.0,1728,2008.0,382,274,420.0,5,IR1,0,60,97.0,26.11993393300743,50720.0,5.4,6.0,2009,6,Q2,1Fam,0,2009-06-01,451950.0
1472,3,3.0,29,2.0,1372.0,7,14115,6,0,588.0,1036.0,336.0,1472,1980.0,233,48,225.0,5,Reg,0,80,68.0,26.11993393300743,50720.0,5.4,6.0,2009,6,Q2,1Fam,0,2009-06-01,187500.0
899,3,1.0,42,1.0,864.0,5,7800,5,0,288.0,450.0,414.0,899,1967.0,64,0,89.0,7,Reg,0,20,65.0,26.11993393300743,50720.0,5.4,6.0,2009,6,Q2,1Fam,1,2009-06-01,130000.0
1473,1,3.0,41,1.0,1437.0,5,25095,5,0,452.0,1324.0,113.0,1473,1968.0,0,48,0.0,8,IR1,60,20,65.0,26.11993393300743,50720.0,5.4,6.0,2009,6,Q2,1Fam,1,2009-06-01,143000.0
2067,3,2.5,35,2.0,752.0,7,12732,7,782,784.0,560.0,150.0,1285,1974.0,297,40,0.0,6,IR1,0,60,68.0,26.11993393300743,50720.0,5.4,6.0,2009,6,Q2,1Fam,0,2009-06-01,185635.132083154
1114,3,3.0,6,2.0,1114.0,5,12450,6,0,576.0,836.0,278.0,1114,2004.0,0,42,0.0,5,Reg,0,20,60.0,26.11993393300743,50720.0,5.4,6.0,2009,6,Q2,1Fam,1,2009-06-01,185080.145268797
816,2,1.0,99,0.0,624.0,4,3300,5,0,0.0,0.0,624.0,816,1979.0,0,33,0.0,3,Reg,0,30,68.0,26.11993393300743,50720.0,5.4,6.0,2009,6,Q2,1Fam,1,2009-06-01,153796.714319583
1380,3,1.5,46,1.0,1380.0,6,10143,6,0,364.0,384.0,996.0,1380,1963.0,0,0,295.0,7,Reg,216,20,83.0,26.11993393300743,50720.0,5.4,6.0,2009,6,Q2,1Fam,0,2009-06-01,180539.88079815
1800,3,2.5,9,2.0,982.0,6,8123,7,793,463.0,0.0,982.0,1007,2000.0,100,63,16.0,5,IR1,0,60,60.0,26.11993393300743,50720.0,5.4,6.0,2009,6,Q2,1Fam,0,2009-06-01,179000.0
1322,3,3.0,35,2.0,855.0,6,2308,6,467,440.0,257.0,103.0,855,1974.0,260,0,0.0,5,Reg,0,160,24.0,26.11993393300743,50720.0,5.4,6.0,2009,6,Q2,TwnhsE,0,2009-06-01,147000.0
660,2,1.0,62,0.0,0.0,2,9000,5,0,0.0,0.0,0.0,660,1979.0,0,0,0.0,2,Reg,0,20,68.0,26.11993393300743,50720.0,5.4,6.0,2009,6,Q2,1Fam,1,2009-06-01,165014.532907657
1034,3,1.5,31,2.0,456.0,6,8014,5,0,504.0,456.0,0.0,1034,1978.0,0,0,23.0,5,IR1,0,85,68.0,26.11993393300743,50720.0,5.4,6.0,2009,6,Q2,1Fam,0,2009-06-01,176349.927153587
1602,3,2.5,32,2.0,1602.0,6,16635,8,0,529.0,1246.0,356.0,1602,1977.0,240,0,126.0,7,IR1,0,20,68.0,26.11993393300743,50720.0,5.4,6.0,2009,6,Q2,1Fam,1,2009-06-01,215000.0
1456,3,2.5,4,2.0,728.0,7,10928,8,728,390.0,0.0,728.0,728,2005.0,100,0,0.0,5,Reg,0,60,63.0,26.11993393300743,50720.0,5.4,6.0,2009,6,Q2,1Fam,0,2009-06-01,182084.790901946
2392,3,2.0,6,3.0,2392.0,10,13472,8,0,968.0,56.0,2336.0,2392,2003.0,248,105,922.0,5,Reg,0,20,103.0,26.11993393300743,50720.0,5.4,6.0,2009,6,Q2,1Fam,0,2009-06-01,386250.0
1675,3,2.5,10,2.0,841.0,6,24682,7,783,502.0,0.0,841.0,892,1999.0,0,103,0.0,5,IR3,0,60,68.0,26.11993393300743,50720.0,5.4,6.0,2009,6,Q2,1Fam,0,2009-06-01,181000.0
1489,3,3.5,6,2.0,782.0,7,8965,8,683,400.0,652.0,130.0,806,2003.0,0,75,0.0,5,IR1,0,60,68.0,26.11993393300743,50720.0,5.4,6.0,2009,6,Q2,1Fam,0,2009-06-01,178221.531623281
2140,4,2.5,44,2.0,744.0,5,8970,7,1315,549.0,388.0,356.0,825,1965.0,0,40,0.0,6,IR1,0,60,68.0,26.11993393300743,50720.0,5.4,6.0,2009,6,Q2,1Fam,0,2009-06-01,191507.251872857
1590,3,2.5,1,2.0,768.0,8,9000,6,804,676.0,0.0,768.0,786,2008.0,0,30,0.0,5,Reg,0,60,75.0,26.11993393300743,50720.0,5.4,6.0,2009,6,Q2,1Fam,0,2009-06-01,210000.0
1694,2,3.0,32,2.0,1694.0,8,14694,5,0,642.0,1252.0,306.0,1694,1977.0,501,120,450.0,9,IR1,0,20,68.0,26.11993393300743,50720.0,5.4,6.0,2009,6,Q2,1Fam,1,2009-06-01,176220.543265638
2080,3,1.5,83,1.0,1276.0,7,10918,9,804,282.0,0.0,1276.0,1276,1926.0,0,0,0.0,9,Reg,145,70,53.0,26.11993393300743,50720.0,5.4,6.0,2009,6,Q2,1Fam,1,2009-06-01,234000.0
1514,3,3.5,9,2.0,794.0,6,8433,7,695,394.0,683.0,111.0,819,2000.0,0,72,0.0,5,IR1,0,60,42.0,26.11993393300743,50720.0,5.4,6.0,2009,6,Q2,1Fam,0,2009-06-01,177174.535221728
1276,3,1.0,51,1.0,1276.0,5,9571,5,0,350.0,0.0,1276.0,1276,1958.0,0,0,0.0,3,Reg,0,20,68.0,26.11993393300743,50720.0,5.4,6.0,2009,6,Q2,1Fam,0,2009-06-01,60000.0
1768,3,2.0,94,2.0,1048.0,6,8094,8,720,576.0,0.0,1048.0,1048,1930.0,0,0,0.0,6,Reg,0,70,57.0,26.11993393300743,50720.0,5.4,6.0,2009,6,Q2,1Fam,1,2009-06-01,176507.37022149
2377,3,2.0,94,2.0,1313.0,4,10410,8,0,528.0,0.0,1313.0,1313,1954.0,0,0,0.0,5,Reg,0,50,60.0,26.11993393300743,50720.0,5.4,6.0,2009,6,Q2,1Fam,1,2009-06-01,181065.347037275
1142,3,1.0,85,1.0,468.0,5,6000,6,320,320.0,220.0,248.0,822,1924.0,0,0,444.0,5,Reg,0,50,60.0,26.11993393300743,50720.0,5.4,6.0,2009,6,Q2,1Fam,1,2009-06-01,172386.297919134
1430,3,2.5,10,2.0,384.0,7,7848,7,656,410.0,0.0,384.0,774,1999.0,0,0,0.0,6,IR1,0,80,64.0,26.11993393300743,50720.0,5.4,6.0,2009,6,Q2,1Fam,0,2009-06-01,176023.232787689
1620,3,3.0,33,2.0,1281.0,4,9991,8,0,490.0,1116.0,165.0,1620,1993.0,120,78,0.0,4,IR1,0,20,68.0,26.11993393300743,50720.0,5.4,6.0,2009,6,Q2,1Fam,1,2009-06-01,150000.0
2063,3,3.0,15,3.0,2024.0,8,10750,7,0,815.0,236.0,262.0,2063,1994.0,182,56,634.0,5,IR1,0,20,68.0,26.11993393300743,50720.0,5.4,6.0,2009,6,Q2,1Fam,1,2009-06-01,181734.480075862
1961,3,3.5,8,2.0,804.0,6,12209,7,1157,560.0,690.0,114.0,804,2001.0,125,192,0.0,5,IR1,0,60,71.0,26.11993393300743,50720.0,5.4,6.0,2009,6,Q2,1Fam,1,2009-06-01,215000.0
1826,4,2.5,94,1.0,910.0,7,2500,7,910,164.0,299.0,611.0,916,1915.0,0,0,0.0,8,Reg,0,70,50.0,26.11993393300743,50720.0,5.4,6.0,2009,6,Q2,1Fam,1,2009-06-01,155000.0
1944,3,2.0,94,1.0,672.0,7,9928,8,672,216.0,0.0,672.0,1272,1915.0,24,28,0.0,8,Reg,0,70,68.0,26.11993393300743,50720.0,5.4,6.0,2009,6,Q2,1Fam,1,2009-06-01,180116.752553161
1960,4,2.0,57,2.0,960.0,5,7596,10,1000,400.0,0.0,960.0,960,1952.0,0,0,360.0,5,Reg,0,90,60.0,26.11993393300743,50720.0,5.2,5.6,2009,7,Q3,Duplex,0,2009-07-01,124500.0
1626,2,2.0,6,2.0,764.0,7,2268,6,862,474.0,567.0,197.0,764,2003.0,0,27,106.0,5,Reg,0,160,36.0,26.11993393300743,50720.0,5.2,5.6,2009,7,Q3,Twnhs,1,2009-07-01,173000.0
1922,4,3.0,6,2.0,0.0,7,7301,7,1427,672.0,0.0,0.0,495,2003.0,0,0,500.0,5,Reg,0,85,64.0,26.11993393300743,50720.0,5.2,5.6,2009,7,Q3,1Fam,0,2009-07-01,198500.0
2229,5,1.0,97,0.0,755.0,6,5520,8,929,0.0,0.0,755.0,929,1979.0,0,198,0.0,6,Reg,0,75,92.0,26.11993393300743,50720.0,5.2,5.6,2009,7,Q3,1Fam,1,2009-07-01,104000.0
1718,3,3.0,3,3.0,1700.0,10,12456,7,0,786.0,1172.0,528.0,1718,2008.0,216,48,230.0,5,Reg,0,20,96.0,26.11993393300743,50720.0,5.2,5.6,2009,7,Q3,1Fam,1,2009-07-01,337500.0
944,2,1.0,57,2.0,0.0,3,10206,4,0,528.0,0.0,0.0,944,1956.0,0,0,0.0,3,Reg,0,20,74.0,26.11993393300743,50720.0,5.2,5.6,2009,7,Q3,1Fam,0,2009-07-01,82000.0
1604,3,2.0,68,2.0,984.0,5,10998,6,620,660.0,408.0,156.0,984,1977.0,0,68,0.0,5,Reg,0,50,60.0,26.11993393300743,50720.0,5.2,5.6,2009,7,Q3,1Fam,1,2009-07-01,117000.0
1344,3,1.0,89,1.0,672.0,5,10690,6,672,468.0,456.0,216.0,672,1964.0,0,128,0.0,7,Reg,0,70,59.0,26.11993393300743,50720.0,5.2,5.6,2009,7,Q3,1Fam,1,2009-07-01,147000.0
1113,3,1.0,59,1.0,1113.0,5,9600,5,0,264.0,607.0,506.0,1113,1950.0,0,80,0.0,7,Reg,0,20,80.0,26.11993393300743,50720.0,5.2,5.6,2009,7,Q3,1Fam,1,2009-07-01,147000.0
1600,3,2.0,2,3.0,1566.0,8,14230,7,0,890.0,0.0,1566.0,1600,2007.0,0,56,640.0,5,Reg,0,20,110.0,26.11993393300743,50720.0,5.2,5.6,2009,7,Q3,1Fam,0,2009-07-01,256300.0
1394,3,2.5,46,2.0,1394.0,6,9500,6,0,514.0,609.0,785.0,1394,1963.0,0,76,247.0,5,IR1,185,20,68.0,26.11993393300743,50720.0,5.2,5.6,2009,7,Q3,1Fam,0,2009-07-01,159000.0
2524,4,3.5,28,2.0,2524.0,8,9600,9,0,542.0,1104.0,1420.0,2524,1981.0,474,120,0.0,5,Reg,0,20,80.0,26.11993393300743,50720.0,5.2,5.6,2009,7,Q3,1Fam,0,2009-07-01,278000.0
1176,2,1.0,72,2.0,698.0,6,6000,4,390,624.0,0.0,698.0,786,1999.0,210,0,0.0,9,Reg,0,50,50.0,26.11993393300743,50720.0,5.2,5.6,2009,7,Q3,1Fam,1,2009-07-01,134900.0
2184,3,3.5,1,3.0,1104.0,9,11308,10,1054,836.0,936.0,168.0,1130,2008.0,0,102,154.0,5,IR1,0,60,96.0,26.11993393300743,50720.0,5.2,5.6,2009,7,Q3,1Fam,0,2009-07-01,335000.0
1203,3,2.0,59,1.0,709.0,5,7015,5,224,352.0,185.0,524.0,979,1950.0,0,0,161.0,4,IR1,0,50,68.0,26.11993393300743,50720.0,5.2,5.6,2009,7,Q3,1Fam,0,2009-07-01,110000.0
1426,3,1.5,32,2.0,690.0,6,7950,6,728,440.0,535.0,155.0,698,1977.0,252,0,140.0,6,IR1,0,60,75.0,26.11993393300743,50720.0,5.2,5.6,2009,7,Q3,1Fam,0,2009-07-01,159500.0
1324,3,1.0,73,1.0,672.0,4,6000,6,567,240.0,672.0,0.0,757,1936.0,0,0,0.0,6,Reg,0,50,50.0,26.11993393300743,50720.0,5.2,5.6,2009,7,Q3,1Fam,1,2009-07-01,128000.0
2612,4,3.5,11,3.0,1225.0,8,12203,8,1336,676.0,854.0,371.0,1276,1998.0,250,0,975.0,5,IR1,0,60,98.0,26.11993393300743,50720.0,5.2,5.6,2009,7,Q3,1Fam,1,2009-07-01,336000.0
1167,3,3.0,17,2.0,1158.0,6,9248,6,0,400.0,560.0,598.0,1167,1992.0,120,26,106.0,6,IR1,0,20,68.0,26.11993393300743,50720.0,5.2,5.6,2009,7,Q3,1Fam,0,2009-07-01,173000.0
860,2,2.0,27,2.0,840.0,5,8740,4,0,528.0,672.0,168.0,860,1996.0,0,0,0.0,6,IR1,0,85,74.0,26.11993393300743,50720.0,5.2,5.6,2009,7,Q3,1Fam,0,2009-07-01,137000.0
2344,3,2.5,13,3.0,1264.0,7,10208,7,1067,889.0,0.0,1264.0,1277,1996.0,220,0,921.0,5,IR1,0,60,79.0,26.11993393300743,50720.0,5.2,5.6,2009,7,Q3,1Fam,1,2009-07-01,265000.0
2448,4,3.5,15,3.0,1629.0,8,46589,8,762,711.0,1361.0,88.0,1686,1994.0,517,76,528.0,7,IR2,0,60,52.0,26.11993393300743,50720.0,5.2,5.6,2009,7,Q3,1Fam,1,2009-07-01,402000.0
1392,2,2.0,41,2.0,1392.0,6,13560,5,0,576.0,0.0,1392.0,1392,1968.0,0,0,216.0,3,Reg,0,20,120.0,26.11993393300743,50720.0,5.2,5.6,2009,7,Q3,1Fam,0,2009-07-01,110000.0
3140,4,3.5,1,3.0,1926.0,9,13518,11,1174,820.0,0.0,1926.0,1966,2009.0,144,78,860.0,5,Reg,0,60,104.0,26.11993393300743,50720.0,5.2,5.6,2009,7,Q3,1Fam,1,2009-07-01,485000.0
1110,1,2.0,31,2.0,1097.0,5,9101,4,0,602.0,1097.0,0.0,1110,1978.0,303,30,104.0,6,IR1,0,85,68.0,26.11993393300743,50720.0,5.2,5.6,2009,7,Q3,1Fam,0,2009-07-01,165500.0
1369,3,3.0,84,1.0,672.0,6,6629,6,672,300.0,551.0,121.0,697,1930.0,147,0,0.0,6,Reg,0,70,54.0,26.11993393300743,50720.0,5.2,5.6,2009,7,Q3,1Fam,1,2009-07-01,103600.0
2046,3,2.5,1,3.0,2046.0,8,11844,7,0,834.0,0.0,2046.0,2046,2008.0,322,82,464.0,5,IR1,0,20,80.0,26.11993393300743,50720.0,5.2,5.6,2009,7,Q3,1Fam,0,2009-07-01,372500.0
1489,3,2.0,69,1.0,778.0,6,9900,7,545,240.0,0.0,778.0,944,1940.0,335,0,0.0,7,Reg,0,50,60.0,26.11993393300743,50720.0,5.2,5.6,2009,7,Q3,1Fam,1,2009-07-01,139500.0
2365,3,3.5,10,3.0,1252.0,8,9430,8,1097,856.0,1163.0,89.0,1268,1999.0,0,128,673.0,5,Reg,180,60,82.0,26.11993393300743,50720.0,5.2,5.6,2009,7,Q3,1Fam,0,2009-07-01,337000.0
1520,3,1.0,77,1.0,793.0,5,4500,6,672,281.0,182.0,611.0,848,1968.0,0,0,0.0,5,IR2,0,50,55.0,26.11993393300743,50720.0,5.2,5.6,2009,7,Q3,1Fam,1,2009-07-01,159434.0
1026,3,2.0,40,2.0,1026.0,6,7930,5,0,440.0,439.0,115.0,1026,1969.0,171,48,0.0,8,Reg,0,20,61.0,26.11993393300743,50720.0,5.2,5.6,2009,7,Q3,1Fam,1,2009-07-01,156000.0
2794,4,3.5,14,3.0,1462.0,8,15138,9,1304,810.0,689.0,773.0,1490,1995.0,0,146,506.0,5,IR1,0,60,174.0,26.11993393300743,50720.0,5.2,5.6,2009,7,Q3,1Fam,1,2009-07-01,403000.0
864,3,1.0,39,2.0,864.0,4,8120,5,0,463.0,191.0,673.0,864,1994.0,0,0,0.0,7,Reg,0,20,70.0,26.11993393300743,50720.0,5.2,5.6,2009,7,Q3,1Fam,0,2009-07-01,124500.0
1776,4,3.0,51,3.0,1584.0,5,11475,9,0,888.0,0.0,1584.0,1776,1968.0,0,25,95.0,5,Reg,0,90,85.0,26.11993393300743,50720.0,5.2,5.6,2009,7,Q3,Duplex,0,2009-07-01,110000.0
1852,3,3.5,0,2.0,900.0,7,8640,7,920,644.0,822.0,78.0,932,2009.0,168,108,0.0,5,Reg,0,60,72.0,26.11993393300743,50720.0,5.2,5.6,2009,7,Q3,1Fam,0,2009-07-01,252678.0
2234,1,3.0,1,3.0,2216.0,9,17423,9,0,1166.0,1904.0,312.0,2234,2009.0,0,60,748.0,5,IR1,0,20,63.0,26.11993393300743,50720.0,5.2,5.6,2009,7,Q3,1Fam,1,2009-07-01,501837.0
1041,3,2.0,50,1.0,1041.0,5,9600,6,0,270.0,991.0,50.0,1041,1959.0,224,88,132.0,6,Reg,0,20,80.0,26.11993393300743,50720.0,5.2,5.6,2009,7,Q3,1Fam,0,2009-07-01,124500.0
1716,2,2.5,13,2.0,880.0,7,8750,7,807,512.0,0.0,880.0,909,1996.0,0,120,0.0,5,Reg,0,60,70.0,26.11993393300743,50720.0,5.2,5.6,2009,7,Q3,1Fam,0,2009-07-01,191000.0
2704,4,3.5,37,2.0,1952.0,8,13860,9,704,538.0,1410.0,542.0,2000,1972.0,269,111,0.0,7,Reg,0,80,75.0,26.11993393300743,50720.0,5.2,5.6,2009,7,Q3,1Fam,1,2009-07-01,345000.0
925,2,1.5,44,1.0,925.0,5,9100,5,0,429.0,338.0,121.0,925,1965.0,0,0,0.0,6,Reg,0,20,70.0,26.11993393300743,50720.0,5.2,5.6,2009,7,Q3,1Fam,0,2009-07-01,117500.0
1466,3,2.0,2,3.0,1466.0,8,8925,7,0,610.0,16.0,1450.0,1466,2007.0,100,18,0.0,5,IR1,0,20,73.0,26.11993393300743,50720.0,5.2,5.6,2009,7,Q3,1Fam,0,2009-07-01,201000.0
1717,3,2.0,3,3.0,1709.0,8,11146,7,0,908.0,0.0,1709.0,1717,2006.0,169,39,250.0,5,IR1,0,20,87.0,26.11993393300743,50720.0,5.2,5.6,2009,7,Q3,1Fam,0,2009-07-01,255500.0
1692,3,2.5,0,2.0,846.0,7,13159,6,846,650.0,0.0,846.0,846,2009.0,208,114,0.0,5,IR1,0,60,83.0,26.11993393300743,50720.0,5.2,5.6,2009,7,Q3,1Fam,0,2009-07-01,224500.0
1573,3,1.0,74,1.0,884.0,4,6120,6,584,240.0,0.0,884.0,989,1935.0,0,0,0.0,7,Reg,120,50,51.0,26.11993393300743,50720.0,5.2,5.6,2009,7,Q3,1Fam,1,2009-07-01,133000.0
1456,3,2.5,33,2.0,855.0,6,2280,7,601,440.0,566.0,289.0,855,1976.0,87,0,0.0,6,Reg,0,160,24.0,26.11993393300743,50720.0,5.2,5.6,2009,7,Q3,Twnhs,0,2009-07-01,148500.0
2054,3,3.5,9,2.0,992.0,6,12224,7,1032,390.0,695.0,297.0,1022,2000.0,24,48,40.0,5,IR1,0,60,68.0,26.11993393300743,50720.0,5.2,5.6,2009,7,Q3,1Fam,0,2009-07-01,244000.0
1192,3,1.0,89,1.0,596.0,5,6402,6,596,189.0,0.0,596.0,596,1920.0,0,0,0.0,5,Reg,0,70,60.0,26.11993393300743,50720.0,5.2,5.6,2009,7,Q3,1Fam,1,2009-07-01,78000.0
892,3,1.0,42,1.0,892.0,5,7150,5,0,288.0,432.0,460.0,892,1967.0,0,0,60.0,5,Reg,0,20,65.0,26.11993393300743,50720.0,5.2,5.6,2009,7,Q3,1Fam,0,2009-07-01,100000.0
2134,5,2.0,93,2.0,844.0,6,11888,10,689,441.0,0.0,844.0,1445,1930.0,0,60,0.0,6,IR1,0,75,68.0,26.11993393300743,50720.0,5.2,5.6,2009,7,Q3,1Fam,1,2009-07-01,214500.0
1148,3,2.0,50,1.0,1148.0,5,7931,6,0,672.0,1148.0,0.0,1148,1959.0,0,0,0.0,5,Reg,0,20,70.0,26.11993393300743,50720.0,5.2,5.6,2009,7,Q3,1Fam,0,2009-07-01,132500.0
1432,3,3.5,5,2.0,716.0,7,7795,6,716,432.0,425.0,291.0,716,2004.0,100,51,0.0,5,IR1,0,60,71.0,26.11993393300743,50720.0,5.2,5.6,2009,7,Q3,1Fam,1,2009-07-01,188500.0
1775,3,3.5,16,2.0,740.0,7,9317,7,769,425.0,513.0,227.0,1006,1993.0,234,72,137.0,5,Reg,0,60,75.0,26.11993393300743,50720.0,5.2,5.6,2009,7,Q3,1Fam,0,2009-07-01,213000.0
980,3,1.0,32,2.0,980.0,5,7064,6,0,484.0,560.0,420.0,980,1986.0,192,0,153.0,6,Reg,0,20,71.0,26.11993393300743,50720.0,5.2,5.6,2009,7,Q3,1Fam,0,2009-07-01,135000.0
1683,3,2.5,31,2.0,918.0,6,11184,7,765,440.0,226.0,192.0,918,1978.0,243,0,92.0,5,Reg,0,60,70.0,26.11993393300743,50720.0,5.2,5.6,2009,7,Q3,1Fam,0,2009-07-01,172500.0
1287,3,1.5,17,2.0,624.0,5,10429,6,663,440.0,330.0,294.0,624,2001.0,150,0,0.0,5,Reg,0,60,62.0,26.11993393300743,50720.0,5.2,5.6,2009,7,Q3,1Fam,0,2009-07-01,182207.6323195
864,3,2.0,31,1.0,864.0,5,7000,6,0,336.0,646.0,218.0,864,1978.0,0,0,90.0,8,IR1,0,20,68.0,26.11993393300743,50720.0,5.2,5.6,2009,7,Q3,1Fam,1,2009-07-01,136500.0
1050,3,2.5,38,1.0,1043.0,5,8510,6,0,336.0,500.0,543.0,1050,1971.0,0,0,178.0,7,IR1,0,20,68.0,26.11993393300743,50720.0,5.2,5.6,2009,7,Q3,1Fam,0,2009-07-01,178430.966728182
1492,3,2.0,8,2.0,1492.0,7,11166,6,0,608.0,24.0,1468.0,1492,2001.0,0,114,180.0,5,Reg,168,20,75.0,26.11993393300743,50720.0,5.2,5.6,2009,7,Q3,1Fam,0,2009-07-01,183658.076582555
907,3,1.0,31,1.0,907.0,5,16269,5,0,343.0,625.0,282.0,907,1978.0,72,0,76.0,5,IR1,0,20,68.0,26.11993393300743,50720.0,5.2,5.6,2009,7,Q3,1Fam,0,2009-07-01,193700.976276404
1152,2,4.0,31,1.0,1152.0,5,10547,6,0,252.0,1152.0,0.0,1152,1960.0,0,0,0.0,5,IR1,0,90,68.0,26.11993393300743,50720.0,5.2,5.6,2009,7,Q3,Duplex,0,2009-07-01,169163.980786825
1728,3,3.0,53,2.0,1048.0,5,13495,7,0,576.0,625.0,222.0,1728,1956.0,0,99,70.0,6,IR1,0,20,68.0,26.11993393300743,50720.0,5.2,5.6,2009,7,Q3,1Fam,0,2009-07-01,188241.637896875
1478,2,3.0,11,2.0,1418.0,8,7380,5,0,495.0,341.0,1077.0,1478,1998.0,168,43,0.0,5,IR1,0,120,61.0,26.11993393300743,50720.0,5.2,5.6,2009,7,Q3,1Fam,0,2009-07-01,162931.203336223
1639,3,1.5,63,1.0,747.0,6,9350,6,747,240.0,342.0,405.0,892,1946.0,0,50,0.0,7,Reg,0,60,50.0,26.11993393300743,50720.0,5.2,5.6,2009,7,Q3,1Fam,1,2009-07-01,180084.118941162
1606,3,2.0,3,3.0,1598.0,8,9658,6,0,871.0,0.0,1598.0,1606,2006.0,230,60,383.0,5,IR1,0,20,70.0,26.11993393300743,50720.0,5.2,5.6,2009,7,Q3,1Fam,0,2009-07-01,180690.274752587
1482,3,1.5,89,2.0,650.0,7,9000,7,650,324.0,624.0,26.0,832,1930.0,0,0,0.0,9,Reg,0,70,50.0,26.11993393300743,50720.0,5.2,5.6,2009,7,Q3,1Fam,1,2009-07-01,143000.0
2480,5,2.5,69,2.0,920.0,7,8145,13,1240,400.0,246.0,674.0,1240,1940.0,0,0,0.0,6,IR1,0,90,68.0,26.11993393300743,50720.0,5.2,5.6,2009,7,Q3,Duplex,1,2009-07-01,204264.39284654
2452,3,4.0,6,3.0,2452.0,9,15274,10,0,886.0,1972.0,480.0,2452,2003.0,0,116,724.0,5,IR1,0,20,110.0,26.11993393300743,50720.0,5.2,5.6,2009,7,Q3,1Fam,0,2009-07-01,191742.778119363
1736,3,2.0,1,3.0,1736.0,9,11578,7,0,834.0,0.0,1736.0,1736,2008.0,319,90,302.0,5,Reg,0,20,95.0,26.11993393300743,50720.0,5.2,5.6,2009,7,Q3,1Fam,0,2009-07-01,184468.908382254
864,3,1.0,38,2.0,864.0,4,9000,5,0,576.0,240.0,624.0,864,1986.0,200,0,0.0,7,Reg,0,20,60.0,26.11993393300743,50720.0,5.2,5.6,2009,7,Q3,1Fam,1,2009-07-01,179395.305519087
2690,3,3.5,0,3.0,1365.0,9,12350,8,1325,864.0,986.0,379.0,1365,2009.0,0,197,0.0,5,Reg,0,60,95.0,26.11993393300743,50720.0,5.2,5.6,2009,7,Q3,1Fam,0,2009-07-01,185988.233987516
864,2,1.0,87,0.0,864.0,5,4060,4,0,0.0,0.0,864.0,864,1979.0,0,96,0.0,8,Reg,0,30,56.0,26.11993393300743,50720.0,5.2,5.6,2009,7,Q3,1Fam,1,2009-07-01,99900.0
1314,2,3.0,2,2.0,1314.0,7,5001,6,0,626.0,904.0,410.0,1314,2008.0,172,62,166.0,5,IR1,0,120,34.0,26.11993393300743,50720.0,5.2,5.6,2009,7,Q3,Twnhs,1,2009-07-01,230000.0
892,1,2.0,86,0.0,858.0,4,5160,5,0,0.0,749.0,46.0,892,1979.0,0,0,0.0,6,Reg,160,85,86.0,26.11993393300743,50720.0,5.2,5.6,2009,7,Q3,1Fam,1,2009-07-01,145286.278144089
987,2,2.5,36,1.0,483.0,6,1680,5,504,264.0,254.0,229.0,483,1973.0,0,0,504.0,5,Reg,0,160,21.0,26.11993393300743,50720.0,5.2,5.6,2009,7,Q3,Twnhs,0,2009-07-01,151713.38474815
1774,4,2.0,48,1.0,552.0,5,15400,8,611,384.0,0.0,552.0,904,1961.0,290,40,0.0,5,Reg,0,80,88.0,26.11993393300743,50720.0,5.2,5.6,2009,7,Q3,1Fam,0,2009-07-01,205266.631009142
1343,3,1.5,88,1.0,731.0,5,7681,7,523,186.0,0.0,731.0,820,1921.0,192,0,0.0,6,IR1,0,50,54.0,26.11993393300743,50720.0,5.2,5.6,2009,7,Q3,1Fam,1,2009-07-01,154900.0
1755,3,3.0,18,2.0,975.0,7,11949,7,780,524.0,601.0,158.0,975,1991.0,502,60,196.0,8,Reg,0,60,68.0,26.11993393300743,50720.0,5.2,5.6,2009,7,Q3,1Fam,1,2009-07-01,185199.050609653
3005,3,2.5,5,3.0,1376.0,7,2880,9,1629,704.0,0.0,1376.0,1376,2004.0,0,177,0.0,5,Reg,0,160,32.0,26.11993393300743,50720.0,5.2,5.6,2009,7,Q3,Twnhs,1,2009-07-01,167350.910824524
987,2,2.5,37,1.0,483.0,6,1680,5,504,288.0,110.0,79.0,483,1972.0,0,0,425.0,6,Reg,0,160,21.0,26.11993393300743,50720.0,5.2,5.6,2009,7,Q3,Twnhs,0,2009-07-01,151713.38474815
1396,3,2.5,2,2.0,608.0,6,11069,6,788,440.0,0.0,608.0,608,2007.0,100,36,0.0,5,Reg,0,60,85.0,26.11993393300743,50720.0,5.2,5.6,2009,7,Q3,1Fam,0,2009-07-01,183467.176862723
1061,1,2.5,19,2.0,1054.0,7,10778,4,0,462.0,460.0,308.0,1061,1990.0,114,36,0.0,6,IR1,0,80,74.0,26.11993393300743,50720.0,5.2,5.6,2009,7,Q3,1Fam,1,2009-07-01,156342.717587562
1548,3,3.0,31,2.0,804.0,6,2364,7,744,440.0,320.0,484.0,804,1978.0,108,0,0.0,5,Reg,0,160,24.0,26.11993393300743,50720.0,5.2,5.6,2009,7,Q3,TwnhsE,0,2009-07-01,166335.403036551
1149,3,2.0,49,1.0,1014.0,4,10682,7,0,544.0,399.0,615.0,1149,1968.0,0,240,0.0,6,Reg,0,20,80.0,26.11993393300743,50720.0,5.2,5.6,2009,7,Q3,1Fam,1,2009-07-01,182705.546021743
1660,3,2.5,7,2.0,831.0,7,8935,7,829,493.0,0.0,831.0,831,2002.0,144,68,95.0,5,IR1,0,60,68.0,26.11993393300743,50720.0,5.2,5.6,2009,7,Q3,1Fam,0,2009-07-01,195000.0
864,2,1.0,48,1.0,864.0,5,9079,5,0,440.0,864.0,0.0,864,1961.0,158,0,0.0,5,IR1,0,20,68.0,26.11993393300743,50720.0,5.2,5.6,2009,7,Q3,1Fam,0,2009-07-01,166274.900490809
1268,3,1.5,71,1.0,832.0,5,6300,7,436,250.0,832.0,0.0,832,1938.0,0,0,88.0,4,Reg,0,50,70.0,26.11993393300743,50720.0,5.2,5.6,2009,7,Q3,1Fam,1,2009-07-01,174081.601977368
1795,3,3.5,3,3.0,900.0,8,10603,8,886,782.0,682.0,218.0,909,2006.0,168,45,121.0,5,Reg,0,60,84.0,26.11993393300743,50720.0,5.2,5.6,2009,7,Q3,1Fam,0,2009-07-01,182550.070992189
1120,3,1.5,43,2.0,864.0,5,10710,5,0,656.0,644.0,220.0,1120,1966.0,0,162,165.0,7,Reg,0,20,68.0,26.11993393300743,50720.0,5.2,5.6,2009,7,Q3,1Fam,1,2009-07-01,182760.651095509
1306,3,1.5,99,2.0,240.0,5,15660,6,496,472.0,0.0,240.0,810,1959.0,0,0,0.0,8,Reg,0,50,90.0,26.11993393300743,50720.0,5.2,5.6,2009,7,Q3,1Fam,1,2009-07-01,192502.440921994
1564,3,1.5,68,1.0,704.0,7,12000,7,704,234.0,275.0,429.0,860,1941.0,0,0,0.0,7,Reg,0,70,75.0,26.11993393300743,50720.0,5.2,5.6,2009,7,Q3,1Fam,1,2009-07-01,174500.0
1608,3,2.5,12,2.0,945.0,6,10179,7,663,470.0,847.0,98.0,945,1997.0,252,30,0.0,5,IR1,0,60,88.0,26.11993393300743,50720.0,5.2,5.6,2009,7,Q3,1Fam,0,2009-07-01,181715.622732304
1680,1,2.5,0,3.0,1555.0,9,10933,8,0,1138.0,1021.0,534.0,1680,2009.0,185,24,242.0,5,Reg,0,20,84.0,26.11993393300743,50720.0,5.2,5.6,2009,7,Q3,1Fam,0,2009-07-01,156647.763531624
1479,3,4.5,22,2.0,1645.0,7,14419,7,0,578.0,904.0,117.0,1479,1987.0,224,238,310.0,5,IR1,0,80,125.0,26.11993393300743,50720.0,5.2,5.6,2009,7,Q3,1Fam,1,2009-07-01,190060.105331152
1516,3,3.5,15,2.0,707.0,6,8803,7,809,409.0,600.0,107.0,707,1994.0,0,46,0.0,5,IR1,0,60,68.0,26.11993393300743,50720.0,5.2,5.6,2009,7,Q3,1Fam,1,2009-07-01,179007.601964376
2200,3,3.5,6,3.0,2200.0,8,15262,8,0,685.0,1557.0,643.0,2200,2003.0,208,55,470.0,5,IR1,0,20,117.0,26.11993393300743,50720.0,5.2,5.6,2009,7,Q3,1Fam,1,2009-07-01,191719.161659178
1567,2,3.0,43,2.0,1562.0,6,14695,5,0,542.0,1387.0,175.0,1567,1966.0,0,110,210.0,8,IR1,342,20,80.0,26.11993393300743,50720.0,5.2,5.6,2009,7,Q3,1Fam,1,2009-07-01,177327.403857584
2036,3,3.0,1,3.0,2190.0,9,13438,9,0,780.0,1758.0,432.0,2036,2008.0,90,154,246.0,5,IR1,0,20,113.0,26.11993393300743,50720.0,5.2,5.6,2009,7,Q3,1Fam,0,2009-07-01,188129.459710994
1934,3,3.5,32,2.0,1122.0,5,11900,6,988,567.0,400.0,722.0,946,1977.0,0,176,157.0,6,Reg,200,60,85.0,26.11993393300743,50720.0,5.2,5.6,2009,7,Q3,1Fam,0,2009-07-01,185102.616730563
1594,3,2.5,5,2.0,846.0,7,10125,7,748,434.0,0.0,846.0,846,2004.0,300,48,0.0,5,IR1,0,60,61.0,26.11993393300743,50720.0,5.2,5.6,2009,7,Q3,1Fam,0,2009-07-01,181609.34866147
2365,3,3.0,38,2.0,1803.0,7,17597,7,0,551.0,803.0,581.0,2365,1971.0,200,144,0.0,9,Reg,0,20,68.0,26.11993393300743,50720.0,5.2,5.6,2009,7,Q3,1Fam,1,2009-07-01,196314.53120359
1422,3,2.5,4,2.0,704.0,6,11646,7,718,440.0,0.0,704.0,704,2005.0,36,28,0.0,5,IR1,0,60,79.0,26.11993393300743,50720.0,5.2,5.6,2009,7,Q3,1Fam,1,2009-07-01,184602.734989972
1229,2,1.5,29,2.0,561.0,6,1612,5,668,462.0,0.0,561.0,561,1980.0,154,0,0.0,6,Reg,0,160,24.0,26.11993393300743,50720.0,5.2,5.6,2009,7,Q3,Twnhs,0,2009-07-01,151579.558140433
2004,4,3.5,7,3.0,870.0,8,12891,8,1126,644.0,651.0,219.0,878,2002.0,0,48,0.0,5,IR1,0,60,68.0,26.11993393300743,50720.0,5.2,5.6,2009,7,Q3,1Fam,0,2009-07-01,200328.822792041
796,2,1.5,37,1.0,796.0,5,7689,4,0,336.0,720.0,0.0,796,1998.0,138,0,0.0,8,IR1,0,85,50.0,26.11993393300743,50720.0,5.2,5.6,2009,7,Q3,1Fam,0,2009-07-01,163539.327185998
1400,3,2.5,23,2.0,676.0,6,10274,6,702,465.0,331.0,345.0,698,1986.0,0,48,141.0,7,IR1,0,60,68.0,26.11993393300743,50720.0,5.2,5.6,2009,7,Q3,1Fam,0,2009-07-01,181902.586375439
1292,3,2.5,45,2.0,1292.0,5,10500,6,0,520.0,998.0,294.0,1292,1964.0,0,32,144.0,5,IR1,92,20,115.0,26.11993393300743,50720.0,5.2,5.6,2009,7,Q3,1Fam,0,2009-07-01,182347.363042264
1490,3,2.5,4,2.0,745.0,6,8918,7,745,392.0,0.0,745.0,745,2005.0,36,20,0.0,5,IR1,0,60,57.0,26.11993393300743,50720.0,5.2,5.6,2009,7,Q3,1Fam,1,2009-07-01,179233.926374487
1183,3,2.0,50,1.0,528.0,5,8000,6,0,288.0,433.0,0.0,1183,1959.0,0,0,0.0,5,Reg,0,80,80.0,26.11993393300743,50720.0,5.2,5.6,2009,7,Q3,1Fam,0,2009-07-01,177427.267170302
1447,3,1.0,99,0.0,801.0,5,10134,6,646,0.0,0.0,801.0,801,1979.0,80,0,0.0,5,Reg,0,50,56.0,26.11993393300743,50720.0,5.2,5.6,2009,7,Q3,1Fam,1,2009-07-01,181627.061006609
1382,3,1.5,54,1.0,1382.0,5,8750,6,0,350.0,172.0,727.0,1382,1955.0,280,0,0.0,5,Reg,0,20,70.0,26.11993393300743,50720.0,5.2,5.6,2009,7,Q3,1Fam,0,2009-07-01,178903.295931891
1200,2,3.0,6,2.0,1176.0,7,10083,5,0,555.0,833.0,343.0,1200,2003.0,0,41,0.0,5,Reg,0,20,67.0,26.11993393300743,50720.0,5.18,5.6,2009,8,Q3,1Fam,0,2009-08-01,184900.0
1879,3,3.5,16,2.0,1079.0,7,10560,8,800,473.0,474.0,605.0,1079,1993.0,400,100,0.0,5,Reg,0,60,85.0,26.11993393300743,50720.0,5.18,5.6,2009,8,Q3,1Fam,1,2009-08-01,183570.337896789
1500,3,2.0,5,2.0,1500.0,7,8487,6,0,570.0,20.0,1480.0,1500,2004.0,192,36,210.0,5,Reg,0,20,63.0,26.11993393300743,50720.0,5.18,5.6,2009,8,Q3,1Fam,0,2009-08-01,190000.0
1699,3,3.0,109,2.0,978.0,3,10615,7,685,420.0,440.0,538.0,1014,1920.0,0,74,0.0,5,IR1,0,190,107.0,26.11993393300743,50720.0,5.18,5.6,2009,8,Q3,2fmCon,1,2009-08-01,95000.0
1445,3,1.5,45,2.0,1127.0,6,12095,7,0,645.0,564.0,563.0,1445,1964.0,180,0,115.0,6,IR1,0,80,68.0,26.11993393300743,50720.0,5.18,5.6,2009,8,Q3,1Fam,0,2009-08-01,158000.0
1656,3,2.5,93,1.0,660.0,5,10410,8,704,180.0,0.0,660.0,808,1916.0,0,0,0.0,7,Reg,0,50,60.0,26.11993393300743,50720.0,5.18,5.6,2009,8,Q3,1Fam,1,2009-08-01,135000.0
1495,3,1.0,61,2.0,864.0,6,8064,6,0,576.0,120.0,744.0,1064,1994.0,180,36,0.0,7,Reg,0,50,60.0,26.11993393300743,50720.0,5.18,5.6,2009,8,Q3,1Fam,1,2009-08-01,178658.114178223
2283,4,2.5,6,3.0,1008.0,8,11792,9,1275,632.0,850.0,158.0,1008,2003.0,120,46,188.0,5,IR1,0,60,68.0,26.11993393300743,50720.0,5.18,5.6,2009,8,Q3,1Fam,0,2009-08-01,199270.841200324
672,2,2.0,68,1.0,672.0,4,9340,4,0,234.0,344.0,328.0,672,1941.0,0,113,0.0,6,Reg,0,30,50.0,26.11993393300743,50720.0,5.18,5.6,2009,8,Q3,1Fam,1,2009-08-01,113000.0
1114,3,1.5,5,0.0,1114.0,5,13072,6,0,0.0,0.0,1114.0,1114,1979.0,0,39,0.0,5,Reg,0,20,63.0,26.11993393300743,50720.0,5.18,5.6,2009,8,Q3,1Fam,0,2009-08-01,188514.050228937
1553,3,3.0,6,2.0,1553.0,7,8736,6,0,588.0,771.0,422.0,1553,2003.0,192,88,0.0,5,IR1,0,20,68.0,26.11993393300743,50720.0,5.18,5.6,2009,8,Q3,1Fam,1,2009-08-01,179980.635948606
1002,3,2.0,39,2.0,1002.0,5,8750,5,0,902.0,828.0,174.0,1002,1973.0,0,0,76.0,6,IR1,0,20,68.0,26.11993393300743,50720.0,5.18,5.6,2009,8,Q3,1Fam,0,2009-08-01,148500.0
894,2,1.0,47,1.0,894.0,5,6600,5,0,308.0,0.0,894.0,894,1962.0,0,0,0.0,5,Reg,0,20,60.0,26.11993393300743,50720.0,5.18,5.6,2009,8,Q3,1Fam,0,2009-08-01,109500.0
2353,4,3.5,29,2.0,845.0,7,13005,10,1200,484.0,692.0,153.0,1153,1983.0,288,195,278.0,7,IR1,0,60,94.0,26.11993393300743,50720.0,5.18,5.6,2009,8,Q3,1Fam,0,2009-08-01,260000.0
1477,3,2.5,81,1.0,861.0,7,6292,6,600,216.0,0.0,861.0,877,1928.0,0,50,0.0,7,Reg,0,50,52.0,26.11993393300743,50720.0,5.18,5.6,2009,8,Q3,1Fam,1,2009-08-01,145000.0
1461,4,2.0,60,1.0,832.0,4,10800,6,629,384.0,0.0,832.0,832,1949.0,0,204,0.0,7,Reg,0,50,60.0,26.11993393300743,50720.0,5.18,5.6,2009,8,Q3,1Fam,1,2009-08-01,197318.54715833
1489,3,2.0,41,2.0,1489.0,6,9156,7,0,462.0,0.0,1489.0,1489,1968.0,0,0,0.0,7,IR1,0,20,68.0,26.11993393300743,50720.0,5.18,5.6,2009,8,Q3,1Fam,0,2009-08-01,185750.0
1158,3,1.5,5,0.0,1158.0,6,7500,5,0,0.0,0.0,1158.0,1158,1979.0,0,50,0.0,5,Reg,0,20,63.0,26.11993393300743,50720.0,5.18,5.6,2009,8,Q3,1Fam,0,2009-08-01,177548.140549508
1131,3,1.5,68,1.0,676.0,5,5720,5,455,200.0,0.0,676.0,676,1941.0,26,0,0.0,6,Reg,0,50,52.0,26.11993393300743,50720.0,5.18,5.6,2009,8,Q3,1Fam,1,2009-08-01,66500.0
2673,4,2.5,29,2.0,1043.0,7,12388,9,1134,441.0,602.0,441.0,1539,1980.0,178,84,229.0,7,IR1,0,60,68.0,26.11993393300743,50720.0,5.18,5.6,2009,8,Q3,1Fam,1,2009-08-01,200443.7920562
1690,4,2.0,99,2.0,560.0,7,7200,5,760,624.0,0.0,560.0,930,2008.0,0,0,0.0,9,Reg,0,70,60.0,26.11993393300743,50720.0,5.18,5.6,2009,8,Q3,1Fam,1,2009-08-01,190233.609102705
2544,6,3.0,40,3.0,1248.0,6,9671,12,1296,907.0,0.0,1248.0,1248,1969.0,0,0,480.0,5,Reg,0,90,81.0,26.11993393300743,50720.0,5.18,5.6,2009,8,Q3,Duplex,0,2009-08-01,221648.391978216
1764,3,3.5,12,2.0,928.0,6,15426,7,836,470.0,821.0,107.0,928,1997.0,276,99,0.0,5,IR1,0,60,65.0,26.11993393300743,50720.0,5.18,5.6,2009,8,Q3,1Fam,0,2009-08-01,231500.0
1193,3,2.0,34,2.0,1176.0,7,11050,5,0,506.0,636.0,540.0,1193,1975.0,40,0,0.0,5,IR1,0,20,85.0,26.11993393300743,50720.0,5.18,5.6,2009,8,Q3,1Fam,0,2009-08-01,184534.676687694
2042,3,2.5,1,3.0,2042.0,8,12704,8,0,1390.0,0.0,2042.0,2042,2009.0,0,90,306.0,5,Reg,0,20,98.0,26.11993393300743,50720.0,5.18,5.6,2009,8,Q3,1Fam,1,2009-08-01,253293.0
1930,4,3.0,82,1.0,720.0,6,6876,8,784,316.0,522.0,198.0,1146,1927.0,0,0,0.0,5,Reg,0,70,57.0,26.11993393300743,50720.0,5.18,5.6,2009,8,Q3,1Fam,1,2009-08-01,189595.964677698
964,2,2.0,88,2.0,876.0,5,13360,5,0,432.0,713.0,163.0,964,1921.0,0,0,0.0,7,IR1,0,30,80.0,26.11993393300743,50720.0,5.18,5.6,2009,8,Q3,1Fam,1,2009-08-01,163500.0
1152,3,1.5,59,1.0,1092.0,6,14000,6,0,300.0,0.0,1092.0,1152,1950.0,0,36,0.0,8,Reg,0,20,80.0,26.11993393300743,50720.0,5.18,5.6,2009,8,Q3,1Fam,1,2009-08-01,158500.0
1739,3,3.5,10,2.0,970.0,8,2645,7,756,480.0,649.0,321.0,983,1999.0,115,0,456.0,5,Reg,0,160,24.0,26.11993393300743,50720.0,5.18,5.6,2009,8,Q3,Twnhs,1,2009-08-01,172500.0
1358,2,2.0,4,2.0,1358.0,6,6904,6,0,484.0,836.0,522.0,1358,2005.0,192,36,240.0,5,IR1,0,120,47.0,26.11993393300743,50720.0,5.18,5.6,2009,8,Q3,TwnhsE,0,2009-08-01,163099.3096358
1417,3,3.0,12,2.0,1417.0,7,8750,7,0,511.0,1111.0,306.0,1417,1997.0,60,0,209.0,5,Reg,117,20,70.0,26.11993393300743,50720.0,5.18,5.6,2009,8,Q3,1Fam,1,2009-08-01,180008.188485489
3082,5,3.5,89,2.0,824.0,7,15863,12,998,672.0,523.0,301.0,1687,1970.0,136,63,0.0,3,Reg,0,75,102.0,26.11993393300743,50720.0,5.18,5.6,2009,8,Q3,1Fam,1,2009-08-01,197000.0
1210,2,1.5,56,1.0,0.0,5,9533,7,0,616.0,0.0,0.0,1210,1953.0,208,0,140.0,5,Reg,0,20,75.0,26.11993393300743,50720.0,5.18,5.6,2009,8,Q3,1Fam,0,2009-08-01,168273.282454755
793,2,2.0,64,1.0,793.0,5,8480,4,0,240.0,700.0,93.0,793,1945.0,0,0,0.0,6,Reg,0,30,80.0,26.11993393300743,50720.0,5.18,5.6,2009,8,Q3,1Fam,1,2009-08-01,166200.938073485
1306,1,3.0,4,2.0,1306.0,6,5381,5,0,624.0,900.0,406.0,1306,2005.0,170,63,135.0,5,IR1,0,120,34.0,26.11993393300743,50720.0,5.18,5.6,2009,8,Q3,Twnhs,0,2009-08-01,196000.0
1360,1,2.0,25,2.0,1220.0,8,5814,4,0,565.0,1036.0,184.0,1360,1984.0,63,0,0.0,5,IR1,0,120,68.0,26.11993393300743,50720.0,5.18,5.6,2009,8,Q3,TwnhsE,0,2009-08-01,187500.0
1220,2,2.0,4,2.0,1220.0,7,3182,5,0,397.0,16.0,1204.0,1220,2005.0,100,16,16.0,5,Reg,0,120,43.0,26.11993393300743,50720.0,5.18,5.6,2009,8,Q3,TwnhsE,1,2009-08-01,155774.270901623
2634,6,4.5,40,4.0,1248.0,5,11643,12,1296,968.0,500.0,748.0,1338,1969.0,0,0,368.0,5,Reg,0,90,91.0,26.11993393300743,50720.0,5.18,5.6,2009,8,Q3,Duplex,0,2009-08-01,200000.0
1196,3,1.0,89,2.0,684.0,6,12354,7,512,528.0,0.0,684.0,684,2005.0,0,46,0.0,8,Reg,0,50,67.0,26.11993393300743,50720.0,5.18,5.6,2009,8,Q3,1Fam,1,2009-08-01,110000.0
1329,3,1.5,49,2.0,1329.0,7,12285,5,0,441.0,544.0,785.0,1329,1960.0,0,0,128.0,6,IR1,0,20,68.0,26.11993393300743,50720.0,5.18,5.6,2009,8,Q3,1Fam,0,2009-08-01,186965.204048443
1350,3,2.0,35,2.0,1064.0,6,10140,7,0,478.0,0.0,1064.0,1350,1974.0,0,0,174.0,5,Reg,0,20,78.0,26.11993393300743,50720.0,5.18,5.6,2009,8,Q3,1Fam,0,2009-08-01,165000.0
1644,2,3.5,20,2.0,1518.0,7,12800,5,0,569.0,1518.0,0.0,1644,1989.0,80,0,145.0,5,Reg,396,80,68.0,26.11993393300743,50720.0,5.18,5.6,2009,8,Q3,1Fam,0,2009-08-01,275000.0
1072,2,2.0,84,5.0,1072.0,5,8635,5,0,1184.0,134.0,938.0,1072,1982.0,0,0,0.0,5,Reg,0,30,50.0,26.11993393300743,50720.0,5.18,5.6,2009,8,Q3,1Fam,1,2009-08-01,166505.984017547
1091,2,1.5,16,1.0,384.0,6,7706,5,0,429.0,114.0,0.0,1091,1993.0,280,0,0.0,5,Reg,0,80,62.0,26.11993393300743,50720.0,5.18,5.6,2009,8,Q3,1Fam,1,2009-08-01,164677.676391525
1374,3,2.5,5,2.0,384.0,7,9434,6,630,400.0,0.0,384.0,744,2004.0,100,0,0.0,5,IR1,0,80,59.0,26.11993393300743,50720.0,5.18,5.6,2009,8,Q3,1Fam,1,2009-08-01,181354.326716058
1040,3,2.0,31,0.0,1040.0,5,8430,5,0,0.0,616.0,424.0,1040,1979.0,0,0,136.0,5,Reg,0,20,60.0,26.11993393300743,50720.0,5.18,5.6,2009,8,Q3,1Fam,0,2009-08-01,124000.0
2149,1,2.5,6,2.0,1434.0,7,12822,6,631,670.0,1351.0,83.0,1518,2003.0,168,43,0.0,5,IR1,198,50,48.0,26.11993393300743,50720.0,5.18,5.6,2009,8,Q3,1Fam,0,2009-08-01,239686.0
864,3,2.0,37,1.0,864.0,5,15523,5,0,338.0,460.0,404.0,864,1972.0,0,0,0.0,6,IR1,0,20,36.0,26.11993393300743,50720.0,5.18,5.6,2009,8,Q3,1Fam,0,2009-08-01,133500.0
1055,2,2.5,34,2.0,1057.0,7,2280,4,0,440.0,435.0,0.0,1055,1975.0,0,27,0.0,5,Reg,0,120,24.0,26.11993393300743,50720.0,5.18,5.6,2009,8,Q3,Twnhs,0,2009-08-01,153999.100311019
1666,3,1.0,82,1.0,1204.0,6,5160,4,462,384.0,0.0,1204.0,1204,1927.0,0,0,0.0,6,Reg,0,50,60.0,26.11993393300743,50720.0,5.18,5.6,2009,8,Q3,1Fam,1,2009-08-01,172942.930813351
1200,3,1.0,59,1.0,1200.0,5,9600,6,0,246.0,390.0,810.0,1200,1950.0,126,0,0.0,6,Reg,0,20,60.0,26.11993393300743,50720.0,5.18,5.6,2009,8,Q3,1Fam,0,2009-08-01,181681.021081956
1671,3,2.0,31,2.0,1427.0,6,10928,7,0,484.0,363.0,1064.0,1671,1978.0,252,55,101.0,6,Reg,0,20,80.0,26.11993393300743,50720.0,5.18,5.6,2009,8,Q3,1Fam,1,2009-08-01,184294.576009142
1678,6,2.0,50,0.0,1678.0,5,10926,10,0,0.0,0.0,1678.0,1678,1979.0,0,0,74.0,5,Reg,0,90,65.0,26.11993393300743,50720.0,5.18,5.6,2009,8,Q3,Duplex,0,2009-08-01,224118.280105941
792,2,1.0,51,1.0,792.0,3,5470,4,0,366.0,0.0,792.0,792,1958.0,0,90,0.0,5,Reg,0,20,53.0,26.11993393300743,50720.0,5.18,5.6,2009,8,Q3,1Fam,0,2009-08-01,160277.142643643
1734,4,2.0,32,2.0,0.0,5,10125,8,432,539.0,0.0,0.0,1302,1977.0,0,0,0.0,5,Reg,0,90,75.0,26.11993393300743,50720.0,5.18,5.6,2009,8,Q3,Duplex,0,2009-08-01,126000.0
2119,3,2.5,37,2.0,689.0,6,10448,7,741,583.0,0.0,689.0,1378,1972.0,0,104,333.0,6,IR1,0,80,68.0,26.11993393300743,50720.0,5.18,5.6,2009,8,Q3,1Fam,0,2009-08-01,158000.0
1336,3,2.5,40,2.0,1288.0,5,9600,6,0,502.0,553.0,588.0,1336,1969.0,312,11,128.0,5,Reg,0,20,80.0,26.11993393300743,50720.0,5.18,5.6,2009,8,Q3,1Fam,0,2009-08-01,181681.021081956
1352,4,2.5,70,2.0,676.0,5,10800,7,676,720.0,0.0,676.0,676,1939.0,187,0,0.0,7,Reg,0,60,60.0,26.11993393300743,50720.0,5.18,5.6,2009,8,Q3,1Fam,1,2009-08-01,197318.54715833
1216,3,2.0,40,1.0,1216.0,6,9000,5,0,336.0,955.0,261.0,1216,1969.0,0,0,200.0,5,Reg,0,20,75.0,26.11993393300743,50720.0,5.18,5.6,2009,8,Q3,1Fam,0,2009-08-01,180500.198072685
894,2,2.0,49,2.0,894.0,4,7436,5,0,396.0,734.0,160.0,894,1988.0,0,0,0.0,7,Reg,0,20,60.0,26.11993393300743,50720.0,5.18,5.6,2009,8,Q3,1Fam,0,2009-08-01,164146.306037354
1092,3,1.5,39,1.0,546.0,4,2217,6,546,286.0,273.0,0.0,546,1970.0,238,0,0.0,4,Reg,0,160,21.0,26.11993393300743,50720.0,5.18,5.6,2009,8,Q3,TwnhsE,0,2009-08-01,88000.0
1512,2,3.5,9,2.0,756.0,6,2998,4,756,440.0,507.0,249.0,756,2000.0,0,32,513.0,5,Reg,0,160,34.0,26.11993393300743,50720.0,5.18,5.6,2009,8,Q3,TwnhsE,0,2009-08-01,155412.151845447
1338,2,1.5,26,2.0,520.0,6,19255,5,0,576.0,70.0,0.0,1338,1983.0,0,0,100.0,5,IR1,0,80,66.0,26.11993393300743,50720.0,5.055,4.7,2009,9,Q3,1Fam,0,2009-09-01,188511.443835239
1480,3,1.0,89,1.0,972.0,6,5400,6,0,207.0,0.0,972.0,1044,1920.0,0,0,0.0,6,Reg,0,50,60.0,26.11993393300743,50720.0,5.055,4.7,2009,9,Q3,1Fam,1,2009-09-01,174520.152570658
1432,3,1.0,86,1.0,1022.0,6,6615,6,0,216.0,0.0,1022.0,1432,1923.0,266,61,0.0,6,Reg,0,30,68.0,26.11993393300743,50720.0,5.055,4.7,2009,9,Q3,1Fam,1,2009-09-01,176911.319164431
1342,3,2.0,42,2.0,1372.0,6,9790,7,0,457.0,251.0,491.0,1342,1967.0,0,0,0.0,5,Reg,197,20,68.0,26.11993393300743,50720.0,5.055,4.7,2009,9,Q3,1Fam,0,2009-09-01,161500.0
1145,2,2.0,4,2.0,1145.0,7,3182,5,0,397.0,16.0,1129.0,1145,2005.0,100,16,11.0,5,Reg,0,120,43.0,26.11993393300743,50720.0,5.055,4.7,2009,9,Q3,TwnhsE,1,2009-09-01,160200.0
2687,4,3.5,9,3.0,1455.0,8,12720,10,1221,810.0,1173.0,282.0,1466,2000.0,252,30,150.0,5,Reg,0,60,106.0,26.11993393300743,50720.0,5.055,4.7,2009,9,Q3,1Fam,0,2009-09-01,202202.073341595
1521,4,1.0,99,3.0,741.0,6,9720,8,741,640.0,0.0,741.0,780,1950.0,0,0,0.0,7,Reg,0,70,60.0,26.11993393300743,50720.0,5.055,4.7,2009,9,Q3,1Fam,1,2009-09-01,196297.95829524
1844,2,3.0,4,2.0,1844.0,8,10994,7,0,620.0,976.0,868.0,1844,2005.0,165,44,366.0,5,IR1,0,20,88.0,26.11993393300743,50720.0,5.055,4.7,2009,9,Q3,1Fam,1,2009-09-01,257000.0
1548,3,2.5,33,2.0,804.0,6,2308,7,744,440.0,306.0,498.0,804,1976.0,108,0,0.0,5,Reg,0,160,24.0,26.11993393300743,50720.0,5.055,4.7,2009,9,Q3,TwnhsE,0,2009-09-01,168434.977996215
1696,3,2.0,1,3.0,1696.0,8,11194,7,0,972.0,0.0,1696.0,1696,2008.0,120,56,240.0,5,IR1,0,20,86.0,26.11993393300743,50720.0,5.055,4.7,2009,9,Q3,1Fam,0,2009-09-01,185922.966763517
1668,3,1.5,59,1.0,856.0,6,9600,6,556,271.0,120.0,736.0,1112,1950.0,0,0,0.0,8,Reg,0,50,80.0,26.11993393300743,50720.0,5.055,4.7,2009,9,Q3,1Fam,1,2009-09-01,140000.0
1432,3,2.0,3,2.0,1422.0,8,9139,7,0,492.0,379.0,1043.0,1432,2006.0,297,50,206.0,5,IR1,0,20,76.0,26.11993393300743,50720.0,5.055,4.7,2009,9,Q3,1Fam,0,2009-09-01,181878.647956764
1431,3,3.0,10,2.0,1431.0,7,9017,6,0,666.0,560.0,871.0,1431,1999.0,0,35,0.0,5,IR1,0,20,68.0,26.11993393300743,50720.0,5.055,4.7,2009,9,Q3,1Fam,0,2009-09-01,192000.0
1712,3,3.0,7,3.0,1712.0,8,16770,8,0,701.0,1196.0,516.0,1712,2002.0,218,183,270.0,5,Reg,0,20,129.0,26.11993393300743,50720.0,5.055,4.7,2009,9,Q3,1Fam,1,2009-09-01,196896.748596341
704,2,1.5,63,1.0,560.0,4,4280,4,0,220.0,0.0,560.0,704,1946.0,0,0,0.0,9,IR1,0,20,50.0,26.11993393300743,50720.0,5.055,4.7,2009,9,Q3,1Fam,1,2009-09-01,159040.069562187
1089,3,2.0,55,1.0,1089.0,5,7440,5,0,252.0,173.0,916.0,1089,1954.0,328,0,0.0,6,Reg,0,20,62.0,26.11993393300743,50720.0,5.055,4.7,2009,9,Q3,1Fam,0,2009-09-01,178534.950802179
2128,4,2.0,87,0.0,1040.0,5,3000,11,1040,0.0,0.0,1040.0,1088,1979.0,0,56,0.0,1,Reg,0,90,50.0,26.11993393300743,50720.0,5.055,4.7,2009,9,Q3,Duplex,1,2009-09-01,183072.740591406
864,3,2.0,39,2.0,864.0,4,7038,5,0,576.0,726.0,138.0,864,2001.0,210,0,0.0,6,Reg,0,20,60.0,26.11993393300743,50720.0,5.055,4.7,2009,9,Q3,1Fam,0,2009-09-01,177743.799385967
1630,3,2.5,5,2.0,868.0,7,7984,7,762,436.0,0.0,868.0,868,2004.0,120,48,200.0,5,IR1,0,60,62.0,26.11993393300743,50720.0,5.055,4.7,2009,9,Q3,1Fam,1,2009-09-01,179605.563663918
1658,3,2.5,1,3.0,1614.0,8,10206,7,0,726.0,0.0,1614.0,1658,2008.0,144,44,294.0,5,Reg,0,20,78.0,26.11993393300743,50720.0,5.055,4.7,2009,9,Q3,1Fam,0,2009-09-01,183978.544874918
1734,2,3.0,14,2.0,1587.0,8,8013,6,0,528.0,741.0,846.0,1734,1995.0,52,50,0.0,5,IR1,0,120,57.0,26.11993393300743,50720.0,5.055,4.7,2009,9,Q3,TwnhsE,1,2009-09-01,166386.7567182
1298,3,1.0,68,1.0,720.0,5,8212,6,444,256.0,626.0,94.0,854,1940.0,84,0,0.0,6,Reg,0,50,45.0,26.11993393300743,50720.0,5.055,4.7,2009,9,Q3,1Fam,1,2009-09-01,180054.276407441
894,2,1.0,37,2.0,894.0,5,7200,6,0,600.0,777.0,117.0,894,1985.0,215,0,0.0,5,Reg,0,20,60.0,26.11993393300743,50720.0,5.055,4.7,2009,9,Q3,1Fam,0,2009-09-01,123000.0
1389,3,1.5,63,1.0,651.0,7,3378,6,682,240.0,0.0,651.0,707,1947.0,0,0,0.0,8,Reg,0,60,60.0,26.11993393300743,50720.0,5.055,4.7,2009,9,Q3,1Fam,1,2009-09-01,135000.0
1040,3,2.0,32,2.0,1040.0,5,8800,5,0,484.0,532.0,364.0,1040,1977.0,0,0,0.0,7,IR1,288,20,61.0,26.11993393300743,50720.0,5.055,4.7,2009,9,Q3,1Fam,1,2009-09-01,150500.0
1576,4,2.0,48,2.0,1208.0,6,11475,7,0,368.0,568.0,640.0,1576,1961.0,85,0,90.0,6,Reg,0,80,85.0,26.11993393300743,50720.0,5.055,4.7,2009,9,Q3,1Fam,0,2009-09-01,199751.865597358
1620,2,3.0,2,3.0,1620.0,9,12898,6,0,912.0,1022.0,598.0,1620,2008.0,228,0,70.0,5,IR1,0,20,89.0,26.11993393300743,50720.0,5.055,4.7,2009,9,Q3,1Fam,1,2009-09-01,315500.0
864,3,1.0,50,1.0,864.0,5,8125,5,0,308.0,403.0,461.0,864,1960.0,0,0,0.0,7,Reg,0,20,65.0,26.11993393300743,50720.0,5.055,4.7,2009,9,Q3,1Fam,0,2009-09-01,179883.057071096
1718,3,3.0,2,3.0,1705.0,8,10637,7,0,826.0,1288.0,417.0,1718,2007.0,208,44,336.0,5,Reg,0,20,79.0,26.11993393300743,50720.0,5.055,4.7,2009,9,Q3,1Fam,1,2009-09-01,297000.0
1452,3,3.5,10,2.0,691.0,7,3768,6,739,506.0,549.0,142.0,713,1999.0,0,34,218.0,5,Reg,0,160,35.0,26.11993393300743,50720.0,5.055,4.7,2009,9,Q3,TwnhsE,0,2009-09-01,171308.313985441
1218,2,2.0,0,2.0,1218.0,6,7862,4,0,676.0,27.0,1191.0,1218,2009.0,0,102,0.0,5,IR1,0,20,75.0,26.11993393300743,50720.0,5.055,4.7,2009,9,Q3,1Fam,0,2009-09-01,208300.0
1502,3,2.0,0,2.0,1502.0,7,9541,7,0,644.0,0.0,1502.0,1502,2009.0,0,114,268.0,5,IR1,0,20,79.0,26.11993393300743,50720.0,5.055,4.7,2009,9,Q3,1Fam,0,2009-09-01,233170.0
2020,3,3.5,0,3.0,2006.0,10,12220,9,0,900.0,1436.0,570.0,2020,2009.0,156,54,305.0,5,Reg,0,20,94.0,26.11993393300743,50720.0,5.055,4.7,2009,9,Q3,1Fam,0,2009-09-01,402861.0
1869,2,1.0,119,2.0,1088.0,5,8820,7,561,456.0,1088.0,0.0,1188,1963.0,48,0,0.0,6,Reg,0,50,98.0,26.11993393300743,50720.0,5.055,4.7,2009,9,Q3,1Fam,1,2009-09-01,124900.0
1092,3,1.5,47,1.0,1092.0,5,11616,6,0,288.0,170.0,252.0,1092,1962.0,0,20,116.0,5,Reg,0,20,68.0,26.11993393300743,50720.0,5.055,4.7,2009,9,Q3,1Fam,0,2009-09-01,139000.0
1611,3,3.0,7,3.0,1569.0,7,11664,6,0,1231.0,1234.0,335.0,1611,2002.0,262,93,0.0,5,Reg,0,20,90.0,26.11993393300743,50720.0,5.055,4.7,2009,9,Q3,1Fam,0,2009-09-01,186847.944787446
841,2,1.0,59,1.0,721.0,4,8400,4,0,294.0,0.0,721.0,841,1950.0,250,0,0.0,4,Reg,0,20,60.0,26.11993393300743,50720.0,5.055,4.7,2009,9,Q3,1Fam,0,2009-09-01,82000.0
797,2,1.0,109,0.0,245.0,3,9392,5,0,0.0,0.0,245.0,797,1979.0,0,36,0.0,3,Reg,0,30,72.0,26.11993393300743,50720.0,5.055,4.7,2009,9,Q3,1Fam,1,2009-09-01,169100.681601175
1268,3,1.0,60,1.0,832.0,5,12144,6,0,288.0,375.0,457.0,1036,1949.0,0,28,0.0,7,Reg,0,40,60.0,26.11993393300743,50720.0,5.055,4.7,2009,9,Q3,1Fam,1,2009-09-01,133000.0
1792,4,3.0,35,0.0,896.0,5,9000,8,896,0.0,0.0,896.0,896,1979.0,32,45,0.0,5,Reg,0,90,60.0,26.11993393300743,50720.0,5.055,4.7,2009,9,Q3,Duplex,0,2009-09-01,136000.0
951,2,2.0,51,2.0,951.0,6,8010,6,0,480.0,745.0,206.0,951,1985.0,0,0,0.0,9,Reg,0,20,62.0,26.11993393300743,50720.0,5.055,4.7,2009,9,Q3,1Fam,1,2009-09-01,166380.852603154
732,2,2.0,57,1.0,732.0,5,7200,4,0,240.0,630.0,0.0,732,1952.0,0,68,0.0,7,Reg,0,20,60.0,26.11993393300743,50720.0,5.055,4.7,2009,9,Q3,1Fam,0,2009-09-01,164786.741540638
2132,1,2.5,26,2.0,1496.0,8,12327,5,636,612.0,1441.0,55.0,1496,1983.0,349,40,0.0,8,IR1,0,50,79.0,26.11993393300743,50720.0,5.055,4.7,2009,9,Q3,1Fam,1,2009-09-01,316600.0
1314,3,3.0,0,2.0,1300.0,8,8640,6,0,552.0,936.0,364.0,1314,2009.0,135,112,72.0,5,Reg,0,20,72.0,26.11993393300743,50720.0,5.055,4.7,2009,9,Q3,1Fam,0,2009-09-01,229456.0
1608,3,2.5,84,1.0,976.0,6,6171,7,448,216.0,264.0,712.0,1160,1925.0,147,16,0.0,6,Reg,0,50,51.0,26.11993393300743,50720.0,4.94,4.4,2009,10,Q4,1Fam,1,2009-10-01,137450.0
1112,2,2.0,55,1.0,1112.0,5,9100,6,0,390.0,154.0,264.0,1112,1954.0,0,0,0.0,6,Reg,0,20,70.0,26.11993393300743,50720.0,4.94,4.4,2009,10,Q4,1Fam,0,2009-10-01,169630.906956928
1464,3,2.5,46,2.0,520.0,5,12886,6,0,480.0,444.0,76.0,1464,1997.0,302,0,0.0,6,IR1,100,80,70.0,26.11993393300743,50720.0,4.94,4.4,2009,10,Q4,1Fam,1,2009-10-01,175000.0
2490,2,3.0,4,3.0,2458.0,9,11128,9,0,795.0,2158.0,300.0,2490,2005.0,70,226,198.0,5,Reg,0,20,85.0,26.11993393300743,50720.0,4.94,4.4,2009,10,Q4,1Fam,1,2009-10-01,173622.088728263
1258,2,1.0,70,1.0,560.0,6,9060,6,560,280.0,204.0,356.0,698,1939.0,0,0,0.0,5,Reg,0,50,60.0,26.11993393300743,50720.0,4.94,4.4,2009,10,Q4,1Fam,1,2009-10-01,105000.0
1523,3,3.0,60,1.0,1067.0,5,15600,7,537,295.0,312.0,248.0,986,1949.0,0,0,0.0,7,Reg,0,50,78.0,26.11993393300743,50720.0,4.94,4.4,2009,10,Q4,1Fam,1,2009-10-01,195699.036281861
990,3,2.0,15,1.0,990.0,5,9757,5,0,440.0,755.0,235.0,990,1995.0,66,0,0.0,7,Reg,92,20,65.0,26.11993393300743,50720.0,4.94,4.4,2009,10,Q4,1Fam,0,2009-10-01,184199.788209911
1701,4,2.0,89,0.0,600.0,4,7627,8,600,0.0,0.0,600.0,1101,1979.0,0,0,0.0,6,Reg,0,190,63.0,26.11993393300743,50720.0,4.94,4.4,2009,10,Q4,2fmCon,1,2009-10-01,193283.746584832
1558,3,1.5,70,2.0,690.0,5,6406,7,690,400.0,421.0,269.0,868,1939.0,0,36,0.0,6,Reg,182,70,57.0,26.11993393300743,50720.0,4.94,4.4,2009,10,Q4,1Fam,1,2009-10-01,177604.891703134
1766,2,3.5,0,3.0,1766.0,9,9187,7,0,478.0,1121.0,645.0,1766,2009.0,195,130,162.0,5,Reg,0,20,85.0,26.11993393300743,50720.0,4.94,4.4,2009,10,Q4,1Fam,0,2009-10-01,370878.0
1510,4,2.0,69,1.0,755.0,4,9084,7,755,296.0,0.0,755.0,755,1940.0,120,0,0.0,5,Reg,0,70,60.0,26.11993393300743,50720.0,4.94,4.4,2009,10,Q4,1Fam,1,2009-10-01,108000.0
1548,3,2.5,84,2.0,952.0,7,7264,5,596,672.0,0.0,952.0,952,1978.0,74,0,0.0,7,Reg,144,50,55.0,26.11993393300743,50720.0,4.94,4.4,2009,10,Q4,1Fam,1,2009-10-01,205000.0
784,2,1.0,81,2.0,784.0,6,9000,5,0,360.0,0.0,784.0,784,1950.0,0,0,0.0,3,Reg,0,45,60.0,26.11993393300743,50720.0,4.94,4.4,2009,10,Q4,1Fam,1,2009-10-01,76000.0
1297,3,1.5,55,2.0,1297.0,5,8532,5,0,498.0,1213.0,84.0,1297,1954.0,0,0,650.0,6,Reg,0,20,74.0,26.11993393300743,50720.0,4.94,4.4,2009,10,Q4,1Fam,1,2009-10-01,153000.0
1868,4,3.5,33,2.0,780.0,5,10304,9,780,484.0,381.0,399.0,1088,1976.0,448,96,44.0,7,IR1,0,60,68.0,26.11993393300743,50720.0,4.94,4.4,2009,10,Q4,1Fam,0,2009-10-01,197500.0
1229,2,2.5,29,2.0,561.0,6,1488,5,668,462.0,471.0,90.0,561,1980.0,176,0,0.0,6,Reg,0,160,24.0,26.11993393300743,50720.0,4.94,4.4,2009,10,Q4,TwnhsE,1,2009-10-01,154650.199045978
1125,3,2.0,33,1.0,1041.0,6,7200,6,0,352.0,631.0,410.0,1125,1977.0,296,0,255.0,6,Reg,0,80,72.0,26.11993393300743,50720.0,4.94,4.4,2009,10,Q4,1Fam,0,2009-10-01,125000.0
1540,3,3.5,15,2.0,754.0,7,9109,6,786,495.0,36.0,122.0,754,1994.0,140,32,0.0,5,Reg,0,60,70.0,26.11993393300743,50720.0,4.94,4.4,2009,10,Q4,1Fam,0,2009-10-01,182924.499359899
612,1,1.0,69,1.0,0.0,2,5925,4,0,308.0,0.0,0.0,612,1965.0,0,0,0.0,4,Reg,0,30,50.0,26.11993393300743,50720.0,4.94,4.4,2009,10,Q4,1Fam,1,2009-10-01,150106.505141704
1374,2,1.0,89,1.0,840.0,4,5400,6,534,338.0,315.0,420.0,840,1967.0,0,0,0.0,6,Reg,0,50,90.0,26.11993393300743,50720.0,4.94,4.4,2009,10,Q4,1Fam,1,2009-10-01,105000.0
2232,3,3.5,16,2.0,1173.0,8,11692,8,1017,623.0,624.0,549.0,1215,1993.0,173,165,372.0,5,IR1,0,60,68.0,26.11993393300743,50720.0,4.94,4.4,2009,10,Q4,1Fam,1,2009-10-01,188007.94241481
1112,2,1.0,58,2.0,631.0,5,13070,5,0,480.0,308.0,323.0,1112,1951.0,0,0,0.0,5,Reg,255,20,67.0,26.11993393300743,50720.0,4.94,4.4,2009,10,Q4,1Fam,0,2009-10-01,177444.019201603
960,3,1.0,53,1.0,672.0,4,8926,5,0,288.0,0.0,672.0,960,1956.0,64,0,0.0,3,IR1,160,20,68.0,26.11993393300743,50720.0,4.94,4.4,2009,10,Q4,1Fam,0,2009-10-01,112000.0
2787,6,7.0,9,4.0,1168.0,7,11855,8,1619,820.0,820.0,348.0,1168,2000.0,312,0,23.0,5,Reg,0,90,68.0,26.11993393300743,50720.0,4.94,4.4,2009,10,Q4,Duplex,0,2009-10-01,228156.372839158
2787,6,7.0,9,4.0,1168.0,7,7939,8,1619,820.0,820.0,348.0,1168,2000.0,312,0,23.0,5,Reg,0,90,68.0,26.11993393300743,50720.0,4.94,4.4,2009,10,Q4,Duplex,0,2009-10-01,220449.534665317
1550,2,3.0,3,2.0,1092.0,7,8125,7,438,438.0,812.0,280.0,1112,2007.0,0,168,100.0,5,Reg,0,60,65.0,26.11993393300743,50720.0,4.94,4.4,2009,10,Q4,1Fam,1,2009-10-01,241000.0
1362,1,2.5,16,2.0,796.0,5,14115,5,566,480.0,732.0,64.0,796,1993.0,40,30,0.0,5,IR1,0,50,85.0,26.11993393300743,50720.0,4.94,4.4,2009,10,Q4,1Fam,1,2009-10-01,143000.0
864,2,1.0,50,1.0,864.0,6,9100,5,0,300.0,612.0,252.0,864,2008.0,0,0,0.0,6,Reg,0,20,70.0,26.11993393300743,50720.0,4.94,4.4,2009,10,Q4,1Fam,0,2009-10-01,127500.0
1301,2,1.0,85,2.0,1145.0,5,6911,5,0,440.0,405.0,740.0,1301,1965.0,0,0,0.0,5,Reg,0,30,60.0,26.11993393300743,50720.0,4.94,4.4,2009,10,Q4,1Fam,1,2009-10-01,100000.0
2787,6,7.0,9,4.0,1168.0,7,7976,8,1619,820.0,820.0,348.0,1168,2000.0,312,0,23.0,5,Reg,0,90,68.0,26.11993393300743,50720.0,4.94,4.4,2009,10,Q4,Duplex,0,2009-10-01,220522.352084222
1232,3,1.0,93,2.0,816.0,6,8574,6,0,440.0,0.0,816.0,1232,1916.0,0,0,0.0,8,Reg,0,30,64.0,26.11993393300743,50720.0,4.94,4.4,2009,10,Q4,1Fam,1,2009-10-01,181871.598843299
914,2,2.0,30,2.0,914.0,5,6950,5,0,444.0,710.0,132.0,914,1979.0,0,0,40.0,7,IR1,0,20,76.0,26.11993393300743,50720.0,4.94,4.4,2009,10,Q4,1Fam,0,2009-10-01,165399.62450704
2071,4,2.0,53,1.0,825.0,5,15584,9,0,336.0,0.0,825.0,2071,1956.0,131,28,366.0,5,Reg,0,80,68.0,26.11993393300743,50720.0,4.94,4.4,2009,10,Q4,1Fam,0,2009-10-01,208943.427726113
912,3,2.0,46,1.0,912.0,5,7791,6,0,300.0,624.0,288.0,912,1963.0,0,0,0.0,8,IR1,0,20,68.0,26.11993393300743,50720.0,4.94,4.4,2009,10,Q4,1Fam,1,2009-10-01,180330.624816201
1436,3,2.0,1,2.0,1436.0,7,7993,6,0,529.0,0.0,1436.0,1436,2008.0,0,121,0.0,5,IR1,0,20,90.0,26.11993393300743,50720.0,4.94,4.4,2009,10,Q4,1Fam,1,2009-10-01,180728.168562655
1746,3,3.0,3,3.0,1746.0,9,14892,7,0,758.0,1320.0,426.0,1746,2006.0,201,39,160.0,5,IR1,0,20,42.0,26.11993393300743,50720.0,4.94,4.4,2009,10,Q4,1Fam,1,2009-10-01,377500.0
1221,2,3.0,5,2.0,1221.0,7,7500,6,0,400.0,410.0,811.0,1221,2004.0,0,113,0.0,5,Reg,0,20,62.0,26.11993393300743,50720.0,4.94,4.4,2009,10,Q4,1Fam,1,2009-10-01,185000.0
1811,3,2.5,7,2.0,972.0,8,8470,7,839,565.0,225.0,471.0,972,2002.0,225,48,0.0,5,Reg,0,60,68.0,26.11993393300743,50720.0,4.94,4.4,2009,10,Q4,1Fam,0,2009-10-01,181666.922855025
1659,2,3.0,9,2.0,1501.0,8,5664,5,0,499.0,1158.0,343.0,1659,2000.0,212,59,0.0,5,IR1,0,120,40.0,26.11993393300743,50720.0,4.94,4.4,2009,10,Q4,TwnhsE,0,2009-10-01,278000.0
882,2,1.0,53,1.0,882.0,6,13008,5,0,502.0,564.0,318.0,882,1956.0,0,0,0.0,5,IR1,0,20,74.0,26.11993393300743,50720.0,4.94,4.4,2009,10,Q4,1Fam,0,2009-10-01,177322.000823979
1986,3,2.5,44,2.0,768.0,7,13600,7,800,486.0,454.0,314.0,1186,1965.0,0,42,176.0,6,Reg,189,60,85.0,26.11993393300743,50720.0,4.94,4.4,2009,10,Q4,1Fam,1,2009-10-01,205000.0
1644,3,2.0,56,2.0,1416.0,6,9600,7,0,418.0,1285.0,131.0,1644,1953.0,110,0,238.0,5,Reg,0,20,80.0,26.11993393300743,50720.0,4.94,4.4,2009,10,Q4,1Fam,0,2009-10-01,167000.0
912,3,1.5,47,1.0,912.0,5,7150,6,0,252.0,140.0,182.0,912,1962.0,0,0,60.0,6,Reg,0,20,65.0,26.11993393300743,50720.0,4.94,4.4,2009,10,Q4,1Fam,0,2009-10-01,179069.112234629
2019,3,1.0,99,2.0,728.0,7,11414,8,883,532.0,0.0,728.0,1136,1997.0,509,135,0.0,8,IR1,0,70,60.0,26.11993393300743,50720.0,4.94,4.4,2009,10,Q4,1Fam,1,2009-10-01,167500.0
1526,2,1.0,94,0.0,1013.0,3,8470,6,0,0.0,0.0,1013.0,1013,1979.0,0,0,0.0,2,IR1,0,50,105.0,26.11993393300743,50720.0,4.94,4.4,2009,10,Q4,1Fam,1,2009-10-01,85000.0
836,2,1.5,33,1.0,836.0,7,2104,5,0,345.0,536.0,300.0,836,1976.0,150,20,0.0,6,Reg,0,120,24.0,26.11993393300743,50720.0,4.94,4.4,2009,10,Q4,TwnhsE,0,2009-10-01,155862.510668829
1268,3,1.5,32,1.0,1268.0,5,9286,5,0,252.0,196.0,1072.0,1268,1978.0,173,0,0.0,7,IR1,0,20,68.0,26.11993393300743,50720.0,4.94,4.4,2009,10,Q4,1Fam,1,2009-10-01,143500.0
1836,3,2.0,1,2.0,1836.0,8,8125,8,0,517.0,0.0,1836.0,1836,2009.0,0,175,288.0,5,Reg,0,20,65.0,26.11993393300743,50720.0,4.94,4.4,2009,10,Q4,1Fam,1,2009-10-01,180987.949624695
1383,2,1.0,55,2.0,0.0,4,15635,6,0,498.0,0.0,0.0,1383,1980.0,0,0,0.0,5,IR1,110,20,68.0,26.11993393300743,50720.0,4.94,4.4,2009,10,Q4,1Fam,0,2009-10-01,182492.037566236
1636,3,3.5,11,2.0,952.0,6,7500,7,684,440.0,476.0,476.0,952,1998.0,0,84,0.0,5,Reg,0,60,60.0,26.11993393300743,50720.0,4.94,4.4,2009,10,Q4,1Fam,1,2009-10-01,179757.925656704
1630,3,2.0,9,2.0,1630.0,7,9750,6,0,451.0,0.0,1630.0,1630,2000.0,74,234,171.0,5,Reg,0,20,75.0,26.11993393300743,50720.0,4.94,4.4,2009,10,Q4,1Fam,1,2009-10-01,213000.0
958,2,2.0,33,2.0,958.0,6,4928,5,0,440.0,958.0,0.0,958,1976.0,0,60,0.0,6,IR1,0,120,68.0,26.11993393300743,50720.0,4.94,4.4,2009,10,Q4,TwnhsE,0,2009-10-01,143750.0
1629,3,3.0,6,3.0,3206.0,8,10655,7,0,880.0,1124.0,1603.0,1629,2003.0,0,0,296.0,5,IR1,0,20,85.0,26.11993393300743,50720.0,4.94,4.4,2009,10,Q4,1Fam,1,2009-10-01,284000.0
1202,3,1.5,53,1.0,1202.0,5,8750,6,0,304.0,435.0,565.0,1202,1956.0,0,35,0.0,5,Reg,0,20,70.0,26.11993393300743,50720.0,4.87,4.6,2009,11,Q4,1Fam,0,2009-11-01,183322.866146283
874,3,2.0,41,1.0,864.0,5,9858,5,0,288.0,510.0,354.0,874,1968.0,33,0,0.0,6,Reg,0,20,62.0,26.11993393300743,50720.0,4.87,4.6,2009,11,Q4,1Fam,0,2009-11-01,130000.0
1494,3,1.0,67,1.0,771.0,6,7500,7,741,213.0,547.0,224.0,753,1942.0,0,0,0.0,7,IR1,224,70,68.0,26.11993393300743,50720.0,4.87,4.6,2009,11,Q4,1Fam,1,2009-11-01,177500.0
980,3,2.0,47,2.0,980.0,5,9750,5,0,400.0,68.0,28.0,980,1969.0,0,28,0.0,5,IR1,0,20,63.0,26.11993393300743,50720.0,4.87,4.6,2009,11,Q4,1Fam,0,2009-11-01,185290.904495068
2061,3,3.5,14,2.0,1070.0,7,9085,7,967,647.0,816.0,254.0,1094,1995.0,296,102,286.0,5,Reg,0,60,79.0,26.11993393300743,50720.0,4.87,4.6,2009,11,Q4,1Fam,1,2009-11-01,183982.158993126
1872,3,3.5,8,2.0,1299.0,8,11885,7,573,531.0,990.0,309.0,1299,2001.0,160,122,108.0,5,Reg,0,60,68.0,26.11993393300743,50720.0,4.87,4.6,2009,11,Q4,1Fam,0,2009-11-01,261500.0
861,2,1.0,89,2.0,861.0,4,7404,5,0,288.0,0.0,861.0,861,1920.0,0,0,0.0,6,Reg,0,30,62.0,26.11993393300743,50720.0,4.87,4.6,2009,11,Q4,1Fam,1,2009-11-01,167398.006470987
2094,4,2.5,6,2.0,912.0,7,9375,8,1182,615.0,0.0,912.0,912,2003.0,182,182,0.0,5,Reg,0,60,75.0,26.11993393300743,50720.0,4.87,4.6,2009,11,Q4,1Fam,1,2009-11-01,263000.0
1689,3,1.0,53,2.0,1436.0,6,9855,7,0,480.0,0.0,1436.0,1689,1956.0,0,0,0.0,5,Reg,0,20,73.0,26.11993393300743,50720.0,4.87,4.6,2009,11,Q4,1Fam,0,2009-11-01,127500.0
1788,5,2.0,52,1.0,1104.0,4,11250,8,684,304.0,0.0,1104.0,1104,1957.0,120,0,0.0,5,Reg,0,50,68.0,26.11993393300743,50720.0,4.87,4.6,2009,11,Q4,1Fam,1,2009-11-01,161500.0
941,2,2.0,31,2.0,941.0,5,8604,4,0,564.0,941.0,0.0,941,1978.0,0,40,124.0,7,IR1,0,90,75.0,26.11993393300743,50720.0,4.87,4.6,2009,11,Q4,Duplex,0,2009-11-01,169759.652489529
1319,3,2.0,56,1.0,608.0,5,10634,5,0,270.0,428.0,0.0,1319,1953.0,66,0,0.0,6,Reg,0,20,79.0,26.11993393300743,50720.0,4.87,4.6,2009,11,Q4,1Fam,0,2009-11-01,123000.0
1730,3,2.5,17,2.0,816.0,6,7703,6,897,528.0,52.0,400.0,833,1992.0,0,91,0.0,6,Reg,168,60,70.0,26.11993393300743,50720.0,4.87,4.6,2009,11,Q4,1Fam,0,2009-11-01,181262.329995106
2288,4,2.0,32,2.0,908.0,7,13774,8,972,520.0,432.0,476.0,1316,1977.0,321,72,283.0,7,IR1,156,60,68.0,26.11993393300743,50720.0,4.87,4.6,2009,11,Q4,1Fam,1,2009-11-01,206486.17086841
720,2,1.0,89,0.0,720.0,4,7879,4,0,0.0,495.0,225.0,720,1979.0,0,523,0.0,5,Reg,0,30,60.0,26.11993393300743,50720.0,4.87,4.6,2009,11,Q4,1Fam,1,2009-11-01,34900.0
1387,3,2.0,55,1.0,811.0,5,6000,7,576,256.0,0.0,811.0,811,1954.0,0,0,0.0,4,Reg,0,190,50.0,26.11993393300743,50720.0,4.87,4.6,2009,11,Q4,2fmCon,0,2009-11-01,93000.0
1040,3,2.0,13,2.0,1040.0,5,12464,6,0,576.0,732.0,308.0,1040,2000.0,168,0,0.0,5,IR2,0,20,82.0,26.11993393300743,50720.0,4.87,4.6,2009,11,Q4,1Fam,0,2009-11-01,152000.0
725,1,1.5,119,1.0,630.0,3,10800,4,0,320.0,0.0,630.0,725,1959.0,0,30,0.0,5,Reg,0,30,60.0,26.11993393300743,50720.0,4.87,4.6,2009,11,Q4,1Fam,1,2009-11-01,160805.584645628
1200,3,2.0,53,1.0,1200.0,4,10400,6,0,294.0,155.0,295.0,1200,1956.0,0,189,0.0,5,Reg,0,20,80.0,26.11993393300743,50720.0,4.87,4.6,2009,11,Q4,1Fam,0,2009-11-01,186570.129421778
875,2,2.0,78,1.0,715.0,5,6120,5,0,180.0,209.0,506.0,875,1931.0,48,0,0.0,7,Reg,0,30,51.0,26.11993393300743,50720.0,4.87,4.6,2009,11,Q4,1Fam,1,2009-11-01,105000.0
1725,3,2.5,7,2.0,840.0,7,8749,6,885,550.0,0.0,840.0,840,2002.0,0,48,0.0,5,Reg,0,60,70.0,26.11993393300743,50720.0,4.87,4.6,2009,11,Q4,1Fam,0,2009-11-01,183320.898107934
1005,2,1.0,54,2.0,1005.0,4,10434,5,0,672.0,0.0,1005.0,1005,1977.0,0,0,0.0,5,Reg,0,20,60.0,26.11993393300743,50720.0,4.87,4.6,2009,11,Q4,1Fam,0,2009-11-01,115000.0
2138,2,2.0,111,2.0,849.0,5,8100,11,1063,360.0,0.0,849.0,1075,1910.0,40,156,0.0,5,Reg,0,75,90.0,26.11993393300743,50720.0,4.87,4.6,2009,11,Q4,1Fam,1,2009-11-01,106000.0
864,3,1.0,39,2.0,864.0,4,6960,5,0,660.0,375.0,250.0,864,1989.0,96,0,0.0,6,Reg,0,20,60.0,26.11993393300743,50720.0,4.87,4.6,2009,11,Q4,1Fam,0,2009-11-01,120500.0
1405,2,2.0,6,2.0,1405.0,7,3480,6,0,478.0,0.0,1405.0,1405,2003.0,148,36,163.0,5,Reg,0,120,48.0,26.11993393300743,50720.0,4.87,4.6,2009,11,Q4,TwnhsE,0,2009-11-01,159675.423990355
1742,4,1.5,127,2.0,916.0,8,17671,8,826,424.0,216.0,700.0,916,1925.0,0,169,0.0,9,Reg,0,70,121.0,26.11993393300743,50720.0,4.87,4.6,2009,11,Q4,1Fam,1,2009-11-01,168000.0
2522,1,3.0,5,2.0,2208.0,8,7296,8,0,564.0,1965.0,243.0,2522,2004.0,182,57,0.0,5,IR1,0,120,28.0,26.11993393300743,50720.0,4.87,4.6,2009,11,Q4,TwnhsE,1,2009-11-01,153909.578271486
1720,3,3.0,1,3.0,1720.0,9,10816,8,0,846.0,1104.0,616.0,1720,2008.0,208,104,364.0,5,IR1,0,20,65.0,26.11993393300743,50720.0,4.87,4.6,2009,11,Q4,1Fam,0,2009-11-01,187388.833374873
2090,3,3.5,36,2.0,1107.0,7,10382,7,983,484.0,859.0,216.0,1107,1973.0,235,204,240.0,6,IR1,0,60,68.0,26.11993393300743,50720.0,4.87,4.6,2009,11,Q4,1Fam,0,2009-11-01,200000.0
1665,3,3.5,8,2.0,810.0,8,8400,6,855,528.0,643.0,167.0,810,2001.0,0,45,0.0,6,Reg,0,60,70.0,26.11993393300743,50720.0,4.87,4.6,2009,11,Q4,1Fam,0,2009-11-01,227000.0
1190,3,2.0,16,2.0,1181.0,6,7250,6,0,430.0,0.0,1181.0,1190,1993.0,0,21,45.0,5,Reg,0,20,58.0,26.11993393300743,50720.0,4.87,4.6,2009,11,Q4,1Fam,0,2009-11-01,180370.808623106
1154,3,1.5,43,2.0,1154.0,5,11000,6,0,480.0,740.0,184.0,1154,1966.0,0,58,200.0,6,IR1,0,20,68.0,26.11993393300743,50720.0,4.87,4.6,2009,11,Q4,1Fam,0,2009-11-01,154000.0
1867,2,2.0,54,1.0,1617.0,5,10708,7,0,303.0,379.0,470.0,1867,1955.0,476,0,0.0,5,IR1,142,20,68.0,26.11993393300743,50720.0,4.87,4.6,2009,11,Q4,1Fam,1,2009-11-01,190000.0
1287,2,2.5,32,2.0,957.0,6,9360,5,0,541.0,841.0,0.0,1287,1977.0,302,39,0.0,7,Reg,120,85,72.0,26.11993393300743,50720.0,4.87,4.6,2009,11,Q4,1Fam,0,2009-11-01,171247.48948121
1771,3,1.0,49,2.0,0.0,5,21750,9,0,336.0,0.0,0.0,1771,1960.0,0,0,75.0,4,Reg,0,20,100.0,26.11993393300743,50720.0,4.87,4.6,2009,11,Q4,1Fam,1,2009-11-01,115000.0
988,2,2.0,36,1.0,462.0,4,1596,5,462,297.0,462.0,0.0,526,1973.0,120,101,0.0,5,Reg,0,180,21.0,26.11993393300743,50720.0,4.87,4.6,2009,11,Q4,Twnhs,0,2009-11-01,91000.0
1652,2,3.0,3,2.0,1652.0,9,13173,6,0,840.0,1572.0,80.0,1652,2006.0,404,102,300.0,5,IR1,0,20,108.0,26.11993393300743,50720.0,4.87,4.6,2009,11,Q4,1Fam,1,2009-11-01,325000.0
1133,3,1.0,59,2.0,795.0,6,8064,5,368,900.0,621.0,174.0,765,1989.0,0,0,0.0,5,Reg,231,50,60.0,26.11993393300743,50720.0,4.94,5.1,2009,12,Q4,1Fam,0,2009-12-01,183077.684392615
1463,3,3.0,11,2.0,1463.0,7,14753,5,0,539.0,950.0,513.0,1463,1998.0,0,81,0.0,5,IR2,0,20,65.0,26.11993393300743,50720.0,4.94,5.1,2009,12,Q4,1Fam,0,2009-12-01,196241.892907637
1593,3,2.5,17,2.0,808.0,6,9636,7,785,389.0,0.0,808.0,808,1993.0,342,40,0.0,5,IR1,0,60,68.0,26.11993393300743,50720.0,4.94,5.1,2009,12,Q4,1Fam,1,2009-12-01,178000.0
708,2,1.0,69,0.0,420.0,4,5330,5,0,0.0,280.0,140.0,708,1979.0,164,0,0.0,7,Reg,0,30,50.0,26.11993393300743,50720.0,4.94,5.1,2009,12,Q4,1Fam,1,2009-12-01,82500.0
1395,3,2.0,37,2.0,723.0,6,12936,6,660,497.0,593.0,130.0,735,1972.0,294,116,0.0,6,IR1,0,60,68.0,26.11993393300743,50720.0,4.94,5.1,2009,12,Q4,1Fam,0,2009-12-01,162000.0
1478,3,3.0,49,2.0,1478.0,6,17600,6,0,498.0,1270.0,208.0,1478,1960.0,0,40,30.0,5,IR1,0,20,68.0,26.11993393300743,50720.0,4.94,5.1,2009,12,Q4,1Fam,0,2009-12-01,157500.0
1224,3,1.0,83,1.0,818.0,6,3950,5,406,210.0,468.0,350.0,818,1926.0,0,0,0.0,8,Reg,0,50,68.0,26.11993393300743,50720.0,4.94,5.1,2009,12,Q4,1Fam,1,2009-12-01,115000.0
1527,3,2.5,61,2.0,699.0,7,11419,6,726,410.0,699.0,0.0,801,1948.0,0,0,0.0,7,Reg,0,60,78.0,26.11993393300743,50720.0,4.94,5.1,2009,12,Q4,1Fam,1,2009-12-01,189680.453052788
886,2,1.0,71,1.0,190.0,5,5784,4,0,273.0,0.0,190.0,886,1938.0,144,20,0.0,8,Reg,0,30,50.0,26.11993393300743,50720.0,4.94,5.1,2009,12,Q4,1Fam,1,2009-12-01,91300.0
1981,4,3.0,81,2.0,1122.0,4,7804,7,653,576.0,622.0,500.0,1328,1981.0,431,44,0.0,3,Reg,0,50,65.0,26.11993393300743,50720.0,4.94,5.1,2009,12,Q4,1Fam,1,2009-12-01,135000.0
1718,3,2.5,11,2.0,832.0,7,10141,7,833,427.0,0.0,832.0,885,1998.0,0,94,40.0,5,IR1,291,60,74.0,26.11993393300743,50720.0,4.94,5.1,2009,12,Q4,1Fam,0,2009-12-01,185000.0
864,3,1.0,44,1.0,864.0,5,8281,5,0,360.0,553.0,0.0,864,1965.0,0,0,0.0,5,IR1,0,20,60.0,26.11993393300743,50720.0,4.94,5.1,2009,12,Q4,1Fam,0,2009-12-01,62383.0
1935,3,3.5,0,2.0,832.0,8,8004,8,1103,552.0,544.0,288.0,832,2009.0,0,150,110.0,5,IR1,0,60,75.0,26.11993393300743,50720.0,4.94,5.1,2009,12,Q4,1Fam,0,2009-12-01,263435.0
1078,3,1.0,84,1.0,1054.0,5,10230,6,0,264.0,0.0,1054.0,1078,1987.0,0,0,0.0,7,Reg,112,30,60.0,26.11993393300743,50720.0,4.94,5.1,2009,12,Q4,1Fam,1,2009-12-01,187340.455456083
2372,4,2.0,117,1.0,994.0,5,6600,11,994,432.0,0.0,994.0,1378,1985.0,0,287,0.0,4,Reg,0,70,60.0,26.11993393300743,50720.0,4.94,5.1,2009,12,Q4,1Fam,1,2009-12-01,107500.0
1324,2,3.0,3,2.0,1324.0,8,6240,6,0,550.0,863.0,461.0,1324,2006.0,192,38,176.0,5,Reg,0,120,48.0,26.11993393300743,50720.0,4.94,5.1,2009,12,Q4,TwnhsE,0,2009-12-01,254000.0
2168,5,2.0,109,2.0,760.0,5,8660,11,928,576.0,0.0,760.0,928,1998.0,467,160,0.0,6,Reg,0,70,50.0,26.11993393300743,50720.0,4.94,5.1,2009,12,Q4,1Fam,1,2009-12-01,210802.395364155
1468,3,2.0,1,3.0,1468.0,8,9612,6,0,898.0,0.0,1468.0,1468,2008.0,210,150,72.0,5,Reg,0,20,74.0,26.11993393300743,50720.0,4.94,5.1,2009,12,Q4,1Fam,1,2009-12-01,244600.0
1680,3,3.0,21,2.0,880.0,6,21695,5,0,540.0,808.0,72.0,1680,1988.0,292,44,260.0,9,IR1,0,20,68.0,26.11993393300743,50720.0,4.94,5.1,2009,12,Q4,1Fam,1,2009-12-01,222000.0
1866,4,2.0,51,2.0,1866.0,5,9482,8,0,495.0,0.0,1866.0,1866,1958.0,0,0,657.0,4,Reg,0,90,76.0,26.11993393300743,50720.0,4.94,5.1,2009,12,Q4,Duplex,0,2009-12-01,199144.242829024
2267,4,2.5,7,2.0,1010.0,6,8068,8,1257,390.0,0.0,1010.0,1010,2002.0,120,46,0.0,5,IR1,0,60,68.0,26.11993393300743,50720.0,4.94,5.1,2009,12,Q4,1Fam,0,2009-12-01,200000.0
1458,3,1.5,62,1.0,912.0,6,17503,6,546,330.0,0.0,912.0,912,1948.0,192,0,0.0,5,Reg,0,50,78.0,25.221608273812684,49020.0,5.025,5.5,2010,1,Q1,1Fam,1,2010-01-01,97500.0
1214,2,2.0,1,2.0,1214.0,7,9803,6,0,520.0,0.0,1214.0,1214,2010.0,0,25,0.0,5,Reg,0,20,73.0,25.221608273812684,49020.0,5.025,5.5,2010,1,Q1,1Fam,1,2010-01-01,160172.72797397
1680,2,2.5,6,2.0,840.0,7,3515,3,840,588.0,0.0,840.0,840,2004.0,0,111,0.0,5,Reg,0,160,39.0,25.221608273812684,49020.0,5.025,5.5,2010,1,Q1,TwnhsE,0,2010-01-01,147797.702836811
1556,3,2.0,61,2.0,782.0,6,17360,6,537,470.0,300.0,482.0,1019,1949.0,0,0,340.0,6,Reg,0,50,120.0,25.221608273812684,49020.0,5.025,5.5,2010,1,Q1,1Fam,1,2010-01-01,188321.073833569
1280,2,2.0,18,2.0,1280.0,8,5005,5,0,506.0,263.0,1017.0,1280,1992.0,0,82,0.0,5,IR1,144,120,43.0,25.221608273812684,49020.0,5.025,5.5,2010,1,Q1,TwnhsE,0,2010-01-01,150730.079976501
1844,3,2.0,110,1.0,709.0,4,4800,9,687,240.0,48.0,661.0,1157,1900.0,84,0,771.0,5,Reg,0,50,60.0,25.221608273812684,49020.0,5.025,5.5,2010,1,Q1,1Fam,1,2010-01-01,163602.512172832
1508,1,2.0,1,2.0,1508.0,7,17485,5,0,572.0,1346.0,162.0,1508,2009.0,0,0,96.0,5,IR2,0,20,44.0,25.221608273812684,49020.0,5.025,5.5,2010,1,Q1,1Fam,1,2010-01-01,162015.318511503
992,3,1.0,56,1.0,381.0,5,8842,6,0,319.0,0.0,381.0,992,1954.0,60,0,0.0,6,Reg,0,20,68.0,25.221608273812684,49020.0,5.025,5.5,2010,1,Q1,1Fam,0,2010-01-01,171557.32317862
1829,3,3.5,7,2.0,941.0,7,9548,7,888,613.0,483.0,458.0,941,2003.0,192,39,223.0,6,IR1,0,60,44.0,25.221608273812684,49020.0,5.025,5.5,2010,1,Q1,1Fam,0,2010-01-01,237000.0
2334,3,2.5,1,3.0,1590.0,9,12858,10,707,751.0,0.0,1590.0,1627,2009.0,144,133,162.0,5,IR1,0,60,102.0,25.221608273812684,49020.0,5.025,5.5,2010,1,Q1,1Fam,1,2010-01-01,179460.96518734
1728,6,4.0,48,0.0,1728.0,5,13260,10,0,0.0,1500.0,228.0,1728,1979.0,0,0,144.0,6,IR1,0,90,98.0,25.221608273812684,49020.0,5.025,5.5,2010,1,Q1,Duplex,1,2010-01-01,220079.756777048
1844,3,2.0,33,2.0,1844.0,6,11751,7,0,546.0,705.0,1139.0,1844,1977.0,0,122,480.0,6,IR1,0,20,105.0,25.221608273812684,49020.0,5.025,5.5,2010,1,Q1,1Fam,0,2010-01-01,190000.0
1225,3,2.5,51,0.0,950.0,4,9320,6,0,0.0,569.0,381.0,1225,1979.0,352,0,0.0,5,IR1,0,20,77.0,25.221608273812684,49020.0,5.025,5.5,2010,1,Q1,1Fam,0,2010-01-01,128950.0
2274,5,2.0,50,2.0,1105.0,5,11600,12,1169,480.0,443.0,662.0,1105,1960.0,0,0,361.0,5,Reg,0,90,80.0,25.221608273812684,49020.0,5.025,5.5,2010,1,Q1,Duplex,0,2010-01-01,154300.0
1057,3,2.0,57,1.0,1057.0,5,7922,5,0,246.0,731.0,326.0,1057,1953.0,0,52,0.0,7,Reg,0,20,68.0,25.221608273812684,49020.0,5.025,5.5,2010,1,Q1,1Fam,1,2010-01-01,109000.0
1224,3,1.5,93,1.0,689.0,5,10632,6,499,180.0,0.0,689.0,725,1917.0,0,0,0.0,3,IR1,0,50,72.0,25.221608273812684,49020.0,5.025,5.5,2010,1,Q1,1Fam,1,2010-01-01,175080.111822945
1251,3,1.0,72,1.0,827.0,6,6900,6,424,240.0,0.0,827.0,827,1938.0,0,0,0.0,7,Reg,0,45,50.0,25.221608273812684,49020.0,5.025,5.5,2010,1,Q1,1Fam,1,2010-01-01,167735.39270528
2475,4,2.5,12,3.0,1629.0,8,17433,7,830,962.0,0.0,1629.0,1645,1998.0,23,172,114.0,5,IR2,256,60,60.0,25.221608273812684,49020.0,5.025,5.5,2010,1,Q1,1Fam,0,2010-01-01,201740.620690863
1178,2,1.0,110,1.0,859.0,4,8712,7,319,384.0,0.0,859.0,859,1964.0,68,0,0.0,7,Reg,0,50,66.0,25.221608273812684,49020.0,5.025,5.5,2010,1,Q1,1Fam,1,2010-01-01,102776.0
1674,3,3.5,10,2.0,814.0,7,7500,7,860,663.0,533.0,281.0,814,2000.0,0,96,0.0,5,Reg,0,60,68.0,25.221608273812684,49020.0,5.025,5.5,2010,1,Q1,1Fam,0,2010-01-01,216000.0
1324,3,2.0,5,2.0,1324.0,6,18494,6,0,430.0,0.0,1324.0,1324,2005.0,36,23,0.0,5,IR1,0,20,100.0,25.221608273812684,49020.0,5.025,5.5,2010,1,Q1,1Fam,0,2010-01-01,190552.829321091
1145,2,2.0,4,2.0,1145.0,7,3203,6,0,437.0,16.0,1129.0,1145,2006.0,100,116,14.0,5,Reg,0,120,43.0,25.221608273812684,49020.0,5.025,5.5,2010,1,Q1,TwnhsE,0,2010-01-01,147183.67487199
1173,3,3.0,36,2.0,1053.0,7,10625,6,0,528.0,885.0,0.0,1173,1974.0,0,120,81.0,6,Reg,0,85,85.0,25.221608273812684,49020.0,5.025,5.5,2010,1,Q1,1Fam,0,2010-01-01,170000.0
2084,4,3.5,6,2.0,956.0,7,10142,8,1128,618.0,656.0,300.0,956,2004.0,0,45,0.0,5,IR1,0,60,76.0,25.221608273812684,49020.0,5.025,5.5,2010,1,Q1,1Fam,0,2010-01-01,233000.0
1128,2,2.0,44,1.0,1080.0,6,11380,5,0,315.0,944.0,136.0,1128,1966.0,238,0,216.0,8,IR1,0,85,75.0,25.221608273812684,49020.0,5.025,5.5,2010,1,Q1,1Fam,1,2010-01-01,163276.324450004
2073,3,3.0,32,2.0,1542.0,6,13175,7,0,500.0,790.0,589.0,2073,1978.0,349,0,119.0,6,Reg,0,20,85.0,25.221608273812684,49020.0,4.99,5.3,2010,2,Q1,1Fam,1,2010-02-01,210000.0
1752,2,3.0,5,2.0,1752.0,9,7658,6,0,576.0,456.0,1296.0,1752,2005.0,196,82,412.0,5,Reg,0,120,61.0,25.221608273812684,49020.0,4.99,5.3,2010,2,Q1,TwnhsE,0,2010-02-01,319900.0
1337,3,1.0,54,1.0,832.0,4,8382,5,505,263.0,0.0,832.0,832,1956.0,0,0,0.0,5,Reg,0,50,60.0,25.221608273812684,49020.0,4.99,5.3,2010,2,Q1,1Fam,0,2010-02-01,171756.918091777
894,3,2.0,34,1.0,894.0,5,10650,5,0,308.0,182.0,0.0,894,1976.0,365,0,0.0,6,Reg,0,20,75.0,25.221608273812684,49020.0,4.99,5.3,2010,2,Q1,1Fam,0,2010-02-01,128200.0
1610,3,3.0,33,2.0,1610.0,6,10603,6,0,480.0,1200.0,410.0,1610,1977.0,168,68,28.0,7,IR1,0,20,68.0,25.221608273812684,49020.0,4.99,5.3,2010,2,Q1,1Fam,1,2010-02-01,205000.0
1894,4,3.5,8,2.0,817.0,7,11316,8,1070,510.0,624.0,193.0,824,2002.0,0,40,44.0,5,Reg,0,60,80.0,25.221608273812684,49020.0,4.99,5.3,2010,2,Q1,1Fam,1,2010-02-01,214900.0
752,2,2.0,26,1.0,744.0,6,7175,4,0,264.0,623.0,0.0,752,1984.0,353,0,0.0,5,Reg,90,120,50.0,25.221608273812684,49020.0,4.99,5.3,2010,2,Q1,TwnhsE,0,2010-02-01,125000.0
1744,3,2.5,17,2.0,996.0,7,9453,7,730,457.0,402.0,594.0,1014,1993.0,370,70,0.0,7,IR1,0,60,68.0,25.221608273812684,49020.0,4.99,5.3,2010,2,Q1,1Fam,1,2010-02-01,194500.0
2650,6,3.0,43,0.0,0.0,4,7200,10,1788,0.0,0.0,0.0,862,1979.0,0,0,0.0,6,Reg,0,90,60.0,25.221608273812684,49020.0,4.99,5.3,2010,2,Q1,Duplex,0,2010-02-01,209258.33693701
1694,3,2.0,2,3.0,1694.0,8,10475,7,0,776.0,0.0,1694.0,1694,2008.0,160,33,72.0,5,IR1,0,20,64.0,25.221608273812684,49020.0,4.99,5.3,2010,2,Q1,1Fam,0,2010-02-01,245350.0
1803,3,4.0,16,2.0,1679.0,8,9892,6,0,482.0,1341.0,54.0,1803,1994.0,129,64,0.0,5,Reg,0,20,76.0,25.221608273812684,49020.0,4.99,5.3,2010,2,Q1,1Fam,1,2010-02-01,174728.655998442
1341,2,2.5,20,2.0,1300.0,7,10176,5,0,506.0,637.0,663.0,1341,1990.0,192,0,0.0,5,Reg,0,20,85.0,25.221608273812684,49020.0,4.99,5.3,2010,2,Q1,1Fam,0,2010-02-01,162011.698831665
1208,2,3.0,4,2.0,1187.0,7,6762,6,0,632.0,686.0,501.0,1208,2006.0,105,61,24.0,5,Reg,0,20,64.0,25.221608273812684,49020.0,4.99,5.3,2010,2,Q1,1Fam,0,2010-02-01,206000.0
2432,4,5.0,25,2.0,1216.0,5,7700,10,1216,616.0,0.0,1216.0,1216,1985.0,200,0,0.0,2,Reg,0,90,70.0,25.221608273812684,49020.0,4.99,5.3,2010,2,Q1,Duplex,1,2010-02-01,183690.595995738
858,2,2.0,52,0.0,858.0,5,7207,4,0,0.0,696.0,162.0,858,1979.0,117,0,0.0,7,IR1,0,20,50.0,25.221608273812684,49020.0,4.99,5.3,2010,2,Q1,1Fam,1,2010-02-01,116500.0
804,2,2.0,70,1.0,788.0,5,7200,4,0,240.0,510.0,278.0,804,1940.0,0,0,294.0,7,Reg,0,30,60.0,25.221608273812684,49020.0,4.99,5.3,2010,2,Q1,1Fam,1,2010-02-01,119000.0
1200,2,3.5,6,2.0,600.0,7,2544,4,600,480.0,368.0,190.0,600,2004.0,0,172,0.0,5,Reg,0,160,24.0,25.221608273812684,49020.0,4.99,5.3,2010,2,Q1,Twnhs,1,2010-02-01,146991.630153739
1063,3,2.0,56,1.0,1056.0,5,9920,6,0,280.0,354.0,412.0,1063,1954.0,0,0,110.0,5,Reg,0,20,80.0,25.221608273812684,49020.0,4.99,5.3,2010,2,Q1,1Fam,0,2010-02-01,128000.0
1324,3,1.5,90,1.0,662.0,6,3068,6,662,180.0,0.0,662.0,662,1920.0,0,0,0.0,8,Reg,0,70,52.0,25.221608273812684,49020.0,4.99,5.3,2010,2,Q1,1Fam,1,2010-02-01,161298.762306335
1067,2,2.0,60,2.0,1067.0,4,9600,4,0,436.0,442.0,625.0,1067,1996.0,290,0,0.0,7,Reg,0,20,60.0,25.221608273812684,49020.0,4.99,5.3,2010,2,Q1,1Fam,1,2010-02-01,128000.0
900,3,1.0,43,1.0,882.0,5,9819,5,0,280.0,450.0,432.0,900,1970.0,0,0,31.0,5,IR1,0,20,68.0,25.221608273812684,49020.0,4.99,5.3,2010,2,Q1,1Fam,0,2010-02-01,122000.0
1480,3,3.0,7,2.0,1480.0,7,8197,7,0,620.0,1188.0,292.0,1480,2003.0,252,73,506.0,5,Reg,0,20,70.0,25.221608273812684,49020.0,4.99,5.3,2010,2,Q1,1Fam,1,2010-02-01,171392.830997252
987,2,1.5,39,1.0,483.0,6,1680,5,504,264.0,156.0,327.0,483,1971.0,275,0,504.0,5,Reg,0,160,21.0,25.221608273812684,49020.0,4.99,5.3,2010,2,Q1,Twnhs,0,2010-02-01,145291.245020389
1822,3,2.0,5,3.0,1822.0,8,14122,8,0,678.0,28.0,1794.0,1822,2005.0,0,119,240.0,5,IR1,0,20,79.0,25.221608273812684,49020.0,4.99,5.3,2010,2,Q1,1Fam,1,2010-02-01,183053.458213802
1116,3,1.5,48,2.0,1116.0,6,10000,5,0,440.0,0.0,1116.0,1116,1962.0,0,0,261.0,6,IR1,385,20,87.0,25.221608273812684,49020.0,4.99,5.3,2010,2,Q1,1Fam,0,2010-02-01,160000.0
1392,3,2.0,95,0.0,1212.0,5,9900,6,180,0.0,1026.0,186.0,1212,1979.0,0,0,0.0,4,Reg,0,190,60.0,25.221608273812684,49020.0,4.99,5.3,2010,2,Q1,2fmCon,1,2010-02-01,174744.400305232
1268,2,1.0,56,1.0,1268.0,5,7800,7,0,244.0,540.0,728.0,1268,1954.0,0,98,200.0,6,Reg,0,20,78.0,25.221608273812684,49020.0,4.965,5.2,2010,3,Q1,1Fam,0,2010-03-01,132000.0
3238,4,3.5,15,3.0,2033.0,8,14720,9,1185,666.0,816.0,1217.0,2053,1996.0,283,86,579.0,5,IR1,0,50,56.0,25.221608273812684,49020.0,4.965,5.2,2010,3,Q1,1Fam,1,2010-03-01,410000.0
856,2,2.0,71,2.0,856.0,6,7890,4,0,399.0,238.0,618.0,856,1939.0,0,0,0.0,6,Reg,166,30,68.0,25.221608273812684,49020.0,4.965,5.2,2010,3,Q1,1Fam,1,2010-03-01,158617.655719941
1629,3,2.5,13,2.0,928.0,5,13830,6,701,482.0,791.0,137.0,928,1997.0,212,34,0.0,5,IR1,0,60,74.0,25.221608273812684,49020.0,4.965,5.2,2010,3,Q1,1Fam,1,2010-03-01,183583.683569555
1604,4,2.0,52,2.0,1604.0,5,8267,8,0,576.0,0.0,1604.0,1604,1958.0,42,0,0.0,5,Reg,0,90,70.0,25.221608273812684,49020.0,4.965,5.2,2010,3,Q1,Duplex,0,2010-03-01,185911.366293097
1287,3,2.0,51,2.0,1063.0,5,9830,7,0,576.0,72.0,733.0,1287,1997.0,364,17,0.0,7,IR1,182,20,68.0,25.221608273812684,49020.0,4.965,5.2,2010,3,Q1,1Fam,1,2010-03-01,162000.0
1068,2,2.0,87,1.0,1124.0,6,6120,5,0,288.0,960.0,164.0,1068,1923.0,0,0,0.0,5,Reg,0,30,51.0,25.221608273812684,49020.0,4.965,5.2,2010,3,Q1,1Fam,1,2010-03-01,155134.227842592
1479,3,2.5,34,2.0,725.0,6,13517,6,754,475.0,533.0,192.0,725,1976.0,0,44,289.0,8,IR1,0,60,68.0,25.221608273812684,49020.0,4.965,5.2,2010,3,Q1,1Fam,1,2010-03-01,130500.0
1520,3,2.0,55,1.0,1156.0,6,9600,7,0,364.0,674.0,350.0,1520,1955.0,0,0,164.0,6,Reg,0,80,80.0,25.221608273812684,49020.0,4.965,5.2,2010,3,Q1,1Fam,1,2010-03-01,153000.0
1117,3,2.0,34,2.0,1029.0,6,7819,6,0,672.0,422.0,480.0,1117,1976.0,144,0,0.0,5,Reg,0,80,94.0,25.221608273812684,49020.0,4.965,5.2,2010,3,Q1,1Fam,0,2010-03-01,107000.0
1187,3,3.0,18,2.0,1168.0,6,7980,6,0,420.0,935.0,233.0,1187,1992.0,483,21,0.0,7,IR1,0,20,68.0,25.221608273812684,49020.0,4.965,5.2,2010,3,Q1,1Fam,1,2010-03-01,172070.659229164
1536,4,2.0,80,2.0,928.0,5,6240,7,608,480.0,448.0,480.0,928,1930.0,0,10,0.0,5,Reg,0,50,52.0,25.221608273812684,49020.0,4.965,5.2,2010,3,Q1,1Fam,1,2010-03-01,181922.15256011
2177,5,2.5,60,2.0,1032.0,5,15600,11,1075,484.0,375.0,657.0,1102,1950.0,0,0,430.0,6,Reg,0,90,78.0,25.221608273812684,49020.0,4.965,5.2,2010,3,Q1,Duplex,1,2010-03-01,213618.871562568
1191,2,2.0,21,2.0,1191.0,8,3907,5,0,531.0,76.0,1115.0,1191,1989.0,112,81,0.0,5,IR1,0,120,35.0,25.221608273812684,49020.0,4.965,5.2,2010,3,Q1,TwnhsE,0,2010-03-01,150778.958976731
1714,3,2.5,22,2.0,980.0,7,10421,7,734,496.0,394.0,586.0,980,1988.0,228,66,42.0,5,Reg,0,60,80.0,25.221608273812684,49020.0,4.965,5.2,2010,3,Q1,1Fam,0,2010-03-01,196500.0
1092,3,1.5,40,0.0,546.0,4,1476,5,546,0.0,176.0,370.0,546,1979.0,200,26,0.0,7,Reg,0,160,21.0,25.221608273812684,49020.0,4.965,5.2,2010,3,Q1,Twnhs,0,2010-03-01,159270.537808667
1245,3,1.0,90,1.0,1008.0,5,8239,6,185,315.0,176.0,832.0,1060,1962.0,0,0,0.0,6,Reg,0,50,68.0,25.221608273812684,49020.0,4.965,5.2,2010,3,Q1,1Fam,1,2010-03-01,172580.381161499
1028,2,1.0,83,2.0,1008.0,5,8960,5,0,360.0,0.0,1008.0,1028,1927.0,0,0,0.0,6,Reg,0,30,56.0,25.221608273812684,49020.0,4.965,5.2,2010,3,Q1,1Fam,1,2010-03-01,115000.0
1212,3,2.0,1,2.0,1212.0,6,10420,6,0,460.0,36.0,1176.0,1212,2009.0,100,22,0.0,5,Reg,0,20,83.0,25.221608273812684,49020.0,4.965,5.2,2010,3,Q1,1Fam,0,2010-03-01,186000.0
919,3,1.0,70,1.0,600.0,6,6001,5,319,231.0,368.0,232.0,600,1940.0,0,0,0.0,5,IR1,0,50,65.0,25.221608273812684,49020.0,4.965,5.2,2010,3,Q1,1Fam,1,2010-03-01,168175.911336919
1612,3,1.5,60,1.0,988.0,5,5830,7,582,363.0,788.0,200.0,1030,1950.0,0,0,0.0,6,Reg,0,50,53.0,25.221608273812684,49020.0,4.965,5.2,2010,3,Q1,1Fam,1,2010-03-01,167839.376779276
1092,3,1.5,39,1.0,525.0,6,1680,6,567,264.0,0.0,525.0,525,1971.0,0,0,381.0,5,Reg,0,160,21.0,25.221608273812684,49020.0,4.965,5.2,2010,3,Q1,Twnhs,0,2010-03-01,88000.0
1352,4,1.5,41,1.0,663.0,6,9364,7,689,299.0,371.0,292.0,663,1969.0,379,36,143.0,7,Reg,0,60,80.0,25.221608273812684,49020.0,4.965,5.2,2010,3,Q1,1Fam,0,2010-03-01,158000.0
2364,2,3.5,1,3.0,2330.0,9,12919,11,0,820.0,2188.0,142.0,2364,2009.0,0,67,760.0,5,IR1,0,20,100.0,25.221608273812684,49020.0,4.965,5.2,2010,3,Q1,1Fam,1,2010-03-01,611657.0
1445,3,2.0,110,2.0,676.0,6,14235,6,614,484.0,0.0,676.0,831,1957.0,0,59,0.0,8,IR1,0,50,82.0,25.221608273812684,49020.0,4.965,5.2,2010,3,Q1,1Fam,1,2010-03-01,184380.739100813
1222,2,2.0,0,2.0,1222.0,7,7360,6,0,615.0,24.0,1198.0,1222,2009.0,0,54,80.0,5,Reg,0,20,64.0,25.221608273812684,49020.0,4.965,5.2,2010,3,Q1,1Fam,0,2010-03-01,157574.595395085
1092,3,1.5,39,1.0,525.0,5,1680,6,567,320.0,300.0,225.0,525,1997.0,0,0,492.0,5,Reg,0,160,21.0,25.221608273812684,49020.0,4.965,5.2,2010,3,Q1,Twnhs,0,2010-03-01,159672.017631819
1616,2,3.0,15,2.0,1595.0,8,5389,5,0,608.0,1180.0,415.0,1616,1995.0,237,152,0.0,5,IR1,0,120,39.0,25.221608273812684,49020.0,4.965,5.2,2010,3,Q1,TwnhsE,1,2010-03-01,236500.0
1535,3,2.0,6,2.0,1517.0,7,10171,7,0,532.0,2.0,1515.0,1535,2004.0,0,0,168.0,5,IR1,0,20,70.0,25.221608273812684,49020.0,4.965,5.2,2010,3,Q1,1Fam,0,2010-03-01,214000.0
1430,3,2.0,6,2.0,1430.0,5,10114,7,0,624.0,0.0,1430.0,1430,2004.0,0,0,0.0,5,Reg,0,20,93.0,25.221608273812684,49020.0,4.965,5.2,2010,3,Q1,1Fam,1,2010-03-01,176270.453065471
1196,3,2.0,70,2.0,572.0,6,6000,6,348,576.0,264.0,308.0,848,1973.0,0,0,0.0,6,Reg,0,50,50.0,25.221608273812684,49020.0,4.965,5.2,2010,3,Q1,1Fam,1,2010-03-01,168173.94329857
2048,5,3.0,34,2.0,1958.0,6,12760,9,0,776.0,0.0,1958.0,2048,1976.0,0,0,0.0,5,IR1,0,90,68.0,25.221608273812684,49020.0,4.965,5.2,2010,3,Q1,Duplex,0,2010-03-01,208029.642652019
1488,2,3.0,6,2.0,1488.0,7,4835,6,0,506.0,1298.0,190.0,1488,2004.0,168,50,0.0,5,IR1,0,120,25.0,25.221608273812684,49020.0,4.965,5.2,2010,3,Q1,TwnhsE,1,2010-03-01,152605.298564403
2461,3,2.0,58,2.0,1140.0,5,9724,7,532,400.0,670.0,470.0,1929,1994.0,0,0,265.0,7,Reg,0,50,68.0,25.221608273812684,49020.0,4.965,5.2,2010,3,Q1,1Fam,1,2010-03-01,175502.918109444
2447,4,2.0,91,1.0,804.0,6,9638,10,748,336.0,0.0,804.0,1699,1969.0,272,0,0.0,7,Reg,116,50,50.0,25.221608273812684,49020.0,4.965,5.2,2010,3,Q1,1Fam,1,2010-03-01,169000.0
1381,3,2.5,38,2.0,1161.0,6,9360,5,0,676.0,982.0,179.0,1381,1972.0,0,0,0.0,7,Reg,0,20,78.0,25.221608273812684,49020.0,4.965,5.2,2010,3,Q1,1Fam,1,2010-03-01,197500.0
1004,2,2.0,40,2.0,1004.0,6,11241,5,0,480.0,578.0,426.0,1004,1970.0,0,0,180.0,7,IR1,0,20,68.0,25.221608273812684,49020.0,4.965,5.2,2010,3,Q1,1Fam,0,2010-03-01,149000.0
1453,3,1.5,68,1.0,835.0,5,6360,7,498,240.0,360.0,316.0,955,1942.0,0,0,300.0,6,Reg,148,50,53.0,25.221608273812684,49020.0,4.965,5.2,2010,3,Q1,1Fam,1,2010-03-01,168882.437104132
1797,3,3.5,17,2.0,1152.0,6,12961,7,645,616.0,944.0,208.0,1152,1993.0,162,312,0.0,5,Reg,0,60,74.0,25.221608273812684,49020.0,4.965,5.2,2010,3,Q1,1Fam,1,2010-03-01,181873.458244461
1720,3,3.0,14,2.0,1720.0,7,10593,7,0,527.0,919.0,801.0,1720,1996.0,240,56,338.0,5,IR1,0,20,59.0,25.221608273812684,49020.0,4.965,5.2,2010,3,Q1,1Fam,0,2010-03-01,260400.0
1416,3,1.5,62,1.0,780.0,6,6000,6,636,312.0,300.0,480.0,780,1948.0,221,0,0.0,7,Reg,0,50,50.0,25.221608273812684,49020.0,4.965,5.2,2010,3,Q1,1Fam,1,2010-03-01,168173.94329857
1440,4,1.5,42,2.0,720.0,5,11227,7,720,480.0,267.0,0.0,720,1968.0,192,38,0.0,5,Reg,0,60,86.0,25.221608273812684,49020.0,4.965,5.2,2010,3,Q1,1Fam,0,2010-03-01,191736.7598055
1121,2,2.0,7,2.0,1121.0,4,8546,5,0,440.0,0.0,1121.0,1121,2003.0,132,64,0.0,5,Reg,0,20,80.0,25.221608273812684,49020.0,4.965,5.2,2010,3,Q1,1Fam,1,2010-03-01,140000.0
1884,4,1.5,103,0.0,707.0,4,6449,7,942,0.0,73.0,634.0,942,1979.0,0,0,0.0,1,IR1,0,70,68.0,25.221608273812684,49020.0,4.965,5.2,2010,3,Q1,1Fam,1,2010-03-01,182333.472575006
1274,3,1.5,19,2.0,624.0,5,10475,6,650,576.0,458.0,166.0,624,1993.0,22,0,0.0,5,Reg,0,60,63.0,25.221608273812684,49020.0,4.965,5.2,2010,3,Q1,1Fam,0,2010-03-01,176980.914909382
1801,1,3.0,51,2.0,1501.0,7,15602,6,0,484.0,1247.0,254.0,1801,1959.0,0,54,0.0,8,IR1,161,20,100.0,25.221608273812684,49020.0,4.965,5.2,2010,3,Q1,1Fam,1,2010-03-01,289000.0
2495,4,3.5,17,2.0,1280.0,6,10791,9,1215,660.0,1137.0,143.0,1280,1993.0,224,32,0.0,5,Reg,0,60,80.0,25.221608273812684,49020.0,4.965,5.2,2010,3,Q1,1Fam,0,2010-03-01,190878.69508543
1392,3,1.5,33,1.0,689.0,6,10900,6,703,299.0,378.0,311.0,689,1977.0,0,36,153.0,7,IR1,0,60,68.0,25.221608273812684,49020.0,4.965,5.2,2010,3,Q1,1Fam,0,2010-03-01,161750.0
1908,4,2.5,8,2.0,967.0,8,14191,9,915,431.0,0.0,967.0,993,2002.0,135,0,0.0,5,Reg,0,60,85.0,25.221608273812684,49020.0,5.07,4.3,2010,4,Q2,1Fam,0,2010-04-01,202900.0
1700,4,2.0,51,2.0,1398.0,5,10552,6,0,447.0,1018.0,380.0,1700,1959.0,0,38,0.0,5,IR1,0,20,70.0,25.221608273812684,49020.0,5.07,4.3,2010,4,Q2,1Fam,0,2010-04-01,165500.0
1566,3,3.0,2,2.0,1566.0,8,9000,7,0,750.0,1078.0,488.0,1566,2008.0,144,168,36.0,5,Reg,0,20,75.0,25.221608273812684,49020.0,5.07,4.3,2010,4,Q2,1Fam,0,2010-04-01,262500.0
1316,3,2.0,81,2.0,926.0,5,5500,6,0,484.0,234.0,0.0,926,1974.0,0,0,0.0,7,Reg,0,50,50.0,25.221608273812684,49020.0,5.07,4.3,2010,4,Q2,1Fam,1,2010-04-01,130000.0
1487,3,1.5,65,1.0,735.0,6,8741,7,689,220.0,94.0,641.0,798,1949.0,0,140,0.0,4,Reg,0,50,52.0,25.221608273812684,49020.0,5.07,4.3,2010,4,Q2,1Fam,1,2010-04-01,113000.0
1236,2,2.0,53,2.0,912.0,6,7407,6,0,923.0,600.0,312.0,1236,1957.0,0,158,0.0,7,Reg,0,20,90.0,25.221608273812684,49020.0,5.07,4.3,2010,4,Q2,1Fam,1,2010-04-01,149700.0
1524,0,2.5,31,2.0,1332.0,7,23595,4,192,586.0,1258.0,74.0,1332,1979.0,268,0,0.0,6,Reg,0,40,68.0,25.221608273812684,49020.0,5.07,4.3,2010,4,Q2,1Fam,0,2010-04-01,260000.0
2270,4,2.5,11,3.0,1152.0,8,11764,9,1106,671.0,524.0,628.0,1164,1999.0,132,57,348.0,7,IR1,0,60,92.0,25.221608273812684,49020.0,5.07,4.3,2010,4,Q2,1Fam,1,2010-04-01,290000.0
1194,3,2.0,51,1.0,1194.0,6,8760,6,0,312.0,0.0,1194.0,1194,1959.0,0,0,220.0,6,Reg,0,20,73.0,25.221608273812684,49020.0,5.07,4.3,2010,4,Q2,1Fam,0,2010-04-01,148000.0
1560,3,2.0,7,2.0,1560.0,7,9196,7,0,573.0,0.0,1560.0,1560,2003.0,100,150,0.0,5,IR1,0,20,129.0,25.221608273812684,49020.0,5.07,4.3,2010,4,Q2,1Fam,0,2010-04-01,201000.0
1188,3,1.0,48,1.0,1188.0,5,26142,6,0,312.0,593.0,595.0,1188,1962.0,261,39,189.0,7,IR1,0,20,68.0,25.221608273812684,49020.0,5.07,4.3,2010,4,Q2,1Fam,0,2010-04-01,157900.0
2290,4,2.0,125,2.0,777.0,4,11340,11,1044,560.0,0.0,777.0,1246,1971.0,0,0,0.0,6,Reg,0,190,60.0,25.221608273812684,49020.0,5.07,4.3,2010,4,Q2,2fmCon,1,2010-04-01,122500.0
1152,3,2.0,46,2.0,1152.0,5,14112,6,0,484.0,1014.0,138.0,1152,1964.0,227,0,86.0,7,IR1,0,80,68.0,25.221608273812684,49020.0,5.07,4.3,2010,4,Q2,1Fam,0,2010-04-01,180500.0
864,3,1.0,39,0.0,864.0,4,10500,5,0,0.0,432.0,432.0,864,1979.0,0,0,0.0,5,Reg,0,20,70.0,25.221608273812684,49020.0,5.07,4.3,2010,4,Q2,1Fam,0,2010-04-01,115000.0
1430,3,2.5,10,2.0,384.0,7,7750,7,656,400.0,250.0,134.0,774,2000.0,180,0,0.0,5,IR1,0,80,68.0,25.221608273812684,49020.0,5.07,4.3,2010,4,Q2,1Fam,0,2010-04-01,180000.0
1112,3,1.5,34,1.0,536.0,5,2592,4,576,336.0,129.0,175.0,536,1976.0,182,0,0.0,3,Reg,0,160,36.0,25.221608273812684,49020.0,5.07,4.3,2010,4,Q2,TwnhsE,0,2010-04-01,85000.0
1824,4,3.0,39,0.0,912.0,6,9400,8,912,0.0,0.0,912.0,912,1979.0,128,0,0.0,5,Reg,0,90,94.0,25.221608273812684,49020.0,5.07,4.3,2010,4,Q2,Duplex,0,2010-04-01,139000.0
1128,2,1.0,90,2.0,698.0,4,7500,6,430,528.0,0.0,698.0,698,1980.0,30,0,0.0,4,Reg,0,50,60.0,25.221608273812684,49020.0,5.07,4.3,2010,4,Q2,1Fam,1,2010-04-01,68400.0
1768,4,2.0,42,0.0,1768.0,4,10778,8,0,0.0,0.0,1768.0,1768,1979.0,0,0,0.0,5,Reg,0,90,72.0,25.221608273812684,49020.0,5.07,4.3,2010,4,Q2,Duplex,0,2010-04-01,136500.0
1710,3,2.0,89,2.0,576.0,7,10300,9,808,480.0,0.0,576.0,902,1990.0,12,11,0.0,6,IR1,0,70,50.0,25.221608273812684,49020.0,5.07,4.3,2010,4,Q2,1Fam,1,2010-04-01,140000.0
1269,2,2.0,6,2.0,1256.0,8,3182,6,0,430.0,24.0,1232.0,1269,2004.0,146,20,16.0,5,Reg,144,120,43.0,25.221608273812684,49020.0,5.07,4.3,2010,4,Q2,TwnhsE,1,2010-04-01,192000.0
1078,2,2.0,60,1.0,1078.0,5,9717,5,0,240.0,49.0,0.0,1078,1950.0,366,0,0.0,6,Reg,0,20,68.0,25.221608273812684,49020.0,5.07,4.3,2010,4,Q2,1Fam,1,2010-04-01,142125.0
1444,3,2.5,4,2.0,384.0,5,9802,7,700,400.0,0.0,384.0,744,2007.0,100,0,0.0,5,Reg,0,60,73.0,25.221608273812684,49020.0,5.07,4.3,2010,4,Q2,1Fam,1,2010-04-01,176761.317654248
1078,3,2.5,39,2.0,1078.0,5,12537,6,0,500.0,734.0,344.0,1078,1971.0,0,0,0.0,6,IR1,0,20,68.0,25.221608273812684,49020.0,5.07,4.3,2010,4,Q2,1Fam,1,2010-04-01,149900.0
1902,4,2.0,32,2.0,0.0,6,8930,8,584,539.0,0.0,0.0,1318,1978.0,0,0,0.0,5,Reg,0,90,68.0,25.221608273812684,49020.0,5.07,4.3,2010,4,Q2,Duplex,0,2010-04-01,112000.0
1200,2,2.5,6,2.0,600.0,7,3215,4,600,480.0,280.0,320.0,600,2004.0,0,172,120.0,5,Reg,0,160,30.0,25.221608273812684,49020.0,5.07,4.3,2010,4,Q2,TwnhsE,0,2010-04-01,150521.96899297
918,2,2.0,31,1.0,918.0,6,7892,5,0,264.0,0.0,918.0,918,1979.0,28,0,0.0,5,Reg,0,120,55.0,25.221608273812684,49020.0,5.07,4.3,2010,4,Q2,TwnhsE,0,2010-04-01,99500.0
930,2,1.0,64,1.0,0.0,4,11100,6,0,308.0,0.0,0.0,930,1946.0,0,0,0.0,7,Reg,0,20,60.0,25.221608273812684,49020.0,5.07,4.3,2010,4,Q2,1Fam,1,2010-04-01,84900.0
1848,3,3.5,10,2.0,975.0,8,7379,7,873,592.0,484.0,491.0,975,2000.0,280,184,0.0,5,IR1,0,60,68.0,25.221608273812684,49020.0,5.07,4.3,2010,4,Q2,1Fam,0,2010-04-01,171992.760735142
1564,3,2.5,30,2.0,650.0,6,8400,7,676,476.0,0.0,650.0,888,1980.0,0,50,130.0,6,Reg,204,60,70.0,25.221608273812684,49020.0,5.07,4.3,2010,4,Q2,1Fam,1,2010-04-01,171000.0
1492,3,3.0,8,2.0,1492.0,7,8000,6,0,596.0,833.0,659.0,1492,2002.0,277,137,0.0,5,Reg,0,20,80.0,25.221608273812684,49020.0,5.07,4.3,2010,4,Q2,1Fam,0,2010-04-01,173214.912549738
2622,3,3.5,16,2.0,1463.0,8,12256,9,1122,712.0,1032.0,431.0,1500,1994.0,186,32,362.0,5,IR1,0,60,98.0,25.221608273812684,49020.0,5.07,4.3,2010,4,Q2,1Fam,1,2010-04-01,325000.0
1891,3,3.5,32,2.0,1224.0,6,18837,7,604,678.0,687.0,491.0,1287,1978.0,0,69,0.0,5,IR1,0,50,68.0,25.221608273812684,49020.0,5.07,4.3,2010,4,Q2,1Fam,0,2010-04-01,194542.544135519
1107,2,1.0,89,1.0,629.0,6,9140,5,380,625.0,308.0,321.0,727,1950.0,0,56,0.0,5,Reg,200,50,50.0,25.221608273812684,49020.0,5.07,4.3,2010,4,Q2,1Fam,1,2010-04-01,162182.59620952
540,1,1.0,69,1.0,480.0,2,8154,4,0,200.0,480.0,0.0,540,1951.0,0,0,0.0,5,Reg,0,30,58.0,25.221608273812684,49020.0,5.07,4.3,2010,4,Q2,1Fam,1,2010-04-01,146966.230339786
1232,3,2.5,44,2.0,1232.0,5,9600,6,0,490.0,698.0,534.0,1232,1966.0,0,224,172.0,5,Reg,0,20,80.0,25.221608273812684,49020.0,5.07,4.3,2010,4,Q2,1Fam,0,2010-04-01,176363.773907793
1209,3,2.0,44,2.0,1209.0,5,9900,6,0,504.0,1059.0,150.0,1209,1966.0,0,0,0.0,5,Reg,0,20,90.0,25.221608273812684,49020.0,5.07,4.3,2010,4,Q2,1Fam,0,2010-04-01,176954.185412429
1510,3,3.0,43,2.0,1510.0,5,9680,6,0,517.0,1010.0,500.0,1510,1967.0,0,40,268.0,6,Reg,204,20,88.0,25.221608273812684,49020.0,5.07,4.3,2010,4,Q2,1Fam,0,2010-04-01,176521.216975696
827,2,1.0,55,1.0,0.0,5,7200,5,0,392.0,0.0,0.0,827,1967.0,0,0,0.0,7,Reg,0,20,60.0,25.221608273812684,49020.0,5.07,4.3,2010,4,Q2,1Fam,1,2010-04-01,107500.0
1655,3,2.5,17,2.0,763.0,6,10000,7,892,440.0,0.0,763.0,763,1993.0,157,84,0.0,5,IR1,0,60,75.0,25.221608273812684,49020.0,5.07,4.3,2010,4,Q2,1Fam,1,2010-04-01,177150.989247307
1386,3,2.5,32,2.0,672.0,6,11616,6,714,440.0,438.0,234.0,672,1978.0,335,0,328.0,5,IR1,0,60,68.0,25.221608273812684,49020.0,5.07,4.3,2010,4,Q2,1Fam,0,2010-04-01,158900.0
2110,3,3.5,42,2.0,2110.0,7,11160,8,0,522.0,1065.0,1045.0,2110,1968.0,0,0,0.0,5,Reg,0,20,93.0,25.221608273812684,49020.0,5.07,4.3,2010,4,Q2,1Fam,0,2010-04-01,244000.0
1034,1,2.0,21,2.0,982.0,8,3907,4,0,598.0,747.0,235.0,1034,1989.0,141,36,0.0,6,IR1,0,120,35.0,25.221608273812684,49020.0,5.07,4.3,2010,4,Q2,TwnhsE,0,2010-04-01,138607.971472497
1264,3,2.0,50,2.0,1268.0,5,9300,6,0,461.0,697.0,571.0,1264,1960.0,0,0,324.0,5,Reg,143,20,73.0,25.221608273812684,49020.0,5.07,4.3,2010,4,Q2,1Fam,0,2010-04-01,167500.0
988,2,2.0,52,1.0,988.0,5,13587,5,0,264.0,532.0,456.0,988,1958.0,0,0,0.0,5,Reg,0,190,70.0,25.221608273812684,49020.0,5.07,4.3,2010,4,Q2,2fmCon,0,2010-04-01,170934.462746566
1132,2,2.0,71,1.0,608.0,6,6000,5,524,240.0,452.0,144.0,608,1939.0,0,0,0.0,7,Reg,0,50,50.0,25.221608273812684,49020.0,5.07,4.3,2010,4,Q2,1Fam,1,2010-04-01,156002.955794336
985,2,1.5,90,2.0,576.0,4,7898,4,0,676.0,0.0,576.0,985,1989.0,0,0,0.0,7,Reg,0,30,65.0,25.221608273812684,49020.0,5.07,4.3,2010,4,Q2,1Fam,1,2010-04-01,159738.292580329
765,2,2.0,85,1.0,765.0,4,5000,4,0,200.0,188.0,577.0,765,1926.0,135,0,0.0,7,Reg,0,30,50.0,25.221608273812684,49020.0,5.07,4.3,2010,4,Q2,1Fam,1,2010-04-01,154034.917445551
1940,3,3.5,1,3.0,1930.0,9,10159,8,0,606.0,1646.0,284.0,1940,2010.0,168,95,450.0,5,IR1,0,20,83.0,25.221608273812684,49020.0,5.07,4.3,2010,4,Q2,1Fam,1,2010-04-01,395192.0
833,2,2.0,26,2.0,833.0,5,12887,5,0,495.0,207.0,36.0,833,1984.0,431,0,0.0,7,Reg,0,20,76.0,25.221608273812684,49020.0,5.07,4.3,2010,4,Q2,1Fam,0,2010-04-01,169556.835902417
2268,3,3.0,120,2.0,346.0,8,9000,7,1111,624.0,0.0,346.0,1157,2003.0,0,108,0.0,9,Reg,0,70,50.0,25.221608273812684,49020.0,5.07,4.3,2010,4,Q2,1Fam,1,2010-04-01,175182.950898522
1566,3,2.0,110,1.0,930.0,8,9600,7,636,288.0,0.0,930.0,930,1930.0,54,228,0.0,9,Reg,0,70,60.0,25.221608273812684,49020.0,5.07,4.3,2010,4,Q2,1Fam,1,2010-04-01,176363.773907793
894,3,2.0,45,1.0,894.0,5,8450,5,0,336.0,553.0,224.0,894,1973.0,416,144,0.0,8,Reg,0,20,65.0,25.221608273812684,49020.0,5.07,4.3,2010,4,Q2,1Fam,1,2010-04-01,138500.0
1479,5,2.0,41,1.0,864.0,5,10544,8,615,275.0,476.0,388.0,864,1969.0,287,0,0.0,5,IR1,0,50,68.0,25.221608273812684,49020.0,5.07,4.3,2010,4,Q2,1Fam,0,2010-04-01,204773.36222471
640,2,1.0,65,1.0,0.0,3,8777,5,0,240.0,0.0,0.0,640,1945.0,0,0,0.0,6,Reg,0,30,67.0,25.221608273812684,49020.0,5.07,4.3,2010,4,Q2,1Fam,1,2010-04-01,161468.198288911
1418,1,2.5,0,3.0,1642.0,8,12853,6,0,852.0,1032.0,610.0,1418,2010.0,160,192,0.0,5,IR1,0,20,57.0,25.221608273812684,49020.0,5.07,4.3,2010,4,Q2,1Fam,0,2010-04-01,156214.042540726
848,1,2.0,7,2.0,848.0,6,4435,4,0,420.0,672.0,176.0,848,2003.0,140,0,170.0,5,Reg,0,120,68.0,25.221608273812684,49020.0,5.07,4.3,2010,4,Q2,TwnhsE,0,2010-04-01,139647.095720655
1370,2,2.0,4,2.0,1370.0,8,7132,6,0,484.0,24.0,1346.0,1370,2006.0,120,49,178.0,5,IR1,0,120,41.0,25.221608273812684,49020.0,5.07,4.3,2010,4,Q2,TwnhsE,0,2010-04-01,158230.77520516
1338,2,3.0,9,2.0,1338.0,8,4920,6,0,582.0,616.0,722.0,1338,2001.0,0,0,0.0,5,Reg,0,120,41.0,25.221608273812684,49020.0,5.07,4.3,2010,4,Q2,TwnhsE,0,2010-04-01,213500.0
1039,3,2.5,45,2.0,1039.0,5,11625,6,0,504.0,841.0,198.0,1039,1965.0,0,0,0.0,4,Reg,0,190,75.0,25.221608273812684,49020.0,5.07,4.3,2010,4,Q2,2fmCon,0,2010-04-01,131500.0
882,2,2.0,40,2.0,882.0,4,8400,4,0,525.0,804.0,0.0,882,1970.0,240,0,0.0,5,Reg,0,20,70.0,25.221608273812684,49020.0,5.07,4.3,2010,4,Q2,1Fam,0,2010-04-01,160726.247831419
1733,3,2.5,6,2.0,847.0,7,8577,7,886,433.0,0.0,847.0,847,2004.0,144,48,0.0,5,IR1,0,60,63.0,25.221608273812684,49020.0,5.07,4.3,2010,4,Q2,1Fam,0,2010-04-01,174350.470676986
1483,1,2.5,33,2.0,1420.0,7,20062,4,0,690.0,1092.0,328.0,1483,1977.0,496,0,0.0,7,IR1,0,20,68.0,25.221608273812684,49020.0,5.07,4.3,2010,4,Q2,1Fam,1,2010-04-01,170401.630997116
1218,2,2.0,1,2.0,1218.0,7,9215,4,0,676.0,0.0,1218.0,1218,2009.0,0,136,0.0,5,Reg,0,20,92.0,25.221608273812684,49020.0,5.07,4.3,2010,4,Q2,1Fam,1,2010-04-01,162330.199085679
2098,4,2.5,13,2.0,1040.0,7,9375,9,1054,621.0,0.0,1040.0,1044,1997.0,331,38,0.0,5,Reg,0,60,75.0,25.221608273812684,49020.0,5.07,4.3,2010,4,Q2,1Fam,0,2010-04-01,189196.845337149
1040,3,2.5,48,1.0,1040.0,5,6897,6,0,260.0,659.0,381.0,1040,1962.0,0,104,0.0,8,IR1,0,20,68.0,25.221608273812684,49020.0,5.07,4.3,2010,4,Q2,1Fam,1,2010-04-01,127000.0
1659,3,2.5,6,2.0,831.0,7,11920,8,828,484.0,0.0,831.0,831,2004.0,144,68,122.0,5,Reg,0,60,70.0,25.221608273812684,49020.0,5.07,4.3,2010,4,Q2,1Fam,0,2010-04-01,180929.622876974
1692,3,2.5,13,2.0,878.0,7,9337,8,800,513.0,353.0,525.0,892,1997.0,0,39,0.0,5,IR1,0,60,68.0,25.221608273812684,49020.0,5.07,4.3,2010,4,Q2,1Fam,1,2010-04-01,175846.179822063
2260,3,3.5,14,2.0,1306.0,7,14000,7,954,533.0,1201.0,105.0,1306,1996.0,296,44,0.0,5,Reg,0,60,80.0,25.221608273812684,49020.0,5.07,4.3,2010,4,Q2,1Fam,1,2010-04-01,328000.0
1012,2,1.0,90,1.0,816.0,5,9800,5,0,429.0,0.0,816.0,1012,1920.0,121,0,0.0,5,Reg,0,30,70.0,25.221608273812684,49020.0,5.07,4.3,2010,4,Q2,1Fam,1,2010-04-01,163481.501519718
1494,3,3.0,36,2.0,1208.0,6,15410,7,0,461.0,126.0,223.0,1494,1974.0,296,0,250.0,6,IR1,0,20,39.0,25.221608273812684,49020.0,5.07,4.3,2010,4,Q2,1Fam,1,2010-04-01,187798.076714233
996,2,2.0,18,2.0,936.0,6,9069,5,0,564.0,747.0,189.0,996,1992.0,120,0,0.0,6,Reg,0,85,73.0,25.221608273812684,49020.0,5.07,4.3,2010,4,Q2,1Fam,0,2010-04-01,147000.0
912,3,1.0,43,1.0,912.0,5,8521,5,0,336.0,842.0,70.0,912,1974.0,0,0,0.0,5,Reg,0,20,70.0,25.221608273812684,49020.0,4.885,4.3,2010,5,Q2,1Fam,0,2010-05-01,125000.0
1978,3,3.5,7,3.0,1978.0,8,10389,8,0,850.0,1682.0,296.0,1978,2003.0,188,25,320.0,5,Reg,0,20,80.0,25.221608273812684,49020.0,4.885,4.3,2010,5,Q2,1Fam,0,2010-05-01,179021.448718583
1947,3,2.5,6,2.0,991.0,7,12552,8,956,678.0,222.0,769.0,991,2004.0,0,136,0.0,5,Reg,0,60,100.0,25.221608273812684,49020.0,4.885,4.3,2010,5,Q2,1Fam,1,2010-05-01,254900.0
1968,4,2.5,1,3.0,774.0,8,12003,8,1194,680.0,0.0,774.0,774,2009.0,0,75,84.0,5,Reg,0,60,92.0,25.221608273812684,49020.0,4.885,4.3,2010,5,Q2,1Fam,1,2010-05-01,269500.0
1416,3,3.5,11,2.0,696.0,7,2572,6,720,484.0,604.0,92.0,696,1999.0,0,44,0.0,5,Reg,0,160,24.0,25.221608273812684,49020.0,4.885,4.3,2010,5,Q2,Twnhs,0,2010-05-01,155000.0
1960,4,3.5,8,2.0,860.0,6,7851,8,1100,440.0,625.0,235.0,860,2002.0,288,48,0.0,5,Reg,0,60,68.0,25.221608273812684,49020.0,4.885,4.3,2010,5,Q2,1Fam,0,2010-05-01,216500.0
848,1,2.0,6,2.0,848.0,6,4426,3,0,420.0,662.0,186.0,848,2004.0,160,0,169.0,5,Reg,0,120,68.0,25.221608273812684,49020.0,4.885,4.3,2010,5,Q2,TwnhsE,0,2010-05-01,143000.0
1414,3,2.0,6,2.0,1414.0,7,8773,6,0,494.0,24.0,1390.0,1414,2004.0,132,105,98.0,5,Reg,0,20,65.0,25.221608273812684,49020.0,4.885,4.3,2010,5,Q2,1Fam,0,2010-05-01,185500.0
3222,5,4.0,20,3.0,1673.0,7,12376,11,1523,594.0,1470.0,203.0,1699,1990.0,367,0,0.0,5,Reg,0,60,90.0,25.221608273812684,49020.0,4.885,4.3,2010,5,Q2,1Fam,0,2010-05-01,320000.0
1154,3,2.0,88,1.0,796.0,4,5436,7,358,240.0,735.0,61.0,796,1922.0,0,96,0.0,8,Reg,0,50,40.0,25.221608273812684,49020.0,4.885,4.3,2010,5,Q2,1Fam,1,2010-05-01,125500.0
2035,3,2.5,9,2.0,884.0,7,9505,8,1151,434.0,0.0,884.0,884,2001.0,144,48,180.0,5,IR1,0,60,68.0,25.221608273812684,49020.0,4.885,4.3,2010,5,Q2,1Fam,0,2010-05-01,222500.0
1845,3,2.5,18,2.0,1055.0,6,11218,8,790,462.0,0.0,1055.0,1055,1992.0,635,104,0.0,5,Reg,0,60,70.0,25.221608273812684,49020.0,4.885,4.3,2010,5,Q2,1Fam,0,2010-05-01,189000.0
2110,3,3.5,16,2.0,948.0,7,8880,8,888,463.0,695.0,253.0,1222,1994.0,0,130,0.0,5,IR1,0,60,68.0,25.221608273812684,49020.0,4.885,4.3,2010,5,Q2,1Fam,1,2010-05-01,205000.0
2068,3,1.5,88,1.0,1108.0,7,7793,8,908,315.0,474.0,634.0,1160,1928.0,0,0,0.0,7,IR1,0,75,68.0,25.221608273812684,49020.0,4.885,4.3,2010,5,Q2,1Fam,1,2010-05-01,173912.421165137
1097,3,2.0,26,2.0,1040.0,6,9672,6,0,480.0,338.0,702.0,1097,1986.0,0,0,0.0,5,Reg,0,20,81.0,25.221608273812684,49020.0,4.885,4.3,2010,5,Q2,1Fam,1,2010-05-01,152000.0
1902,3,3.0,51,2.0,1902.0,7,17500,7,0,567.0,1406.0,496.0,1902,1959.0,0,207,0.0,8,Reg,0,20,100.0,25.221608273812684,49020.0,4.885,4.3,2010,5,Q2,1Fam,1,2010-05-01,335000.0
960,3,1.0,52,0.0,960.0,4,6410,5,0,0.0,0.0,960.0,960,1979.0,0,0,0.0,5,Reg,0,20,64.0,25.221608273812684,49020.0,4.885,4.3,2010,5,Q2,1Fam,0,2010-05-01,171190.624128768
835,2,1.0,90,1.0,458.0,5,10625,5,0,366.0,108.0,350.0,835,1920.0,0,0,0.0,5,Reg,0,30,85.0,25.221608273812684,49020.0,4.885,4.3,2010,5,Q2,1Fam,1,2010-05-01,83000.0
864,2,2.0,42,1.0,864.0,5,7832,4,0,280.0,775.0,89.0,864,1969.0,226,0,0.0,5,Reg,0,20,65.0,25.221608273812684,49020.0,4.885,4.3,2010,5,Q2,1Fam,0,2010-05-01,160713.294602908
1661,3,2.0,12,2.0,1649.0,7,12137,6,0,598.0,0.0,1649.0,1661,1998.0,0,34,442.0,5,IR2,0,20,48.0,25.221608273812684,49020.0,4.885,4.3,2010,5,Q2,1Fam,0,2010-05-01,224900.0
1675,3,2.0,51,1.0,1422.0,5,15263,8,0,365.0,766.0,656.0,1675,1959.0,0,132,90.0,5,IR1,0,20,100.0,25.221608273812684,49020.0,4.885,4.3,2010,5,Q2,1Fam,0,2010-05-01,188613.66763056
1306,3,1.0,70,0.0,728.0,3,5350,6,0,0.0,0.0,728.0,1306,1979.0,263,0,0.0,2,IR1,0,30,55.0,25.221608273812684,49020.0,4.885,4.3,2010,5,Q2,1Fam,1,2010-05-01,76500.0
1373,3,2.0,32,2.0,1319.0,5,7424,5,0,591.0,1319.0,0.0,1373,1978.0,0,0,0.0,5,IR1,0,90,68.0,25.221608273812684,49020.0,4.885,4.3,2010,5,Q2,Duplex,0,2010-05-01,173186.215014436
1560,3,1.5,98,0.0,780.0,6,12900,7,780,0.0,0.0,780.0,780,1979.0,344,0,0.0,8,Reg,168,70,60.0,25.221608273812684,49020.0,4.885,4.3,2010,5,Q2,1Fam,1,2010-05-01,183963.193012381
1981,4,3.5,32,2.0,1117.0,6,17082,8,864,522.0,964.0,153.0,1117,1978.0,336,104,288.0,5,IR1,0,60,68.0,25.221608273812684,49020.0,4.885,4.3,2010,5,Q2,1Fam,1,2010-05-01,205469.409444832
1226,3,2.0,1,3.0,1226.0,7,10402,6,0,740.0,0.0,1226.0,1226,2009.0,0,36,0.0,5,IR1,0,20,94.0,25.221608273812684,49020.0,4.885,4.3,2010,5,Q2,1Fam,0,2010-05-01,198900.0
1656,3,2.0,50,2.0,1080.0,6,31770,7,0,528.0,639.0,441.0,1656,1960.0,210,62,112.0,5,IR1,0,20,141.0,25.221608273812684,49020.0,4.885,4.3,2010,5,Q2,1Fam,0,2010-05-01,215000.0
1040,2,1.0,74,2.0,528.0,5,6240,5,492,624.0,276.0,252.0,548,1979.0,306,0,0.0,7,Reg,0,50,52.0,25.221608273812684,49020.0,4.885,4.3,2010,5,Q2,1Fam,1,2010-05-01,157580.177551642
2599,4,2.5,11,3.0,1393.0,9,14774,10,1177,779.0,0.0,1393.0,1422,1999.0,668,30,165.0,5,IR1,0,60,108.0,25.221608273812684,49020.0,4.885,4.3,2010,5,Q2,1Fam,0,2010-05-01,333168.0
1832,4,4.0,43,0.0,1832.0,4,10773,8,0,0.0,704.0,1128.0,1832,1979.0,0,58,72.0,3,Reg,0,90,72.0,25.221608273812684,49020.0,4.885,4.3,2010,5,Q2,Duplex,0,2010-05-01,193053.055502348
1541,3,2.0,5,2.0,1541.0,7,12182,7,0,532.0,1201.0,340.0,1541,2005.0,0,70,226.0,5,Reg,0,20,95.0,25.221608273812684,49020.0,4.885,4.3,2010,5,Q2,1Fam,0,2010-05-01,220000.0
1188,3,2.0,51,2.0,1188.0,5,12160,6,0,531.0,1000.0,188.0,1188,1959.0,0,0,180.0,5,IR1,0,20,68.0,25.221608273812684,49020.0,4.885,4.3,2010,5,Q2,1Fam,0,2010-05-01,142000.0
1296,2,2.0,86,1.0,1107.0,5,4853,5,0,260.0,133.0,974.0,1296,1979.0,0,0,203.0,6,Reg,0,30,67.0,25.221608273812684,49020.0,4.885,4.3,2010,5,Q2,1Fam,1,2010-05-01,154850.508361878
1605,3,2.0,95,1.0,840.0,3,5790,8,765,379.0,0.0,840.0,840,1915.0,0,0,0.0,6,Reg,0,50,60.0,25.221608273812684,49020.0,4.885,4.3,2010,5,Q2,1Fam,1,2010-05-01,107400.0
1829,4,3.0,43,2.0,1829.0,6,10456,8,0,535.0,506.0,1323.0,1829,1967.0,0,76,120.0,6,IR1,0,20,68.0,25.221608273812684,49020.0,4.885,4.3,2010,5,Q2,1Fam,0,2010-05-01,192429.187345783
1236,2,3.5,5,2.0,600.0,6,2544,4,636,480.0,376.0,224.0,600,2005.0,0,166,216.0,5,Reg,0,160,24.0,25.221608273812684,49020.0,4.885,4.3,2010,5,Q2,Twnhs,0,2010-05-01,150306.307814534
1512,2,3.5,10,2.0,756.0,6,2980,5,756,440.0,466.0,290.0,756,2000.0,0,32,1159.0,5,Reg,0,160,68.0,25.221608273812684,49020.0,4.885,4.3,2010,5,Q2,TwnhsE,0,2010-05-01,151164.372534604
1484,3,3.0,6,2.0,1473.0,7,8400,7,0,606.0,712.0,761.0,1484,2004.0,0,35,109.0,5,Reg,0,20,70.0,25.221608273812684,49020.0,4.885,4.3,2010,5,Q2,1Fam,1,2010-05-01,213000.0
1601,3,3.0,9,2.0,1581.0,8,11423,6,0,670.0,1358.0,223.0,1601,2001.0,180,0,479.0,5,Reg,0,20,68.0,25.221608273812684,49020.0,4.885,4.3,2010,5,Q2,1Fam,1,2010-05-01,272000.0
1526,4,1.0,53,1.0,1216.0,5,8562,7,0,364.0,383.0,833.0,1526,1957.0,116,78,145.0,6,Reg,0,20,68.0,25.221608273812684,49020.0,4.885,4.3,2010,5,Q2,1Fam,1,2010-05-01,144500.0
720,2,1.0,82,2.0,624.0,6,8520,5,0,484.0,0.0,624.0,720,2005.0,106,0,0.0,8,Reg,0,30,60.0,25.221608273812684,49020.0,4.885,4.3,2010,5,Q2,1Fam,1,2010-05-01,105900.0
1646,2,3.5,6,2.0,1594.0,8,3811,5,0,525.0,1373.0,221.0,1646,2004.0,128,53,186.0,5,IR1,155,120,44.0,25.221608273812684,49020.0,4.885,4.3,2010,5,Q2,TwnhsE,1,2010-05-01,152799.812402444
1020,2,1.0,135,0.0,780.0,5,6342,6,240,0.0,0.0,780.0,780,1979.0,0,0,0.0,8,Reg,0,50,54.0,25.221608273812684,49020.0,4.885,4.3,2010,5,Q2,1Fam,1,2010-05-01,94000.0
1468,2,3.0,5,2.0,1468.0,6,10440,6,0,528.0,1414.0,54.0,1468,2005.0,0,102,0.0,5,Reg,216,20,84.0,25.221608273812684,49020.0,4.885,4.3,2010,5,Q2,1Fam,0,2010-05-01,165845.938616539
1595,2,2.0,5,3.0,1595.0,8,8987,6,0,880.0,0.0,1595.0,1595,2005.0,144,0,226.0,5,Reg,0,20,73.0,25.221608273812684,49020.0,4.885,4.3,2010,5,Q2,1Fam,1,2010-05-01,162986.378895754
2340,4,2.0,69,1.0,1152.0,7,9042,9,1152,252.0,275.0,877.0,1188,1941.0,0,60,0.0,9,Reg,0,70,66.0,25.221608273812684,49020.0,4.885,4.3,2010,5,Q2,1Fam,1,2010-05-01,266500.0
1392,3,2.5,53,2.0,1392.0,5,11341,5,0,528.0,1302.0,90.0,1392,1957.0,0,0,180.0,6,IR1,95,20,68.0,25.221608273812684,49020.0,4.885,4.3,2010,5,Q2,1Fam,1,2010-05-01,121500.0
1704,3,3.0,3,3.0,1704.0,8,11478,7,0,772.0,1218.0,486.0,1704,2008.0,0,50,200.0,5,Reg,0,20,98.0,25.221608273812684,49020.0,4.885,4.3,2010,5,Q2,1Fam,1,2010-05-01,306000.0
945,2,2.5,37,1.0,945.0,5,2394,5,0,253.0,915.0,30.0,945,1973.0,174,0,0.0,6,Reg,108,120,31.0,25.221608273812684,49020.0,4.885,4.3,2010,5,Q2,Twnhs,0,2010-05-01,150011.102062216
1060,3,2.0,42,1.0,1060.0,5,8246,6,0,270.0,188.0,204.0,1060,1968.0,406,90,0.0,8,IR1,0,20,68.0,25.221608273812684,49020.0,4.885,4.3,2010,5,Q2,1Fam,1,2010-05-01,154000.0
1691,3,2.0,86,1.0,1026.0,5,5000,6,665,308.0,218.0,808.0,1026,1924.0,0,0,0.0,6,Reg,0,50,50.0,25.221608273812684,49020.0,4.885,4.3,2010,5,Q2,1Fam,1,2010-05-01,127000.0
1916,3,3.5,12,3.0,1049.0,8,11050,8,880,741.0,615.0,434.0,1036,1998.0,0,70,0.0,5,Reg,0,60,85.0,25.221608273812684,49020.0,4.885,4.3,2010,5,Q2,1Fam,1,2010-05-01,180322.322067129
1285,3,2.5,33,2.0,1243.0,6,9620,6,0,473.0,679.0,564.0,1285,1977.0,375,26,0.0,7,Reg,0,80,74.0,25.221608273812684,49020.0,4.885,4.3,2010,5,Q2,1Fam,0,2010-05-01,177508.027228367
1668,3,3.0,7,2.0,1657.0,8,10635,8,0,502.0,370.0,315.0,1668,2003.0,0,262,171.0,5,IR2,0,20,48.0,25.221608273812684,49020.0,4.885,4.3,2010,5,Q2,1Fam,0,2010-05-01,232000.0
1092,3,1.5,37,1.0,546.0,4,1974,6,546,286.0,334.0,212.0,546,1973.0,120,96,0.0,5,Reg,0,160,68.0,25.221608273812684,49020.0,4.885,4.3,2010,5,Q2,TwnhsE,0,2010-05-01,83500.0
1346,3,3.0,2,3.0,1336.0,7,11896,6,0,660.0,78.0,1258.0,1346,2008.0,100,48,60.0,5,IR1,0,20,88.0,25.221608273812684,49020.0,4.885,4.3,2010,5,Q2,1Fam,0,2010-05-01,181987.282510201
1465,3,2.5,12,2.0,789.0,6,8402,7,676,393.0,0.0,789.0,789,1998.0,0,75,0.0,5,IR1,0,60,63.0,25.221608273812684,49020.0,4.885,4.3,2010,5,Q2,1Fam,0,2010-05-01,175110.956519547
936,2,2.0,54,1.0,936.0,5,5868,4,0,308.0,248.0,448.0,936,1956.0,0,0,0.0,7,Reg,160,20,74.0,25.221608273812684,49020.0,4.885,4.3,2010,5,Q2,1Fam,1,2010-05-01,129000.0
900,3,1.5,59,2.0,900.0,5,7200,5,0,576.0,234.0,180.0,900,2005.0,222,32,0.0,7,Reg,0,20,60.0,25.221608273812684,49020.0,4.885,4.3,2010,5,Q2,1Fam,1,2010-05-01,134800.0
1647,4,2.5,95,1.0,806.0,6,6858,6,806,216.0,0.0,806.0,841,1920.0,0,66,0.0,4,Reg,0,70,66.0,25.221608273812684,49020.0,4.885,4.3,2010,5,Q2,1Fam,1,2010-05-01,128000.0
1664,4,2.0,45,0.0,0.0,5,9825,8,0,0.0,0.0,0.0,1664,1979.0,0,0,0.0,5,Reg,0,90,75.0,25.221608273812684,49020.0,4.885,4.3,2010,5,Q2,Duplex,0,2010-05-01,100000.0
1775,3,2.0,46,2.0,533.0,6,10600,8,644,480.0,0.0,533.0,1131,1964.0,0,172,0.0,5,IR1,0,80,68.0,25.221608273812684,49020.0,4.885,4.3,2010,5,Q2,1Fam,0,2010-05-01,179436.704810176
1812,4,2.0,110,2.0,360.0,5,7630,8,780,672.0,0.0,360.0,1032,1999.0,344,0,0.0,9,Reg,0,190,76.0,25.221608273812684,49020.0,4.885,4.3,2010,5,Q2,2fmCon,1,2010-05-01,140000.0
1086,3,2.0,56,2.0,1086.0,5,10200,6,0,490.0,320.0,404.0,1086,1989.0,0,0,104.0,7,Reg,0,20,85.0,25.221608273812684,49020.0,4.885,4.3,2010,5,Q2,1Fam,1,2010-05-01,144900.0
1666,3,2.0,79,0.0,894.0,5,9839,7,772,0.0,0.0,894.0,894,1979.0,0,156,0.0,2,Reg,0,50,51.0,25.221608273812684,49020.0,4.885,4.3,2010,5,Q2,1Fam,1,2010-05-01,177939.027626751
923,2,2.0,30,1.0,923.0,6,8012,5,0,264.0,543.0,261.0,923,1980.0,80,0,0.0,5,Reg,0,120,50.0,25.221608273812684,49020.0,4.885,4.3,2010,5,Q2,TwnhsE,0,2010-05-01,143000.0
1246,3,2.5,51,1.0,1246.0,5,7500,6,0,305.0,340.0,0.0,1246,1959.0,218,0,0.0,7,Reg,0,20,75.0,25.221608273812684,49020.0,4.885,4.3,2010,5,Q2,1Fam,1,2010-05-01,154000.0
1034,3,2.0,34,3.0,1012.0,6,12328,6,0,888.0,539.0,473.0,1034,1976.0,0,0,335.0,5,IR1,0,80,68.0,25.221608273812684,49020.0,4.885,4.3,2010,5,Q2,1Fam,0,2010-05-01,169900.0
1802,3,3.0,17,4.0,946.0,6,12361,8,838,1017.0,860.0,86.0,964,2000.0,450,92,85.0,7,IR1,0,60,87.0,25.221608273812684,49020.0,4.885,4.3,2010,5,Q2,1Fam,0,2010-05-01,182902.420342386
936,2,2.0,90,0.0,936.0,5,4485,5,0,0.0,579.0,357.0,936,1979.0,51,0,0.0,7,Reg,0,30,56.0,25.221608273812684,49020.0,4.885,4.3,2010,5,Q2,1Fam,1,2010-05-01,154126.270249525
1224,3,2.0,62,1.0,816.0,6,8064,5,408,280.0,481.0,161.0,816,1950.0,414,0,0.0,8,Reg,0,50,60.0,25.221608273812684,49020.0,4.885,4.3,2010,5,Q2,1Fam,1,2010-05-01,174445.759557658
816,2,2.0,47,2.0,816.0,5,8472,5,0,516.0,104.0,0.0,816,1963.0,106,0,0.0,5,IR2,0,90,110.0,25.221608273812684,49020.0,4.885,4.3,2010,5,Q2,Duplex,0,2010-05-01,110000.0
1395,2,2.0,47,2.0,1395.0,6,9760,7,0,440.0,717.0,415.0,1395,1963.0,657,0,218.0,7,Reg,240,20,80.0,25.221608273812684,49020.0,4.885,4.3,2010,5,Q2,1Fam,1,2010-05-01,164507.672539365
630,1,2.0,38,0.0,630.0,4,1491,3,0,0.0,150.0,0.0,630,1979.0,96,24,0.0,6,Reg,0,180,21.0,25.221608273812684,49020.0,4.885,4.3,2010,5,Q2,TwnhsE,0,2010-05-01,75500.0
1206,3,1.0,51,1.0,1206.0,5,10725,6,0,312.0,936.0,270.0,1206,1959.0,0,21,91.0,5,IR1,0,20,87.0,25.221608273812684,49020.0,4.885,4.3,2010,5,Q2,1Fam,0,2010-05-01,179682.709603774
1143,3,2.0,51,1.0,1143.0,5,8050,6,0,308.0,856.0,125.0,1143,1959.0,0,0,150.0,5,IR1,0,20,68.0,25.221608273812684,49020.0,4.885,4.3,2010,5,Q2,1Fam,0,2010-05-01,174418.207020775
1054,3,2.0,47,2.0,936.0,6,8800,6,0,480.0,763.0,173.0,1054,1963.0,120,0,156.0,7,Reg,0,85,80.0,25.221608273812684,49020.0,4.885,4.3,2010,5,Q2,1Fam,0,2010-05-01,137500.0
2018,3,2.0,2,3.0,2002.0,9,13214,10,0,746.0,0.0,2002.0,2018,2009.0,144,76,0.0,5,IR1,0,20,89.0,25.221608273812684,49020.0,4.885,4.3,2010,5,Q2,1Fam,1,2010-05-01,378500.0
1064,2,1.5,58,1.0,864.0,5,10950,4,0,318.0,339.0,525.0,1064,1952.0,0,0,0.0,7,Reg,0,20,60.0,25.221608273812684,49020.0,4.885,4.3,2010,5,Q2,1Fam,0,2010-05-01,166849.638174419
1752,4,2.0,22,2.0,559.0,8,12134,8,672,492.0,427.0,132.0,1080,1988.0,325,12,0.0,7,IR1,0,50,152.0,25.221608273812684,49020.0,4.734999999999999,5.0,2010,6,Q2,1Fam,1,2010-06-01,164000.0
1264,2,2.0,45,2.0,1068.0,5,15300,7,0,528.0,42.0,1026.0,1264,1965.0,0,0,0.0,5,Reg,0,20,85.0,25.221608273812684,49020.0,4.734999999999999,5.0,2010,6,Q2,1Fam,1,2010-06-01,176515.497545231
952,3,1.0,114,1.0,756.0,4,8712,5,0,330.0,0.0,756.0,952,1896.0,0,0,0.0,7,Reg,0,30,66.0,25.221608273812684,49020.0,4.734999999999999,5.0,2010,6,Q2,1Fam,1,2010-06-01,176825.940961269
1026,3,2.5,33,1.0,1026.0,5,15240,5,0,308.0,198.0,140.0,1026,1977.0,316,85,0.0,8,IR1,0,20,38.0,25.221608273812684,49020.0,4.734999999999999,5.0,2010,6,Q2,1Fam,1,2010-06-01,189673.295302136
864,2,2.0,96,1.0,864.0,3,8212,5,0,200.0,203.0,661.0,864,1938.0,0,0,0.0,3,Reg,0,30,45.0,25.221608273812684,49020.0,4.734999999999999,5.0,2010,6,Q2,1Fam,1,2010-06-01,58500.0
1196,3,2.0,42,1.0,1196.0,5,10044,6,0,336.0,1070.0,126.0,1196,1968.0,257,0,0.0,6,IR1,0,20,60.0,25.221608273812684,49020.0,4.734999999999999,5.0,2010,6,Q2,1Fam,0,2010-06-01,179447.36804185
876,3,2.0,38,2.0,876.0,5,7480,5,0,484.0,480.0,396.0,876,1977.0,0,0,0.0,6,Reg,0,20,68.0,25.221608273812684,49020.0,4.734999999999999,5.0,2010,6,Q2,1Fam,0,2010-06-01,174401.317715566
1344,3,2.0,11,2.0,1344.0,5,11875,7,0,686.0,0.0,1344.0,1344,2001.0,328,0,0.0,5,Reg,0,20,68.0,25.221608273812684,49020.0,4.734999999999999,5.0,2010,6,Q2,1Fam,0,2010-06-01,183050.846258475
1092,3,1.5,40,0.0,546.0,4,1900,5,546,0.0,0.0,546.0,546,1979.0,0,0,0.0,4,Reg,0,160,21.0,25.221608273812684,49020.0,4.734999999999999,5.0,2010,6,Q2,TwnhsE,0,2010-06-01,163419.663729346
1040,3,2.5,47,1.0,1040.0,5,7500,5,0,308.0,824.0,216.0,1040,1963.0,0,0,0.0,5,Reg,0,20,75.0,25.221608273812684,49020.0,4.734999999999999,5.0,2010,6,Q2,1Fam,0,2010-06-01,133000.0
1096,3,2.0,35,1.0,1008.0,6,6305,5,0,352.0,528.0,480.0,1096,1975.0,0,0,0.0,6,Reg,0,80,65.0,25.221608273812684,49020.0,4.734999999999999,5.0,2010,6,Q2,1Fam,0,2010-06-01,172088.872655744
1804,3,2.5,11,2.0,994.0,7,7500,7,776,442.0,0.0,994.0,1028,1999.0,140,60,0.0,5,Reg,0,60,60.0,25.221608273812684,49020.0,4.734999999999999,5.0,2010,6,Q2,1Fam,0,2010-06-01,189000.0
1120,2,1.0,62,2.0,744.0,4,11792,5,328,480.0,0.0,744.0,792,1956.0,0,0,0.0,5,Reg,160,50,89.0,25.221608273812684,49020.0,4.734999999999999,5.0,2010,6,Q2,1Fam,1,2010-06-01,169611.619017694
2403,4,2.0,70,1.0,1032.0,7,24090,10,1196,349.0,0.0,1032.0,1207,1940.0,56,0,0.0,7,Reg,0,70,68.0,25.221608273812684,49020.0,4.734999999999999,5.0,2010,6,Q2,1Fam,1,2010-06-01,244400.0
1092,3,1.5,38,1.0,546.0,4,1890,5,546,286.0,294.0,252.0,546,1972.0,0,0,0.0,6,Reg,0,160,21.0,25.221608273812684,49020.0,4.734999999999999,5.0,2010,6,Q2,TwnhsE,0,2010-06-01,163399.983345859
1652,3,3.5,16,2.0,423.0,7,19645,6,756,473.0,343.0,80.0,896,1994.0,0,0,44.0,6,IR1,0,80,85.0,25.221608273812684,49020.0,4.734999999999999,5.0,2010,6,Q2,1Fam,1,2010-06-01,198342.504228533
1732,3,2.5,25,2.0,741.0,6,9206,7,755,476.0,0.0,741.0,977,1985.0,192,46,336.0,5,Reg,0,60,77.0,25.221608273812684,49020.0,4.734999999999999,5.0,2010,6,Q2,1Fam,0,2010-06-01,178000.0
747,2,1.0,65,1.0,747.0,4,4608,4,0,220.0,0.0,747.0,747,1945.0,0,0,0.0,6,Reg,0,30,47.0,25.221608273812684,49020.0,4.734999999999999,5.0,2010,6,Q2,1Fam,1,2010-06-01,80000.0
874,3,1.0,39,1.0,864.0,5,6953,5,0,352.0,469.0,395.0,874,1971.0,0,0,0.0,7,Reg,0,20,50.0,25.221608273812684,49020.0,4.734999999999999,5.0,2010,6,Q2,1Fam,1,2010-06-01,173364.161505756
1478,2,3.5,1,2.0,1470.0,7,4403,7,0,484.0,578.0,892.0,1478,2009.0,0,144,432.0,5,IR2,0,20,68.0,25.221608273812684,49020.0,4.734999999999999,5.0,2010,6,Q2,1Fam,0,2010-06-01,222000.0
1155,3,2.0,49,2.0,1109.0,5,11782,6,0,576.0,899.0,210.0,1155,1987.0,192,0,0.0,7,IR1,0,85,88.0,25.221608273812684,49020.0,4.734999999999999,5.0,2010,6,Q2,1Fam,1,2010-06-01,148000.0
1175,3,1.5,50,2.0,1175.0,5,7635,6,0,484.0,588.0,237.0,1175,1960.0,0,0,0.0,6,IR1,0,20,81.0,25.221608273812684,49020.0,4.734999999999999,5.0,2010,6,Q2,1Fam,0,2010-06-01,174706.363659627
864,2,1.0,59,2.0,864.0,4,19138,4,0,400.0,120.0,744.0,864,1951.0,0,0,0.0,5,Reg,0,20,140.0,25.221608273812684,49020.0,4.734999999999999,5.0,2010,6,Q2,1Fam,0,2010-06-01,141000.0
1839,4,1.5,44,2.0,756.0,6,7700,7,788,442.0,0.0,756.0,1051,1966.0,0,124,351.0,5,Reg,0,60,70.0,25.221608273812684,49020.0,4.734999999999999,5.0,2010,6,Q2,1Fam,0,2010-06-01,155000.0
972,3,1.0,55,1.0,972.0,5,10895,5,0,305.0,648.0,324.0,972,1955.0,0,0,0.0,6,Reg,0,20,119.0,25.221608273812684,49020.0,4.734999999999999,5.0,2010,6,Q2,1Fam,0,2010-06-01,181122.168676666
1056,0,2.0,30,2.0,1056.0,6,6979,4,0,576.0,1056.0,0.0,1056,1980.0,264,56,0.0,5,Reg,0,90,64.0,25.221608273812684,49020.0,4.734999999999999,5.0,2010,6,Q2,Duplex,0,2010-06-01,144000.0
1580,3,2.5,51,2.0,1244.0,6,10032,6,0,440.0,734.0,510.0,1580,1956.0,0,28,432.0,5,Reg,160,20,80.0,25.221608273812684,49020.0,4.734999999999999,5.0,2010,6,Q2,1Fam,0,2010-06-01,179423.751581665
1200,2,2.5,6,2.0,600.0,7,3182,4,600,480.0,0.0,600.0,600,2004.0,0,172,0.0,5,Reg,0,160,30.0,25.221608273812684,49020.0,4.734999999999999,5.0,2010,6,Q2,TwnhsE,1,2010-06-01,151000.0
2978,5,2.5,43,2.0,710.0,7,11275,11,1080,564.0,0.0,710.0,1898,1961.0,240,0,300.0,7,Reg,0,80,96.0,25.221608273812684,49020.0,4.734999999999999,5.0,2010,6,Q2,1Fam,1,2010-06-01,242000.0
1645,4,2.0,39,2.0,715.0,6,9600,7,715,441.0,329.0,386.0,930,1971.0,0,78,0.0,6,Reg,0,60,80.0,25.221608273812684,49020.0,4.734999999999999,5.0,2010,6,Q2,1Fam,0,2010-06-01,191849.439072822
1328,3,2.5,47,2.0,1328.0,6,9790,6,0,528.0,569.0,678.0,1328,1963.0,0,26,451.0,5,Reg,0,20,68.0,25.221608273812684,49020.0,4.734999999999999,5.0,2010,6,Q2,1Fam,0,2010-06-01,143000.0
1080,2,2.5,7,2.0,530.0,7,2403,4,550,496.0,244.0,286.0,530,2003.0,0,50,0.0,5,IR1,0,160,68.0,25.221608273812684,49020.0,4.734999999999999,5.0,2010,6,Q2,TwnhsE,0,2010-06-01,151133.706960953
2225,4,3.5,18,3.0,1390.0,8,11134,7,823,713.0,1129.0,261.0,1402,1992.0,198,30,180.0,5,Reg,0,60,88.0,25.221608273812684,49020.0,4.734999999999999,5.0,2010,6,Q2,1Fam,1,2010-06-01,194868.409899858
2349,4,3.5,17,3.0,1231.0,8,13143,9,1098,762.0,250.0,0.0,1251,1993.0,32,130,504.0,5,IR1,0,60,85.0,25.221608273812684,49020.0,4.734999999999999,5.0,2010,6,Q2,1Fam,0,2010-06-01,198822.198942566
1573,3,2.5,10,2.0,756.0,6,2117,5,804,440.0,378.0,378.0,769,2000.0,0,32,216.0,5,Reg,0,160,68.0,25.221608273812684,49020.0,4.734999999999999,5.0,2010,6,Q2,Twnhs,0,2010-06-01,177500.0
1374,3,3.5,6,2.0,384.0,7,13300,7,630,400.0,326.0,58.0,744,2004.0,100,0,0.0,5,IR1,0,80,67.0,25.221608273812684,49020.0,4.734999999999999,5.0,2010,6,Q2,1Fam,0,2010-06-01,185855.300905493
1502,1,2.5,25,2.0,1488.0,8,6820,4,0,528.0,368.0,0.0,1502,1985.0,0,54,0.0,5,IR1,140,120,68.0,25.221608273812684,49020.0,4.734999999999999,5.0,2010,6,Q2,TwnhsE,0,2010-06-01,212000.0
1856,1,2.5,0,3.0,1856.0,9,11394,8,0,834.0,1445.0,411.0,1856,2010.0,113,0,350.0,2,Reg,0,20,88.0,25.221608273812684,49020.0,4.734999999999999,5.0,2010,6,Q2,1Fam,0,2010-06-01,394432.0
2250,3,3.5,8,3.0,1671.0,8,13650,7,563,756.0,578.0,1093.0,1687,2002.0,238,130,232.0,5,Reg,0,60,105.0,25.221608273812684,49020.0,4.734999999999999,5.0,2010,6,Q2,1Fam,0,2010-06-01,186544.114327568
2696,3,3.5,7,3.0,2846.0,9,14300,10,0,958.0,1373.0,1473.0,2696,2003.0,220,150,1095.0,5,Reg,0,20,110.0,25.221608273812684,49020.0,4.734999999999999,5.0,2010,6,Q2,1Fam,1,2010-06-01,187823.339254278
1888,2,2.5,44,2.0,1517.0,6,16492,6,0,578.0,247.0,557.0,1888,1966.0,0,0,0.0,6,IR1,0,20,137.0,25.221608273812684,49020.0,4.734999999999999,5.0,2010,6,Q2,1Fam,1,2010-06-01,190000.0
1698,3,2.0,5,3.0,1698.0,9,11520,7,0,730.0,110.0,1588.0,1698,2005.0,192,74,615.0,5,Reg,0,20,90.0,25.221608273812684,49020.0,4.734999999999999,5.0,2010,6,Q2,1Fam,0,2010-06-01,182352.192644656
1544,3,2.0,1,3.0,1544.0,8,12883,7,0,868.0,0.0,1544.0,1544,2009.0,0,35,256.0,5,IR1,0,20,94.0,25.221608273812684,49020.0,4.734999999999999,5.0,2010,6,Q2,1Fam,1,2010-06-01,185034.62891405
836,2,1.0,35,1.0,836.0,7,2280,4,0,308.0,0.0,836.0,836,1975.0,0,30,0.0,6,Reg,0,120,24.0,25.221608273812684,49020.0,4.734999999999999,5.0,2010,6,Q2,Twnhs,0,2010-06-01,150891.638244053
896,2,1.0,49,1.0,882.0,5,11622,5,0,730.0,468.0,270.0,896,1961.0,140,0,0.0,6,Reg,120,20,80.0,25.221608273812684,49020.0,4.734999999999999,5.0,2010,6,Q2,1Fam,0,2010-06-01,169277.0524984
1456,3,2.5,35,2.0,855.0,6,2280,6,601,440.0,514.0,341.0,855,1975.0,173,0,0.0,6,Reg,0,160,24.0,25.221608273812684,49020.0,4.734999999999999,5.0,2010,6,Q2,Twnhs,0,2010-06-01,164167.518301885
1144,3,2.0,54,1.0,1144.0,5,9571,6,0,596.0,739.0,405.0,1144,1956.0,44,0,0.0,6,Reg,0,20,68.0,25.221608273812684,49020.0,4.734999999999999,5.0,2010,6,Q2,1Fam,0,2010-06-01,129000.0
1337,2,3.0,11,2.0,1405.0,7,5858,5,0,511.0,1051.0,354.0,1337,1999.0,203,68,0.0,5,IR1,0,120,26.0,25.221608273812684,49020.0,4.734999999999999,5.0,2010,6,Q2,TwnhsE,0,2010-06-01,157933.279456005
1329,3,1.5,52,1.0,1329.0,6,14267,6,0,312.0,923.0,406.0,1329,1958.0,393,36,108.0,6,IR1,0,20,81.0,25.221608273812684,49020.0,4.734999999999999,5.0,2010,6,Q2,1Fam,0,2010-06-01,187758.393988768
1604,3,2.5,12,2.0,926.0,6,9978,7,678,470.0,602.0,324.0,926,1998.0,360,36,20.0,6,IR1,0,60,78.0,25.221608273812684,49020.0,4.734999999999999,5.0,2010,6,Q2,1Fam,0,2010-06-01,179317.47751083
1687,3,2.0,62,2.0,747.0,5,57200,7,0,572.0,353.0,60.0,1687,1966.0,0,0,0.0,5,IR1,0,20,68.0,25.221608273812684,49020.0,4.734999999999999,5.0,2010,6,Q2,1Fam,1,2010-06-01,160000.0
1633,3,1.0,62,1.0,1027.0,5,11851,7,606,240.0,780.0,247.0,1027,1948.0,0,100,0.0,7,Reg,0,50,69.0,25.221608273812684,49020.0,4.734999999999999,5.0,2010,6,Q2,1Fam,1,2010-06-01,183003.613338104
1347,3,2.5,53,2.0,1347.0,5,5805,6,0,551.0,274.0,0.0,1347,1957.0,0,0,0.0,7,Reg,0,20,69.0,25.221608273812684,49020.0,4.734999999999999,5.0,2010,6,Q2,1Fam,0,2010-06-01,171104.853481351
1358,2,3.0,1,2.0,1358.0,7,6371,6,0,484.0,733.0,625.0,1358,2010.0,192,35,128.0,5,IR1,0,120,44.0,25.221608273812684,49020.0,4.734999999999999,5.0,2010,6,Q2,TwnhsE,1,2010-06-01,224000.0
1385,4,2.0,58,2.0,910.0,5,8520,6,475,720.0,507.0,403.0,910,2000.0,0,0,0.0,4,Reg,0,50,71.0,25.221608273812684,49020.0,4.734999999999999,5.0,2010,6,Q2,1Fam,0,2010-06-01,166000.0
1433,1,2.5,23,2.0,1433.0,7,11980,4,0,528.0,1433.0,0.0,1433,1987.0,0,278,177.0,5,Reg,266,20,83.0,25.221608273812684,49020.0,4.734999999999999,5.0,2010,6,Q2,1Fam,0,2010-06-01,156705.730169433
1682,3,2.5,12,2.0,804.0,6,8750,7,878,523.0,505.0,299.0,804,1998.0,0,77,116.0,5,Reg,0,60,70.0,25.221608273812684,49020.0,4.734999999999999,5.0,2010,6,Q2,1Fam,0,2010-06-01,200500.0
1923,3,3.5,18,2.0,750.0,7,10186,8,862,564.0,674.0,76.0,1061,1992.0,240,39,0.0,5,IR1,0,60,107.0,25.221608273812684,49020.0,4.734999999999999,5.0,2010,6,Q2,1Fam,0,2010-06-01,190000.0
1949,3,3.5,17,2.0,1050.0,7,9938,8,887,574.0,750.0,300.0,1062,1993.0,156,90,246.0,5,Reg,0,60,80.0,25.221608273812684,49020.0,4.734999999999999,5.0,2010,6,Q2,1Fam,1,2010-06-01,236000.0
1298,3,2.0,46,2.0,1250.0,5,11200,5,0,504.0,0.0,1250.0,1298,1964.0,0,144,0.0,3,IR1,0,20,68.0,25.221608273812684,49020.0,4.734999999999999,5.0,2010,6,Q2,1Fam,0,2010-06-01,181722.420373045
1172,3,2.0,56,1.0,1172.0,5,9525,5,0,366.0,954.0,218.0,1172,1954.0,240,0,0.0,7,Reg,0,20,75.0,25.221608273812684,49020.0,4.734999999999999,5.0,2010,6,Q2,1Fam,1,2010-06-01,178425.956138831
1531,3,1.0,63,1.0,756.0,4,9350,8,0,209.0,192.0,564.0,1169,1947.0,0,0,0.0,6,Reg,0,50,50.0,25.221608273812684,49020.0,4.734999999999999,5.0,2010,6,Q2,1Fam,1,2010-06-01,178081.549427793
1363,3,1.0,100,2.0,622.0,4,7740,6,622,528.0,0.0,622.0,741,1966.0,0,0,0.0,7,Reg,168,70,60.0,25.221608273812684,49020.0,4.734999999999999,5.0,2010,6,Q2,1Fam,1,2010-06-01,125500.0
1074,3,2.0,60,1.0,663.0,6,11479,6,0,467.0,104.0,172.0,1074,1987.0,0,52,0.0,7,Reg,0,20,65.0,25.221608273812684,49020.0,4.734999999999999,5.0,2010,6,Q2,1Fam,1,2010-06-01,182271.503072356
1610,4,2.5,72,1.0,972.0,3,18600,8,558,480.0,288.0,0.0,1052,1938.0,0,0,0.0,4,Reg,0,50,124.0,25.221608273812684,49020.0,4.734999999999999,5.0,2010,6,Q2,1Fam,1,2010-06-01,209561.784211885
756,2,1.0,83,2.0,660.0,4,9259,4,0,440.0,0.0,660.0,756,1945.0,80,0,0.0,4,Reg,0,30,94.0,25.221608273812684,49020.0,4.734999999999999,5.0,2010,6,Q2,1Fam,1,2010-06-01,164626.577880222
892,3,2.0,44,1.0,864.0,5,7800,5,0,416.0,240.0,150.0,892,1966.0,0,0,47.0,7,Reg,0,20,65.0,25.221608273812684,49020.0,4.734999999999999,5.0,2010,6,Q2,1Fam,1,2010-06-01,175031.089987177
1680,2,3.0,100,2.0,856.0,5,6048,7,744,450.0,736.0,120.0,936,1910.0,56,144,0.0,7,Reg,0,190,60.0,25.221608273812684,49020.0,4.734999999999999,5.0,2010,6,Q2,2fmCon,1,2010-06-01,158307.206742274
1839,4,2.5,12,2.0,1195.0,7,16770,7,644,486.0,0.0,1195.0,1195,1998.0,0,81,30.0,5,IR2,0,60,58.0,25.221608273812684,49020.0,4.734999999999999,5.0,2010,6,Q2,1Fam,0,2010-06-01,221000.0
1652,4,3.0,95,1.0,686.0,5,10800,7,686,416.0,686.0,0.0,966,1961.0,0,0,0.0,6,Reg,0,50,60.0,25.221608273812684,49020.0,4.734999999999999,5.0,2010,6,Q2,1Fam,1,2010-06-01,139000.0
1044,2,1.0,58,2.0,540.0,5,8712,4,0,504.0,0.0,540.0,1044,1952.0,0,0,0.0,5,Reg,0,20,66.0,25.221608273812684,49020.0,4.734999999999999,5.0,2010,6,Q2,1Fam,0,2010-06-01,55993.0
832,2,1.0,87,2.0,678.0,2,9656,5,0,780.0,0.0,678.0,832,1928.0,0,0,0.0,2,Reg,0,30,68.0,25.221608273812684,49020.0,4.734999999999999,5.0,2010,6,Q2,1Fam,1,2010-06-01,165407.889104689
1314,3,2.0,53,1.0,1314.0,5,8400,5,0,294.0,922.0,392.0,1314,1957.0,250,0,0.0,6,Reg,0,20,70.0,25.221608273812684,49020.0,4.734999999999999,5.0,2010,6,Q2,1Fam,0,2010-06-01,145000.0
2256,4,2.0,100,0.0,840.0,5,9045,12,1128,0.0,0.0,840.0,1128,1979.0,0,18,0.0,3,Reg,0,190,100.0,25.221608273812684,49020.0,4.734999999999999,5.0,2010,6,Q2,2fmCon,1,2010-06-01,190757.177789246
1052,3,2.0,39,2.0,1010.0,6,8816,6,0,440.0,504.0,506.0,1052,1971.0,0,0,80.0,7,Reg,0,80,80.0,25.221608273812684,49020.0,4.734999999999999,5.0,2010,6,Q2,1Fam,0,2010-06-01,155000.0
1626,2,2.5,7,2.0,764.0,7,2628,6,862,474.0,0.0,764.0,764,2003.0,0,27,106.0,5,Reg,0,160,36.0,25.221608273812684,49020.0,4.734999999999999,5.0,2010,6,Q2,Twnhs,0,2010-06-01,175500.0
1470,2,1.5,88,2.0,738.0,6,10560,6,602,624.0,283.0,455.0,868,1970.0,0,0,0.0,7,Reg,0,70,60.0,25.221608273812684,49020.0,4.734999999999999,5.0,2010,6,Q2,1Fam,1,2010-06-01,167186.995771991
1140,3,1.0,100,0.0,576.0,4,8800,7,348,0.0,0.0,576.0,792,1979.0,0,160,0.0,7,Reg,0,50,55.0,25.221608273812684,49020.0,4.734999999999999,5.0,2010,6,Q2,1Fam,1,2010-06-01,96500.0
1547,3,2.5,1,2.0,756.0,7,8640,7,783,614.0,24.0,732.0,764,2009.0,169,45,0.0,5,Reg,0,60,72.0,25.221608273812684,49020.0,4.734999999999999,5.0,2010,6,Q2,1Fam,0,2010-06-01,215200.0
3279,4,4.5,7,3.0,1650.0,8,53504,12,1589,841.0,1416.0,234.0,1690,2003.0,503,36,603.0,5,IR2,210,60,47.0,25.221608273812684,49020.0,4.734999999999999,5.0,2010,6,Q2,1Fam,0,2010-06-01,538000.0
1962,4,1.5,95,2.0,888.0,4,8094,9,1074,572.0,0.0,888.0,888,1915.0,160,0,0.0,5,Reg,0,50,57.0,25.221608273812684,49020.0,4.734999999999999,5.0,2010,6,Q2,1Fam,1,2010-06-01,188885.573319552
924,2,2.0,69,1.0,672.0,4,12180,5,252,280.0,348.0,324.0,672,1941.0,0,0,0.0,4,Reg,0,190,60.0,25.221608273812684,49020.0,4.57,4.7,2010,7,Q3,2fmCon,1,2010-07-01,80000.0
1092,3,2.0,80,0.0,0.0,4,5600,7,720,0.0,0.0,0.0,372,1979.0,0,0,0.0,5,Reg,0,190,70.0,25.221608273812684,49020.0,4.57,4.7,2010,7,Q3,2fmCon,1,2010-07-01,55000.0
2133,4,2.5,69,1.0,1528.0,7,10452,8,908,312.0,426.0,850.0,1225,1941.0,0,0,371.0,6,IR1,0,50,78.0,25.221608273812684,49020.0,4.57,4.7,2010,7,Q3,1Fam,1,2010-07-01,194631.100299584
965,2,2.0,14,2.0,870.0,5,11105,4,0,580.0,870.0,0.0,965,1998.0,71,0,0.0,5,Reg,0,85,82.0,25.221608273812684,49020.0,4.57,4.7,2010,7,Q3,1Fam,0,2010-07-01,169364.469225677
1056,3,2.0,42,1.0,1056.0,5,8450,6,0,304.0,775.0,281.0,1056,1968.0,0,85,0.0,6,Reg,0,20,65.0,25.221608273812684,49020.0,4.57,4.7,2010,7,Q3,1Fam,0,2010-07-01,142000.0
1456,3,2.5,32,2.0,855.0,6,2280,7,601,440.0,311.0,544.0,855,1978.0,26,0,0.0,5,Reg,0,160,24.0,25.221608273812684,49020.0,4.57,4.7,2010,7,Q3,Twnhs,0,2010-07-01,146000.0
1069,2,2.0,33,2.0,1069.0,6,4043,4,0,440.0,360.0,709.0,1069,1977.0,0,55,0.0,5,Reg,165,120,53.0,25.221608273812684,49020.0,4.57,4.7,2010,7,Q3,TwnhsE,0,2010-07-01,127500.0
2207,3,3.0,40,2.0,1947.0,7,19900,7,0,576.0,912.0,1035.0,2207,1970.0,301,0,287.0,5,Reg,0,20,68.0,25.221608273812684,49020.0,4.57,4.7,2010,7,Q3,1Fam,1,2010-07-01,180000.0
