GrLivArea,BedroomAbvGr,Bathrooms,PropertyAge,GarageCars,TotalBsmtSF,OverallQual,LotArea,TotRmsAbvGrd,2ndFlrSF,GarageArea,BsmtFinSF1,BsmtUnfSF,1stFlrSF,GarageYrBlt,WoodDeckSF,OpenPorchSF,MasVnrArea,OverallCond,LotShape,ScreenPorch,MSSubClass,LotFrontage,CrimeRate,MedianIncome,InterestRate,UnemploymentRate,YrSold,MoSold,QrtSold,BldgType,RenovationFlag,SaleDate,SalePrice
912,2,2.0,29,2.0,888.0,6,7540,5,0,470.0,773.0,115.0,912,1978.0,0,0,0.0,6,IR1,192,85,68.0,29.102296283256685,48910.0,6.68,3.4,2007,6,Q2,1Fam,0,2007-06-01,156000.0
1432,3,2.5,30,2.0,716.0,5,8286,6,716,531.0,531.0,185.0,716,1977.0,0,136,0.0,7,IR1,240,60,68.0,29.102296283256685,48910.0,6.68,3.4,2007,6,Q2,1Fam,0,2007-06-01,178680.587503997
1426,3,1.5,89,1.0,912.0,7,7642,7,514,216.0,0.0,912.0,912,1925.0,0,240,0.0,8,Reg,0,50,55.0,29.102296283256685,48910.0,6.68,3.4,2007,6,Q2,1Fam,1,2007-06-01,189950.0
1652,3,2.5,48,2.0,1592.0,6,22002,6,0,510.0,1386.0,206.0,1652,1959.0,0,0,136.0,7,Reg,201,20,68.0,29.102296283256685,48910.0,6.710000000000001,3.0,2007,7,Q3,1Fam,1,2007-07-01,206779.094049527
924,3,1.0,58,2.0,672.0,5,8064,6,252,576.0,0.0,672.0,672,2003.0,0,0,0.0,7,Reg,0,50,60.0,29.102296283256685,48910.0,6.710000000000001,3.0,2007,7,Q3,1Fam,1,2007-07-01,122900.0
1196,2,2.0,91,2.0,1196.0,4,4800,5,0,440.0,197.0,999.0,1196,1957.0,0,0,0.0,7,Reg,0,30,40.0,29.102296283256685,48910.0,6.710000000000001,3.0,2007,7,Q3,1Fam,1,2007-07-01,109900.0
1948,4,2.5,4,2.0,847.0,7,7875,8,1101,434.0,0.0,847.0,847,2003.0,0,48,16.0,5,Reg,0,60,63.0,29.102296283256685,48910.0,6.710000000000001,3.0,2007,7,Q3,1Fam,0,2007-07-01,192252.496354076
1995,4,2.5,5,2.0,854.0,7,8740,8,1131,435.0,574.0,280.0,864,2002.0,264,48,0.0,5,IR1,0,60,68.0,29.102296283256685,48910.0,6.710000000000001,3.0,2007,7,Q3,1Fam,0,2007-07-01,193954.849525775
1959,4,2.5,3,2.0,847.0,7,11796,8,1112,434.0,0.0,847.0,847,2004.0,100,48,0.0,5,IR1,0,60,59.0,29.102296283256685,48910.0,6.710000000000001,3.0,2007,7,Q3,1Fam,1,2007-07-01,215000.0
1025,3,2.0,31,2.0,1015.0,5,8660,6,0,370.0,502.0,513.0,1025,1979.0,127,0,113.0,5,IR1,0,80,59.0,29.102296283256685,48910.0,6.710000000000001,3.0,2007,7,Q3,1Fam,0,2007-07-01,180521.52640004
1656,3,2.0,1,3.0,1656.0,8,11096,7,0,826.0,24.0,1632.0,1656,2006.0,0,146,0.0,5,Reg,0,20,84.0,29.102296283256685,48910.0,6.710000000000001,3.0,2007,7,Q3,1Fam,0,2007-07-01,249700.0
768,2,1.0,52,1.0,768.0,4,8172,4,0,355.0,544.0,224.0,768,1959.0,0,0,0.0,5,Reg,0,20,60.0,29.102296283256685,48910.0,6.710000000000001,3.0,2007,7,Q3,1Fam,0,2007-07-01,166285.243628001
1575,2,3.0,15,2.0,1575.0,6,8012,5,0,529.0,430.0,1145.0,1575,1992.0,0,0,0.0,5,Reg,0,120,50.0,29.102296283256685,48910.0,6.710000000000001,3.0,2007,7,Q3,TwnhsE,0,2007-07-01,179200.0
3078,4,3.5,9,3.0,1408.0,9,10557,9,1407,806.0,672.0,736.0,1671,1998.0,108,87,422.0,5,IR1,0,60,89.0,29.102296283256685,48910.0,6.710000000000001,3.0,2007,7,Q3,1Fam,0,2007-07-01,197530.775205517
1358,3,1.5,77,1.0,687.0,5,3600,6,671,336.0,316.0,371.0,687,2004.0,0,32,0.0,7,Reg,0,70,60.0,29.102296283256685,48910.0,6.710000000000001,3.0,2007,7,Q3,1Fam,1,2007-07-01,170563.252355189
1282,2,2.0,65,1.0,672.0,5,4484,4,504,240.0,485.0,187.0,778,1942.0,0,88,0.0,6,IR1,0,190,59.0,29.102296283256685,48910.0,6.710000000000001,3.0,2007,7,Q3,2fmCon,1,2007-07-01,159027.118197683
914,2,1.0,46,1.0,914.0,4,17199,4,0,270.0,314.0,600.0,914,1961.0,140,0,0.0,7,Reg,0,20,68.0,29.102296283256685,48910.0,6.710000000000001,3.0,2007,7,Q3,1Fam,0,2007-07-01,184050.725802482
992,2,2.0,37,1.0,530.0,4,1533,4,462,297.0,503.0,27.0,530,1970.0,112,97,0.0,5,Reg,0,180,68.0,29.102296283256685,48910.0,6.710000000000001,3.0,2007,7,Q3,Twnhs,0,2007-07-01,153219.437030419
2320,3,3.5,62,1.0,1028.0,6,7259,9,884,180.0,774.0,104.0,1436,1945.0,224,0,0.0,8,IR1,0,70,61.0,29.102296283256685,48910.0,6.710000000000001,3.0,2007,7,Q3,1Fam,1,2007-07-01,259500.0
1097,3,2.5,11,1.0,1097.0,5,16561,6,0,242.0,549.0,548.0,1097,1996.0,306,0,0.0,5,IR2,0,20,70.0,29.102296283256685,48910.0,6.710000000000001,3.0,2007,7,Q3,1Fam,0,2007-07-01,196070.997393789
1005,3,2.0,43,2.0,1005.0,4,14299,5,0,440.0,513.0,348.0,1005,1964.0,0,0,0.0,3,Reg,0,20,62.0,29.102296283256685,48910.0,6.710000000000001,3.0,2007,7,Q3,1Fam,0,2007-07-01,191619.294648838
1542,3,3.0,0,3.0,1542.0,8,11830,6,0,852.0,1220.0,322.0,1542,2007.0,168,110,164.0,5,Reg,0,20,91.0,29.102296283256685,48910.0,6.710000000000001,3.0,2007,7,Q3,1Fam,0,2007-07-01,186760.207965688
990,3,2.0,13,1.0,990.0,5,8428,5,0,384.0,420.0,570.0,990,1995.0,256,0,0.0,7,IR2,0,20,60.0,29.102296283256685,48910.0,6.710000000000001,3.0,2007,7,Q3,1Fam,0,2007-07-01,180064.941503122
1922,3,3.0,2,3.0,1922.0,9,14157,8,0,676.0,1249.0,673.0,1922,2005.0,178,51,200.0,5,IR1,0,20,86.0,29.102296283256685,48910.0,6.710000000000001,3.0,2007,7,Q3,1Fam,1,2007-07-01,377426.0
1396,3,1.0,92,1.0,698.0,6,8730,7,698,384.0,0.0,698.0,698,2003.0,0,0,0.0,7,Reg,259,70,60.0,29.102296283256685,48910.0,6.710000000000001,3.0,2007,7,Q3,1Fam,1,2007-07-01,153575.0
2279,4,2.5,49,2.0,585.0,6,19958,7,0,461.0,0.0,585.0,2279,1958.0,274,0,1224.0,8,Reg,138,20,149.0,29.102296283256685,48910.0,6.710000000000001,3.0,2007,7,Q3,1Fam,1,2007-07-01,216032.303722443
1154,3,1.5,54,1.0,864.0,5,11556,6,0,336.0,408.0,456.0,1154,1962.0,63,0,0.0,9,Reg,0,20,60.0,29.102296283256685,48910.0,6.710000000000001,3.0,2007,7,Q3,1Fam,1,2007-07-01,186220.965458121
1977,3,2.5,1,3.0,982.0,7,9605,7,995,574.0,0.0,982.0,982,2006.0,240,53,0.0,5,Reg,0,60,70.0,29.102296283256685,48910.0,6.710000000000001,3.0,2007,7,Q3,1Fam,0,2007-07-01,182381.322639642
1842,3,3.5,7,2.0,985.0,7,8826,7,857,486.0,841.0,144.0,985,2000.0,193,96,144.0,5,Reg,0,60,68.0,29.102296283256685,48910.0,6.710000000000001,3.0,2007,7,Q3,1Fam,0,2007-07-01,180848.220765939
1976,2,3.0,1,3.0,1976.0,8,14977,7,0,908.0,1350.0,626.0,1976,2006.0,250,63,304.0,5,IR1,0,20,110.0,29.102296283256685,48910.0,6.710000000000001,3.0,2007,7,Q3,1Fam,1,2007-07-01,440000.0
1056,3,1.5,53,1.0,1056.0,5,9250,6,0,260.0,480.0,108.0,1056,1954.0,390,0,0.0,7,Reg,0,20,80.0,29.102296283256685,48910.0,6.710000000000001,3.0,2007,7,Q3,1Fam,1,2007-07-01,139400.0
2554,3,1.5,117,2.0,718.0,7,10800,8,978,704.0,0.0,718.0,1576,1996.0,0,48,0.0,8,Reg,0,70,60.0,29.102296283256685,48910.0,6.710000000000001,3.0,2007,7,Q3,1Fam,1,2007-07-01,159500.0
854,2,1.0,78,2.0,832.0,7,6120,5,0,576.0,0.0,832.0,854,1991.0,48,112,0.0,8,Reg,0,45,51.0,29.102296283256685,48910.0,6.710000000000001,3.0,2007,7,Q3,1Fam,1,2007-07-01,132000.0
960,2,1.0,87,1.0,960.0,4,6000,5,0,308.0,250.0,710.0,960,1997.0,0,0,0.0,4,Reg,0,30,50.0,29.102296283256685,48910.0,6.710000000000001,3.0,2007,7,Q3,1Fam,1,2007-07-01,108500.0
1456,3,2.5,1,2.0,728.0,7,11103,8,728,440.0,0.0,728.0,728,2006.0,0,0,0.0,5,IR1,0,60,85.0,29.102296283256685,48910.0,6.710000000000001,3.0,2007,7,Q3,1Fam,0,2007-07-01,155835.0
950,3,1.0,36,1.0,950.0,5,9758,5,0,280.0,412.0,251.0,950,1981.0,0,0,0.0,5,IR1,0,20,61.0,29.102296283256685,48910.0,6.710000000000001,3.0,2007,7,Q3,1Fam,0,2007-07-01,119500.0
1330,3,2.0,1,2.0,1330.0,6,8334,6,0,437.0,0.0,1330.0,1330,2006.0,0,23,0.0,5,Reg,0,20,64.0,29.102296283256685,48910.0,6.710000000000001,3.0,2007,7,Q3,1Fam,1,2007-07-01,179879.945898337
1756,3,3.5,11,2.0,872.0,6,9303,7,868,422.0,742.0,130.0,888,1996.0,144,122,42.0,5,IR1,0,60,68.0,29.102296283256685,48910.0,6.710000000000001,3.0,2007,7,Q3,1Fam,1,2007-07-01,204000.0
1040,3,2.0,48,1.0,1040.0,5,7500,6,0,286.0,574.0,466.0,1040,1959.0,0,0,0.0,7,Reg,0,20,68.0,29.102296283256685,48910.0,6.710000000000001,3.0,2007,7,Q3,1Fam,1,2007-07-01,178238.60191545
1296,3,1.0,80,2.0,845.0,6,6000,6,430,576.0,276.0,569.0,866,1980.0,0,0,0.0,6,Reg,0,50,50.0,29.102296283256685,48910.0,6.710000000000001,3.0,2007,7,Q3,1Fam,1,2007-07-01,175286.544392273
967,2,1.0,87,1.0,967.0,5,3153,5,0,180.0,0.0,967.0,967,1920.0,0,0,0.0,6,Reg,0,30,56.0,29.102296283256685,48910.0,6.710000000000001,3.0,2007,7,Q3,1Fam,1,2007-07-01,156407.65915545
1456,3,2.5,0,2.0,728.0,7,9018,8,728,400.0,0.0,728.0,728,2007.0,100,24,0.0,5,IR1,0,60,65.0,29.102296283256685,48910.0,6.710000000000001,3.0,2007,7,Q3,1Fam,0,2007-07-01,179540.0
1240,3,2.5,22,2.0,1265.0,7,10331,6,0,528.0,215.0,970.0,1240,1985.0,232,0,0.0,7,Reg,0,20,42.0,29.102296283256685,48910.0,6.710000000000001,3.0,2007,7,Q3,1Fam,0,2007-07-01,183810.11848086
1470,3,2.5,10,2.0,794.0,6,13869,6,676,388.0,182.0,612.0,794,1997.0,0,75,0.0,6,IR2,0,60,68.0,29.102296283256685,48910.0,6.710000000000001,3.0,2007,7,Q3,1Fam,0,2007-07-01,177000.0
1214,3,2.0,40,1.0,1214.0,5,10355,5,0,318.0,695.0,519.0,1214,1967.0,0,111,196.0,5,IR1,0,20,68.0,29.102296283256685,48910.0,6.710000000000001,3.0,2007,7,Q3,1Fam,0,2007-07-01,143000.0
1534,3,1.5,112,0.0,736.0,5,10800,6,783,0.0,0.0,736.0,751,1979.0,0,112,0.0,9,Reg,0,70,60.0,29.102296283256685,48910.0,6.710000000000001,3.0,2007,7,Q3,1Fam,1,2007-07-01,184733.12846644
1327,3,2.0,48,2.0,1063.0,5,7388,7,0,624.0,405.0,658.0,1327,1974.0,0,0,0.0,6,Reg,0,20,75.0,29.102296283256685,48910.0,6.710000000000001,3.0,2007,7,Q3,1Fam,1,2007-07-01,150750.0
1008,1,2.0,30,2.0,923.0,5,9129,4,0,678.0,923.0,0.0,1008,1977.0,201,66,144.0,5,Reg,0,85,72.0,29.102296283256685,48910.0,6.710000000000001,3.0,2007,7,Q3,1Fam,0,2007-07-01,154892.776269956
1302,2,1.5,67,1.0,680.0,7,6960,6,504,224.0,258.0,422.0,798,1940.0,0,0,0.0,8,Reg,126,50,70.0,29.102296283256685,48910.0,6.710000000000001,3.0,2007,7,Q3,1Fam,1,2007-07-01,163899.981149274
1456,3,2.5,0,2.0,728.0,7,7713,7,728,400.0,0.0,728.0,728,2007.0,100,24,16.0,5,Reg,0,60,64.0,29.102296283256685,48910.0,6.710000000000001,3.0,2007,7,Q3,1Fam,0,2007-07-01,178657.794083741
1351,3,2.0,82,2.0,901.0,5,16287,7,450,576.0,130.0,666.0,901,1975.0,0,0,0.0,6,Reg,100,50,74.0,29.102296283256685,48910.0,6.710000000000001,3.0,2007,7,Q3,1Fam,1,2007-07-01,195531.754886222
864,3,2.0,57,2.0,864.0,5,7200,5,0,720.0,398.0,317.0,864,1980.0,194,0,0.0,8,Reg,0,20,60.0,29.102296283256685,48910.0,6.710000000000001,3.0,2007,7,Q3,1Fam,1,2007-07-01,129000.0
1642,3,2.5,14,2.0,903.0,6,7655,7,732,392.0,0.0,903.0,910,1993.0,290,84,0.0,5,IR1,0,60,68.0,29.102296283256685,48910.0,6.710000000000001,3.0,2007,7,Q3,1Fam,1,2007-07-01,178543.647859512
1740,3,1.5,67,1.0,800.0,7,13125,6,780,240.0,410.0,390.0,960,1940.0,0,0,0.0,6,Reg,0,70,75.0,29.102296283256685,48910.0,6.710000000000001,3.0,2007,7,Q3,1Fam,1,2007-07-01,219500.0
605,2,2.0,87,0.0,528.0,4,9098,5,0,0.0,348.0,180.0,605,1979.0,0,0,0.0,7,IR1,0,30,58.0,29.102296283256685,48910.0,6.710000000000001,3.0,2007,7,Q3,1Fam,1,2007-07-01,86000.0
1668,3,3.0,5,3.0,1626.0,9,11248,7,0,702.0,1059.0,567.0,1668,2002.0,257,45,215.0,5,IR1,0,20,90.0,29.102296283256685,48910.0,6.710000000000001,3.0,2007,7,Q3,1Fam,0,2007-07-01,285000.0
1482,3,2.5,15,2.0,384.0,7,9125,7,670,392.0,0.0,384.0,812,1992.0,100,25,170.0,5,IR1,0,80,68.0,29.102296283256685,48910.0,6.710000000000001,3.0,2007,7,Q3,1Fam,0,2007-07-01,163900.0
1812,4,2.0,45,1.0,864.0,5,7590,8,936,264.0,540.0,324.0,876,1962.0,0,168,288.0,5,Reg,0,60,69.0,29.102296283256685,48910.0,6.710000000000001,3.0,2007,7,Q3,1Fam,0,2007-07-01,169500.0
1973,3,2.0,1,3.0,1935.0,8,14226,9,0,895.0,0.0,1935.0,1973,2006.0,315,45,375.0,5,Reg,0,20,110.0,29.102296283256685,48910.0,6.710000000000001,3.0,2007,7,Q3,1Fam,0,2007-07-01,395000.0
2541,4,4.5,2,3.0,1149.0,8,12328,10,1377,729.0,986.0,163.0,1164,2005.0,120,32,146.0,5,IR1,0,60,98.0,29.102296283256685,48910.0,6.710000000000001,3.0,2007,7,Q3,1Fam,0,2007-07-01,201016.171121215
1920,4,2.0,59,2.0,928.0,5,11345,10,992,400.0,220.0,708.0,928,1948.0,0,0,567.0,5,Reg,0,90,95.0,29.102296283256685,48910.0,6.710000000000001,3.0,2007,7,Q3,Duplex,1,2007-07-01,137000.0
1266,2,1.5,27,1.0,630.0,6,8012,5,636,283.0,0.0,630.0,630,1980.0,340,0,0.0,5,Reg,0,160,50.0,29.102296283256685,48910.0,6.710000000000001,3.0,2007,7,Q3,TwnhsE,0,2007-07-01,165970.357492196
968,2,1.0,84,2.0,968.0,5,8520,5,0,480.0,0.0,968.0,968,1935.0,0,0,0.0,6,Reg,0,30,60.0,29.102296283256685,48910.0,6.710000000000001,3.0,2007,7,Q3,1Fam,1,2007-07-01,100000.0
2087,5,2.5,41,2.0,832.0,6,12205,9,1111,444.0,568.0,264.0,976,1966.0,133,168,157.0,8,IR1,0,60,68.0,29.102296283256685,48910.0,6.710000000000001,3.0,2007,7,Q3,1Fam,1,2007-07-01,187500.0
2486,5,4.5,4,2.0,1122.0,7,11800,10,1340,452.0,766.0,356.0,1146,2003.0,143,32,94.0,5,IR1,0,60,68.0,29.102296283256685,48910.0,6.710000000000001,3.0,2007,7,Q3,1Fam,1,2007-07-01,213252.926930889
1325,3,2.0,59,2.0,409.0,5,17541,6,0,576.0,300.0,109.0,1325,1996.0,0,42,0.0,7,IR1,0,20,68.0,29.102296283256685,48910.0,6.710000000000001,3.0,2007,7,Q3,1Fam,1,2007-07-01,197999.674975598
1828,3,2.0,0,3.0,1822.0,9,11694,9,0,774.0,48.0,1774.0,1828,2007.0,0,108,452.0,5,Reg,260,20,90.0,29.102296283256685,48910.0,6.710000000000001,3.0,2007,7,Q3,1Fam,0,2007-07-01,314813.0
1242,2,1.0,61,1.0,484.0,4,17808,4,0,336.0,0.0,484.0,1242,1946.0,0,0,0.0,5,Reg,0,20,84.0,29.102296283256685,48910.0,6.710000000000001,3.0,2007,7,Q3,1Fam,1,2007-07-01,185249.261156892
1461,3,1.0,81,1.0,686.0,6,7155,6,775,225.0,0.0,686.0,686,1926.0,0,0,0.0,8,Reg,0,70,53.0,29.102296283256685,48910.0,6.710000000000001,3.0,2007,7,Q3,1Fam,1,2007-07-01,177559.628685119
1409,1,2.5,5,2.0,1409.0,7,12864,4,0,576.0,1392.0,17.0,1409,2002.0,0,144,0.0,5,IR1,145,20,44.0,29.102296283256685,48910.0,6.710000000000001,3.0,2007,7,Q3,1Fam,0,2007-07-01,162243.399502668
1426,3,1.0,77,1.0,966.0,5,6240,6,412,230.0,0.0,966.0,1014,1930.0,174,0,0.0,7,Reg,0,50,52.0,29.102296283256685,48910.0,6.710000000000001,3.0,2007,7,Q3,1Fam,1,2007-07-01,175758.873595981
808,2,1.0,49,1.0,808.0,5,5175,5,0,308.0,150.0,254.0,808,1963.0,143,0,0.0,8,Reg,0,20,50.0,29.102296283256685,48910.0,6.710000000000001,3.0,2007,7,Q3,1Fam,1,2007-07-01,160387.032696693
1322,4,2.0,68,1.0,672.0,5,6240,7,423,280.0,48.0,624.0,899,1939.0,0,0,0.0,8,Reg,0,50,52.0,29.102296283256685,48910.0,6.710000000000001,3.0,2007,7,Q3,1Fam,1,2007-07-01,189034.753653813
912,3,2.0,41,1.0,912.0,5,8169,6,0,315.0,216.0,261.0,912,1966.0,204,0,0.0,7,Reg,0,20,68.0,29.102296283256685,48910.0,6.710000000000001,3.0,2007,7,Q3,1Fam,0,2007-07-01,179555.219570787
1550,2,2.5,1,2.0,1550.0,8,5330,5,0,528.0,0.0,1550.0,1550,2007.0,0,102,0.0,5,IR2,0,120,30.0,29.102296283256685,48910.0,6.710000000000001,3.0,2007,7,Q3,TwnhsE,1,2007-07-01,160692.078640755
1378,2,3.0,3,2.0,1378.0,8,4379,6,0,540.0,851.0,527.0,1378,2004.0,160,56,0.0,5,IR1,0,120,45.0,29.102296283256685,48910.0,6.710000000000001,3.0,2007,7,Q3,TwnhsE,0,2007-07-01,158820.474171061
1328,2,2.0,48,1.0,1350.0,5,16905,5,0,308.0,967.0,383.0,1328,1959.0,0,104,0.0,6,Reg,0,20,115.0,29.102296283256685,48910.0,6.710000000000001,3.0,2007,7,Q3,1Fam,0,2007-07-01,170000.0
884,2,1.0,68,1.0,884.0,5,6120,5,0,240.0,0.0,884.0,884,1939.0,0,0,0.0,7,Reg,0,45,51.0,29.102296283256685,48910.0,6.710000000000001,3.0,2007,7,Q3,1Fam,1,2007-07-01,162246.828936295
1958,3,3.5,13,2.0,779.0,7,9317,7,929,499.0,497.0,282.0,1029,1994.0,202,93,0.0,5,Reg,0,60,75.0,29.102296283256685,48910.0,6.710000000000001,3.0,2007,7,Q3,1Fam,1,2007-07-01,181814.527595192
1065,3,1.5,47,2.0,1065.0,5,8892,6,0,461.0,0.0,1065.0,1065,1974.0,74,0,66.0,5,IR1,0,20,80.0,29.102296283256685,48910.0,6.710000000000001,3.0,2007,7,Q3,1Fam,0,2007-07-01,126500.0
1480,4,2.0,56,1.0,1080.0,5,11100,7,400,253.0,1080.0,0.0,1080,1951.0,0,0,0.0,6,Reg,0,50,60.0,29.102296283256685,48910.0,6.710000000000001,3.0,2007,7,Q3,1Fam,1,2007-07-01,198599.420028908
1851,3,2.5,43,2.0,822.0,6,9760,7,831,440.0,536.0,169.0,1020,1964.0,239,42,340.0,8,Reg,0,60,80.0,29.102296283256685,48910.0,6.710000000000001,3.0,2007,7,Q3,1Fam,1,2007-07-01,187000.0
1800,6,2.0,46,0.0,1800.0,5,8000,10,0,0.0,0.0,1800.0,1800,1979.0,0,0,0.0,4,Reg,0,90,80.0,29.102296283256685,48910.0,6.710000000000001,3.0,2007,7,Q3,Duplex,0,2007-07-01,141000.0
4476,4,4.5,11,3.0,2396.0,10,15623,10,2065,813.0,2096.0,300.0,2411,1996.0,171,78,0.0,5,IR1,0,60,160.0,29.102296283256685,48910.0,6.710000000000001,3.0,2007,7,Q3,1Fam,0,2007-07-01,745000.0
970,2,2.0,44,2.0,970.0,5,8480,5,0,624.0,630.0,340.0,970,1996.0,0,24,0.0,6,Reg,192,20,80.0,29.102296283256685,48910.0,6.710000000000001,3.0,2007,7,Q3,1Fam,0,2007-07-01,132500.0
1928,4,2.5,4,2.0,847.0,7,8200,8,1081,434.0,0.0,847.0,847,2003.0,100,48,0.0,5,Reg,0,60,65.0,29.102296283256685,48910.0,6.710000000000001,3.0,2007,7,Q3,1Fam,1,2007-07-01,219500.0
1270,2,2.0,2,2.0,1270.0,7,7242,6,0,524.0,0.0,1270.0,1270,2005.0,0,96,0.0,5,Reg,0,20,64.0,29.102296283256685,48910.0,6.710000000000001,3.0,2007,7,Q3,1Fam,1,2007-07-01,164454.967963631
1721,3,3.0,13,2.0,928.0,6,8462,7,785,471.0,814.0,114.0,936,1994.0,300,87,105.0,5,IR1,0,60,70.0,29.102296283256685,48910.0,6.710000000000001,3.0,2007,7,Q3,1Fam,0,2007-07-01,201000.0
2422,4,3.0,53,2.0,1288.0,6,12671,6,0,527.0,353.0,935.0,2422,1954.0,0,63,300.0,7,IR1,144,20,102.0,29.102296283256685,48910.0,6.710000000000001,3.0,2007,7,Q3,1Fam,1,2007-07-01,201691.208274848
1034,2,1.0,67,1.0,735.0,5,10134,5,299,240.0,0.0,735.0,735,1940.0,0,39,0.0,6,Reg,0,50,60.0,29.102296283256685,48910.0,6.710000000000001,3.0,2007,7,Q3,1Fam,1,2007-07-01,109000.0
882,3,1.0,48,1.0,0.0,5,8339,5,0,294.0,0.0,0.0,882,1959.0,0,0,0.0,7,IR1,0,20,68.0,29.102296283256685,48910.0,6.710000000000001,3.0,2007,7,Q3,1Fam,0,2007-07-01,106500.0
912,2,1.0,49,1.0,912.0,5,10150,5,0,275.0,456.0,456.0,912,1958.0,0,0,1.0,5,Reg,0,20,70.0,29.102296283256685,48910.0,6.710000000000001,3.0,2007,7,Q3,1Fam,0,2007-07-01,114500.0
1032,3,2.5,29,2.0,1032.0,6,10395,6,0,564.0,605.0,427.0,1032,1978.0,0,0,233.0,6,IR1,0,80,68.0,29.102296283256685,48910.0,6.710000000000001,3.0,2007,7,Q3,1Fam,0,2007-07-01,148000.0
925,3,1.0,46,1.0,0.0,5,7000,7,0,300.0,0.0,0.0,925,1961.0,0,0,0.0,6,Reg,0,20,70.0,29.102296283256685,48910.0,6.710000000000001,3.0,2007,7,Q3,1Fam,0,2007-07-01,177254.582741058
1472,3,1.0,82,1.0,702.0,5,9600,6,630,250.0,0.0,702.0,842,1925.0,0,0,0.0,8,Reg,0,50,60.0,29.102296283256685,48910.0,6.710000000000001,3.0,2007,7,Q3,1Fam,1,2007-07-01,125000.0
1588,3,3.0,0,2.0,725.0,5,10411,8,863,561.0,0.0,725.0,725,2007.0,0,0,0.0,5,Reg,0,60,81.0,29.102296283256685,48910.0,6.710000000000001,3.0,2007,7,Q3,1Fam,0,2007-07-01,183967.561548763
1548,3,3.5,31,2.0,804.0,6,2308,7,744,440.0,556.0,248.0,804,1976.0,48,0,0.0,6,Reg,0,160,24.0,29.102296283256685,48910.0,6.710000000000001,3.0,2007,7,Q3,TwnhsE,0,2007-07-01,155000.0
1337,2,2.0,6,2.0,1337.0,6,4113,5,0,511.0,0.0,1337.0,1337,2001.0,136,68,0.0,5,IR1,0,120,33.0,29.102296283256685,48910.0,6.710000000000001,3.0,2007,7,Q3,TwnhsE,0,2007-07-01,158296.975970284
2000,3,3.0,3,3.0,2000.0,8,10386,8,0,888.0,1464.0,536.0,2000,2004.0,168,0,246.0,5,Reg,0,20,80.0,29.102296283256685,48910.0,6.710000000000001,3.0,2007,7,Q3,1Fam,1,2007-07-01,305900.0
1038,2,2.0,23,1.0,1038.0,5,3869,5,0,264.0,283.0,0.0,1038,1984.0,0,105,149.0,6,Reg,0,120,39.0,29.102296283256685,48910.0,6.710000000000001,3.0,2007,7,Q3,TwnhsE,0,2007-07-01,157816.77461318
1594,2,2.0,14,2.0,1594.0,7,9547,6,0,472.0,0.0,1594.0,1594,1993.0,190,80,112.0,6,Reg,0,20,80.0,29.102296283256685,48910.0,6.710000000000001,3.0,2007,7,Q3,1Fam,0,2007-07-01,168991.29635758
1484,3,2.5,2,2.0,783.0,6,10237,8,701,393.0,0.0,783.0,783,2005.0,0,72,0.0,5,Reg,0,60,65.0,29.102296283256685,48910.0,6.710000000000001,3.0,2007,7,Q3,1Fam,1,2007-07-01,178900.0
2167,3,3.5,33,2.0,1192.0,7,17542,9,651,518.0,125.0,36.0,1516,1974.0,220,47,0.0,7,IR1,0,60,68.0,29.102296283256685,48910.0,6.710000000000001,3.0,2007,7,Q3,1Fam,1,2007-07-01,294000.0
1053,3,2.0,44,2.0,1053.0,5,8250,6,0,692.0,288.0,765.0,1053,1994.0,240,0,0.0,7,Reg,109,20,60.0,29.102296283256685,48910.0,6.710000000000001,3.0,2007,7,Q3,1Fam,0,2007-07-01,179714.630677039
2154,5,2.5,43,2.0,845.0,6,8800,8,1309,539.0,414.0,431.0,845,1964.0,0,0,306.0,7,Reg,161,60,80.0,29.102296283256685,48910.0,6.710000000000001,3.0,2007,7,Q3,1Fam,1,2007-07-01,207348.811884535
1195,4,2.0,61,0.0,1195.0,5,8741,8,0,0.0,0.0,1195.0,1195,1979.0,118,0,0.0,6,Reg,0,90,52.0,29.102296283256685,48910.0,6.710000000000001,3.0,2007,7,Q3,Duplex,1,2007-07-01,193956.817564124
1824,3,1.0,88,2.0,764.0,6,13515,8,764,520.0,0.0,764.0,1060,1940.0,0,0,0.0,6,Reg,0,70,60.0,29.102296283256685,48910.0,6.710000000000001,3.0,2007,7,Q3,1Fam,1,2007-07-01,180500.0
670,2,2.0,62,0.0,370.0,3,3500,4,228,0.0,144.0,226.0,442,1979.0,0,21,0.0,5,Reg,0,50,51.0,29.102296283256685,48910.0,6.710000000000001,3.0,2007,7,Q3,1Fam,1,2007-07-01,157090.568462479
1524,3,1.5,49,1.0,874.0,5,11344,7,650,315.0,460.0,414.0,874,1958.0,0,0,180.0,5,Reg,0,50,78.0,29.102296283256685,48910.0,6.710000000000001,3.0,2007,7,Q3,1Fam,0,2007-07-01,144000.0
1437,3,3.0,31,2.0,1437.0,5,10768,6,0,528.0,1157.0,280.0,1437,1976.0,0,21,0.0,8,IR1,180,20,90.0,29.102296283256685,48910.0,6.710000000000001,3.0,2007,7,Q3,1Fam,1,2007-07-01,218000.0
1302,1,2.5,2,2.0,1302.0,6,3901,5,0,631.0,866.0,436.0,1302,2005.0,110,50,182.0,5,Reg,0,120,34.0,29.102296283256685,48910.0,6.59,3.0,2007,8,Q3,Twnhs,1,2007-08-01,145708.764336107
1494,3,2.0,1,3.0,1494.0,7,10652,7,0,840.0,0.0,1494.0,1494,2006.0,160,33,306.0,5,IR1,0,20,91.0,29.102296283256685,48910.0,6.59,3.0,2007,8,Q3,1Fam,1,2007-08-01,279500.0
1353,2,3.0,28,2.0,1259.0,6,10400,5,0,478.0,903.0,356.0,1353,1979.0,240,141,253.0,5,Reg,0,20,80.0,29.102296283256685,48910.0,6.59,3.0,2007,8,Q3,1Fam,1,2007-08-01,171774.925622692
1298,2,2.0,86,1.0,651.0,6,6821,8,539,240.0,113.0,538.0,759,1994.0,216,0,0.0,7,Reg,0,50,51.0,29.102296283256685,48910.0,6.59,3.0,2007,8,Q3,1Fam,1,2007-08-01,164731.316372391
936,2,2.0,40,1.0,936.0,5,9825,4,0,384.0,936.0,0.0,936,1967.0,405,0,162.0,5,Reg,0,85,75.0,29.102296283256685,48910.0,6.59,3.0,2007,8,Q3,1Fam,0,2007-08-01,170643.303572141
1553,3,2.5,11,2.0,691.0,7,7875,6,862,420.0,414.0,277.0,691,1996.0,0,44,0.0,5,Reg,0,60,63.0,29.102296283256685,48910.0,6.59,3.0,2007,8,Q3,1Fam,0,2007-08-01,180081.508849842
1600,3,2.5,10,2.0,916.0,6,8773,7,684,460.0,0.0,916.0,916,1997.0,100,38,0.0,5,IR1,0,60,57.0,29.102296283256685,48910.0,6.59,3.0,2007,8,Q3,1Fam,0,2007-08-01,169000.0
2299,5,3.5,8,2.0,938.0,6,7500,7,1342,482.0,0.0,938.0,957,1999.0,188,30,0.0,5,Reg,0,60,60.0,29.102296283256685,48910.0,6.59,3.0,2007,8,Q3,1Fam,1,2007-08-01,205895.254584712
1694,3,3.0,3,2.0,1686.0,8,10084,7,0,636.0,1369.0,317.0,1694,2004.0,255,57,186.0,5,Reg,0,20,75.0,29.102296283256685,48910.0,6.59,3.0,2007,8,Q3,1Fam,1,2007-08-01,307000.0
1365,2,2.5,36,2.0,765.0,5,1920,6,600,440.0,471.0,294.0,765,1971.0,240,36,376.0,5,Reg,0,160,24.0,29.102296283256685,48910.0,6.59,3.0,2007,8,Q3,TwnhsE,0,2007-08-01,122500.0
1321,1,2.0,17,2.0,1312.0,8,5118,4,0,484.0,926.0,386.0,1321,1990.0,0,64,0.0,5,IR1,0,120,35.0,29.102296283256685,48910.0,6.59,3.0,2007,8,Q3,TwnhsE,0,2007-08-01,148103.867006579
936,2,2.0,27,2.0,936.0,5,7200,4,0,672.0,936.0,0.0,936,1980.0,49,0,180.0,5,Reg,0,90,60.0,29.102296283256685,48910.0,6.59,3.0,2007,8,Q3,Duplex,0,2007-08-01,140000.0
2398,3,3.5,11,3.0,1379.0,7,11787,8,1015,834.0,719.0,660.0,1383,1996.0,239,60,594.0,5,IR1,0,60,95.0,29.102296283256685,48910.0,6.59,3.0,2007,8,Q3,1Fam,1,2007-08-01,315750.0
2046,2,3.5,2,3.0,1994.0,10,15431,7,0,878.0,1430.0,564.0,2046,2005.0,188,65,400.0,5,Reg,175,20,105.0,29.102296283256685,48910.0,6.59,3.0,2007,8,Q3,1Fam,1,2007-08-01,181676.126555428
1646,4,2.0,66,1.0,918.0,7,7128,7,728,240.0,364.0,554.0,918,1941.0,0,0,0.0,5,Reg,126,75,53.0,29.102296283256685,48910.0,6.59,3.0,2007,8,Q3,1Fam,1,2007-08-01,164000.0
1281,2,2.0,81,2.0,756.0,5,6120,6,378,379.0,351.0,405.0,903,1926.0,25,0,0.0,6,Reg,0,50,51.0,29.102296283256685,48910.0,6.59,3.0,2007,8,Q3,1Fam,1,2007-08-01,163351.721489893
2956,5,2.5,3,3.0,1706.0,8,13069,11,1238,916.0,0.0,1706.0,1718,2004.0,194,50,502.0,5,IR1,0,60,99.0,29.102296283256685,48910.0,6.59,3.0,2007,8,Q3,1Fam,0,2007-08-01,216855.260149095
1855,3,2.5,31,2.0,528.0,6,9600,7,761,512.0,0.0,528.0,1094,1976.0,113,100,360.0,7,Reg,0,80,80.0,29.102296283256685,48910.0,6.59,3.0,2007,8,Q3,1Fam,1,2007-08-01,187000.0
1818,3,3.5,0,3.0,895.0,8,12568,8,923,774.0,669.0,226.0,895,2007.0,196,104,246.0,5,Reg,0,60,68.0,29.102296283256685,48910.0,6.59,3.0,2007,8,Q3,1Fam,0,2007-08-01,189317.51282069
1177,3,2.0,23,2.0,1153.0,6,11850,6,0,495.0,781.0,372.0,1177,1984.0,204,103,98.0,6,Reg,0,20,79.0,29.102296283256685,48910.0,6.59,3.0,2007,8,Q3,1Fam,0,2007-08-01,187904.461286262
1060,1,2.0,82,1.0,756.0,5,6854,6,144,308.0,317.0,212.0,916,1969.0,0,65,0.0,7,Reg,150,40,55.0,29.102296283256685,48910.0,6.59,3.0,2007,8,Q3,1Fam,1,2007-08-01,151520.381580069
1187,3,2.0,15,2.0,1168.0,7,9556,6,0,420.0,0.0,1168.0,1187,1992.0,0,21,52.0,5,IR1,0,20,68.0,29.102296283256685,48910.0,6.59,3.0,2007,8,Q3,1Fam,1,2007-08-01,183389.78131415
1761,3,3.0,0,2.0,874.0,7,10207,7,887,578.0,0.0,874.0,874,2007.0,144,105,0.0,6,Reg,0,60,84.0,29.102296283256685,48910.0,6.59,3.0,2007,8,Q3,1Fam,0,2007-08-01,227875.0
1816,3,3.0,1,3.0,1790.0,9,12469,7,0,730.0,1151.0,639.0,1816,2007.0,186,36,378.0,5,Reg,0,20,96.0,29.102296283256685,48910.0,6.59,3.0,2007,8,Q3,1Fam,1,2007-08-01,189122.67702416
2290,2,4.5,0,3.0,2320.0,10,17169,7,0,1174.0,1684.0,636.0,2290,2007.0,192,30,970.0,5,IR2,0,20,59.0,29.102296283256685,48910.0,6.59,3.0,2007,8,Q3,1Fam,0,2007-08-01,185096.577205616
894,3,1.0,33,2.0,864.0,5,11800,5,0,440.0,663.0,201.0,894,1974.0,0,0,0.0,5,IR1,0,20,97.0,29.102296283256685,48910.0,6.59,3.0,2007,8,Q3,1Fam,0,2007-08-01,187806.059368823
2002,4,2.0,58,3.0,1001.0,5,6270,8,1001,871.0,284.0,717.0,1001,1949.0,0,0,0.0,6,Reg,0,90,82.0,29.102296283256685,48910.0,6.59,3.0,2007,8,Q3,Duplex,1,2007-08-01,145000.0
1494,3,3.0,9,2.0,1482.0,7,16196,5,0,514.0,1443.0,39.0,1494,1998.0,402,25,0.0,5,IR3,0,20,68.0,29.102296283256685,48910.0,6.59,3.0,2007,8,Q3,1Fam,0,2007-08-01,215000.0
1422,3,1.0,47,1.0,978.0,5,12342,6,0,286.0,0.0,978.0,1422,1960.0,0,0,0.0,5,IR1,0,20,68.0,29.102296283256685,48910.0,6.59,3.0,2007,8,Q3,1Fam,1,2007-08-01,139900.0
1502,3,1.5,84,1.0,602.0,6,10592,7,602,180.0,0.0,602.0,900,1923.0,96,0,0.0,7,Reg,53,70,55.0,29.102296283256685,48910.0,6.59,3.0,2007,8,Q3,1Fam,1,2007-08-01,165000.0
865,2,2.0,87,1.0,660.0,6,10042,4,125,216.0,144.0,238.0,740,1920.0,0,0,0.0,8,Reg,0,40,62.0,29.102296283256685,48910.0,6.59,3.0,2007,8,Q3,1Fam,1,2007-08-01,171070.367893827
1037,2,2.0,33,2.0,1037.0,5,10751,5,0,431.0,787.0,250.0,1037,1974.0,136,47,44.0,5,IR1,0,20,44.0,29.102296283256685,48910.0,6.59,3.0,2007,8,Q3,1Fam,0,2007-08-01,172465.707083115
1320,3,2.5,4,2.0,660.0,7,7750,6,660,400.0,0.0,660.0,660,2003.0,0,48,0.0,5,Reg,0,60,68.0,29.102296283256685,48910.0,6.59,3.0,2007,8,Q3,1Fam,0,2007-08-01,162000.0
2730,4,3.5,21,2.0,1502.0,7,10380,8,1177,576.0,28.0,0.0,1553,1987.0,201,96,172.0,5,IR1,0,60,86.0,29.102296283256685,48910.0,6.59,3.0,2007,8,Q3,1Fam,1,2007-08-01,301000.0
1647,3,2.5,8,2.0,953.0,6,7917,7,694,460.0,0.0,953.0,953,1999.0,0,40,0.0,5,Reg,0,60,62.0,29.102296283256685,48910.0,6.59,3.0,2007,8,Q3,1Fam,1,2007-08-01,175000.0
990,3,2.0,13,0.0,990.0,4,8070,5,0,0.0,588.0,402.0,990,1979.0,0,0,0.0,5,Reg,0,20,60.0,29.102296283256685,48910.0,6.59,3.0,2007,8,Q3,1Fam,1,2007-08-01,123600.0
1352,2,3.0,1,2.0,1352.0,7,3606,5,0,466.0,937.0,415.0,1352,2006.0,0,241,0.0,5,Reg,0,120,40.0,29.102296283256685,48910.0,6.59,3.0,2007,8,Q3,TwnhsE,1,2007-08-01,158404.073081048
2048,3,3.5,4,2.0,1054.0,8,8010,8,976,552.0,964.0,90.0,1072,2003.0,0,48,0.0,5,IR1,180,60,68.0,29.102296283256685,48910.0,6.59,3.0,2007,8,Q3,1Fam,1,2007-08-01,180347.194026928
943,3,1.0,49,1.0,0.0,4,11515,5,0,308.0,0.0,0.0,943,1958.0,0,0,0.0,5,IR1,0,30,68.0,29.102296283256685,48910.0,6.59,3.0,2007,8,Q3,1Fam,1,2007-08-01,187245.168439419
1464,3,3.0,0,3.0,1485.0,8,15256,6,0,754.0,929.0,556.0,1464,2007.0,168,160,84.0,5,IR1,0,20,49.0,29.102296283256685,48910.0,6.59,3.0,2007,8,Q3,1Fam,0,2007-08-01,282922.0
1056,3,2.0,49,1.0,1056.0,5,8176,6,0,308.0,846.0,210.0,1056,1958.0,0,0,0.0,6,Reg,0,20,70.0,29.102296283256685,48910.0,6.59,3.0,2007,8,Q3,1Fam,1,2007-08-01,139000.0
1374,3,1.5,43,1.0,1130.0,6,11382,7,0,286.0,54.0,533.0,1374,1964.0,0,28,212.0,5,IR1,0,20,68.0,29.102296283256685,48910.0,6.59,3.0,2007,8,Q3,1Fam,0,2007-08-01,186983.419339031
1142,3,2.5,31,2.0,1142.0,5,4224,6,0,528.0,874.0,268.0,1142,1976.0,536,90,0.0,5,Reg,0,120,44.0,29.102296283256685,48910.0,6.59,3.0,2007,8,Q3,TwnhsE,0,2007-08-01,134000.0
968,4,2.0,80,1.0,656.0,4,10800,5,0,216.0,0.0,656.0,968,1928.0,0,0,0.0,6,Reg,0,30,60.0,29.102296283256685,48910.0,6.59,3.0,2007,8,Q3,1Fam,1,2007-08-01,64500.0
2075,3,3.5,14,2.0,1148.0,7,10530,8,984,473.0,819.0,329.0,1091,1993.0,235,86,194.0,6,Reg,0,60,78.0,29.102296283256685,48910.0,6.59,3.0,2007,8,Q3,1Fam,0,2007-08-01,185306.650665866
1652,2,3.0,7,2.0,1494.0,8,5330,6,0,499.0,1196.0,298.0,1652,2000.0,96,48,0.0,5,Reg,0,120,41.0,29.102296283256685,48910.0,6.59,3.0,2007,8,Q3,TwnhsE,0,2007-08-01,251000.0
1958,4,2.0,61,2.0,979.0,6,7136,8,979,492.0,484.0,495.0,979,1946.0,0,0,423.0,6,IR1,0,90,82.0,29.102296283256685,48910.0,6.59,3.0,2007,8,Q3,Duplex,1,2007-08-01,145000.0
1187,2,2.0,46,2.0,864.0,5,14357,6,0,440.0,311.0,386.0,1187,1961.0,128,0,0.0,5,IR1,0,20,68.0,29.102296283256685,48910.0,6.59,3.0,2007,8,Q3,1Fam,0,2007-08-01,179562.453368834
1200,3,3.0,12,2.0,1200.0,6,11249,6,0,521.0,334.0,322.0,1200,1995.0,0,26,0.0,5,IR2,0,20,105.0,29.102296283256685,48910.0,6.59,3.0,2007,8,Q3,1Fam,0,2007-08-01,177500.0
1440,4,4.0,30,0.0,1440.0,4,7711,8,0,0.0,1440.0,0.0,1440,1979.0,321,0,0.0,3,IR1,0,90,42.0,29.102296283256685,48910.0,6.59,3.0,2007,8,Q3,Duplex,0,2007-08-01,150000.0
1022,3,1.5,13,2.0,1022.0,5,14217,6,0,747.0,550.0,472.0,1022,1995.0,0,0,0.0,5,IR2,0,20,68.0,29.102296283256685,48910.0,6.59,3.0,2007,8,Q3,1Fam,0,2007-08-01,192562.808057836
1073,3,2.0,50,2.0,1073.0,4,6565,6,0,720.0,967.0,106.0,1073,1985.0,0,444,0.0,6,Reg,0,20,65.0,29.102296283256685,48910.0,6.59,3.0,2007,8,Q3,1Fam,1,2007-08-01,177503.378612934
2380,3,2.5,42,2.0,1021.0,6,18450,7,915,596.0,187.0,111.0,1465,1965.0,0,265,113.0,5,IR1,0,60,68.0,29.102296283256685,48910.0,6.59,3.0,2007,8,Q3,1Fam,1,2007-08-01,129000.0
1216,3,2.0,52,1.0,1216.0,5,10050,5,0,336.0,288.0,928.0,1216,1955.0,0,0,0.0,5,Reg,0,20,75.0,29.102296283256685,48910.0,6.59,3.0,2007,8,Q3,1Fam,0,2007-08-01,184361.992258449
2610,4,2.5,0,2.0,1184.0,8,9000,11,1426,550.0,64.0,1120.0,1184,2007.0,208,364,0.0,5,Reg,0,60,75.0,29.102296283256685,48910.0,6.59,3.0,2007,8,Q3,1Fam,0,2007-08-01,303477.0
1281,1,3.0,82,2.0,1151.0,4,10284,6,436,580.0,1030.0,55.0,845,1978.0,0,0,0.0,7,Reg,0,50,60.0,29.102296283256685,48910.0,6.59,3.0,2007,8,Q3,1Fam,1,2007-08-01,158270.753116401
1258,3,2.0,0,2.0,1246.0,7,7697,6,0,462.0,0.0,1246.0,1258,2007.0,0,0,0.0,6,Reg,0,20,64.0,29.102296283256685,48910.0,6.59,3.0,2007,8,Q3,1Fam,0,2007-08-01,179731.198023759
1729,3,2.5,5,2.0,860.0,7,8158,7,869,542.0,0.0,860.0,860,2002.0,386,63,214.0,5,Reg,0,60,65.0,29.102296283256685,48910.0,6.59,3.0,2007,8,Q3,1Fam,0,2007-08-01,180638.463702549
1416,3,2.0,89,2.0,816.0,5,25339,7,0,576.0,0.0,816.0,1416,2007.0,0,0,0.0,7,Reg,0,30,68.0,29.102296283256685,48910.0,6.59,3.0,2007,8,Q3,1Fam,1,2007-08-01,112000.0
2526,5,2.0,91,1.0,714.0,6,8520,10,862,216.0,168.0,0.0,1664,1916.0,88,15,0.0,7,Reg,0,50,60.0,29.102296283256685,48910.0,6.59,3.0,2007,8,Q3,1Fam,1,2007-08-01,136000.0
1266,2,2.0,0,2.0,1266.0,7,3710,6,0,388.0,0.0,1266.0,1266,2007.0,100,16,16.0,5,Reg,0,20,53.0,29.102296283256685,48910.0,6.59,3.0,2007,8,Q3,1Fam,0,2007-08-01,158608.749069322
1340,3,2.0,0,2.0,1340.0,7,8899,6,0,396.0,24.0,1316.0,1340,2007.0,100,30,0.0,5,IR1,0,20,73.0,29.102296283256685,48910.0,6.59,3.0,2007,8,Q3,1Fam,0,2007-08-01,181134.0
952,3,2.0,39,1.0,952.0,6,8300,5,0,288.0,952.0,0.0,952,1968.0,0,0,86.0,6,IR1,0,20,66.0,29.102296283256685,48910.0,6.59,3.0,2007,8,Q3,1Fam,0,2007-08-01,180917.925148076
1554,2,2.0,1,2.0,1554.0,8,4590,6,0,627.0,24.0,1530.0,1554,2006.0,156,73,108.0,5,Reg,0,120,34.0,29.102296283256685,48910.0,6.59,3.0,2007,8,Q3,Twnhs,0,2007-08-01,209500.0
2726,2,2.5,21,2.0,279.0,8,18044,6,0,691.0,0.0,279.0,2726,1986.0,216,64,0.0,5,IR1,0,20,70.0,29.102296283256685,48910.0,6.59,3.0,2007,8,Q3,1Fam,0,2007-08-01,186818.610760803
2172,3,2.5,1,3.0,1063.0,7,14154,9,1101,947.0,0.0,1063.0,1071,2006.0,192,62,350.0,5,Reg,0,60,109.0,29.102296283256685,48910.0,6.59,3.0,2007,8,Q3,1Fam,0,2007-08-01,280000.0
1540,4,2.0,52,1.0,1190.0,4,7150,7,500,352.0,150.0,1040.0,1040,2002.0,0,0,0.0,4,Reg,0,50,55.0,29.102296283256685,48910.0,6.59,3.0,2007,8,Q3,1Fam,0,2007-08-01,191930.561104806
1302,3,2.0,0,2.0,1302.0,7,8993,6,0,436.0,0.0,1302.0,1302,2007.0,0,22,0.0,5,IR1,0,20,73.0,29.102296283256685,48910.0,6.59,3.0,2007,8,Q3,1Fam,0,2007-08-01,176485.0
2169,3,2.5,5,2.0,1284.0,8,9375,7,885,647.0,0.0,1284.0,1284,2002.0,192,87,149.0,5,Reg,0,60,68.0,29.102296283256685,48910.0,6.59,3.0,2007,8,Q3,1Fam,0,2007-08-01,228500.0
1561,2,3.0,2,2.0,1561.0,9,7313,6,0,556.0,1153.0,408.0,1561,2005.0,203,47,246.0,5,Reg,0,120,60.0,29.102296283256685,48910.0,6.59,3.0,2007,8,Q3,TwnhsE,0,2007-08-01,277500.0
1517,3,2.0,88,0.0,793.0,5,8500,7,520,0.0,0.0,793.0,997,1979.0,0,0,0.0,7,Reg,0,50,85.0,29.102296283256685,48910.0,6.59,3.0,2007,8,Q3,1Fam,1,2007-08-01,115000.0
1047,2,1.0,122,1.0,641.0,4,10800,6,0,273.0,0.0,641.0,1047,1954.0,0,0,0.0,7,Reg,0,30,60.0,29.102296283256685,48910.0,6.59,3.0,2007,8,Q3,1Fam,1,2007-08-01,100000.0
902,3,1.0,40,1.0,876.0,5,6173,6,0,288.0,599.0,277.0,902,1967.0,0,0,75.0,6,IR1,0,20,68.0,29.102296283256685,48910.0,6.59,3.0,2007,8,Q3,1Fam,0,2007-08-01,125500.0
2620,4,3.0,30,2.0,1361.0,5,18890,12,1259,600.0,498.0,652.0,1361,1977.0,155,24,1.0,5,IR1,0,90,68.0,29.102296283256685,48910.0,6.59,3.0,2007,8,Q3,Duplex,0,2007-08-01,190000.0
866,2,1.0,62,0.0,686.0,5,3880,4,0,0.0,329.0,357.0,866,1979.0,58,42,0.0,9,Reg,0,30,40.0,29.102296283256685,48910.0,6.59,3.0,2007,8,Q3,1Fam,1,2007-08-01,110500.0
1564,2,2.0,1,2.0,1546.0,8,8298,6,0,502.0,583.0,963.0,1564,2207.0,132,0,0.0,5,IR1,0,20,68.0,29.102296283256685,48910.0,6.38,2.8,2007,9,Q3,1Fam,1,2007-09-01,168743.001567144
816,2,1.0,85,1.0,816.0,5,3672,5,0,100.0,0.0,816.0,816,1922.0,0,0,0.0,7,Reg,0,30,46.0,29.102296283256685,48910.0,6.38,2.8,2007,9,Q3,1Fam,1,2007-09-01,159638.856165666
1488,3,2.5,39,2.0,1488.0,6,21579,7,0,552.0,813.0,675.0,1488,1968.0,0,0,0.0,6,IR1,0,20,68.0,29.102296283256685,48910.0,6.38,2.8,2007,9,Q3,1Fam,0,2007-09-01,208156.398935188
1664,3,3.0,29,2.0,1529.0,7,12299,7,0,663.0,1328.0,201.0,1664,1978.0,0,0,67.0,6,Reg,0,20,93.0,29.102296283256685,48910.0,6.38,2.8,2007,9,Q3,1Fam,1,2007-09-01,189893.003058465
1601,3,2.0,82,0.0,936.0,5,7288,6,665,0.0,0.0,936.0,936,1979.0,0,0,0.0,7,Reg,0,50,50.0,29.102296283256685,48910.0,6.38,2.8,2007,9,Q3,1Fam,1,2007-09-01,180031.162892704
2080,5,2.5,38,2.0,1040.0,5,11606,9,1040,504.0,650.0,390.0,1040,1969.0,335,0,192.0,5,IR1,0,60,70.0,29.102296283256685,48910.0,6.38,2.8,2007,9,Q3,1Fam,0,2007-09-01,135000.0
2060,4,3.0,19,2.0,1151.0,6,10029,8,896,521.0,831.0,320.0,1164,1988.0,0,228,268.0,5,IR1,192,60,97.0,29.102296283256685,48910.0,6.38,2.8,2007,9,Q3,1Fam,1,2007-09-01,211000.0
1824,3,2.0,1,3.0,1824.0,10,12633,8,0,932.0,0.0,1824.0,1824,2006.0,160,36,242.0,5,IR1,108,20,85.0,29.102296283256685,48910.0,6.38,2.8,2007,9,Q3,1Fam,1,2007-09-01,190550.327866959
3194,4,2.5,73,2.0,965.0,8,12168,10,1254,380.0,428.0,537.0,1940,1934.0,0,0,0.0,6,Reg,0,70,78.0,29.102296283256685,48910.0,6.38,2.8,2007,9,Q3,1Fam,1,2007-09-01,359100.0
1356,3,4.0,30,2.0,1244.0,6,15957,6,0,528.0,1148.0,96.0,1356,1977.0,1424,0,0.0,6,IR1,0,80,68.0,29.102296283256685,48910.0,6.38,2.8,2007,9,Q3,1Fam,0,2007-09-01,197092.08733832
796,2,1.5,36,0.0,796.0,5,6723,5,0,0.0,796.0,0.0,796,1979.0,129,0,0.0,7,Reg,0,85,50.0,29.102296283256685,48910.0,6.38,2.8,2007,9,Q3,1Fam,0,2007-09-01,165643.341167808
1220,2,2.5,36,2.0,1625.0,6,13001,6,0,944.0,492.0,1012.0,1220,1971.0,0,0,176.0,5,IR1,0,20,128.0,29.102296283256685,48910.0,6.38,2.8,2007,9,Q3,1Fam,0,2007-09-01,177998.685921479
1668,3,2.5,4,2.0,840.0,7,11317,8,828,500.0,0.0,840.0,840,2003.0,144,68,101.0,5,Reg,0,60,72.0,29.102296283256685,48910.0,6.38,2.8,2007,9,Q3,1Fam,0,2007-09-01,180000.0
1324,2,2.0,1,2.0,1324.0,8,6240,6,0,550.0,24.0,1300.0,1324,2006.0,0,38,176.0,5,Reg,0,120,48.0,29.102296283256685,48910.0,6.38,2.8,2007,9,Q3,TwnhsE,0,2007-09-01,164692.778645345
936,2,2.0,50,1.0,936.0,6,8760,4,0,315.0,873.0,63.0,936,1957.0,0,0,0.0,7,Reg,0,20,73.0,29.102296283256685,48910.0,6.38,2.8,2007,9,Q3,1Fam,1,2007-09-01,169652.235284283
864,3,2.0,35,2.0,864.0,5,7200,5,0,576.0,671.0,193.0,864,1977.0,155,0,0.0,5,Reg,0,20,60.0,29.102296283256685,48910.0,6.38,2.8,2007,9,Q3,1Fam,1,2007-09-01,179857.975518011
2090,3,3.0,23,2.0,1190.0,7,5062,6,900,577.0,828.0,180.0,1190,1984.0,219,0,0.0,5,IR1,0,160,68.0,29.102296283256685,48910.0,6.38,2.8,2007,9,Q3,TwnhsE,0,2007-09-01,207500.0
1484,3,2.0,97,1.0,771.0,4,10320,6,504,264.0,0.0,771.0,866,1910.0,14,211,0.0,1,Reg,84,50,60.0,29.102296283256685,48910.0,6.38,2.8,2007,9,Q3,1Fam,1,2007-09-01,185998.255166219
879,3,1.0,32,2.0,864.0,5,9675,5,0,440.0,330.0,102.0,879,1975.0,0,80,0.0,6,Reg,0,20,75.0,29.102296283256685,48910.0,6.38,2.8,2007,9,Q3,1Fam,0,2007-09-01,184728.870431253
2337,5,2.0,107,2.0,662.0,5,13600,10,915,560.0,0.0,662.0,1422,1945.0,0,57,0.0,5,Reg,0,190,85.0,29.102296283256685,48910.0,6.38,2.8,2007,9,Q3,2fmCon,1,2007-09-01,90000.0
2100,3,3.5,0,3.0,918.0,8,9709,8,1142,786.0,778.0,140.0,958,2007.0,172,104,120.0,5,IR1,0,60,82.0,29.102296283256685,48910.0,6.38,2.8,2007,9,Q3,1Fam,0,2007-09-01,184795.783735112
974,3,1.0,16,0.0,974.0,5,10712,5,0,0.0,212.0,762.0,974,1979.0,0,28,0.0,5,Reg,0,20,63.0,29.102296283256685,48910.0,6.38,2.8,2007,9,Q3,1Fam,1,2007-09-01,93500.0
1242,3,1.5,34,2.0,1242.0,7,9600,6,0,528.0,916.0,326.0,1242,1973.0,0,0,320.0,6,Reg,0,20,80.0,29.102296283256685,48910.0,6.38,2.8,2007,9,Q3,1Fam,0,2007-09-01,175500.0
1214,2,1.0,106,1.0,969.0,5,5680,6,245,216.0,0.0,969.0,969,1920.0,0,0,0.0,3,Reg,0,50,40.0,29.102296283256685,48910.0,6.38,2.8,2007,9,Q3,1Fam,1,2007-09-01,163590.677170026
1173,3,2.0,106,1.0,592.0,5,5680,7,240,240.0,0.0,592.0,933,1920.0,0,25,0.0,4,Reg,0,45,40.0,29.102296283256685,48910.0,6.38,2.8,2007,9,Q3,1Fam,1,2007-09-01,176866.557227858
1152,3,2.5,39,2.0,912.0,6,11700,7,0,412.0,0.0,912.0,1152,1968.0,0,126,41.0,6,Reg,0,20,78.0,29.102296283256685,48910.0,6.38,2.8,2007,9,Q3,1Fam,0,2007-09-01,188714.148087543
2202,4,3.5,15,2.0,1105.0,8,11762,9,1097,517.0,335.0,770.0,1105,1992.0,0,65,309.0,5,Reg,144,60,88.0,29.102296283256685,48910.0,6.38,2.8,2007,9,Q3,1Fam,1,2007-09-01,202112.046522999
1726,3,3.0,0,3.0,1726.0,7,9416,8,0,786.0,1126.0,600.0,1726,2007.0,171,138,205.0,5,Reg,266,20,79.0,29.102296283256685,48910.0,6.38,2.8,2007,9,Q3,1Fam,0,2007-09-01,311872.0
1651,3,2.0,0,3.0,1643.0,8,10235,7,0,870.0,0.0,1643.0,1651,2007.0,192,64,306.0,5,IR1,0,20,66.0,29.102296283256685,48910.0,6.38,2.8,2007,9,Q3,1Fam,0,2007-09-01,185830.971906573
1208,2,3.0,0,2.0,1208.0,7,6762,6,0,628.0,664.0,544.0,1208,2007.0,105,54,108.0,5,Reg,0,20,64.0,29.102296283256685,48910.0,6.38,2.8,2007,9,Q3,1Fam,0,2007-09-01,195400.0
1422,3,2.0,37,2.0,925.0,5,9457,7,0,576.0,566.0,359.0,1422,1988.0,252,0,0.0,6,Reg,0,20,63.0,29.102296283256685,48910.0,6.38,2.8,2007,9,Q3,1Fam,1,2007-09-01,184299.838071218
1651,3,2.0,0,3.0,1643.0,8,9178,7,0,870.0,0.0,1643.0,1651,2007.0,204,64,306.0,5,Reg,0,20,71.0,29.102296283256685,48910.0,6.38,2.8,2007,9,Q3,1Fam,0,2007-09-01,183750.755371907
1344,3,2.5,78,2.0,672.0,7,5700,6,672,456.0,336.0,336.0,672,1979.0,0,0,0.0,6,IR1,0,70,68.0,29.102296283256685,48910.0,6.38,2.8,2007,9,Q3,1Fam,1,2007-09-01,176905.917994834
1501,3,3.5,8,2.0,744.0,6,2280,6,744,440.0,565.0,179.0,757,1999.0,0,0,342.0,5,Reg,0,160,24.0,29.102296283256685,48910.0,6.38,2.8,2007,9,Q3,Twnhs,0,2007-09-01,170175.22684199
1573,3,2.5,7,2.0,756.0,6,2117,4,804,440.0,417.0,339.0,769,2000.0,0,32,216.0,5,Reg,0,160,24.0,29.102296283256685,48910.0,6.38,2.8,2007,9,Q3,Twnhs,0,2007-09-01,169854.436591138
1152,2,2.0,52,0.0,0.0,4,6882,6,0,0.0,0.0,0.0,1152,1979.0,0,0,128.0,3,Reg,0,90,74.0,29.102296283256685,48910.0,6.38,2.8,2007,9,Q3,Duplex,0,2007-09-01,165956.259265265
1459,3,2.0,5,2.0,1459.0,7,8749,6,0,527.0,0.0,1459.0,1459,2002.0,192,39,100.0,5,Reg,0,20,70.0,29.102296283256685,48910.0,6.38,2.8,2007,9,Q3,1Fam,0,2007-09-01,192000.0
1528,3,4.0,0,2.0,1528.0,7,9965,6,0,480.0,0.0,1528.0,1528,2007.0,0,228,0.0,5,Reg,0,20,85.0,29.102296283256685,48910.0,6.38,2.8,2007,9,Q3,1Fam,0,2007-09-01,185299.601552401
1369,3,2.0,0,2.0,1369.0,7,9910,5,0,605.0,0.0,1369.0,1369,2007.0,0,203,0.0,6,Reg,0,20,75.0,29.102296283256685,48910.0,6.38,2.8,2007,9,Q3,1Fam,0,2007-09-01,185191.359443218
2473,4,2.5,3,3.0,1143.0,8,9591,9,1330,852.0,0.0,1143.0,1143,2004.0,192,151,344.0,5,Reg,0,60,76.0,29.102296283256685,48910.0,6.385,2.6,2007,10,Q4,1Fam,1,2007-10-01,317000.0
1795,3,2.5,2,2.0,879.0,7,9316,7,916,578.0,0.0,879.0,879,2005.0,164,111,0.0,5,Reg,0,60,78.0,29.102296283256685,48910.0,6.385,2.6,2007,10,Q4,1Fam,1,2007-10-01,185127.237217638
1302,3,2.5,43,1.0,1302.0,6,9350,7,0,309.0,270.0,452.0,1302,1964.0,333,0,108.0,7,Reg,0,80,85.0,29.102296283256685,48910.0,6.385,2.6,2007,10,Q4,1Fam,1,2007-10-01,158000.0
1370,2,2.0,1,2.0,1370.0,8,6442,6,0,484.0,24.0,1346.0,1370,2006.0,120,49,178.0,5,IR1,0,120,44.0,29.102296283256685,48910.0,6.385,2.6,2007,10,Q4,TwnhsE,0,2007-10-01,202500.0
1200,3,2.5,41,2.0,1174.0,7,8800,6,0,440.0,654.0,520.0,1200,1966.0,0,0,202.0,6,Reg,0,20,80.0,29.102296283256685,48910.0,6.385,2.6,2007,10,Q4,1Fam,0,2007-10-01,184111.729429665
948,3,2.0,53,1.0,948.0,4,8190,5,0,280.0,732.0,216.0,948,1956.0,0,36,0.0,6,Reg,0,20,60.0,29.102296283256685,48910.0,6.385,2.6,2007,10,Q4,1Fam,0,2007-10-01,119000.0
1299,3,1.0,53,2.0,967.0,6,11375,6,0,494.0,736.0,231.0,1299,1954.0,81,0,0.0,5,Reg,0,20,91.0,29.102296283256685,48910.0,6.385,2.6,2007,10,Q4,1Fam,1,2007-10-01,189179.428177786
875,3,1.0,35,2.0,385.0,4,7200,5,0,728.0,385.0,0.0,875,1975.0,352,0,0.0,8,Reg,0,20,60.0,29.102296283256685,48910.0,6.385,2.6,2007,10,Q4,1Fam,1,2007-10-01,180962.868071609
2696,4,3.5,0,3.0,1264.0,7,9965,10,1414,792.0,984.0,280.0,1282,2007.0,120,184,220.0,5,Reg,168,60,77.0,29.102296283256685,48910.0,6.385,2.6,2007,10,Q4,1Fam,0,2007-10-01,383970.0
1394,3,2.5,4,2.0,384.0,7,11950,7,640,400.0,0.0,384.0,754,2003.0,100,0,0.0,5,IR1,0,80,68.0,29.102296283256685,48910.0,6.385,2.6,2007,10,Q4,1Fam,0,2007-10-01,190311.050228337
1966,1,3.0,0,3.0,1966.0,10,12291,6,0,1092.0,1572.0,394.0,1966,2007.0,76,52,754.0,5,IR1,0,20,98.0,29.102296283256685,48910.0,6.385,2.6,2007,10,Q4,1Fam,0,2007-10-01,164430.391189608
2020,4,2.0,30,2.0,0.0,5,8400,10,0,630.0,0.0,0.0,2020,1977.0,0,0,320.0,5,Reg,0,90,60.0,29.102296283256685,48910.0,6.385,2.6,2007,10,Q4,Duplex,0,2007-10-01,144000.0
1625,2,3.5,1,2.0,1573.0,8,5568,5,0,495.0,1573.0,0.0,1625,2006.0,123,0,473.0,5,IR1,153,120,59.0,29.102296283256685,48910.0,6.385,2.6,2007,10,Q4,TwnhsE,1,2007-10-01,164475.14942856
2259,3,3.0,54,2.0,1809.0,6,21000,7,0,450.0,35.0,905.0,2259,1953.0,166,120,184.0,5,Reg,0,20,68.0,29.102296283256685,48910.0,6.385,2.6,2007,10,Q4,1Fam,0,2007-10-01,217000.0
1337,3,3.0,4,2.0,1337.0,7,8450,6,0,531.0,699.0,638.0,1337,2003.0,0,39,0.0,5,Reg,0,20,65.0,29.102296283256685,48910.0,6.385,2.6,2007,10,Q4,1Fam,0,2007-10-01,185000.0
908,2,1.0,67,2.0,822.0,5,12172,4,0,512.0,130.0,433.0,908,1975.0,284,24,0.0,7,Reg,192,45,85.0,29.102296283256685,48910.0,6.385,2.6,2007,10,Q4,1Fam,1,2007-10-01,177472.074683935
1316,3,2.0,0,2.0,1316.0,7,11175,6,0,440.0,0.0,1316.0,1316,2007.0,0,20,0.0,5,IR1,0,20,103.0,29.102296283256685,48910.0,6.385,2.6,2007,10,Q4,1Fam,0,2007-10-01,200141.0
1501,2,3.0,20,2.0,1501.0,7,4054,5,0,512.0,949.0,552.0,1501,1987.0,240,0,352.0,6,IR1,0,120,46.0,29.102296283256685,48910.0,6.385,2.6,2007,10,Q4,TwnhsE,0,2007-10-01,161495.5393685
1176,3,2.0,49,1.0,1158.0,5,13770,6,0,303.0,190.0,95.0,1176,1958.0,0,0,340.0,6,Reg,0,20,85.0,29.102296283256685,48910.0,6.385,2.6,2007,10,Q4,1Fam,1,2007-10-01,193892.880023125
1088,2,1.5,21,2.0,1074.0,8,3696,5,0,461.0,0.0,1074.0,1088,1987.0,0,74,0.0,5,Reg,0,120,68.0,29.102296283256685,48910.0,6.385,2.6,2007,10,Q4,TwnhsE,0,2007-10-01,170000.0
1143,3,1.5,1,0.0,1143.0,7,7500,5,0,0.0,0.0,1143.0,1143,1979.0,0,55,0.0,5,Reg,0,20,63.0,29.102296283256685,48910.0,6.385,2.6,2007,10,Q4,1Fam,0,2007-10-01,181553.279576244
914,3,1.0,37,1.0,914.0,5,7920,5,0,368.0,81.0,214.0,914,1970.0,120,0,32.0,5,Reg,0,20,66.0,29.102296283256685,48910.0,6.385,2.6,2007,10,Q4,1Fam,1,2007-10-01,182379.855682734
864,3,2.0,52,2.0,864.0,4,8172,5,0,528.0,682.0,182.0,864,1996.0,196,0,0.0,5,Reg,0,20,60.0,29.102296283256685,48910.0,6.385,2.6,2007,10,Q4,1Fam,0,2007-10-01,182875.801346628
1337,2,3.0,10,2.0,1405.0,6,10943,5,0,522.0,930.0,475.0,1337,1997.0,0,68,0.0,5,IR2,0,120,26.0,29.102296283256685,48910.0,6.385,2.6,2007,10,Q4,TwnhsE,1,2007-10-01,175053.355553278
1733,3,2.5,4,2.0,847.0,7,12394,7,886,433.0,0.0,847.0,847,2003.0,100,48,0.0,5,IR1,0,60,68.0,29.102296283256685,48910.0,6.385,2.6,2007,10,Q4,1Fam,0,2007-10-01,225000.0
1316,4,1.0,81,2.0,750.0,5,8550,7,356,576.0,0.0,750.0,960,1965.0,0,0,0.0,5,Reg,0,50,60.0,29.102296283256685,48910.0,6.385,2.6,2007,10,Q4,1Fam,1,2007-10-01,196895.599900301
936,3,2.0,45,1.0,896.0,5,6760,6,0,288.0,734.0,162.0,936,1962.0,24,90,0.0,5,Reg,0,85,66.0,29.102296283256685,48910.0,6.385,2.6,2007,10,Q4,1Fam,0,2007-10-01,180096.931198144
2042,3,3.0,1,3.0,1742.0,10,13870,8,0,724.0,1152.0,590.0,2042,2007.0,240,52,250.0,5,IR1,174,20,81.0,29.102296283256685,48910.0,6.385,2.6,2007,10,Q4,1Fam,1,2007-10-01,194089.683858004
1718,4,2.5,80,2.0,851.0,7,7230,8,851,264.0,0.0,851.0,867,1927.0,291,0,0.0,7,Reg,153,70,60.0,29.102296283256685,48910.0,6.385,2.6,2007,10,Q4,1Fam,1,2007-10-01,194297.789279905
1150,2,2.0,52,1.0,1078.0,5,9600,6,0,288.0,368.0,710.0,1150,1955.0,0,0,176.0,6,Reg,175,20,80.0,29.102296283256685,48910.0,6.385,2.6,2007,10,Q4,1Fam,0,2007-10-01,172410.28005086
5095,2,4.0,-1,3.0,5095.0,10,39290,15,0,1154.0,4010.0,1085.0,5095,2008.0,546,484,1224.0,5,IR1,0,20,128.0,29.102296283256685,48910.0,6.385,2.6,2007,10,Q4,1Fam,1,2007-10-01,230841.338626282
988,3,2.0,46,2.0,988.0,5,9945,5,0,572.0,827.0,161.0,988,1963.0,0,0,57.0,5,IR1,0,20,68.0,29.102296283256685,48910.0,6.385,2.6,2007,10,Q4,1Fam,0,2007-10-01,128500.0
1355,3,2.0,66,2.0,728.0,5,6221,5,595,528.0,533.0,195.0,760,1966.0,0,0,0.0,5,IR1,144,190,79.0,29.102296283256685,48910.0,6.385,2.6,2007,10,Q4,2fmCon,1,2007-10-01,179036.158528149
1651,4,2.5,44,1.0,725.0,7,10090,6,616,276.0,242.0,0.0,1035,1963.0,460,46,364.0,5,IR1,165,80,93.0,29.102296283256685,48910.0,6.385,2.6,2007,10,Q4,1Fam,1,2007-10-01,199926.378957429
2552,3,3.0,0,3.0,2552.0,9,13891,8,0,932.0,1812.0,740.0,2552,2007.0,130,28,456.0,5,Reg,0,20,107.0,29.102296283256685,48910.0,6.385,2.6,2007,10,Q4,1Fam,0,2007-10-01,194131.012663328
1616,3,2.0,81,1.0,1149.0,6,5400,5,467,216.0,370.0,779.0,1149,1926.0,0,0,0.0,7,Reg,0,40,40.0,29.102296283256685,48910.0,6.385,2.6,2007,10,Q4,1Fam,1,2007-10-01,152000.0
1190,2,3.0,2,2.0,1169.0,7,8769,5,0,578.0,709.0,460.0,1190,2005.0,100,41,0.0,5,Reg,0,20,65.0,29.102296283256685,48910.0,6.385,2.6,2007,10,Q4,1Fam,0,2007-10-01,170774.84018302
2217,4,3.0,37,2.0,2217.0,8,15865,8,0,621.0,351.0,1043.0,2217,1970.0,81,207,0.0,6,IR1,224,20,95.0,29.102296283256685,48910.0,6.385,2.6,2007,10,Q4,1Fam,0,2007-10-01,268000.0
4676,3,4.5,0,3.0,3138.0,10,40094,11,1538,884.0,2260.0,878.0,3138,2007.0,208,406,762.0,5,IR1,0,60,130.0,29.102296283256685,48910.0,6.385,2.6,2007,10,Q4,1Fam,1,2007-10-01,184750.0
1419,2,3.0,0,2.0,1419.0,8,8089,7,0,567.0,945.0,474.0,1419,2007.0,140,0,0.0,6,Reg,0,20,60.0,29.102296283256685,48910.0,6.385,2.6,2007,10,Q4,1Fam,0,2007-10-01,392000.0
1179,2,3.0,19,2.0,1166.0,8,4740,5,0,480.0,248.0,918.0,1179,1988.0,0,108,0.0,5,IR1,135,120,38.0,29.102296283256685,48910.0,6.385,2.6,2007,10,Q4,TwnhsE,0,2007-10-01,162845.613675766
1001,2,1.0,77,1.0,837.0,5,6060,5,0,216.0,737.0,100.0,1001,1930.0,154,0,0.0,9,Reg,0,30,60.0,29.102296283256685,48910.0,6.24,2.6,2007,11,Q4,1Fam,1,2007-11-01,166548.31684976
1650,3,2.0,97,2.0,926.0,6,8398,6,659,468.0,259.0,667.0,991,1979.0,128,103,0.0,8,Reg,0,50,56.0,29.102296283256685,48910.0,6.24,2.6,2007,11,Q4,1Fam,1,2007-11-01,184425.470567051
848,1,2.0,4,2.0,848.0,6,4435,3,0,420.0,659.0,189.0,848,2003.0,140,0,170.0,5,Reg,0,120,36.0,29.102296283256685,48910.0,6.24,2.6,2007,11,Q4,TwnhsE,0,2007-11-01,131500.0
1250,3,2.0,97,2.0,661.0,5,5362,8,589,552.0,0.0,661.0,661,1985.0,242,0,0.0,6,Reg,0,50,53.0,29.102296283256685,48910.0,6.24,2.6,2007,11,Q4,1Fam,1,2007-11-01,139000.0
2291,4,2.5,97,2.0,1214.0,6,7200,9,1031,506.0,1046.0,168.0,1260,1900.0,0,0,0.0,6,Reg,99,190,60.0,29.102296283256685,48910.0,6.24,2.6,2007,11,Q4,2fmCon,1,2007-11-01,133900.0
2531,4,2.5,12,3.0,1318.0,8,12257,9,1203,752.0,56.0,1198.0,1328,1995.0,222,98,513.0,5,IR1,0,60,65.0,29.102296283256685,48910.0,6.24,2.6,2007,11,Q4,1Fam,0,2007-11-01,290000.0
1728,6,2.5,43,1.0,1728.0,5,10624,10,0,352.0,40.0,1424.0,1728,2002.0,155,0,84.0,4,IR1,0,90,68.0,29.102296283256685,48910.0,6.24,2.6,2007,11,Q4,Duplex,0,2007-11-01,119000.0
2127,4,3.5,16,3.0,1104.0,7,13125,8,1215,833.0,48.0,422.0,912,1991.0,72,192,0.0,5,IR1,0,60,103.0,29.102296283256685,48910.0,6.24,2.6,2007,11,Q4,1Fam,0,2007-11-01,238000.0
1077,2,1.0,87,1.0,961.0,5,8967,6,0,338.0,0.0,961.0,1077,1920.0,0,0,0.0,2,Reg,0,30,60.0,29.102296283256685,48910.0,6.24,2.6,2007,11,Q4,1Fam,1,2007-11-01,67000.0
1241,1,2.5,1,2.0,1241.0,7,4274,4,0,569.0,1106.0,135.0,1241,2007.0,0,116,0.0,5,IR1,0,120,35.0,29.102296283256685,48910.0,6.24,2.6,2007,11,Q4,TwnhsE,1,2007-11-01,199900.0
1452,2,2.0,43,2.0,1420.0,5,11235,6,0,572.0,785.0,635.0,1452,1964.0,92,0,30.0,5,Reg,0,85,75.0,29.102296283256685,48910.0,6.24,2.6,2007,11,Q4,1Fam,1,2007-11-01,176732.915304722
1629,3,3.0,5,3.0,1616.0,8,14536,9,0,808.0,1300.0,316.0,1629,2002.0,0,252,236.0,5,Reg,0,20,85.0,29.102296283256685,48910.0,6.24,2.6,2007,11,Q4,1Fam,1,2007-11-01,270000.0
1725,3,2.5,28,2.0,539.0,7,11584,6,685,550.0,315.0,114.0,1040,1979.0,0,88,96.0,6,Reg,0,60,80.0,29.102296283256685,48910.0,6.24,2.6,2007,11,Q4,1Fam,0,2007-11-01,197000.0
1377,3,2.0,47,1.0,1377.0,5,8000,6,0,351.0,1098.0,125.0,1377,1965.0,0,0,0.0,5,Reg,0,20,80.0,29.102296283256685,48910.0,6.24,2.6,2007,11,Q4,1Fam,0,2007-11-01,183642.191304235
1646,3,2.0,1,3.0,1638.0,8,10656,6,0,870.0,0.0,1638.0,1646,2007.0,192,80,274.0,5,IR1,0,20,67.0,29.102296283256685,48910.0,6.24,2.6,2007,11,Q4,1Fam,1,2007-11-01,248900.0
1969,3,2.5,30,2.0,808.0,7,11952,8,808,534.0,0.0,808.0,1161,1977.0,0,0,0.0,6,Reg,276,60,92.0,29.102296283256685,48910.0,6.24,2.6,2007,11,Q4,1Fam,0,2007-11-01,190000.0
1238,3,1.5,57,1.0,864.0,5,7200,6,0,357.0,432.0,432.0,1238,1950.0,0,171,0.0,3,Reg,0,20,60.0,29.102296283256685,48910.0,6.24,2.6,2007,11,Q4,1Fam,0,2007-11-01,182067.760625207
1608,3,1.0,46,1.0,1396.0,4,27697,6,0,444.0,811.0,585.0,1608,1961.0,152,38,198.0,3,Reg,0,20,124.0,29.102296283256685,48910.0,6.24,2.6,2007,11,Q4,1Fam,0,2007-11-01,222406.642660249
2624,4,3.5,89,3.0,1370.0,6,22420,10,1254,864.0,1128.0,242.0,1370,1918.0,0,0,0.0,6,IR1,0,70,86.0,29.102296283256685,48910.0,6.24,2.6,2007,11,Q4,1Fam,1,2007-11-01,239000.0
3086,4,3.5,72,3.0,666.0,5,21281,9,1778,1200.0,0.0,666.0,1308,2007.0,0,208,0.0,4,Reg,156,70,113.0,29.102296283256685,48910.0,6.24,2.6,2007,11,Q4,1Fam,1,2007-11-01,223055.588672278
1093,3,3.0,41,2.0,1093.0,6,10738,6,0,484.0,792.0,301.0,1093,1966.0,224,0,0.0,7,IR1,0,20,88.0,29.102296283256685,48910.0,6.24,2.6,2007,11,Q4,1Fam,0,2007-11-01,189030.680303208
1422,3,2.0,3,2.0,1422.0,7,8500,7,0,626.0,0.0,1422.0,1422,2004.0,192,60,106.0,5,Reg,0,20,63.0,29.102296283256685,48910.0,6.24,2.6,2007,11,Q4,1Fam,0,2007-11-01,179600.0
1491,3,2.0,11,2.0,1491.0,6,7777,7,0,571.0,0.0,1491.0,1491,1996.0,0,35,203.0,5,IR1,0,20,68.0,29.102296283256685,48910.0,6.24,2.6,2007,11,Q4,1Fam,0,2007-11-01,183203.318752456
1082,2,1.0,59,1.0,1082.0,6,11664,5,0,240.0,336.0,746.0,1082,1948.0,0,130,206.0,5,Reg,0,20,60.0,29.102296283256685,48910.0,6.24,2.6,2007,11,Q4,1Fam,1,2007-11-01,119200.0
1734,3,3.0,0,3.0,1734.0,8,12085,7,0,928.0,1004.0,730.0,1734,2007.0,0,0,328.0,5,Reg,0,20,93.0,29.102296283256685,48910.0,6.24,2.6,2007,11,Q4,1Fam,0,2007-11-01,318000.0
1792,3,2.5,0,2.0,896.0,8,8640,8,896,590.0,350.0,546.0,896,2007.0,184,96,0.0,5,Reg,0,60,72.0,29.102296283256685,48910.0,6.24,2.6,2007,11,Q4,1Fam,0,2007-11-01,184901.735847457
1530,3,3.0,3,3.0,1530.0,7,14572,7,0,630.0,1300.0,230.0,1530,2004.0,144,36,0.0,5,IR3,0,20,182.0,29.102296283256685,48910.0,6.24,2.6,2007,11,Q4,1Fam,0,2007-11-01,259000.0
2161,3,2.5,0,3.0,1582.0,8,10562,8,551,789.0,1288.0,294.0,1610,2007.0,178,120,300.0,5,Reg,0,60,86.0,29.102296283256685,48910.0,6.24,2.6,2007,11,Q4,1Fam,0,2007-11-01,325624.0
1441,2,2.5,8,2.0,776.0,8,2645,5,677,492.0,0.0,776.0,764,1999.0,206,0,456.0,5,Reg,0,160,24.0,29.102296283256685,48910.0,6.24,2.6,2007,11,Q4,Twnhs,1,2007-11-01,174000.0
1755,4,2.0,77,1.0,930.0,4,7810,7,525,231.0,189.0,741.0,1230,1930.0,0,40,0.0,6,IR1,0,50,110.0,29.102296283256685,48910.0,6.24,2.6,2007,11,Q4,1Fam,1,2007-11-01,196544.144075798
1367,3,1.0,76,1.0,884.0,6,6240,6,408,560.0,425.0,459.0,959,1978.0,0,0,0.0,6,Reg,120,50,52.0,29.102296283256685,48910.0,6.24,2.6,2007,11,Q4,1Fam,1,2007-11-01,127500.0
1690,3,2.5,7,2.0,924.0,6,8063,7,742,463.0,0.0,924.0,948,2000.0,100,48,0.0,5,Reg,0,60,68.0,29.102296283256685,48910.0,6.24,2.6,2007,11,Q4,1Fam,0,2007-11-01,181000.0
1338,3,2.0,0,2.0,1338.0,8,8640,6,0,598.0,24.0,1314.0,1338,2007.0,0,141,0.0,5,Reg,0,20,72.0,29.102296283256685,48910.0,6.24,2.6,2007,11,Q4,1Fam,0,2007-11-01,184901.735847457
1424,3,2.5,38,3.0,1100.0,5,41600,7,0,828.0,1047.0,53.0,1424,1969.0,144,0,0.0,5,IR1,0,190,195.0,29.102296283256685,48910.0,6.24,2.6,2007,11,Q4,2fmCon,1,2007-11-01,249768.279823405
988,3,2.0,41,1.0,988.0,5,7150,5,0,360.0,725.0,263.0,988,1974.0,0,0,52.0,6,Reg,0,20,65.0,29.102296283256685,48910.0,6.24,2.6,2007,11,Q4,1Fam,0,2007-11-01,181969.358707768
932,2,1.0,57,1.0,932.0,6,8280,4,0,306.0,0.0,932.0,932,1950.0,0,0,0.0,5,IR1,0,20,57.0,29.102296283256685,48910.0,6.24,2.6,2007,11,Q4,1Fam,0,2007-11-01,124000.0
2574,3,2.5,0,3.0,1482.0,8,9588,10,1092,868.0,0.0,1482.0,1482,2007.0,0,148,270.0,5,IR1,0,60,69.0,29.102296283256685,48910.0,6.24,2.6,2007,11,Q4,1Fam,0,2007-11-01,276000.0
1589,2,3.0,4,3.0,1406.0,8,3621,7,0,630.0,1084.0,322.0,1589,2003.0,143,20,72.0,5,Reg,0,120,68.0,29.102296283256685,48910.0,6.24,2.6,2007,11,Q4,TwnhsE,0,2007-11-01,161748.271317074
1935,3,2.5,31,2.0,793.0,7,12384,7,793,550.0,0.0,793.0,1142,1976.0,0,113,233.0,7,Reg,0,60,68.0,29.102296283256685,48910.0,6.24,2.6,2007,11,Q4,1Fam,0,2007-11-01,197900.0
1877,4,3.5,33,2.0,1084.0,6,8000,8,793,488.0,931.0,0.0,1084,1974.0,0,96,0.0,6,Reg,0,60,80.0,29.102296283256685,48910.0,6.24,2.6,2007,11,Q4,1Fam,0,2007-11-01,196918.071362067
2122,2,3.5,0,3.0,2108.0,8,14333,7,0,938.0,1518.0,590.0,2122,2007.0,130,142,0.0,5,Reg,0,20,110.0,29.102296283256685,48910.0,6.24,2.6,2007,11,Q4,1Fam,0,2007-11-01,182829.898109257
1430,3,2.5,7,2.0,384.0,7,9967,8,656,400.0,0.0,384.0,774,2000.0,100,0,0.0,5,IR1,0,80,76.0,29.102296283256685,48910.0,6.125,3.0,2007,12,Q4,1Fam,0,2007-12-01,170000.0
884,2,2.0,24,2.0,840.0,5,9180,5,0,504.0,747.0,0.0,884,1983.0,240,0,0.0,7,IR1,0,85,68.0,29.102296283256685,48910.0,6.125,3.0,2007,12,Q4,1Fam,0,2007-12-01,144000.0
1375,3,2.0,51,1.0,1240.0,5,14175,6,0,323.0,386.0,332.0,1375,1956.0,0,0,0.0,5,Reg,0,20,81.0,29.102296283256685,48910.0,6.125,3.0,2007,12,Q4,1Fam,1,2007-12-01,196899.720661579
1625,2,3.5,1,2.0,1573.0,8,4750,5,0,538.0,1573.0,0.0,1625,2006.0,123,0,481.0,5,IR1,153,120,44.0,29.102296283256685,48910.0,6.125,3.0,2007,12,Q4,TwnhsE,1,2007-12-01,235000.0
1109,3,1.5,36,1.0,372.0,5,10500,5,533,288.0,349.0,23.0,576,1971.0,35,0,82.0,7,Reg,0,80,70.0,29.102296283256685,48910.0,6.125,3.0,2007,12,Q4,1Fam,1,2007-12-01,139000.0
1504,3,2.5,0,2.0,752.0,6,8229,6,752,440.0,0.0,752.0,752,2007.0,100,32,22.0,5,IR1,0,60,72.0,29.102296283256685,48910.0,6.125,3.0,2007,12,Q4,1Fam,0,2007-12-01,185197.764639705
2466,4,3.0,3,2.0,1580.0,8,11143,8,886,610.0,0.0,1580.0,1580,2004.0,159,214,0.0,5,IR1,0,60,102.0,29.102296283256685,48910.0,6.125,3.0,2007,12,Q4,1Fam,1,2007-12-01,340000.0
1869,2,2.0,0,2.0,1869.0,9,7820,6,0,617.0,0.0,1869.0,1869,2007.0,210,54,362.0,5,IR1,0,120,68.0,29.102296283256685,48910.0,6.125,3.0,2007,12,Q4,TwnhsE,0,2007-12-01,318061.0
1008,3,2.0,51,1.0,1008.0,5,6860,6,0,308.0,908.0,100.0,1008,1964.0,0,0,54.0,6,IR1,0,20,65.0,29.102296283256685,48910.0,6.125,3.0,2007,12,Q4,1Fam,0,2007-12-01,182503.520140218
1045,2,1.0,27,2.0,516.0,6,1782,5,516,462.0,330.0,186.0,529,1980.0,180,0,0.0,6,Reg,0,160,24.0,29.102296283256685,48910.0,6.125,3.0,2007,12,Q4,Twnhs,0,2007-12-01,159233.941347257
1588,3,2.0,1,3.0,1588.0,8,10000,7,0,825.0,0.0,1588.0,1588,2006.0,144,45,410.0,5,Reg,0,20,85.0,29.102296283256685,48910.0,6.125,3.0,2007,12,Q4,1Fam,0,2007-12-01,227000.0
1560,4,2.0,49,2.0,1560.0,5,8078,8,0,484.0,0.0,1560.0,1560,1958.0,0,0,260.0,5,Reg,0,90,70.0,29.102296283256685,48910.0,6.125,3.0,2007,12,Q4,Duplex,0,2007-12-01,198176.47090687
887,3,1.5,23,1.0,864.0,5,10447,5,0,288.0,516.0,348.0,887,1984.0,140,0,0.0,6,Reg,0,20,62.0,29.102296283256685,48910.0,6.125,3.0,2007,12,Q4,1Fam,0,2007-12-01,189562.873697309
630,1,2.0,37,0.0,630.0,4,1936,3,0,0.0,131.0,0.0,630,1979.0,0,0,0.0,6,Reg,0,180,21.0,29.102296283256685,48910.0,6.125,3.0,2007,12,Q4,Twnhs,0,2007-12-01,84500.0
960,2,2.0,48,1.0,960.0,5,6400,4,0,392.0,77.0,52.0,960,1959.0,144,0,0.0,7,Reg,0,20,64.0,29.102296283256685,48910.0,6.125,3.0,2007,12,Q4,1Fam,1,2007-12-01,168322.342441945
2656,3,3.5,0,3.0,1934.0,9,13641,8,713,1040.0,1304.0,630.0,1943,2007.0,268,58,456.0,5,Reg,0,60,107.0,29.102296283256685,48910.0,6.125,3.0,2007,12,Q4,1Fam,0,2007-12-01,195848.788183328
864,2,1.0,45,1.0,864.0,5,6600,5,0,294.0,110.0,312.0,864,1962.0,58,0,0.0,5,Reg,0,20,60.0,29.102296283256685,48910.0,6.125,3.0,2007,12,Q4,1Fam,0,2007-12-01,168715.950111702
1218,4,1.5,34,1.0,672.0,6,2058,7,546,264.0,0.0,672.0,672,1973.0,0,28,265.0,5,Reg,0,160,21.0,29.102296283256685,48910.0,6.125,3.0,2007,12,Q4,Twnhs,0,2007-12-01,186328.880047186
1571,3,2.0,0,3.0,1571.0,8,10991,7,0,722.0,0.0,1571.0,1571,2007.0,100,36,80.0,5,IR1,0,20,89.0,29.102296283256685,48910.0,6.125,3.0,2007,12,Q4,1Fam,0,2007-12-01,239000.0
1694,3,2.0,0,3.0,1694.0,8,12030,7,0,818.0,0.0,1694.0,1694,2007.0,168,228,254.0,5,Reg,0,20,93.0,29.102296283256685,48910.0,6.125,3.0,2007,12,Q4,1Fam,0,2007-12-01,318000.0
1375,3,1.5,70,1.0,780.0,6,9000,6,595,544.0,0.0,780.0,780,1979.0,0,162,0.0,6,Reg,126,50,50.0,29.102296283256685,48910.0,6.125,3.0,2007,12,Q4,1Fam,1,2007-12-01,141000.0
2727,3,2.5,75,2.0,853.0,8,10570,10,1178,440.0,297.0,556.0,1549,1932.0,0,74,0.0,8,Reg,0,70,70.0,29.102296283256685,48910.0,6.125,3.0,2007,12,Q4,1Fam,1,2007-12-01,315000.0
1880,3,3.5,0,3.0,955.0,8,12217,8,925,880.0,745.0,210.0,955,2007.0,168,127,0.0,5,IR1,0,60,112.0,29.102296283256685,48910.0,6.125,3.0,2007,12,Q4,1Fam,0,2007-12-01,193046.301574659
1484,2,2.0,1,2.0,1476.0,8,9037,6,0,472.0,428.0,1048.0,1484,2006.0,120,33,32.0,5,IR1,0,20,64.0,29.102296283256685,48910.0,6.125,3.0,2007,12,Q4,1Fam,0,2007-12-01,265900.0
1392,3,2.0,5,3.0,1441.0,5,10000,6,0,650.0,585.0,856.0,1392,2002.0,168,49,166.0,5,Reg,0,20,80.0,29.102296283256685,48910.0,6.125,3.0,2007,12,Q4,1Fam,0,2007-12-01,188683.160555403
2090,3,3.5,12,2.0,1220.0,8,10000,8,870,556.0,1079.0,141.0,1220,1995.0,0,65,438.0,5,Reg,0,60,80.0,29.102296283256685,48910.0,6.125,3.0,2007,12,Q4,1Fam,1,2007-12-01,240000.0
1959,3,2.5,1,3.0,1088.0,8,9000,8,871,1025.0,0.0,1088.0,1088,2006.0,208,46,0.0,5,Reg,0,60,75.0,29.102296283256685,48910.0,6.125,3.0,2007,12,Q4,1Fam,0,2007-12-01,270000.0
1349,3,2.0,7,2.0,1349.0,7,8450,6,0,539.0,0.0,1349.0,1349,2000.0,120,55,108.0,5,Reg,0,20,65.0,29.102296283256685,48910.0,6.125,3.0,2007,12,Q4,1Fam,1,2007-12-01,179000.0
1358,3,2.0,8,2.0,1339.0,7,7321,5,0,625.0,0.0,1339.0,1358,1999.0,176,174,0.0,5,IR1,0,20,73.0,29.102296283256685,48910.0,6.125,3.0,2007,12,Q4,1Fam,1,2007-12-01,183410.785819008
1538,3,3.0,2,2.0,1538.0,8,8847,7,0,484.0,769.0,769.0,1538,2005.0,146,40,148.0,5,Reg,0,20,74.0,29.102296283256685,48910.0,6.125,3.0,2007,12,Q4,1Fam,0,2007-12-01,186414.012339254
1120,3,1.0,0,0.0,1120.0,5,8402,6,0,0.0,206.0,914.0,1120,1979.0,0,30,0.0,5,Reg,0,20,70.0,29.102296283256685,48910.0,6.125,3.0,2007,12,Q4,1Fam,0,2007-12-01,147000.0
803,2,1.0,66,2.0,720.0,5,5000,5,0,360.0,116.0,604.0,803,1941.0,0,0,0.0,6,Reg,0,45,50.0,29.102296283256685,48910.0,6.125,3.0,2007,12,Q4,1Fam,1,2007-12-01,87000.0
1234,3,2.0,1,2.0,1234.0,8,11049,7,0,484.0,0.0,1234.0,1234,2007.0,0,30,0.0,5,Reg,0,20,85.0,27.363846269205577,50140.0,5.69,3.3,2008,1,Q1,1Fam,0,2008-01-01,179900.0
1710,2,3.0,1,3.0,1710.0,8,13891,6,0,866.0,1400.0,310.0,1710,2007.0,0,102,436.0,5,Reg,0,20,107.0,27.363846269205577,50140.0,5.69,3.3,2008,1,Q1,1Fam,1,2008-01-01,372402.0
1709,2,3.0,9,2.0,1698.0,9,5119,5,0,506.0,1238.0,460.0,1709,1999.0,97,65,60.0,5,IR1,0,120,50.0,27.363846269205577,50140.0,5.69,3.3,2008,1,Q1,TwnhsE,1,2008-01-01,328900.0
1053,2,1.5,70,0.0,585.0,5,12180,5,468,0.0,0.0,585.0,585,1979.0,42,0,0.0,7,Reg,0,50,60.0,27.363846269205577,50140.0,5.69,3.3,2008,1,Q1,1Fam,1,2008-01-01,166646.109048572
2649,4,3.5,7,3.0,1479.0,8,16900,10,1134,746.0,1075.0,404.0,1515,2001.0,0,60,1110.0,5,Reg,0,60,130.0,27.363846269205577,50140.0,5.69,3.3,2008,1,Q1,1Fam,1,2008-01-01,202487.010170501
1518,2,2.0,68,0.0,1580.0,5,19550,5,0,0.0,1035.0,545.0,1518,1979.0,0,39,0.0,7,Reg,0,30,85.0,27.363846269205577,50140.0,5.69,3.3,2008,1,Q1,1Fam,1,2008-01-01,181150.551679116
1079,2,1.0,60,1.0,570.0,7,5190,5,462,249.0,0.0,570.0,617,1948.0,135,0,0.0,5,Reg,0,50,50.0,27.363846269205577,50140.0,5.69,3.3,2008,1,Q1,1Fam,1,2008-01-01,152889.520990566
864,3,1.0,45,1.0,864.0,5,6360,5,0,276.0,489.0,375.0,864,1963.0,0,0,0.0,5,Reg,0,20,60.0,27.363846269205577,50140.0,5.69,3.3,2008,1,Q1,1Fam,0,2008-01-01,168468.005916477
1140,3,2.0,88,2.0,1300.0,5,12900,6,0,400.0,1300.0,0.0,1140,1920.0,0,0,0.0,4,Reg,0,190,60.0,27.363846269205577,50140.0,5.69,3.3,2008,1,Q1,2fmCon,1,2008-01-01,181338.976717529
1824,5,2.0,51,2.0,1824.0,5,12436,9,0,484.0,0.0,1824.0,1824,1958.0,0,0,0.0,5,Reg,0,90,76.0,27.363846269205577,50140.0,5.69,3.3,2008,1,Q1,Duplex,0,2008-01-01,206977.567039357
2009,4,2.0,69,2.0,989.0,7,6240,7,764,400.0,300.0,449.0,1245,1939.0,0,20,0.0,5,Reg,0,50,52.0,27.363846269205577,50140.0,5.69,3.3,2008,1,Q1,1Fam,1,2008-01-01,181507.721372455
1077,2,2.0,69,1.0,991.0,5,7420,5,0,205.0,851.0,140.0,1077,1939.0,0,4,0.0,6,Reg,0,190,50.0,27.363846269205577,50140.0,5.69,3.3,2008,1,Q1,2fmCon,1,2008-01-01,118000.0
1347,3,2.0,98,0.0,1117.0,5,7000,5,527,0.0,969.0,148.0,820,1979.0,85,0,0.0,7,Reg,0,190,70.0,27.363846269205577,50140.0,5.69,3.3,2008,1,Q1,2fmCon,1,2008-01-01,107500.0
1258,0,3.0,39,2.0,1198.0,4,12900,6,0,400.0,1198.0,0.0,1258,1969.0,120,0,0.0,4,Reg,0,90,60.0,27.363846269205577,50140.0,5.69,3.3,2008,1,Q1,Duplex,0,2008-01-01,108959.0
848,1,2.0,4,2.0,848.0,6,4438,3,0,420.0,662.0,186.0,848,2004.0,149,0,205.0,5,Reg,0,120,68.0,27.363846269205577,50140.0,5.69,3.3,2008,1,Q1,TwnhsE,0,2008-01-01,149000.0
1582,3,3.0,1,3.0,1582.0,8,12704,7,0,905.0,1012.0,570.0,1582,2007.0,209,95,302.0,5,Reg,0,20,98.0,27.363846269205577,50140.0,5.69,3.3,2008,1,Q1,1Fam,0,2008-01-01,180953.241201168
1360,2,1.0,98,1.0,680.0,5,4800,6,680,330.0,0.0,680.0,680,1910.0,192,50,0.0,5,Reg,0,70,80.0,27.363846269205577,50140.0,5.69,3.3,2008,1,Q1,1Fam,1,2008-01-01,152121.98603454
796,2,1.0,86,0.0,796.0,4,3636,5,0,0.0,0.0,796.0,796,1979.0,0,0,0.0,4,Reg,0,30,40.0,27.363846269205577,50140.0,5.69,3.3,2008,1,Q1,1Fam,1,2008-01-01,55000.0
1285,2,2.0,60,1.0,672.0,5,8635,6,213,240.0,336.0,295.0,1072,1948.0,0,0,0.0,5,Reg,0,50,50.0,27.363846269205577,50140.0,5.69,3.3,2008,1,Q1,1Fam,1,2008-01-01,127000.0
1780,3,3.5,1,2.0,920.0,8,12852,6,860,612.0,770.0,150.0,920,2007.0,0,192,0.0,5,IR1,0,60,107.0,27.363846269205577,50140.0,5.69,3.3,2008,1,Q1,1Fam,0,2008-01-01,181244.510876788
5642,3,4.5,0,2.0,6110.0,10,63887,12,950,1418.0,5644.0,466.0,4692,2008.0,214,292,796.0,5,IR3,0,60,313.0,27.363846269205577,50140.0,5.69,3.3,2008,1,Q1,1Fam,0,2008-01-01,160000.0
1728,3,3.0,1,2.0,1884.0,8,11449,7,0,520.0,1011.0,873.0,1728,2007.0,0,276,0.0,5,IR1,0,20,79.0,27.363846269205577,50140.0,5.69,3.3,2008,1,Q1,1Fam,0,2008-01-01,178483.353073443
1646,2,3.5,4,2.0,1594.0,8,3842,5,0,482.0,1373.0,221.0,1646,2004.0,128,53,174.0,5,IR1,155,120,44.0,27.363846269205577,50140.0,5.69,3.3,2008,1,Q1,TwnhsE,1,2008-01-01,275000.0
1933,4,2.5,1,3.0,894.0,6,14598,9,1039,668.0,0.0,894.0,894,2007.0,100,18,74.0,5,IR1,0,60,86.0,27.363846269205577,50140.0,5.69,3.3,2008,1,Q1,1Fam,0,2008-01-01,214000.0
1955,4,2.0,50,1.0,1151.0,5,9000,7,804,356.0,330.0,821.0,1151,1958.0,0,0,162.0,5,Reg,0,50,75.0,27.363846269205577,50140.0,5.69,3.3,2008,1,Q1,1Fam,0,2008-01-01,186939.507215101
1836,4,2.0,108,1.0,686.0,5,56600,7,686,288.0,0.0,686.0,1150,1900.0,0,0,0.0,1,IR1,0,70,68.0,27.363846269205577,50140.0,5.69,3.3,2008,1,Q1,1Fam,1,2008-01-01,280618.132617258
1264,3,1.0,94,2.0,676.0,6,15564,6,588,400.0,0.0,676.0,676,1994.0,424,0,0.0,6,Reg,0,50,63.0,27.363846269205577,50140.0,5.69,3.3,2008,1,Q1,1Fam,1,2008-01-01,186581.830878692
1947,3,3.5,7,3.0,1357.0,9,9720,7,581,725.0,1194.0,163.0,1366,2001.0,168,116,134.0,5,IR1,0,60,68.0,27.363846269205577,50140.0,5.69,3.3,2008,1,Q1,1Fam,1,2008-01-01,175080.614768394
780,2,1.0,36,1.0,780.0,5,7200,4,0,352.0,632.0,148.0,780,1973.0,196,0,0.0,7,Reg,0,20,60.0,27.363846269205577,50140.0,5.69,3.3,2008,1,Q1,1Fam,0,2008-01-01,124900.0
1540,3,1.5,103,0.0,572.0,5,6000,7,656,0.0,0.0,572.0,884,1979.0,240,77,0.0,9,Reg,0,70,60.0,27.363846269205577,50140.0,5.88,3.1,2008,2,Q1,1Fam,1,2008-02-01,168864.404664512
733,2,1.0,56,2.0,0.0,1,14584,4,0,487.0,0.0,0.0,733,1952.0,0,0,0.0,5,Reg,0,20,80.0,27.363846269205577,50140.0,5.88,3.1,2008,2,Q1,1Fam,0,2008-02-01,172482.165792649
1496,3,2.0,48,2.0,1296.0,5,9600,6,0,450.0,658.0,638.0,1496,1960.0,0,22,203.0,6,Reg,0,20,80.0,27.363846269205577,50140.0,5.88,3.1,2008,2,Q1,1Fam,0,2008-02-01,175949.342720138
1627,4,2.0,108,2.0,797.0,5,9142,10,797,420.0,0.0,797.0,830,1950.0,192,0,0.0,5,Reg,0,190,69.0,27.363846269205577,50140.0,5.88,3.1,2008,2,Q1,2fmCon,1,2008-02-01,188323.861214226
876,2,1.0,57,2.0,876.0,5,7200,5,0,576.0,432.0,444.0,876,1972.0,0,0,0.0,7,Reg,0,20,60.0,27.363846269205577,50140.0,5.88,3.1,2008,2,Q1,1Fam,0,2008-02-01,157950.170625222
1874,3,3.5,1,3.0,955.0,8,9428,8,919,880.0,729.0,226.0,955,2007.0,168,108,310.0,5,Reg,0,60,80.0,27.363846269205577,50140.0,5.88,3.1,2008,2,Q1,1Fam,1,2008-02-01,175610.840124147
1027,2,1.5,88,0.0,931.0,7,5400,5,0,0.0,0.0,931.0,1027,1979.0,0,28,0.0,6,Reg,0,30,60.0,27.363846269205577,50140.0,5.88,3.1,2008,2,Q1,1Fam,1,2008-02-01,154407.701597409
1092,2,1.0,1,0.0,1092.0,5,9278,5,0,0.0,0.0,1092.0,1092,1979.0,0,52,0.0,5,Reg,0,20,77.0,27.363846269205577,50140.0,5.88,3.1,2008,2,Q1,1Fam,1,2008-02-01,162039.754313997
1342,2,2.0,2,2.0,1342.0,8,6240,6,0,550.0,24.0,1318.0,1342,2007.0,0,35,196.0,5,Reg,0,120,48.0,27.363846269205577,50140.0,5.88,3.1,2008,2,Q1,TwnhsE,1,2008-02-01,156060.853810389
1160,3,2.0,40,1.0,1113.0,5,17979,6,0,257.0,785.0,328.0,1160,1968.0,81,0,0.0,6,IR1,0,20,68.0,27.363846269205577,50140.0,5.88,3.1,2008,2,Q1,1Fam,0,2008-02-01,192439.536044606
2470,1,3.5,5,3.0,2535.0,10,12720,7,0,789.0,2257.0,278.0,2470,2003.0,154,65,680.0,5,Reg,216,20,106.0,27.363846269205577,50140.0,5.88,3.1,2008,2,Q1,1Fam,0,2008-02-01,155537.862252682
1398,3,1.5,32,2.0,684.0,6,7200,6,714,440.0,288.0,396.0,684,1976.0,0,0,0.0,7,Reg,0,60,72.0,27.363846269205577,50140.0,5.88,3.1,2008,2,Q1,1Fam,1,2008-02-01,171226.050683054
1564,3,2.0,1,3.0,1564.0,7,11058,6,0,814.0,56.0,1508.0,1564,2007.0,0,24,212.0,6,Reg,0,20,85.0,27.363846269205577,50140.0,5.88,3.1,2008,2,Q1,1Fam,0,2008-02-01,178818.742632666
987,2,2.0,35,1.0,483.0,6,1680,5,504,264.0,458.0,25.0,483,1973.0,52,0,359.0,5,Reg,0,160,21.0,27.363846269205577,50140.0,5.88,3.1,2008,2,Q1,Twnhs,0,2008-02-01,147086.59893993
848,1,2.0,4,2.0,848.0,6,4426,3,0,420.0,662.0,186.0,848,2004.0,140,0,205.0,5,Reg,0,120,68.0,27.363846269205577,50140.0,5.88,3.1,2008,2,Q1,TwnhsE,0,2008-02-01,139214.952187861
1511,3,3.0,13,3.0,1401.0,8,11454,6,0,811.0,770.0,631.0,1511,1995.0,168,42,302.0,5,IR2,0,80,68.0,27.363846269205577,50140.0,5.88,3.1,2008,2,Q1,1Fam,0,2008-02-01,179598.085818785
2393,2,3.5,10,2.0,970.0,10,3951,7,924,846.0,128.0,0.0,1469,1998.0,0,90,0.0,5,IR1,94,160,36.0,27.363846269205577,50140.0,5.88,3.1,2008,2,Q1,TwnhsE,1,2008-02-01,151556.01403002
2037,3,2.5,12,2.0,672.0,7,10541,8,735,472.0,0.0,672.0,1302,1996.0,100,33,0.0,5,IR1,0,80,85.0,27.363846269205577,50140.0,5.88,3.1,2008,2,Q1,1Fam,0,2008-02-01,177801.266806344
1710,3,3.5,5,2.0,856.0,7,8450,8,854,548.0,706.0,150.0,856,2003.0,0,61,196.0,5,Reg,0,60,65.0,27.363846269205577,50140.0,5.88,3.1,2008,2,Q1,1Fam,0,2008-02-01,208500.0
1040,3,2.0,43,1.0,1040.0,5,11200,5,0,384.0,906.0,134.0,1040,1965.0,0,0,0.0,5,Reg,0,20,70.0,27.363846269205577,50140.0,5.88,3.1,2008,2,Q1,1Fam,0,2008-02-01,129500.0
1279,3,2.5,31,2.0,1196.0,6,10125,6,0,473.0,641.0,276.0,1279,1980.0,238,83,0.0,6,Reg,0,20,75.0,27.363846269205577,50140.0,5.88,3.1,2008,2,Q1,1Fam,0,2008-02-01,171500.0
1392,2,2.0,1,2.0,689.0,7,3604,5,689,540.0,0.0,689.0,703,2007.0,0,102,0.0,5,Reg,0,160,34.0,27.363846269205577,50140.0,5.88,3.1,2008,2,Q1,TwnhsE,0,2008-02-01,146000.0
988,2,1.0,54,2.0,988.0,5,21750,4,0,520.0,0.0,988.0,988,1954.0,0,0,0.0,5,Reg,0,20,100.0,27.363846269205577,50140.0,5.88,3.1,2008,2,Q1,1Fam,0,2008-02-01,113000.0
1490,3,3.5,4,2.0,788.0,7,15384,8,702,388.0,724.0,64.0,788,2004.0,100,75,0.0,5,IR1,0,60,60.0,27.363846269205577,50140.0,5.88,3.1,2008,2,Q1,1Fam,1,2008-02-01,184000.0
1768,3,2.5,3,2.0,866.0,7,9803,7,902,603.0,400.0,466.0,866,2005.0,0,108,0.0,5,Reg,0,60,75.0,27.363846269205577,50140.0,5.88,3.1,2008,2,Q1,1Fam,0,2008-02-01,226700.0
1502,3,1.5,77,1.0,776.0,7,7200,6,651,270.0,0.0,776.0,851,1931.0,0,0,0.0,6,Reg,0,70,60.0,27.363846269205577,50140.0,5.88,3.1,2008,2,Q1,1Fam,1,2008-02-01,149000.0
778,2,1.0,68,1.0,740.0,5,6900,4,0,924.0,403.0,212.0,778,1966.0,0,25,0.0,6,Reg,0,30,71.0,27.363846269205577,50140.0,5.88,3.1,2008,2,Q1,1Fam,1,2008-02-01,120500.0
990,3,1.5,14,2.0,990.0,5,9245,5,0,672.0,686.0,304.0,990,1996.0,0,0,0.0,5,IR2,0,20,57.0,27.363846269205577,50140.0,5.88,3.1,2008,2,Q1,1Fam,1,2008-02-01,145000.0
2022,4,2.5,31,2.0,1160.0,7,10005,8,866,505.0,392.0,768.0,1156,1977.0,288,117,299.0,5,Reg,0,60,83.0,27.363846269205577,50140.0,5.95,3.0,2008,3,Q1,1Fam,0,2008-03-01,192000.0
1126,2,2.0,24,2.0,1060.0,5,7400,5,0,506.0,104.0,0.0,1126,1984.0,178,0,0.0,5,IR1,0,85,68.0,27.363846269205577,50140.0,5.95,3.0,2008,3,Q1,1Fam,0,2008-03-01,159448.670848577
1356,3,2.5,1,2.0,628.0,7,10616,6,728,484.0,0.0,628.0,628,2007.0,100,24,0.0,5,IR1,0,60,65.0,27.363846269205577,50140.0,5.95,3.0,2008,3,Q1,1Fam,0,2008-03-01,179053.762236101
1073,3,1.0,41,1.0,1073.0,5,9981,6,0,270.0,221.0,852.0,1073,1967.0,0,90,340.0,5,IR1,0,20,68.0,27.363846269205577,50140.0,5.95,3.0,2008,3,Q1,1Fam,0,2008-03-01,177804.057884623
2668,3,3.5,5,3.0,1572.0,9,13688,10,1096,726.0,1016.0,556.0,1572,2003.0,400,0,664.0,5,IR1,0,60,110.0,27.363846269205577,50140.0,5.95,3.0,2008,3,Q1,1Fam,1,2008-03-01,412500.0
1716,4,2.0,93,2.0,810.0,6,9144,8,546,672.0,0.0,810.0,1170,1970.0,0,195,0.0,4,Reg,0,50,60.0,27.363846269205577,50140.0,5.95,3.0,2008,3,Q1,1Fam,1,2008-03-01,189432.689844522
1450,3,1.0,88,1.0,624.0,7,5350,7,720,288.0,116.0,508.0,730,1935.0,0,192,0.0,8,Reg,0,75,53.0,27.363846269205577,50140.0,5.95,3.0,2008,3,Q1,1Fam,1,2008-03-01,168690.0722914
1252,1,2.0,48,2.0,1602.0,6,13500,4,0,564.0,429.0,93.0,1252,1960.0,409,0,0.0,7,Reg,0,20,68.0,27.363846269205577,50140.0,5.95,3.0,2008,3,Q1,1Fam,1,2008-03-01,235000.0
1252,2,3.5,9,2.0,600.0,7,2160,4,628,462.0,510.0,90.0,624,1999.0,0,48,212.0,5,Reg,0,160,24.0,27.363846269205577,50140.0,5.95,3.0,2008,3,Q1,Twnhs,1,2008-03-01,160000.0
1162,3,2.0,1,2.0,1162.0,7,9260,6,0,483.0,0.0,1162.0,1162,2007.0,0,32,0.0,5,Reg,0,20,81.0,27.363846269205577,50140.0,5.95,3.0,2008,3,Q1,1Fam,0,2008-03-01,176385.102235149
1643,2,3.0,42,2.0,1182.0,6,11500,6,0,438.0,262.0,197.0,1643,1966.0,339,0,0.0,6,IR1,0,20,68.0,27.363846269205577,50140.0,5.95,3.0,2008,3,Q1,1Fam,0,2008-03-01,167517.628078595
848,1,2.0,5,2.0,848.0,6,4435,3,0,420.0,686.0,162.0,848,2003.0,140,0,170.0,5,Reg,0,120,37.0,27.363846269205577,50140.0,5.95,3.0,2008,3,Q1,TwnhsE,0,2008-03-01,136500.0
1588,3,1.5,53,2.0,768.0,5,7200,6,564,480.0,370.0,398.0,1024,1955.0,0,0,0.0,6,Reg,0,50,60.0,27.363846269205577,50140.0,5.95,3.0,2008,3,Q1,1Fam,1,2008-03-01,172330.943236652
1663,2,2.0,54,2.0,1364.0,4,53227,6,0,529.0,1116.0,248.0,1663,1954.0,224,137,0.0,6,IR1,0,20,68.0,27.363846269205577,50140.0,5.95,3.0,2008,3,Q1,1Fam,1,2008-03-01,256000.0
1680,4,2.0,93,1.0,840.0,6,15576,8,840,308.0,0.0,840.0,840,1960.0,0,0,0.0,7,Reg,0,70,63.0,27.363846269205577,50140.0,5.95,3.0,2008,3,Q1,1Fam,1,2008-03-01,177000.0
1639,3,1.0,72,1.0,1064.0,6,10480,6,0,240.0,0.0,1064.0,1166,1936.0,0,0,0.0,5,Reg,0,50,51.0,27.363846269205577,50140.0,5.95,3.0,2008,3,Q1,1Fam,1,2008-03-01,115000.0
1014,2,1.0,52,1.0,0.0,5,7785,6,0,267.0,0.0,0.0,1014,1956.0,0,0,0.0,5,IR1,200,20,74.0,27.363846269205577,50140.0,5.95,3.0,2008,3,Q1,1Fam,0,2008-03-01,160206.365612859
1111,3,1.5,67,1.0,616.0,5,9084,5,495,200.0,236.0,0.0,616,1941.0,48,0,0.0,6,Reg,0,50,60.0,27.363846269205577,50140.0,5.95,3.0,2008,3,Q1,1Fam,1,2008-03-01,95000.0
1392,2,2.0,1,2.0,689.0,7,3180,5,689,540.0,0.0,689.0,703,2007.0,0,102,0.0,5,Reg,0,160,30.0,27.363846269205577,50140.0,5.95,3.0,2008,3,Q1,TwnhsE,0,2008-03-01,151143.549016705
1406,3,1.0,88,0.0,319.0,6,7920,6,371,0.0,0.0,319.0,1035,1979.0,0,144,0.0,7,IR1,0,50,68.0,27.363846269205577,50140.0,5.95,3.0,2008,3,Q1,1Fam,1,2008-03-01,89500.0
1716,6,3.0,96,0.0,780.0,5,5687,9,780,0.0,210.0,570.0,936,1979.0,0,184,0.0,6,Reg,0,190,55.0,27.363846269205577,50140.0,5.95,3.0,2008,3,Q1,2fmCon,1,2008-03-01,135900.0
407,1,1.0,62,1.0,407.0,2,7311,3,0,297.0,0.0,407.0,407,1949.0,76,0,0.0,5,Reg,0,20,62.0,27.363846269205577,50140.0,5.95,3.0,2008,3,Q1,1Fam,1,2008-03-01,145997.635377703
1199,2,2.0,15,2.0,1199.0,6,7892,5,0,530.0,300.0,899.0,1199,1993.0,0,63,0.0,5,Reg,0,120,55.0,27.363846269205577,50140.0,5.95,3.0,2008,3,Q1,TwnhsE,0,2008-03-01,153900.0
1246,2,2.0,1,2.0,1146.0,7,3710,5,0,428.0,0.0,1146.0,1246,2007.0,100,24,20.0,5,Reg,0,20,53.0,27.363846269205577,50140.0,5.95,3.0,2008,3,Q1,1Fam,1,2008-03-01,152186.609341561
1092,3,2.5,38,0.0,546.0,6,1477,6,546,0.0,358.0,188.0,546,1979.0,187,0,0.0,9,Reg,0,160,21.0,27.363846269205577,50140.0,5.95,3.0,2008,3,Q1,Twnhs,1,2008-03-01,161067.859766557
1126,3,2.5,31,2.0,1126.0,5,15611,6,0,540.0,767.0,266.0,1126,1977.0,180,0,0.0,6,IR1,0,20,68.0,27.363846269205577,50140.0,5.95,3.0,2008,3,Q1,1Fam,0,2008-03-01,175000.0
2031,3,3.5,6,2.0,1128.0,8,9473,7,903,577.0,804.0,324.0,1128,2002.0,0,211,0.0,5,Reg,0,60,75.0,27.363846269205577,50140.0,5.95,3.0,2008,3,Q1,1Fam,0,2008-03-01,237000.0
1250,2,2.5,2,2.0,625.0,7,4017,5,625,625.0,0.0,625.0,625,2006.0,0,54,0.0,5,IR1,0,160,35.0,27.363846269205577,50140.0,5.95,3.0,2008,3,Q1,TwnhsE,1,2008-03-01,171900.0
1716,4,1.5,46,2.0,858.0,6,9247,8,858,490.0,319.0,539.0,858,1962.0,0,84,318.0,6,IR1,120,60,70.0,27.363846269205577,50140.0,5.95,3.0,2008,3,Q1,1Fam,0,2008-03-01,171000.0
1266,2,2.0,1,2.0,1266.0,7,3182,6,0,388.0,0.0,1266.0,1266,2007.0,100,16,16.0,5,Reg,0,20,43.0,27.363846269205577,50140.0,5.95,3.0,2008,3,Q1,1Fam,0,2008-03-01,159895.0
1782,3,2.5,29,2.0,1782.0,7,14450,6,0,551.0,864.0,469.0,1782,1979.0,467,0,194.0,5,Reg,0,20,85.0,27.363846269205577,50140.0,5.95,3.0,2008,3,Q1,1Fam,0,2008-03-01,186599.221265342
1374,3,1.0,70,1.0,884.0,5,9260,6,442,225.0,0.0,884.0,932,1938.0,64,0,0.0,4,IR1,100,50,68.0,27.363846269205577,50140.0,5.95,3.0,2008,3,Q1,1Fam,1,2008-03-01,176385.102235149
1256,3,2.0,22,2.0,1256.0,6,18265,6,0,578.0,920.0,276.0,1256,1986.0,282,0,228.0,5,Reg,0,20,93.0,27.363846269205577,50140.0,5.95,3.0,2008,3,Q1,1Fam,0,2008-03-01,194107.287565956
2044,3,2.5,28,2.0,738.0,7,10400,7,767,489.0,0.0,738.0,1277,1980.0,28,73,280.0,6,Reg,0,60,80.0,27.363846269205577,50140.0,5.95,3.0,2008,3,Q1,1Fam,1,2008-03-01,178628.665952764
1482,4,2.0,83,1.0,672.0,6,12155,7,672,400.0,156.0,516.0,810,1934.0,0,0,0.0,8,IR1,0,70,68.0,27.363846269205577,50140.0,5.95,3.0,2008,3,Q1,1Fam,1,2008-03-01,140000.0
1493,3,3.0,11,2.0,1478.0,6,13125,7,0,508.0,994.0,484.0,1493,1997.0,140,39,215.0,5,Reg,0,20,75.0,27.363846269205577,50140.0,5.88,2.7,2008,4,Q2,1Fam,1,2008-04-01,208900.0
1978,4,2.5,40,2.0,832.0,7,9900,9,880,486.0,552.0,280.0,1098,1968.0,0,43,342.0,5,Reg,0,60,68.0,27.363846269205577,50140.0,5.88,2.7,2008,4,Q2,1Fam,0,2008-04-01,176000.0
1189,2,3.0,11,2.0,1189.0,6,4500,4,0,392.0,864.0,325.0,1189,1997.0,0,122,197.0,5,Reg,0,120,32.0,27.363846269205577,50140.0,5.88,2.7,2008,4,Q2,TwnhsE,0,2008-04-01,154846.252190699
1278,4,1.0,54,1.0,854.0,6,7200,6,424,240.0,673.0,181.0,854,1954.0,0,0,0.0,5,Reg,0,50,60.0,27.363846269205577,50140.0,5.88,2.7,2008,4,Q2,1Fam,0,2008-04-01,186711.715848082
1312,3,1.5,50,2.0,1312.0,7,11355,6,0,495.0,637.0,675.0,1312,1958.0,0,304,125.0,7,IR1,0,20,76.0,27.363846269205577,50140.0,5.88,2.7,2008,4,Q2,1Fam,1,2008-04-01,181613.035129451
1092,3,1.0,42,1.0,1092.0,5,9825,6,0,264.0,609.0,483.0,1092,1966.0,259,0,0.0,5,Reg,161,20,75.0,27.363846269205577,50140.0,5.88,2.7,2008,4,Q2,1Fam,0,2008-04-01,178601.93645581
2078,3,3.5,1,3.0,1034.0,8,10800,8,1028,836.0,789.0,245.0,1050,2008.0,0,102,100.0,5,Reg,0,60,85.0,27.363846269205577,50140.0,5.88,2.7,2008,4,Q2,1Fam,1,2008-04-01,339750.0
1367,4,2.0,108,1.0,861.0,5,8405,7,406,384.0,241.0,229.0,961,1978.0,0,130,0.0,8,Reg,0,50,50.0,27.363846269205577,50140.0,5.88,2.7,2008,4,Q2,1Fam,1,2008-04-01,119000.0
816,2,1.5,25,1.0,816.0,5,6490,4,0,264.0,534.0,282.0,816,1983.0,315,0,0.0,7,Reg,0,20,59.0,27.363846269205577,50140.0,5.88,2.7,2008,4,Q2,1Fam,0,2008-04-01,158762.648504781
889,3,1.0,24,2.0,864.0,5,12395,6,0,484.0,647.0,217.0,889,1984.0,0,0,0.0,6,Reg,0,20,74.0,27.363846269205577,50140.0,5.88,2.7,2008,4,Q2,1Fam,0,2008-04-01,183659.795012187
1812,3,2.5,6,2.0,952.0,7,7500,7,860,469.0,0.0,952.0,952,2002.0,144,112,0.0,5,Reg,0,60,68.0,27.363846269205577,50140.0,5.88,2.7,2008,4,Q2,1Fam,0,2008-04-01,174026.247294886
1646,3,3.0,1,3.0,1638.0,8,9520,7,0,800.0,1513.0,125.0,1646,2008.0,192,44,338.0,5,IR1,0,20,71.0,27.363846269205577,50140.0,5.88,2.7,2008,4,Q2,1Fam,1,2008-04-01,293077.0
1252,3,1.0,58,1.0,1032.0,6,9600,6,220,288.0,280.0,752.0,1032,1950.0,0,0,0.0,5,Reg,0,50,80.0,27.363846269205577,50140.0,5.88,2.7,2008,4,Q2,1Fam,0,2008-04-01,119000.0
1104,3,2.0,52,1.0,1104.0,5,10425,5,0,384.0,774.0,330.0,1104,1956.0,0,0,0.0,5,Reg,0,20,75.0,27.363846269205577,50140.0,5.88,2.7,2008,4,Q2,1Fam,1,2008-04-01,179782.759465081
1442,3,2.5,2,2.0,352.0,5,9802,6,730,400.0,0.0,352.0,712,2007.0,100,0,0.0,5,Reg,0,80,73.0,27.363846269205577,50140.0,5.88,2.7,2008,4,Q2,1Fam,1,2008-04-01,178556.671573788
2350,4,2.0,88,2.0,973.0,5,9600,10,973,393.0,234.0,739.0,1377,1930.0,0,0,0.0,5,Reg,0,190,60.0,27.363846269205577,50140.0,5.88,2.7,2008,4,Q2,2fmCon,1,2008-04-01,191435.007885166
2058,3,1.5,91,2.0,735.0,6,9600,8,924,396.0,319.0,416.0,1134,1950.0,0,0,0.0,5,Reg,0,75,60.0,27.363846269205577,50140.0,5.88,2.7,2008,4,Q2,1Fam,1,2008-04-01,129500.0
1181,3,3.0,36,2.0,1138.0,4,10012,6,0,588.0,920.0,38.0,1181,1974.0,0,0,0.0,5,Reg,0,85,90.0,27.363846269205577,50140.0,5.88,2.7,2008,4,Q2,1Fam,0,2008-04-01,137500.0
1033,3,1.5,32,2.0,456.0,5,12102,6,0,504.0,456.0,0.0,1033,1976.0,224,0,222.0,5,Reg,0,85,64.0,27.363846269205577,50140.0,5.88,2.7,2008,4,Q2,1Fam,0,2008-04-01,183083.159775993
1626,3,3.5,14,2.0,1602.0,7,9938,7,0,534.0,1271.0,331.0,1626,1994.0,424,40,251.0,5,Reg,0,20,80.0,27.363846269205577,50140.0,5.88,2.7,2008,4,Q2,1Fam,0,2008-04-01,178824.324789223
864,2,2.0,33,0.0,864.0,5,9350,4,0,0.0,864.0,0.0,864,1979.0,0,0,0.0,5,Reg,0,90,50.0,27.363846269205577,50140.0,5.88,2.7,2008,4,Q2,Duplex,0,2008-04-01,164391.238182305
773,2,1.0,55,1.0,773.0,5,7677,4,0,240.0,570.0,203.0,773,1953.0,0,0,0.0,5,Reg,0,20,57.0,27.363846269205577,50140.0,5.88,2.7,2008,4,Q2,1Fam,0,2008-04-01,110000.0
1524,3,3.0,29,2.0,1524.0,7,20270,7,0,478.0,599.0,925.0,1524,1979.0,140,0,0.0,6,IR1,0,20,82.0,27.363846269205577,50140.0,5.88,2.7,2008,4,Q2,1Fam,0,2008-04-01,199158.097008868
1137,4,1.5,61,0.0,0.0,5,8050,8,208,0.0,0.0,0.0,929,1979.0,0,0,0.0,8,Reg,0,50,57.0,27.363846269205577,50140.0,5.88,2.7,2008,4,Q2,1Fam,1,2008-04-01,188384.548444549
1518,1,1.5,5,2.0,1518.0,8,12677,6,0,588.0,1218.0,300.0,1518,2003.0,185,140,472.0,5,IR1,0,120,62.0,27.363846269205577,50140.0,5.88,2.7,2008,4,Q2,TwnhsE,1,2008-04-01,274000.0
1424,2,2.0,87,1.0,1228.0,7,7290,7,0,312.0,0.0,1228.0,1424,1921.0,0,0,174.0,8,Reg,0,30,60.0,27.363846269205577,50140.0,5.88,2.7,2008,4,Q2,1Fam,1,2008-04-01,160337.079183809
1393,3,1.5,53,1.0,816.0,5,16466,8,521,300.0,0.0,816.0,872,1955.0,121,0,0.0,7,IR1,265,50,59.0,27.363846269205577,50140.0,5.88,2.7,2008,4,Q2,1Fam,0,2008-04-01,135500.0
2161,3,3.5,58,2.0,832.0,7,12392,8,943,506.0,435.0,397.0,1218,1994.0,0,96,0.0,9,Reg,0,50,70.0,27.363846269205577,50140.0,5.88,2.7,2008,4,Q2,1Fam,1,2008-04-01,183653.890897141
1308,2,2.0,93,2.0,880.0,5,10320,6,428,400.0,0.0,880.0,880,1950.0,0,0,0.0,6,Reg,0,50,68.0,27.363846269205577,50140.0,5.88,2.7,2008,4,Q2,1Fam,1,2008-04-01,166300.235380627
1898,3,2.5,52,2.0,1898.0,5,26073,7,0,484.0,1116.0,782.0,1898,1956.0,0,51,0.0,5,IR1,0,20,56.0,27.363846269205577,50140.0,5.88,2.7,2008,4,Q2,1Fam,0,2008-04-01,210578.623546866
896,2,1.0,62,1.0,989.5,4,5940,4,0,280.0,368.5,467.0,896,1946.0,0,0,0.0,7,IR1,0,20,99.0,27.363846269205577,50140.0,5.88,2.7,2008,4,Q2,1Fam,1,2008-04-01,157680.227412949
1216,3,2.0,88,1.0,565.0,5,5520,6,651,355.0,68.0,497.0,565,1920.0,0,0,0.0,7,IR1,0,50,60.0,27.363846269205577,50140.0,5.88,2.7,2008,4,Q2,1Fam,1,2008-04-01,170129.531364292
1013,3,1.0,82,1.0,992.0,6,5000,6,0,160.0,0.0,992.0,1013,1926.0,0,0,0.0,7,Reg,0,45,50.0,27.363846269205577,50140.0,5.88,2.7,2008,4,Q2,1Fam,1,2008-04-01,169106.151422924
1342,2,2.0,69,1.0,739.0,6,6000,7,468,240.0,264.0,475.0,874,1939.0,0,0,0.0,5,Reg,0,50,50.0,27.363846269205577,50140.0,5.88,2.7,2008,4,Q2,1Fam,1,2008-04-01,157798.309713876
1537,3,3.0,2,3.0,1518.0,8,11563,8,0,788.0,1036.0,482.0,1537,2007.0,0,26,258.0,5,IR1,0,20,74.0,27.363846269205577,50140.0,5.88,2.7,2008,4,Q2,1Fam,1,2008-04-01,182022.387105998
1290,3,1.5,108,1.0,554.0,6,5870,6,554,200.0,0.0,554.0,736,1926.0,38,112,0.0,9,Reg,0,70,59.0,27.363846269205577,50140.0,5.88,2.7,2008,4,Q2,1Fam,1,2008-04-01,170818.344786366
864,3,1.0,36,2.0,864.0,4,12735,5,0,576.0,600.0,264.0,864,1980.0,216,0,0.0,5,IR1,0,20,68.0,27.363846269205577,50140.0,5.88,2.7,2008,4,Q2,1Fam,0,2008-04-01,111250.0
924,3,1.0,33,1.0,924.0,5,7990,5,0,280.0,0.0,924.0,924,1981.0,0,0,0.0,6,IR1,0,20,88.0,27.363846269205577,50140.0,5.88,2.7,2008,4,Q2,1Fam,0,2008-04-01,110000.0
1363,2,2.0,54,2.0,1385.0,7,39104,5,0,439.0,226.0,96.0,1363,1954.0,81,0,0.0,7,IR1,0,20,73.0,27.363846269205577,50140.0,5.88,2.7,2008,4,Q2,1Fam,1,2008-04-01,241500.0
1604,3,2.5,11,2.0,926.0,6,8702,7,678,470.0,706.0,220.0,926,1997.0,0,36,0.0,5,IR1,0,60,72.0,27.363846269205577,50140.0,5.88,2.7,2008,4,Q2,1Fam,1,2008-04-01,176391.829390125
1080,3,2.0,4,0.0,1080.0,7,7500,6,0,0.0,680.0,400.0,1080,1979.0,0,0,120.0,5,Reg,0,20,63.0,27.363846269205577,50140.0,5.88,2.7,2008,4,Q2,1Fam,1,2008-04-01,141000.0
890,3,2.0,40,1.0,890.0,5,8450,5,0,308.0,890.0,0.0,890,1970.0,0,0,0.0,5,Reg,0,190,65.0,27.363846269205577,50140.0,5.88,2.7,2008,4,Q2,2fmCon,0,2008-04-01,175895.883726231
1096,2,1.0,84,0.0,572.0,6,9600,5,524,0.0,0.0,572.0,572,1979.0,0,8,0.0,5,Reg,0,50,60.0,27.363846269205577,50140.0,5.88,2.7,2008,4,Q2,1Fam,1,2008-04-01,79000.0
1593,3,3.5,4,2.0,839.0,6,7415,8,729,398.0,759.0,80.0,864,2004.0,100,75,0.0,5,IR1,0,60,62.0,27.363846269205577,50140.0,5.88,2.7,2008,4,Q2,1Fam,0,2008-04-01,193000.0
1912,3,2.0,103,2.0,482.0,6,10800,7,691,672.0,0.0,482.0,1221,2003.0,0,25,0.0,7,Reg,0,190,60.0,27.363846269205577,50140.0,5.88,2.7,2008,4,Q2,2fmCon,1,2008-04-01,163000.0
1609,3,2.5,13,2.0,754.0,6,8453,6,855,525.0,362.0,392.0,754,1995.0,0,70,38.0,5,IR1,0,60,65.0,27.363846269205577,50140.0,5.88,2.7,2008,4,Q2,1Fam,0,2008-04-01,175901.787841278
1558,3,2.5,63,1.0,913.0,5,10930,6,510,288.0,580.0,333.0,1048,1962.0,0,0,0.0,6,Reg,0,50,60.0,27.363846269205577,50140.0,5.88,2.7,2008,4,Q2,1Fam,1,2008-04-01,140000.0
1337,2,3.0,19,2.0,1337.0,8,5950,5,0,462.0,319.0,1018.0,1337,1989.0,0,73,0.0,5,IR1,0,120,65.0,27.363846269205577,50140.0,5.88,2.7,2008,4,Q2,TwnhsE,0,2008-04-01,157699.907796437
1633,3,2.5,10,2.0,932.0,6,11184,7,701,460.0,0.0,932.0,932,1998.0,0,39,0.0,5,IR1,0,60,73.0,27.363846269205577,50140.0,5.88,2.7,2008,4,Q2,1Fam,0,2008-04-01,181276.500571809
1414,3,2.5,6,2.0,707.0,7,7750,6,707,403.0,0.0,707.0,707,2002.0,100,35,0.0,5,Reg,0,60,68.0,27.363846269205577,50140.0,5.88,2.7,2008,4,Q2,1Fam,0,2008-04-01,174518.256882082
790,2,1.0,78,1.0,768.0,6,6292,4,0,160.0,384.0,384.0,790,1925.0,0,141,0.0,5,Reg,0,30,52.0,27.363846269205577,50140.0,5.88,2.7,2008,4,Q2,1Fam,1,2008-04-01,91000.0
1774,2,2.0,77,2.0,952.0,7,6120,8,752,468.0,0.0,952.0,1022,1931.0,90,0,0.0,5,Reg,0,50,51.0,27.363846269205577,50140.0,5.88,2.7,2008,4,Q2,1Fam,1,2008-04-01,129900.0
864,2,2.0,83,0.0,864.0,5,5604,5,0,0.0,468.0,396.0,864,1979.0,0,0,0.0,6,Reg,0,30,67.0,27.363846269205577,50140.0,5.88,2.7,2008,4,Q2,1Fam,1,2008-04-01,98000.0
1436,3,3.0,4,2.0,1436.0,7,8450,8,0,484.0,946.0,490.0,1436,2004.0,139,98,266.0,5,Reg,0,20,65.0,27.363846269205577,50140.0,5.88,2.7,2008,4,Q2,1Fam,0,2008-04-01,210000.0
1549,3,3.5,9,2.0,744.0,6,2280,6,792,440.0,550.0,194.0,757,1999.0,0,32,216.0,5,Reg,0,160,24.0,27.363846269205577,50140.0,5.88,2.7,2008,4,Q2,Twnhs,0,2008-04-01,163753.087114229
1444,2,2.0,32,2.0,1444.0,6,10400,5,0,473.0,0.0,1444.0,1444,1976.0,0,24,120.0,5,Reg,0,20,80.0,27.363846269205577,50140.0,5.88,2.7,2008,4,Q2,1Fam,0,2008-04-01,166457.67844853
789,2,1.0,60,1.0,789.0,5,6000,5,0,250.0,104.0,516.0,789,1948.0,0,0,0.0,5,Reg,0,20,50.0,27.363846269205577,50140.0,5.88,2.7,2008,4,Q2,1Fam,1,2008-04-01,115000.0
1218,2,3.0,1,2.0,1218.0,7,7500,6,0,462.0,902.0,316.0,1218,2008.0,168,168,210.0,5,Reg,0,20,62.0,27.363846269205577,50140.0,5.88,2.7,2008,4,Q2,1Fam,1,2008-04-01,160750.367237054
952,2,1.0,52,1.0,952.0,4,8475,4,0,283.0,228.0,724.0,952,1956.0,0,0,0.0,7,IR1,0,20,68.0,27.363846269205577,50140.0,5.88,2.7,2008,4,Q2,1Fam,0,2008-04-01,135750.0
987,2,1.5,36,1.0,483.0,6,1890,5,504,352.0,483.0,0.0,483,1975.0,411,0,422.0,6,Reg,0,160,21.0,27.363846269205577,50140.0,5.88,2.7,2008,4,Q2,Twnhs,0,2008-04-01,149709.672100371
1100,3,2.0,48,1.0,1100.0,4,12493,6,0,312.0,419.0,375.0,1100,1960.0,355,0,0.0,5,IR1,0,20,68.0,27.363846269205577,50140.0,5.88,2.7,2008,4,Q2,1Fam,0,2008-04-01,141000.0
1536,4,1.5,56,1.0,768.0,6,10266,7,768,308.0,372.0,396.0,768,1952.0,0,216,0.0,6,Reg,0,70,60.0,27.363846269205577,50140.0,6.05,3.0,2008,5,Q2,1Fam,0,2008-05-01,193850.613979055
838,2,2.0,90,1.0,816.0,6,10267,5,0,275.0,210.0,0.0,838,1961.0,0,0,0.0,7,Reg,0,30,55.0,27.363846269205577,50140.0,6.05,3.0,2008,5,Q2,1Fam,1,2008-05-01,130000.0
796,2,1.0,98,0.0,796.0,5,8777,4,0,0.0,0.0,796.0,796,1979.0,328,0,0.0,7,Reg,0,30,67.0,27.363846269205577,50140.0,6.05,3.0,2008,5,Q2,1Fam,1,2008-05-01,85000.0
1651,3,2.5,9,2.0,831.0,7,8390,7,778,450.0,0.0,831.0,873,1999.0,0,103,0.0,5,IR1,0,60,77.0,27.363846269205577,50140.0,6.05,3.0,2008,5,Q2,1Fam,0,2008-05-01,176882.693978902
2322,4,2.5,9,2.0,1037.0,7,12460,8,1285,400.0,870.0,167.0,1037,1999.0,144,44,0.0,5,IR1,0,60,41.0,27.363846269205577,50140.0,6.05,3.0,2008,5,Q2,1Fam,1,2008-05-01,198168.490116289
1344,3,2.0,93,0.0,536.0,3,10320,8,536,0.0,0.0,536.0,808,1979.0,42,0,0.0,3,Reg,0,190,60.0,27.363846269205577,50140.0,6.05,3.0,2008,5,Q2,2fmCon,1,2008-05-01,180681.007992057
520,1,1.0,81,1.0,520.0,4,6324,4,0,240.0,0.0,520.0,520,1920.0,49,0,0.0,6,IR1,0,30,60.0,27.363846269205577,50140.0,6.05,3.0,2008,5,Q2,1Fam,1,2008-05-01,68500.0
960,3,2.0,45,1.0,960.0,5,9239,6,0,300.0,634.0,326.0,960,1963.0,168,0,0.0,8,Reg,0,20,94.0,27.363846269205577,50140.0,6.05,3.0,2008,5,Q2,1Fam,1,2008-05-01,178553.558537021
1986,4,2.5,5,2.0,847.0,7,8396,9,1139,434.0,0.0,847.0,847,2003.0,120,48,196.0,5,IR1,0,60,68.0,27.363846269205577,50140.0,6.05,3.0,2008,5,Q2,1Fam,0,2008-05-01,190170.382266827
1034,3,1.5,30,2.0,450.0,6,7703,6,0,504.0,450.0,0.0,1034,1978.0,311,0,40.0,8,IR1,0,85,68.0,27.363846269205577,50140.0,6.05,3.0,2008,5,Q2,1Fam,0,2008-05-01,175530.651633287
1075,3,2.0,45,2.0,981.0,5,11235,6,0,440.0,784.0,197.0,1075,1996.0,64,0,0.0,6,Reg,64,85,68.0,27.363846269205577,50140.0,6.05,3.0,2008,5,Q2,1Fam,0,2008-05-01,182481.763081195
1414,3,2.0,50,2.0,1184.0,6,11029,6,0,601.0,528.0,245.0,1414,1990.0,0,51,0.0,8,IR1,190,20,87.0,27.363846269205577,50140.0,6.05,3.0,2008,5,Q2,1Fam,1,2008-05-01,176500.0
848,1,2.0,4,2.0,848.0,6,4426,3,0,420.0,697.0,151.0,848,2004.0,149,0,147.0,5,Reg,0,120,68.0,27.363846269205577,50140.0,6.05,3.0,2008,5,Q2,TwnhsE,0,2008-05-01,149300.0
1682,3,2.0,38,2.0,1304.0,7,10400,7,0,530.0,0.0,1304.0,1682,1970.0,98,0,288.0,6,Reg,0,20,80.0,27.363846269205577,50140.0,6.05,3.0,2008,5,Q2,1Fam,0,2008-05-01,174000.0
1576,2,3.0,4,3.0,1393.0,7,3940,7,0,668.0,1087.0,306.0,1576,2004.0,143,20,24.0,5,Reg,0,120,68.0,27.363846269205577,50140.0,6.05,3.0,2008,5,Q2,TwnhsE,0,2008-05-01,154849.043268978
1091,2,1.5,57,1.0,1091.0,6,7801,5,0,344.0,500.0,591.0,1091,1951.0,66,105,88.0,5,IR1,221,20,79.0,27.363846269205577,50140.0,6.05,3.0,2008,5,Q2,1Fam,0,2008-05-01,162447.639333636
930,2,1.0,55,1.0,911.0,4,9520,5,0,286.0,767.0,144.0,930,1953.0,134,0,115.0,5,Reg,0,20,68.0,27.363846269205577,50140.0,6.05,3.0,2008,5,Q2,1Fam,0,2008-05-01,165830.697255197
1688,4,3.5,11,2.0,616.0,6,12798,8,1072,603.0,462.0,154.0,616,1997.0,403,114,0.0,5,IR1,0,60,79.0,27.363846269205577,50140.0,6.05,3.0,2008,5,Q2,1Fam,0,2008-05-01,200000.0
784,2,2.0,53,0.0,784.0,4,6931,4,0,0.0,784.0,0.0,784,1979.0,112,0,0.0,5,Reg,0,190,56.0,27.363846269205577,50140.0,6.05,3.0,2008,5,Q2,2fmCon,0,2008-05-01,160735.445970193
1456,4,2.5,33,2.0,855.0,6,2308,7,601,460.0,286.0,275.0,855,1975.0,0,0,0.0,6,Reg,0,160,24.0,27.363846269205577,50140.0,6.05,3.0,2008,5,Q2,TwnhsE,0,2008-05-01,178188.964799425
1127,3,2.0,32,2.0,1127.0,6,6500,6,0,480.0,1033.0,94.0,1127,1991.0,0,0,84.0,6,Reg,0,20,65.0,27.363846269205577,50140.0,6.05,3.0,2008,5,Q2,1Fam,0,2008-05-01,173163.101499699
1200,3,1.0,62,1.0,768.0,5,11767,6,432,240.0,352.0,416.0,768,1946.0,0,0,0.0,6,Reg,0,50,70.0,27.363846269205577,50140.0,6.05,3.0,2008,5,Q2,1Fam,1,2008-05-01,130500.0
2117,4,2.5,38,2.0,1205.0,6,12925,7,0,550.0,865.0,340.0,2117,1970.0,0,42,0.0,7,IR1,0,20,68.0,27.363846269205577,50140.0,6.05,3.0,2008,5,Q2,1Fam,0,2008-05-01,237500.0
1165,3,2.5,42,2.0,1127.0,6,9020,6,0,490.0,312.0,276.0,1165,1966.0,0,129,183.0,7,Reg,0,80,82.0,27.363846269205577,50140.0,6.05,3.0,2008,5,Q2,1Fam,0,2008-05-01,174900.0
912,3,2.5,47,1.0,912.0,6,6768,5,0,288.0,832.0,80.0,912,1962.0,168,0,0.0,8,IR1,0,20,65.0,27.363846269205577,50140.0,6.05,3.0,2008,5,Q2,1Fam,1,2008-05-01,142000.0
1665,3,2.5,1,2.0,813.0,7,8125,7,843,562.0,0.0,813.0,822,2007.0,0,0,0.0,6,Reg,0,60,65.0,27.363846269205577,50140.0,6.05,3.0,2008,5,Q2,1Fam,0,2008-05-01,205950.0
912,2,1.0,78,1.0,520.0,5,7392,5,0,360.0,0.0,520.0,912,1934.0,0,90,0.0,7,Reg,0,30,60.0,27.363846269205577,50140.0,6.05,3.0,2008,5,Q2,1Fam,1,2008-05-01,161642.711648983
1049,2,1.0,98,1.0,356.0,4,5150,5,378,195.0,0.0,356.0,671,1910.0,0,0,0.0,7,Reg,0,50,52.0,27.363846269205577,50140.0,6.05,3.0,2008,5,Q2,1Fam,1,2008-05-01,157230.369671007
1174,3,2.0,30,2.0,864.0,5,12250,5,0,528.0,781.0,83.0,1174,1978.0,211,0,180.0,6,IR1,0,20,68.0,27.363846269205577,50140.0,6.05,3.0,2008,5,Q2,1Fam,0,2008-05-01,184479.322005212
1823,3,3.5,8,2.0,928.0,7,12192,6,895,626.0,663.0,265.0,928,2000.0,192,36,0.0,5,IR1,0,60,75.0,27.363846269205577,50140.0,6.05,3.0,2008,5,Q2,1Fam,1,2008-05-01,184365.175780982
1372,3,2.0,1,2.0,1372.0,7,8640,6,0,529.0,0.0,1372.0,1372,2008.0,0,140,0.0,5,Reg,0,20,72.0,27.363846269205577,50140.0,6.05,3.0,2008,5,Q2,1Fam,1,2008-05-01,250580.0
1418,3,3.0,11,2.0,1418.0,7,8696,5,0,558.0,1308.0,110.0,1418,1997.0,208,110,150.0,5,IR1,0,20,68.0,27.363846269205577,50140.0,6.05,3.0,2008,5,Q2,1Fam,1,2008-05-01,177484.91371363
848,1,2.0,4,2.0,848.0,6,4426,3,0,420.0,697.0,151.0,848,2004.0,149,0,147.0,5,Reg,0,120,68.0,27.363846269205577,50140.0,6.05,3.0,2008,5,Q2,TwnhsE,0,2008-05-01,141000.0
1394,3,2.5,2,2.0,384.0,5,9735,7,640,400.0,0.0,384.0,754,2007.0,100,0,0.0,5,Reg,0,80,73.0,27.363846269205577,50140.0,6.05,3.0,2008,5,Q2,1Fam,1,2008-05-01,167500.0
864,3,2.0,37,2.0,864.0,5,7560,5,0,576.0,119.0,132.0,864,1977.0,0,0,0.0,5,Reg,0,20,63.0,27.363846269205577,50140.0,6.05,3.0,2008,5,Q2,1Fam,0,2008-05-01,175249.222149411
1615,3,2.0,1,3.0,1615.0,8,9345,7,0,864.0,0.0,1615.0,1615,2007.0,168,30,156.0,5,IR1,0,20,65.0,27.363846269205577,50140.0,6.05,3.0,2008,5,Q2,1Fam,0,2008-05-01,178762.170601992
1475,4,2.0,32,1.0,550.0,5,2665,6,550,336.0,318.0,232.0,925,1976.0,92,26,0.0,7,Reg,0,160,41.0,27.363846269205577,50140.0,6.05,3.0,2008,5,Q2,TwnhsE,0,2008-05-01,178891.554489941
1470,4,2.0,54,1.0,941.0,4,8172,7,473,548.0,0.0,941.0,997,1958.0,0,0,0.0,6,Reg,156,50,60.0,27.363846269205577,50140.0,6.05,3.0,2008,5,Q2,1Fam,1,2008-05-01,135000.0
1578,3,3.0,2,3.0,1578.0,7,13253,7,0,642.0,1096.0,482.0,1578,2006.0,0,26,128.0,5,IR1,0,20,74.0,27.363846269205577,50140.0,6.05,3.0,2008,5,Q2,1Fam,0,2008-05-01,186453.264469043
864,3,1.0,36,1.0,864.0,5,7180,5,0,352.0,390.0,474.0,864,1989.0,0,0,0.0,7,IR1,0,20,60.0,27.363846269205577,50140.0,6.05,3.0,2008,5,Q2,1Fam,0,2008-05-01,127000.0
1950,2,3.0,1,3.0,1950.0,9,14418,7,0,706.0,1375.0,575.0,1950,2007.0,156,207,480.0,5,IR1,0,20,104.0,27.363846269205577,50140.0,6.05,3.0,2008,5,Q2,1Fam,0,2008-05-01,175470.149087545
1196,2,2.0,52,1.0,1196.0,6,9000,6,0,297.0,616.0,580.0,1196,1956.0,0,44,74.0,5,Reg,0,20,72.0,27.363846269205577,50140.0,6.05,3.0,2008,5,Q2,1Fam,0,2008-05-01,139000.0
1152,3,1.5,55,2.0,1152.0,5,9373,6,0,636.0,500.0,456.0,1152,1971.0,0,0,84.0,6,IR1,0,20,102.0,27.363846269205577,50140.0,6.05,3.0,2008,5,Q2,1Fam,0,2008-05-01,178817.275675758
882,2,2.0,56,1.0,720.0,5,11556,4,0,240.0,148.0,572.0,882,1952.0,0,0,52.0,6,Reg,0,20,60.0,27.363846269205577,50140.0,6.05,3.0,2008,5,Q2,1Fam,0,2008-05-01,169837.623333323
2898,2,3.0,32,2.0,1565.0,8,15498,10,0,665.0,1165.0,0.0,2898,1976.0,0,72,0.0,6,IR1,0,20,68.0,27.363846269205577,50140.0,6.05,3.0,2008,5,Q2,1Fam,0,2008-05-01,287000.0
1728,3,2.5,5,2.0,864.0,6,8791,7,864,673.0,503.0,361.0,864,2003.0,216,56,0.0,5,IR1,0,60,64.0,27.363846269205577,50140.0,6.05,3.0,2008,5,Q2,1Fam,0,2008-05-01,207500.0
1792,3,2.5,7,2.0,963.0,7,12435,7,829,564.0,361.0,602.0,963,2001.0,0,96,172.0,5,Reg,0,60,80.0,27.363846269205577,50140.0,6.05,3.0,2008,5,Q2,1Fam,0,2008-05-01,231500.0
1570,3,2.0,50,2.0,1395.0,6,13200,5,0,441.0,958.0,437.0,1570,1958.0,490,0,187.0,6,IR1,0,20,90.0,27.363846269205577,50140.0,6.05,3.0,2008,5,Q2,1Fam,0,2008-05-01,186348.958436557
1604,3,2.5,10,2.0,926.0,6,9535,7,678,472.0,851.0,75.0,926,1998.0,100,82,0.0,5,IR1,0,60,59.0,27.363846269205577,50140.0,6.05,3.0,2008,5,Q2,1Fam,0,2008-05-01,179136.097888261
1176,3,2.0,51,1.0,1176.0,5,8856,6,0,292.0,621.0,503.0,1176,1957.0,0,88,143.0,4,Reg,95,20,74.0,27.363846269205577,50140.0,6.05,3.0,2008,5,Q2,1Fam,0,2008-05-01,177799.799849436
2329,4,3.5,18,2.0,1475.0,7,11839,10,797,514.0,1085.0,390.0,1532,1990.0,192,121,99.0,5,Reg,0,60,86.0,27.363846269205577,50140.0,6.05,3.0,2008,5,Q2,1Fam,0,2008-05-01,262280.0
1357,2,2.0,49,1.0,1019.0,6,11512,5,0,312.0,719.0,300.0,1357,1959.0,0,0,84.0,7,IR1,163,80,124.0,27.363846269205577,50140.0,6.05,3.0,2008,5,Q2,1Fam,1,2008-05-01,177000.0
3447,4,3.5,73,3.0,728.0,8,14100,11,1479,1014.0,192.0,536.0,1968,1982.0,314,12,632.0,9,IR1,0,50,68.0,27.363846269205577,50140.0,6.05,3.0,2008,5,Q2,1Fam,1,2008-05-01,381000.0
1792,3,3.5,8,2.0,936.0,6,10261,8,830,451.0,0.0,936.0,962,2000.0,0,0,318.0,5,IR1,0,60,93.0,27.363846269205577,50140.0,6.05,3.0,2008,5,Q2,1Fam,0,2008-05-01,186500.0
1200,2,3.5,3,2.0,600.0,6,3180,5,600,480.0,390.0,210.0,600,2005.0,0,166,0.0,5,Reg,0,160,30.0,27.363846269205577,50140.0,6.05,3.0,2008,5,Q2,TwnhsE,0,2008-05-01,153353.334123901
1670,4,1.5,37,2.0,825.0,7,13355,7,825,464.0,583.0,242.0,845,1971.0,0,0,0.0,6,IR1,0,60,68.0,27.363846269205577,50140.0,6.05,3.0,2008,5,Q2,1Fam,0,2008-05-01,199929.884438451
2601,4,3.5,87,2.0,612.0,5,9842,8,1611,621.0,0.0,612.0,990,1998.0,183,0,0.0,6,Reg,0,70,51.0,27.363846269205577,50140.0,6.05,3.0,2008,5,Q2,1Fam,1,2008-05-01,189000.0
1427,4,2.5,39,2.0,1427.0,6,11104,7,0,516.0,828.0,599.0,1427,1969.0,0,0,0.0,6,IR1,216,80,68.0,27.363846269205577,50140.0,6.05,3.0,2008,5,Q2,1Fam,0,2008-05-01,195499.830115336
1671,3,4.0,32,2.0,1426.0,8,16280,6,0,550.0,1044.0,0.0,1671,1976.0,280,90,0.0,9,Reg,0,20,103.0,27.363846269205577,50140.0,6.05,3.0,2008,5,Q2,1Fam,1,2008-05-01,192410.516550815
1523,3,2.5,32,2.0,1193.0,6,11361,7,0,478.0,644.0,549.0,1523,1976.0,0,0,160.0,5,Reg,189,20,104.0,27.363846269205577,50140.0,6.05,3.0,2008,5,Q2,1Fam,0,2008-05-01,180000.0
1719,1,3.5,15,2.0,1719.0,8,10846,6,0,473.0,1619.0,100.0,1719,1993.0,122,30,0.0,5,IR1,0,120,32.0,27.363846269205577,50140.0,6.05,3.0,2008,5,Q2,TwnhsE,0,2008-05-01,324000.0
894,3,2.0,41,2.0,894.0,5,9764,5,0,450.0,702.0,192.0,894,1967.0,0,0,0.0,7,IR1,0,20,57.0,27.363846269205577,50140.0,6.05,3.0,2008,5,Q2,1Fam,1,2008-05-01,130000.0
3493,3,3.0,128,3.0,1470.0,7,18386,10,1818,870.0,0.0,1470.0,1675,2003.0,302,0,0.0,9,Reg,0,75,87.0,27.363846269205577,50140.0,6.05,3.0,2008,5,Q2,1Fam,1,2008-05-01,295000.0
1114,3,2.0,47,2.0,1114.0,5,9900,5,0,451.0,0.0,1114.0,1114,1961.0,0,0,0.0,5,Reg,164,20,90.0,27.363846269205577,50140.0,6.05,3.0,2008,5,Q2,1Fam,0,2008-05-01,179854.431885567
1504,2,2.0,3,2.0,1346.0,7,3182,7,0,437.0,16.0,1330.0,1504,2005.0,156,20,14.0,5,Reg,0,120,43.0,27.363846269205577,50140.0,6.05,3.0,2008,5,Q2,TwnhsE,1,2008-05-01,191000.0
1159,3,1.0,83,1.0,747.0,5,7506,5,412,288.0,0.0,747.0,747,1932.0,84,0,0.0,8,Reg,0,50,45.0,27.363846269205577,50140.0,6.05,3.0,2008,5,Q2,1Fam,1,2008-05-01,175142.948078577
2290,4,2.5,6,2.0,1128.0,8,11250,9,1141,779.0,0.0,1128.0,1149,2002.0,0,0,0.0,5,Reg,0,60,68.0,27.363846269205577,50140.0,6.05,3.0,2008,5,Q2,1Fam,0,2008-05-01,255900.0
1497,3,2.0,71,1.0,825.0,6,6000,5,672,672.0,201.0,462.0,825,2004.0,272,0,0.0,7,Reg,0,50,50.0,27.363846269205577,50140.0,6.05,3.0,2008,5,Q2,1Fam,1,2008-05-01,172179.082325307
1210,3,1.0,67,1.0,672.0,5,5000,6,378,240.0,600.0,72.0,832,1941.0,0,0,0.0,7,Reg,0,50,50.0,27.363846269205577,50140.0,6.05,3.0,2008,5,Q2,1Fam,1,2008-05-01,170211.043976522
1093,2,1.0,50,1.0,869.0,4,8516,5,0,308.0,0.0,869.0,1093,1959.0,0,0,0.0,6,Reg,0,20,52.0,27.363846269205577,50140.0,6.05,3.0,2008,5,Q2,1Fam,1,2008-05-01,163854.786753017
1253,2,2.5,48,1.0,1253.0,6,10920,5,0,352.0,733.0,520.0,1253,1960.0,0,213,212.0,5,IR1,0,20,68.0,27.363846269205577,50140.0,6.05,3.0,2008,5,Q2,1Fam,0,2008-05-01,157000.0
1017,2,1.0,108,1.0,346.0,5,9143,5,308,308.0,0.0,346.0,709,1961.0,0,0,0.0,7,Reg,0,50,69.0,27.363846269205577,50140.0,6.05,3.0,2008,5,Q2,1Fam,1,2008-05-01,165088.746797705
1436,3,2.0,68,2.0,884.0,6,10800,8,552,828.0,590.0,294.0,884,1940.0,0,0,0.0,6,Reg,0,190,60.0,27.363846269205577,50140.0,6.05,3.0,2008,5,Q2,2fmCon,1,2008-05-01,181625.666399474
1656,2,2.0,68,2.0,801.0,4,7628,8,561,440.0,0.0,801.0,1095,1958.0,187,0,0.0,6,Reg,0,50,63.0,27.363846269205577,50140.0,6.05,3.0,2008,5,Q2,1Fam,1,2008-05-01,162107.168699296
1954,3,2.0,69,2.0,798.0,7,15660,8,817,431.0,341.0,457.0,1137,1939.0,0,119,312.0,9,IR1,0,50,68.0,27.363846269205577,50140.0,6.05,3.0,2008,5,Q2,1Fam,1,2008-05-01,311500.0
1474,3,1.0,56,2.0,1632.0,6,31220,7,0,495.0,0.0,1632.0,1474,1952.0,0,0,0.0,2,IR1,0,20,68.0,27.363846269205577,50140.0,6.05,3.0,2008,5,Q2,1Fam,0,2008-05-01,221813.00948166
784,2,2.0,84,0.0,784.0,5,6130,5,0,0.0,784.0,0.0,784,1979.0,0,0,0.0,6,Reg,0,45,50.0,27.363846269205577,50140.0,6.05,3.0,2008,5,Q2,1Fam,1,2008-05-01,109500.0
1256,3,2.5,49,1.0,1256.0,5,8000,6,0,311.0,476.0,292.0,1256,1959.0,0,240,0.0,6,Reg,0,20,80.0,27.363846269205577,50140.0,6.05,3.0,2008,5,Q2,1Fam,0,2008-05-01,176115.159022876
1117,3,1.0,45,1.0,1117.0,5,7590,6,0,264.0,0.0,1117.0,1117,1963.0,0,0,0.0,5,Reg,0,20,69.0,27.363846269205577,50140.0,6.05,3.0,2008,5,Q2,1Fam,0,2008-05-01,175308.263299874
1122,2,2.0,60,2.0,924.0,5,12000,6,0,528.0,144.0,172.0,1122,1948.0,0,36,0.0,7,Reg,0,20,100.0,27.363846269205577,50140.0,6.05,3.0,2008,5,Q2,1Fam,1,2008-05-01,147000.0
1344,4,1.0,92,3.0,624.0,5,4571,7,720,513.0,0.0,624.0,624,1916.0,0,0,0.0,5,Reg,0,70,34.0,27.363846269205577,50140.0,6.05,3.0,2008,5,Q2,1Fam,1,2008-05-01,98000.0
1737,3,3.0,16,2.0,836.0,7,8285,7,893,506.0,397.0,439.0,844,1992.0,192,85,0.0,5,Reg,0,60,75.0,27.363846269205577,50140.0,6.05,3.0,2008,5,Q2,1Fam,0,2008-05-01,176676.04995228
1820,4,2.0,43,2.0,864.0,7,13700,8,918,492.0,454.0,410.0,902,1965.0,60,84,288.0,6,IR1,273,60,68.0,27.363846269205577,50140.0,6.05,3.0,2008,5,Q2,1Fam,1,2008-05-01,201800.0
1658,3,3.5,13,2.0,773.0,6,8000,8,885,431.0,219.0,554.0,773,1995.0,224,84,0.0,5,Reg,0,60,68.0,27.363846269205577,50140.0,6.37,3.7,2008,6,Q2,1Fam,1,2008-06-01,188000.0
1040,3,1.0,33,2.0,1040.0,5,4224,6,0,499.0,769.0,271.0,1040,1975.0,0,100,0.0,6,Reg,0,120,68.0,27.363846269205577,50140.0,6.37,3.7,2008,6,Q2,TwnhsE,0,2008-06-01,169788.738771463
1308,3,1.5,39,2.0,720.0,5,9743,7,588,484.0,280.0,440.0,720,1969.0,0,0,0.0,6,Reg,0,60,75.0,27.363846269205577,50140.0,6.37,3.7,2008,6,Q2,1Fam,0,2008-06-01,180650.342418406
1873,4,1.5,73,2.0,608.0,8,9670,9,890,786.0,210.0,398.0,983,1935.0,0,0,40.0,6,IR1,0,70,100.0,27.363846269205577,50140.0,6.37,3.7,2008,6,Q2,1Fam,1,2008-06-01,193782.555676777
2340,4,3.5,12,3.0,1236.0,8,14311,9,1104,787.0,1023.0,213.0,1236,1996.0,192,180,402.0,5,IR1,0,60,68.0,27.363846269205577,50140.0,6.37,3.7,2008,6,Q2,1Fam,0,2008-06-01,202916.221653487
952,2,2.0,57,2.0,952.0,5,7350,4,0,840.0,852.0,100.0,952,1988.0,0,0,0.0,7,Reg,0,20,60.0,27.363846269205577,50140.0,6.37,3.7,2008,6,Q2,1Fam,0,2008-06-01,139000.0
864,3,1.5,88,1.0,592.0,4,9000,5,432,216.0,0.0,592.0,432,1920.0,0,30,0.0,6,Reg,0,70,60.0,27.363846269205577,50140.0,6.37,3.7,2008,6,Q2,1Fam,1,2008-06-01,179188.089925259
1580,3,2.0,1,3.0,1580.0,8,11932,7,0,830.0,0.0,1580.0,1580,2008.0,0,24,186.0,5,Reg,0,20,92.0,27.363846269205577,50140.0,6.37,3.7,2008,6,Q2,1Fam,1,2008-06-01,235128.0
1688,2,3.0,20,2.0,1675.0,7,12680,6,0,528.0,983.0,692.0,1688,1988.0,0,48,102.0,6,IR1,141,20,63.0,27.363846269205577,50140.0,6.37,3.7,2008,6,Q2,1Fam,0,2008-06-01,173154.590990955
816,2,1.0,78,1.0,816.0,6,5890,5,0,432.0,538.0,278.0,816,2002.0,0,0,0.0,8,Reg,0,30,68.0,27.363846269205577,50140.0,6.37,3.7,2008,6,Q2,1Fam,1,2008-06-01,120500.0
1440,3,3.0,5,2.0,1432.0,8,11202,7,0,467.0,1029.0,403.0,1440,2003.0,185,95,206.0,5,IR1,0,20,82.0,27.363846269205577,50140.0,6.37,3.7,2008,6,Q2,1Fam,0,2008-06-01,183521.710369283
988,2,2.0,35,1.0,526.0,4,1974,5,462,297.0,501.0,25.0,526,1973.0,120,101,0.0,7,Reg,0,180,21.0,27.363846269205577,50140.0,6.37,3.7,2008,6,Q2,Twnhs,1,2008-06-01,152084.772428865
1792,4,3.0,34,2.0,896.0,5,9000,8,896,480.0,0.0,896.0,896,1982.0,0,45,0.0,5,Reg,0,90,60.0,27.363846269205577,50140.0,6.37,3.7,2008,6,Q2,Duplex,0,2008-06-01,192463.969983091
1789,3,3.5,7,2.0,858.0,7,10646,7,917,546.0,681.0,177.0,872,2001.0,0,0,513.0,5,IR1,0,60,79.0,27.363846269205577,50140.0,6.37,3.7,2008,6,Q2,1Fam,0,2008-06-01,182427.481047359
1512,3,3.0,83,1.0,798.0,8,7609,7,714,180.0,406.0,392.0,798,1925.0,85,16,0.0,9,Reg,0,70,54.0,27.363846269205577,50140.0,6.37,3.7,2008,6,Q2,1Fam,1,2008-06-01,176450.548582099
1660,3,2.0,1,3.0,1660.0,8,10625,7,0,660.0,0.0,1660.0,1660,2007.0,133,120,292.0,5,Reg,0,20,85.0,27.363846269205577,50140.0,6.37,3.7,2008,6,Q2,1Fam,0,2008-06-01,182386.152242034
984,2,2.0,49,1.0,984.0,5,9750,5,0,308.0,200.0,784.0,984,1959.0,0,0,164.0,6,Reg,0,20,65.0,27.363846269205577,50140.0,6.37,3.7,2008,6,Q2,1Fam,0,2008-06-01,167388.238629016
1175,3,2.0,3,0.0,1175.0,6,13072,6,0,0.0,80.0,1095.0,1175,1979.0,0,90,126.0,5,Reg,0,20,63.0,27.363846269205577,50140.0,6.37,3.7,2008,6,Q2,1Fam,1,2008-06-01,187201.942081511
1499,3,1.0,62,3.0,904.0,5,9000,5,595,869.0,445.0,459.0,904,1959.0,0,20,0.0,6,Reg,0,50,75.0,27.363846269205577,50140.0,6.37,3.7,2008,6,Q2,1Fam,1,2008-06-01,179188.089925259
1740,2,1.0,88,1.0,936.0,5,7308,6,780,225.0,360.0,576.0,960,1920.0,0,0,0.0,5,Reg,0,50,81.0,27.363846269205577,50140.0,6.37,3.7,2008,6,Q2,1Fam,1,2008-06-01,162582.288981283
1594,3,2.0,98,0.0,828.0,4,11426,9,658,0.0,0.0,828.0,828,1979.0,0,172,0.0,6,Reg,0,190,63.0,27.363846269205577,50140.0,6.37,3.7,2008,6,Q2,2fmCon,1,2008-06-01,183962.550959411
1694,4,2.0,83,2.0,1181.0,6,8400,7,304,576.0,423.0,758.0,1390,1925.0,342,0,0.0,5,Reg,0,50,60.0,27.363846269205577,50140.0,6.37,3.7,2008,6,Q2,1Fam,1,2008-06-01,136500.0
984,2,2.0,54,1.0,936.0,6,6390,4,0,280.0,0.0,936.0,984,1954.0,0,0,0.0,7,Reg,0,45,64.0,27.363846269205577,50140.0,6.37,3.7,2008,6,Q2,1Fam,0,2008-06-01,160775.629777099
1081,3,2.0,48,1.0,1081.0,6,12929,5,0,401.0,697.0,384.0,1081,1960.0,36,82,276.0,6,IR1,0,20,68.0,27.363846269205577,50140.0,6.37,3.7,2008,6,Q2,1Fam,1,2008-06-01,186920.512597635
2501,4,2.5,13,3.0,1242.0,8,11929,9,1250,751.0,0.0,1242.0,1251,1995.0,192,87,466.0,7,IR1,0,60,68.0,27.363846269205577,50140.0,6.37,3.7,2008,6,Q2,1Fam,0,2008-06-01,198228.354306682
1044,3,2.0,40,2.0,912.0,5,10180,5,0,372.0,744.0,168.0,1044,1990.0,200,48,0.0,6,IR1,0,20,78.0,27.363846269205577,50140.0,6.37,3.7,2008,6,Q2,1Fam,0,2008-06-01,181510.375176825
2683,4,3.5,18,2.0,930.0,6,9205,9,1319,473.0,704.0,226.0,1364,1990.0,237,251,304.0,5,IR1,196,60,68.0,27.363846269205577,50140.0,6.37,3.7,2008,6,Q2,1Fam,1,2008-06-01,192867.417844592
2786,4,3.5,15,2.0,1848.0,9,11025,10,959,636.0,520.0,1328.0,1827,1993.0,294,49,568.0,5,Reg,0,60,105.0,27.363846269205577,50140.0,6.37,3.7,2008,6,Q2,1Fam,1,2008-06-01,196449.247639381
1440,2,3.0,49,1.0,1248.0,5,9840,7,0,480.0,1053.0,195.0,1440,1959.0,150,0,0.0,7,Reg,256,20,82.0,27.363846269205577,50140.0,6.37,3.7,2008,6,Q2,1Fam,1,2008-06-01,167565.362080406
1245,1,2.0,4,2.0,1235.0,7,3435,5,0,495.0,24.0,1211.0,1245,2004.0,0,100,0.0,5,IR1,0,120,37.0,27.363846269205577,50140.0,6.37,3.7,2008,6,Q2,TwnhsE,1,2008-06-01,141684.196398607
1036,3,1.0,55,1.0,1036.0,5,7584,5,0,312.0,531.0,505.0,1036,1953.0,120,24,88.0,5,Reg,0,20,63.0,27.363846269205577,50140.0,6.37,3.7,2008,6,Q2,1Fam,0,2008-06-01,176401.34762338
1464,4,1.5,40,2.0,732.0,5,8814,7,732,470.0,732.0,0.0,732,1968.0,0,40,0.0,6,Reg,0,60,73.0,27.363846269205577,50140.0,6.37,3.7,2008,6,Q2,1Fam,0,2008-06-01,192097.914850217
2944,3,3.0,31,3.0,994.0,9,24572,9,1345,864.0,410.0,584.0,1599,1977.0,140,70,1050.0,3,IR1,0,60,68.0,27.363846269205577,50140.0,6.37,3.7,2008,6,Q2,1Fam,0,2008-06-01,209834.383092536
1557,2,3.0,9,2.0,1557.0,9,4109,5,0,484.0,1141.0,416.0,1557,1999.0,124,113,260.0,5,IR1,0,120,35.0,27.363846269205577,50140.0,6.37,3.7,2008,6,Q2,TwnhsE,1,2008-06-01,156286.534303521
1404,3,3.5,9,2.0,672.0,7,2160,5,720,462.0,600.0,72.0,684,1999.0,20,0,216.0,5,Reg,0,160,24.0,27.363846269205577,50140.0,6.37,3.7,2008,6,Q2,Twnhs,1,2008-06-01,165726.707619571
1436,3,1.5,86,4.0,892.0,5,10836,7,182,1488.0,0.0,892.0,1254,1968.0,0,0,0.0,5,Reg,0,50,60.0,27.363846269205577,50140.0,6.37,3.7,2008,6,Q2,1Fam,1,2008-06-01,182801.408333628
1603,4,1.0,85,2.0,784.0,6,9650,7,784,599.0,0.0,784.0,819,1980.0,0,217,0.0,3,IR1,0,70,68.0,27.363846269205577,50140.0,6.37,3.7,2008,6,Q2,1Fam,1,2008-06-01,193743.194909801
808,1,1.0,63,1.0,0.0,5,6120,6,0,164.0,0.0,0.0,808,1925.0,0,48,0.0,6,Reg,0,30,68.0,27.363846269205577,50140.0,6.37,3.7,2008,6,Q2,1Fam,1,2008-06-01,146968.379365095
2172,4,2.5,8,3.0,1519.0,9,11000,8,639,687.0,0.0,1519.0,1533,2000.0,162,153,295.0,5,Reg,0,60,68.0,27.363846269205577,50140.0,6.37,3.7,2008,6,Q2,1Fam,0,2008-06-01,196400.046680661
2790,4,3.5,3,4.0,1620.0,10,12539,10,1158,1150.0,1082.0,538.0,1632,2005.0,30,200,468.0,5,Reg,192,60,96.0,27.363846269205577,50140.0,6.37,3.7,2008,6,Q2,1Fam,1,2008-06-01,199428.857699441
1292,3,1.5,85,1.0,949.0,4,5142,6,343,205.0,224.0,725.0,949,1923.0,0,0,0.0,7,Reg,0,30,67.0,27.363846269205577,50140.0,6.37,3.7,2008,6,Q2,1Fam,1,2008-06-01,171595.397975647
2088,4,2.5,1,3.0,948.0,8,8899,10,1140,656.0,40.0,908.0,948,2007.0,100,24,108.0,5,Reg,0,60,74.0,27.363846269205577,50140.0,6.37,3.7,2008,6,Q2,1Fam,0,2008-06-01,192265.198109864
1152,2,2.0,53,0.0,0.0,4,6012,6,0,0.0,0.0,0.0,1152,1979.0,0,0,0.0,5,Reg,0,90,65.0,27.363846269205577,50140.0,6.37,3.7,2008,6,Q2,Duplex,0,2008-06-01,160031.711281258
1575,2,3.0,5,3.0,1603.0,8,10845,7,0,732.0,1149.0,454.0,1575,2003.0,216,28,504.0,5,IR1,0,20,92.0,27.363846269205577,50140.0,6.37,3.7,2008,6,Q2,1Fam,1,2008-06-01,169543.240620935
1361,3,2.0,1,2.0,1351.0,7,9627,6,0,610.0,24.0,1327.0,1361,2007.0,0,50,0.0,5,Reg,0,20,74.0,27.363846269205577,50140.0,6.37,3.7,2008,6,Q2,1Fam,0,2008-06-01,180422.049969947
1445,3,2.0,4,2.0,1445.0,7,9750,6,0,470.0,24.0,1421.0,1445,2004.0,0,35,50.0,5,Reg,0,20,75.0,27.363846269205577,50140.0,6.37,3.7,2008,6,Q2,1Fam,0,2008-06-01,180664.118686848
1764,3,2.5,9,2.0,850.0,8,11690,7,878,560.0,0.0,850.0,886,1999.0,120,29,192.0,5,IR1,0,60,96.0,27.363846269205577,50140.0,6.37,3.7,2008,6,Q2,1Fam,1,2008-06-01,184482.11308349
1786,3,3.0,6,3.0,1778.0,8,14860,6,0,715.0,1538.0,240.0,1786,2002.0,182,35,240.0,5,IR2,0,20,68.0,27.363846269205577,50140.0,6.37,3.7,2008,6,Q2,1Fam,1,2008-06-01,190720.794649138
2125,4,3.5,12,2.0,1064.0,7,10990,12,1061,576.0,851.0,213.0,1064,1996.0,168,0,0.0,5,IR1,0,60,97.0,27.363846269205577,50140.0,6.37,3.7,2008,6,Q2,1Fam,1,2008-06-01,196380.366297173
1367,2,2.0,3,2.0,1367.0,7,12304,6,0,484.0,20.0,1347.0,1367,2005.0,0,33,144.0,5,IR3,0,120,135.0,27.363846269205577,50140.0,6.37,3.7,2008,6,Q2,TwnhsE,0,2008-06-01,172414.608571812
1652,3,2.5,8,2.0,782.0,7,8998,6,870,532.0,527.0,255.0,782,2000.0,0,70,120.0,5,IR1,0,60,68.0,27.363846269205577,50140.0,6.37,3.7,2008,6,Q2,1Fam,0,2008-06-01,179184.153848562
1800,2,3.0,1,3.0,1800.0,9,8232,6,0,944.0,1204.0,596.0,1800,2008.0,210,0,714.0,5,IR1,0,120,89.0,27.363846269205577,50140.0,6.37,3.7,2008,6,Q2,TwnhsE,1,2008-06-01,164400.75641556
2276,3,3.0,0,3.0,2271.0,9,11778,7,0,1348.0,2085.0,186.0,2276,2008.0,0,0,554.0,5,Reg,255,20,91.0,27.363846269205577,50140.0,6.37,3.7,2008,6,Q2,1Fam,0,2008-06-01,184655.300458183
1342,2,3.0,2,2.0,1342.0,8,6240,6,0,550.0,846.0,496.0,1342,2007.0,0,35,176.0,5,Reg,0,120,48.0,27.363846269205577,50140.0,6.37,3.7,2008,6,Q2,TwnhsE,1,2008-06-01,160480.424024781
2814,4,3.0,13,2.0,1077.0,6,9771,9,1721,614.0,779.0,298.0,1093,1995.0,48,32,190.0,5,IR3,216,60,68.0,27.363846269205577,50140.0,6.37,3.7,2008,6,Q2,1Fam,1,2008-06-01,193981.327550004
904,3,1.0,38,3.0,864.0,5,10200,5,0,912.0,704.0,160.0,904,1979.0,143,0,0.0,8,Reg,0,80,68.0,27.363846269205577,50140.0,6.37,3.7,2008,6,Q2,1Fam,0,2008-06-01,181549.735943801
1350,2,2.5,67,3.0,576.0,5,8375,6,486,627.0,336.0,240.0,864,1973.0,0,0,0.0,7,Reg,0,50,63.0,27.363846269205577,50140.0,6.37,3.7,2008,6,Q2,1Fam,1,2008-06-01,164682.185899437
1188,1,2.0,52,2.0,988.0,6,14175,4,0,621.0,776.0,212.0,1188,1956.0,102,89,0.0,8,Reg,0,20,88.0,27.363846269205577,50140.0,6.37,3.7,2008,6,Q2,1Fam,0,2008-06-01,162820.928264556
1609,3,1.0,98,1.0,796.0,6,4347,7,784,228.0,0.0,796.0,825,1910.0,0,182,0.0,8,Reg,0,50,63.0,27.363846269205577,50140.0,6.37,3.7,2008,6,Q2,1Fam,1,2008-06-01,170030.807488363
2161,3,2.5,7,2.0,1257.0,7,10400,8,871,570.0,0.0,1257.0,1290,2001.0,0,84,227.0,5,Reg,0,60,68.0,27.363846269205577,50140.0,6.37,3.7,2008,6,Q2,1Fam,0,2008-06-01,181943.343613558
1456,4,1.5,93,1.0,728.0,6,6000,7,728,308.0,0.0,728.0,728,1915.0,0,0,0.0,7,Reg,0,75,60.0,27.363846269205577,50140.0,6.37,3.7,2008,6,Q2,1Fam,1,2008-06-01,186559.854936737
1256,3,2.5,43,1.0,1256.0,5,9937,6,0,276.0,830.0,136.0,1256,1965.0,736,68,0.0,6,Reg,0,20,75.0,27.363846269205577,50140.0,6.37,3.7,2008,6,Q2,1Fam,0,2008-06-01,147500.0
1611,4,2.5,44,2.0,780.0,6,9760,7,813,442.0,674.0,0.0,798,1964.0,328,128,360.0,6,Reg,189,60,80.0,27.363846269205577,50140.0,6.37,3.7,2008,6,Q2,1Fam,0,2008-06-01,167900.0
1269,3,1.5,48,1.0,1269.0,5,7931,6,0,308.0,374.0,363.0,1269,1964.0,0,0,0.0,6,Reg,0,20,70.0,27.363846269205577,50140.0,6.37,3.7,2008,6,Q2,1Fam,0,2008-06-01,155000.0
1820,4,3.0,83,1.0,1026.0,7,9120,8,687,240.0,329.0,697.0,1133,1925.0,0,100,0.0,6,Reg,0,50,60.0,27.363846269205577,50140.0,6.37,3.7,2008,6,Q2,1Fam,1,2008-06-01,184000.0
825,2,2.0,53,2.0,825.0,5,8235,4,0,720.0,180.0,0.0,825,1963.0,140,50,0.0,7,IR1,0,20,49.0,27.363846269205577,50140.0,6.37,3.7,2008,6,Q2,1Fam,1,2008-06-01,125000.0
928,3,1.0,51,1.0,928.0,5,6000,5,0,288.0,308.0,620.0,928,1957.0,0,0,0.0,6,Reg,0,20,50.0,27.363846269205577,50140.0,6.37,3.7,2008,6,Q2,1Fam,0,2008-06-01,112500.0
2504,4,2.5,3,3.0,1122.0,9,11198,11,1370,656.0,0.0,1122.0,1134,2005.0,144,39,245.0,5,IR1,0,60,77.0,27.363846269205577,50140.0,6.37,3.7,2008,6,Q2,1Fam,1,2008-06-01,325000.0
816,2,2.0,26,2.0,816.0,5,6600,4,0,816.0,816.0,0.0,816,1985.0,0,0,0.0,8,Reg,0,20,60.0,27.363846269205577,50140.0,6.37,3.7,2008,6,Q2,1Fam,1,2008-06-01,138000.0
832,2,1.0,54,2.0,832.0,6,7227,4,0,528.0,0.0,832.0,832,1962.0,0,0,0.0,6,Reg,0,45,59.0,27.363846269205577,50140.0,6.37,3.7,2008,6,Q2,1Fam,0,2008-06-01,105500.0
2614,4,2.5,34,2.0,1522.0,6,10800,9,1066,624.0,956.0,384.0,1548,1974.0,38,243,0.0,7,Reg,0,60,90.0,27.363846269205577,50140.0,6.37,3.7,2008,6,Q2,1Fam,1,2008-06-01,240000.0
1350,3,2.5,44,2.0,1248.0,6,9020,6,0,520.0,624.0,288.0,1350,1964.0,176,0,259.0,5,Reg,0,80,82.0,27.363846269205577,50140.0,6.37,3.7,2008,6,Q2,1Fam,0,2008-06-01,168500.0
1094,3,1.0,55,2.0,1094.0,6,10452,5,0,495.0,500.0,594.0,1094,1953.0,0,0,216.0,5,IR1,287,20,85.0,27.363846269205577,50140.0,6.37,3.7,2008,6,Q2,1Fam,0,2008-06-01,155000.0
1469,3,1.0,102,1.0,756.0,6,10320,7,713,216.0,0.0,756.0,756,1906.0,57,0,0.0,7,Reg,0,50,60.0,27.363846269205577,50140.0,6.37,3.7,2008,6,Q2,1Fam,1,2008-06-01,135000.0
1484,3,2.0,94,0.0,742.0,6,6300,9,742,0.0,0.0,742.0,742,1979.0,0,291,0.0,6,Reg,0,75,35.0,27.363846269205577,50140.0,6.37,3.7,2008,6,Q2,1Fam,1,2008-06-01,128000.0
848,1,2.0,4,2.0,848.0,6,4438,4,0,420.0,662.0,186.0,848,2004.0,140,0,169.0,5,Reg,0,120,68.0,27.363846269205577,50140.0,6.37,3.7,2008,6,Q2,TwnhsE,0,2008-06-01,144500.0
1640,3,2.5,5,2.0,798.0,7,7226,6,842,595.0,0.0,798.0,798,2003.0,0,45,0.0,5,IR1,0,60,72.0,27.363846269205577,50140.0,6.37,3.7,2008,6,Q2,1Fam,0,2008-06-01,183000.0
2084,2,3.0,1,3.0,2078.0,10,14803,7,0,1220.0,1636.0,442.0,2084,2007.0,188,45,816.0,5,Reg,0,20,114.0,27.363846269205577,50140.0,6.37,3.7,2008,6,Q2,1Fam,1,2008-06-01,385000.0
1392,3,2.5,51,2.0,1392.0,6,11900,6,0,458.0,1040.0,352.0,1392,1957.0,0,0,387.0,5,IR1,192,20,80.0,27.363846269205577,50140.0,6.37,3.7,2008,6,Q2,1Fam,0,2008-06-01,166000.0
1099,3,1.5,13,1.0,1099.0,5,9525,6,0,352.0,0.0,1099.0,1099,1999.0,278,0,0.0,6,Reg,0,20,75.0,27.363846269205577,50140.0,6.37,3.7,2008,6,Q2,1Fam,1,2008-06-01,144000.0
1304,3,1.5,32,1.0,264.0,5,2665,4,688,336.0,0.0,264.0,616,1976.0,141,24,0.0,6,Reg,0,160,68.0,27.363846269205577,50140.0,6.37,3.7,2008,6,Q2,TwnhsE,0,2008-06-01,115000.0
1072,2,2.0,3,2.0,547.0,6,3675,5,0,525.0,459.0,88.0,1072,2005.0,0,28,80.0,5,Reg,0,180,35.0,27.363846269205577,50140.0,6.37,3.7,2008,6,Q2,TwnhsE,0,2008-06-01,148000.0
1710,3,2.5,15,2.0,832.0,6,9291,7,878,506.0,426.0,406.0,832,1993.0,144,70,120.0,5,IR1,0,60,76.0,27.363846269205577,50140.0,6.37,3.7,2008,6,Q2,1Fam,0,2008-06-01,187000.0
1666,3,1.0,83,1.0,588.0,8,5100,7,833,228.0,0.0,588.0,833,1925.0,192,63,0.0,7,Reg,0,70,68.0,27.363846269205577,50140.0,6.37,3.7,2008,6,Q2,1Fam,1,2008-06-01,161000.0
1865,3,3.5,8,3.0,992.0,7,10316,7,873,839.0,735.0,257.0,992,2000.0,0,184,0.0,5,IR1,0,60,68.0,27.363846269205577,50140.0,6.37,3.7,2008,6,Q2,1Fam,0,2008-06-01,235000.0
1790,3,3.5,9,2.0,873.0,7,9179,7,908,588.0,633.0,240.0,882,1999.0,0,88,158.0,5,IR1,0,60,68.0,27.363846269205577,50140.0,6.37,3.7,2008,6,Q2,1Fam,0,2008-06-01,193000.0
1114,3,2.5,4,2.0,1114.0,5,13695,6,0,576.0,646.0,468.0,1114,2004.0,0,102,0.0,5,Reg,0,20,66.0,27.363846269205577,50140.0,6.37,3.7,2008,6,Q2,1Fam,0,2008-06-01,159000.0
1228,3,1.5,42,1.0,1228.0,5,8544,6,0,271.0,0.0,1228.0,1228,1966.0,0,65,0.0,6,IR1,0,20,68.0,27.363846269205577,50140.0,6.37,3.7,2008,6,Q2,1Fam,1,2008-06-01,149350.0
1152,2,2.0,53,0.0,0.0,4,6040,6,0,0.0,0.0,0.0,1152,1979.0,0,0,0.0,5,Reg,0,90,65.0,27.363846269205577,50140.0,6.37,3.7,2008,6,Q2,Duplex,0,2008-06-01,82000.0
1080,3,1.0,50,1.0,1080.0,6,9464,5,0,288.0,570.0,510.0,1080,1958.0,0,0,135.0,7,Reg,130,20,75.0,27.363846269205577,50140.0,6.37,3.7,2008,6,Q2,1Fam,0,2008-06-01,136000.0
2792,5,2.0,88,2.0,1510.0,6,10440,8,1208,520.0,493.0,1017.0,1584,1920.0,0,547,0.0,7,Reg,480,50,60.0,27.363846269205577,50140.0,6.37,3.7,2008,6,Q2,1Fam,1,2008-06-01,256000.0
1232,3,2.0,24,2.0,1232.0,6,11120,6,0,516.0,660.0,572.0,1232,1984.0,0,0,0.0,6,IR1,0,20,68.0,27.363846269205577,50140.0,6.37,3.7,2008,6,Q2,1Fam,0,2008-06-01,162500.0
1539,3,2.0,104,2.0,650.0,5,10440,8,581,686.0,0.0,650.0,958,1983.0,70,78,0.0,8,Reg,0,70,60.0,27.363846269205577,50140.0,6.37,3.7,2008,6,Q2,1Fam,1,2008-06-01,157500.0
2112,4,2.5,39,2.0,952.0,6,11075,9,1020,576.0,500.0,176.0,1092,1969.0,280,0,0.0,5,Reg,0,60,85.0,27.363846269205577,50140.0,6.37,3.7,2008,6,Q2,1Fam,0,2008-06-01,206900.0
2082,3,2.5,5,2.0,1362.0,7,11426,6,720,484.0,0.0,1362.0,1362,2003.0,280,238,0.0,5,Reg,0,50,63.0,27.363846269205577,50140.0,6.37,3.7,2008,6,Q2,1Fam,0,2008-06-01,200000.0
1848,4,1.5,85,2.0,833.0,6,13053,8,795,370.0,0.0,833.0,1053,1922.0,0,0,0.0,7,Reg,220,50,64.0,27.363846269205577,50140.0,6.37,3.7,2008,6,Q2,1Fam,1,2008-06-01,207000.0
1294,3,3.0,17,2.0,1278.0,6,7153,6,0,496.0,1200.0,78.0,1294,1991.0,112,51,88.0,5,Reg,0,20,68.0,27.363846269205577,50140.0,6.37,3.7,2008,6,Q2,1Fam,0,2008-06-01,179200.0
764,2,1.0,83,2.0,680.0,5,5232,4,0,504.0,0.0,680.0,764,1965.0,0,0,0.0,5,IR3,0,30,30.0,27.363846269205577,50140.0,6.37,3.7,2008,6,Q2,1Fam,1,2008-06-01,73000.0
1422,3,2.0,27,2.0,1422.0,6,12090,7,0,576.0,588.0,606.0,1422,1981.0,276,0,210.0,6,IR1,0,20,78.0,27.363846269205577,50140.0,6.37,3.7,2008,6,Q2,1Fam,0,2008-06-01,175500.0
2630,4,3.5,10,3.0,1470.0,8,9200,8,1160,696.0,986.0,484.0,1470,1998.0,0,66,473.0,5,Reg,0,60,80.0,27.363846269205577,50140.0,6.37,3.7,2008,6,Q2,1Fam,0,2008-06-01,315000.0
630,1,2.0,36,0.0,630.0,4,1890,3,0,0.0,495.0,135.0,630,1979.0,88,0,0.0,7,Reg,0,180,21.0,27.363846269205577,50140.0,6.37,3.7,2008,6,Q2,Twnhs,0,2008-06-01,81000.0
1573,3,2.0,78,2.0,1078.0,5,6240,8,445,360.0,0.0,1078.0,1128,1930.0,0,0,0.0,7,Reg,0,50,52.0,27.363846269205577,50140.0,6.37,3.7,2008,6,Q2,1Fam,1,2008-06-01,162900.0
1362,3,2.5,47,2.0,1362.0,6,10197,6,0,504.0,288.0,700.0,1362,1961.0,0,20,491.0,5,IR1,0,20,80.0,27.363846269205577,50140.0,6.37,3.7,2008,6,Q2,1Fam,0,2008-06-01,163000.0
1416,4,1.5,93,3.0,876.0,5,12665,7,540,720.0,0.0,876.0,876,1949.0,418,0,0.0,8,IR1,0,50,100.0,27.363846269205577,50140.0,6.37,3.7,2008,6,Q2,1Fam,1,2008-06-01,153900.0
1362,3,2.0,88,2.0,611.0,6,6155,6,611,502.0,0.0,611.0,751,1920.0,0,0,0.0,8,IR1,0,70,60.0,27.363846269205577,50140.0,6.37,3.7,2008,6,Q2,1Fam,1,2008-06-01,128000.0
1964,3,3.5,3,3.0,1964.0,8,11447,7,0,892.0,1571.0,393.0,1964,2005.0,0,265,674.0,5,IR1,0,20,85.0,27.363846269205577,50140.0,6.37,3.7,2008,6,Q2,1Fam,1,2008-06-01,184003.879764736
1383,3,2.0,54,1.0,1383.0,5,13284,6,0,354.0,1064.0,319.0,1383,1954.0,511,116,0.0,5,Reg,0,20,68.0,27.363846269205577,50140.0,6.37,3.7,2008,6,Q2,1Fam,0,2008-06-01,165000.0
1132,2,2.5,3,2.0,1132.0,4,7024,5,0,451.0,1024.0,108.0,1132,2005.0,252,64,0.0,5,Reg,0,20,60.0,27.363846269205577,50140.0,6.37,3.7,2008,6,Q2,1Fam,0,2008-06-01,176000.0
2108,4,2.0,73,2.0,1127.0,6,13728,7,872,540.0,626.0,501.0,1236,1935.0,0,0,0.0,7,Reg,90,70,120.0,27.363846269205577,50140.0,6.37,3.6,2008,7,Q3,1Fam,1,2008-07-01,235000.0
845,3,1.0,26,1.0,845.0,5,6600,6,0,264.0,638.0,207.0,845,1982.0,0,0,0.0,6,Reg,0,20,60.0,27.363846269205577,50140.0,6.37,3.6,2008,7,Q3,1Fam,1,2008-07-01,175569.690441774
999,3,2.0,47,2.0,944.0,7,12122,6,0,588.0,867.0,77.0,999,1961.0,144,76,210.0,9,IR1,0,85,68.0,27.363846269205577,50140.0,6.37,3.6,2008,7,Q3,1Fam,1,2008-07-01,178400.0
720,2,1.0,59,1.0,0.0,3,6627,4,0,287.0,0.0,0.0,720,1955.0,0,0,0.0,6,IR1,0,20,68.0,27.363846269205577,50140.0,6.37,3.6,2008,7,Q3,1Fam,1,2008-07-01,72500.0
1720,3,2.5,6,2.0,840.0,7,8010,7,880,400.0,0.0,840.0,840,2002.0,138,48,0.0,5,IR1,0,60,68.0,27.363846269205577,50140.0,6.37,3.6,2008,7,Q3,1Fam,1,2008-07-01,178344.62451356
1515,3,2.5,4,2.0,789.0,6,9024,8,702,393.0,0.0,789.0,813,2004.0,0,75,0.0,5,IR1,0,60,80.0,27.363846269205577,50140.0,6.37,3.6,2008,7,Q3,1Fam,0,2008-07-01,180340.215399228
1158,3,1.0,79,1.0,862.0,6,6000,5,208,208.0,0.0,862.0,950,1929.0,0,0,0.0,7,Reg,0,50,50.0,27.363846269205577,50140.0,6.37,3.6,2008,7,Q3,1Fam,1,2008-07-01,120000.0
1054,3,2.5,39,2.0,1054.0,6,9750,6,0,460.0,602.0,14.0,1054,1969.0,180,0,0.0,8,Reg,80,20,65.0,27.363846269205577,50140.0,6.37,3.6,2008,7,Q3,1Fam,0,2008-07-01,151000.0
1724,3,2.5,10,2.0,880.0,7,8924,8,844,527.0,0.0,880.0,880,1998.0,120,155,0.0,5,IR1,0,60,57.0,27.363846269205577,50140.0,6.37,3.6,2008,7,Q3,1Fam,1,2008-07-01,188000.0
1143,2,1.0,80,1.0,1008.0,5,7111,5,0,288.0,406.0,329.0,1143,1992.0,265,0,0.0,7,IR1,0,30,55.0,27.363846269205577,50140.0,6.37,3.6,2008,7,Q3,1Fam,1,2008-07-01,163299.477980171
1738,3,2.0,73,1.0,1024.0,5,7010,6,594,240.0,175.0,849.0,1144,1950.0,0,30,0.0,5,Reg,0,50,68.0,27.363846269205577,50140.0,6.37,3.6,2008,7,Q3,1Fam,1,2008-07-01,176376.586164775
1672,3,1.5,68,1.0,981.0,6,6000,6,658,240.0,521.0,460.0,1014,1940.0,0,11,0.0,7,Reg,0,50,50.0,27.363846269205577,50140.0,6.37,3.6,2008,7,Q3,1Fam,1,2008-07-01,174388.867432503
949,2,1.0,84,2.0,949.0,5,6000,5,0,370.0,0.0,949.0,949,1924.0,0,0,0.0,7,Reg,0,30,50.0,27.363846269205577,50140.0,6.37,3.6,2008,7,Q3,1Fam,1,2008-07-01,161112.987374671
996,3,2.0,68,0.0,996.0,5,13907,6,0,0.0,290.0,706.0,996,1979.0,144,0,0.0,6,Reg,0,30,63.0,27.363846269205577,50140.0,6.37,3.6,2008,7,Q3,1Fam,1,2008-07-01,108000.0
1674,4,2.0,90,2.0,1163.0,6,21780,8,511,396.0,0.0,1163.0,1163,1955.0,72,36,0.0,7,Reg,144,50,66.0,27.363846269205577,50140.0,6.37,3.6,2008,7,Q3,1Fam,1,2008-07-01,185000.0
988,1,2.0,35,1.0,462.0,4,1596,4,462,297.0,437.0,25.0,526,1973.0,0,101,0.0,6,Reg,0,180,21.0,27.363846269205577,50140.0,6.37,3.6,2008,7,Q3,Twnhs,0,2008-07-01,139169.86642879
864,3,2.0,47,1.0,864.0,5,8100,5,0,420.0,764.0,100.0,864,1962.0,132,0,0.0,8,Reg,0,20,75.0,27.363846269205577,50140.0,6.37,3.6,2008,7,Q3,1Fam,1,2008-07-01,178521.747964951
1166,2,3.0,3,2.0,856.0,7,9587,5,0,400.0,655.0,201.0,1166,2005.0,212,0,182.0,5,IR1,0,80,59.0,27.363846269205577,50140.0,6.37,3.6,2008,7,Q3,1Fam,0,2008-07-01,190000.0
2690,4,2.5,5,3.0,1765.0,8,16451,9,886,795.0,0.0,1765.0,1804,2003.0,268,58,221.0,5,IR1,0,60,112.0,27.363846269205577,50140.0,6.37,3.6,2008,7,Q3,1Fam,0,2008-07-01,208232.716273485
768,1,1.0,78,2.0,768.0,6,6291,4,0,440.0,0.0,768.0,768,1930.0,0,0,0.0,6,IR1,0,30,68.0,27.363846269205577,50140.0,6.37,3.6,2008,7,Q3,1Fam,1,2008-07-01,148409.806476335
2775,3,3.5,115,2.0,1237.0,10,13500,9,1254,880.0,0.0,1237.0,1521,1988.0,105,502,0.0,9,Reg,0,75,75.0,27.363846269205577,50140.0,6.37,3.6,2008,7,Q3,1Fam,1,2008-07-01,325000.0
2332,4,3.5,4,3.0,1148.0,8,10574,9,1162,756.0,856.0,292.0,1170,2004.0,224,142,126.0,5,IR1,0,60,85.0,27.363846269205577,50140.0,6.37,3.6,2008,7,Q3,1Fam,0,2008-07-01,196666.554897677
1040,2,1.0,83,2.0,1040.0,6,7200,5,0,320.0,0.0,1040.0,1040,1993.0,0,132,0.0,7,Reg,0,30,60.0,27.363846269205577,50140.0,6.37,3.6,2008,7,Q3,1Fam,1,2008-07-01,163474.633393212
1098,3,2.0,53,1.0,1098.0,5,7390,6,0,260.0,902.0,196.0,1098,1955.0,0,0,151.0,7,IR1,0,20,68.0,27.363846269205577,50140.0,6.37,3.6,2008,7,Q3,1Fam,0,2008-07-01,135000.0
992,3,2.0,41,1.0,992.0,5,10265,6,0,294.0,758.0,234.0,992,1967.0,204,0,0.0,7,IR1,0,20,68.0,27.363846269205577,50140.0,6.37,3.6,2008,7,Q3,1Fam,1,2008-07-01,182782.55099007
1556,3,3.5,28,2.0,716.0,6,1950,6,840,452.0,81.0,23.0,716,1980.0,161,0,0.0,6,Reg,0,160,24.0,27.363846269205577,50140.0,6.37,3.6,2008,7,Q3,Twnhs,0,2008-07-01,151000.0
2872,4,3.5,31,2.0,1330.0,6,12227,11,1330,619.0,896.0,434.0,1542,1977.0,550,282,424.0,7,IR1,0,60,68.0,27.363846269205577,50140.0,6.37,3.6,2008,7,Q3,1Fam,1,2008-07-01,272000.0
1425,3,2.0,44,2.0,1425.0,6,10175,7,0,576.0,490.0,935.0,1425,1964.0,0,0,272.0,5,IR1,0,20,100.0,27.363846269205577,50140.0,6.37,3.6,2008,7,Q3,1Fam,0,2008-07-01,180500.0
1048,3,1.0,58,2.0,0.0,5,7200,7,0,420.0,0.0,0.0,1048,1950.0,0,27,0.0,5,Reg,0,20,60.0,27.363846269205577,50140.0,6.37,3.6,2008,7,Q3,1Fam,0,2008-07-01,98300.0
1656,3,2.5,5,2.0,746.0,7,6931,7,896,397.0,0.0,746.0,760,2003.0,178,128,92.0,5,Reg,0,60,60.0,27.363846269205577,50140.0,6.37,3.6,2008,7,Q3,1Fam,1,2008-07-01,165400.0
1892,3,2.5,8,2.0,982.0,7,8220,8,884,431.0,544.0,438.0,1008,2000.0,108,0,647.0,5,IR1,0,60,71.0,27.363846269205577,50140.0,6.37,3.6,2008,7,Q3,1Fam,1,2008-07-01,178757.912566805
1641,4,2.0,36,2.0,1001.0,5,10759,5,640,490.0,190.0,0.0,1001,1972.0,0,0,0.0,4,Reg,0,50,70.0,27.363846269205577,50140.0,6.37,3.6,2008,7,Q3,1Fam,0,2008-07-01,197030.641992202
1456,3,2.5,3,2.0,728.0,6,8029,8,728,400.0,0.0,728.0,728,2005.0,100,24,0.0,5,IR1,0,60,51.0,27.363846269205577,50140.0,6.37,3.6,2008,7,Q3,1Fam,0,2008-07-01,176000.0
1509,3,2.0,52,1.0,1509.0,5,9571,6,0,322.0,870.0,639.0,1509,1956.0,158,0,0.0,6,Reg,576,20,68.0,27.363846269205577,50140.0,6.37,3.6,2008,7,Q3,1Fam,0,2008-07-01,181416.732376013
1537,3,2.5,46,2.0,1319.0,6,8400,7,0,462.0,0.0,1319.0,1537,1962.0,0,36,237.0,9,Reg,0,20,80.0,27.363846269205577,50140.0,6.37,3.6,2008,7,Q3,1Fam,1,2008-07-01,174000.0
1118,3,2.0,31,1.0,1096.0,6,9880,6,0,358.0,522.0,574.0,1118,1977.0,203,0,0.0,6,Reg,0,80,76.0,27.363846269205577,50140.0,6.37,3.6,2008,7,Q3,1Fam,0,2008-07-01,171000.0
1638,2,3.0,8,2.0,1614.0,9,4765,5,0,495.0,1027.0,587.0,1638,2000.0,230,68,260.0,5,IR1,0,120,68.0,27.363846269205577,50140.0,6.37,3.6,2008,7,Q3,TwnhsE,0,2008-07-01,158682.460013921
1310,1,2.5,7,2.0,1310.0,9,4538,5,0,545.0,1004.0,306.0,1310,2001.0,277,45,179.0,5,IR1,0,120,68.0,27.363846269205577,50140.0,6.37,3.6,2008,7,Q3,TwnhsE,0,2008-07-01,144959.835250915
2192,4,2.5,69,1.0,720.0,5,8400,8,720,240.0,378.0,342.0,1052,1939.0,262,24,0.0,8,Reg,0,75,60.0,27.363846269205577,50140.0,6.37,3.6,2008,7,Q3,1Fam,1,2008-07-01,179500.0
1663,3,2.5,5,2.0,835.0,7,12774,8,828,478.0,0.0,835.0,835,2003.0,168,68,95.0,5,Reg,0,60,67.0,27.363846269205577,50140.0,6.37,3.6,2008,7,Q3,1Fam,1,2008-07-01,187720.359207171
1358,2,3.0,4,2.0,1358.0,7,8198,6,0,484.0,720.0,638.0,1358,2004.0,192,30,146.0,5,Reg,0,120,59.0,27.363846269205577,50140.0,6.37,3.6,2008,7,Q3,TwnhsE,0,2008-07-01,207000.0
1638,3,3.5,10,2.0,943.0,6,9042,7,695,472.0,828.0,115.0,943,1998.0,100,38,0.0,5,IR1,0,60,59.0,27.363846269205577,50140.0,6.37,3.6,2008,7,Q3,1Fam,0,2008-07-01,192000.0
1696,3,3.5,5,2.0,835.0,6,10110,7,861,542.0,80.0,200.0,835,2003.0,143,66,0.0,5,Reg,0,60,68.0,27.363846269205577,50140.0,6.37,3.6,2008,7,Q3,1Fam,0,2008-07-01,182477.505046008
1092,3,2.0,44,2.0,1092.0,6,8250,6,0,504.0,787.0,305.0,1092,1964.0,0,0,260.0,7,Reg,0,20,75.0,27.363846269205577,50140.0,6.37,3.6,2008,7,Q3,1Fam,0,2008-07-01,145000.0
1684,2,2.0,3,2.0,1684.0,9,8849,6,0,564.0,28.0,1656.0,1684,2005.0,495,72,616.0,5,IR1,0,120,63.0,27.363846269205577,50140.0,6.37,3.6,2008,7,Q3,TwnhsE,0,2008-07-01,266000.0
925,3,2.0,43,2.0,912.0,5,8125,5,0,576.0,260.0,196.0,925,1978.0,233,0,0.0,7,Reg,0,20,65.0,27.363846269205577,50140.0,6.37,3.6,2008,7,Q3,1Fam,1,2008-07-01,178570.948923671
1876,4,2.5,34,2.0,901.0,6,9120,8,933,540.0,442.0,459.0,943,1974.0,0,69,270.0,6,Reg,0,60,76.0,27.363846269205577,50140.0,6.37,3.6,2008,7,Q3,1Fam,0,2008-07-01,185000.0
1372,3,2.0,1,2.0,1363.0,8,8640,6,0,588.0,24.0,1339.0,1372,2008.0,192,113,0.0,5,Reg,0,20,72.0,27.363846269205577,50140.0,6.37,3.6,2008,7,Q3,1Fam,1,2008-07-01,179584.488673295
1505,3,2.0,68,1.0,883.0,5,9144,8,517,240.0,399.0,484.0,988,1940.0,0,0,0.0,5,Reg,0,50,68.0,27.363846269205577,50140.0,6.37,3.6,2008,7,Q3,1Fam,1,2008-07-01,145000.0
1588,4,2.0,49,2.0,0.0,4,17120,7,468,680.0,0.0,0.0,1120,1991.0,0,59,0.0,4,Reg,0,50,80.0,27.363846269205577,50140.0,6.37,3.6,2008,7,Q3,1Fam,0,2008-07-01,134432.0
1479,3,2.0,9,2.0,1468.0,7,9382,6,0,577.0,0.0,1468.0,1479,1999.0,120,25,125.0,5,IR1,0,20,93.0,27.363846269205577,50140.0,6.37,3.6,2008,7,Q3,1Fam,1,2008-07-01,191000.0
1861,3,3.0,1,3.0,1341.0,8,9801,7,520,851.0,0.0,1341.0,1341,2007.0,144,60,156.0,5,Reg,0,60,73.0,27.363846269205577,50140.0,6.37,3.6,2008,7,Q3,1Fam,0,2008-07-01,181869.381196234
2197,4,3.5,15,3.0,1080.0,7,10010,9,1089,783.0,228.0,0.0,1108,1993.0,385,99,320.0,5,Reg,0,60,91.0,27.363846269205577,50140.0,6.37,3.6,2008,7,Q3,1Fam,1,2008-07-01,195556.581268962
2006,2,3.0,10,3.0,1982.0,8,11675,5,0,938.0,1660.0,322.0,2006,1998.0,144,33,495.0,5,IR1,0,20,136.0,27.363846269205577,50140.0,6.37,3.6,2008,7,Q3,1Fam,0,2008-07-01,172281.605004025
950,2,1.0,55,2.0,984.0,5,12774,5,0,400.0,624.0,232.0,950,1953.0,0,32,0.0,5,Reg,0,20,68.0,27.363846269205577,50140.0,6.37,3.6,2008,7,Q3,1Fam,0,2008-07-01,174444.479149339
907,3,1.0,51,1.0,907.0,4,8593,5,0,352.0,288.0,619.0,907,1964.0,0,0,0.0,6,IR1,0,20,77.0,27.363846269205577,50140.0,6.37,3.6,2008,7,Q3,1Fam,0,2008-07-01,109008.0
672,2,1.0,68,1.0,672.0,4,5400,4,0,308.0,0.0,672.0,672,1997.0,88,108,0.0,7,Reg,0,30,60.0,27.363846269205577,50140.0,6.37,3.6,2008,7,Q3,1Fam,1,2008-07-01,159932.1643654
987,2,1.5,37,1.0,483.0,6,1680,4,504,264.0,387.0,96.0,483,1971.0,0,0,232.0,5,Reg,0,160,21.0,27.363846269205577,50140.0,6.37,3.6,2008,7,Q3,Twnhs,0,2008-07-01,85400.0
1604,3,2.5,11,2.0,926.0,6,10839,7,678,470.0,0.0,926.0,926,1997.0,0,36,0.0,5,IR1,0,60,100.0,27.363846269205577,50140.0,6.37,3.6,2008,7,Q3,1Fam,1,2008-07-01,181000.0
1574,3,2.0,2,3.0,1574.0,8,11957,7,0,824.0,24.0,1550.0,1574,2006.0,144,104,53.0,5,IR1,0,20,75.0,27.363846269205577,50140.0,6.37,3.6,2008,7,Q3,1Fam,0,2008-07-01,232000.0
1430,3,2.5,34,2.0,1430.0,6,19508,6,0,484.0,800.0,630.0,1430,1974.0,117,108,144.0,5,Reg,0,20,95.0,27.363846269205577,50140.0,6.37,3.6,2008,7,Q3,1Fam,0,2008-07-01,200973.129447888
1908,4,3.5,14,2.0,915.0,7,8750,8,975,493.0,642.0,273.0,933,1994.0,144,133,0.0,5,Reg,0,60,70.0,27.363846269205577,50140.0,6.37,3.6,2008,7,Q3,1Fam,1,2008-07-01,210000.0
825,2,1.5,54,1.0,825.0,5,7200,4,0,350.0,0.0,825.0,825,1954.0,0,0,0.0,7,Reg,0,20,60.0,27.363846269205577,50140.0,6.37,3.6,2008,7,Q3,1Fam,0,2008-07-01,163474.633393212
1323,3,1.0,60,2.0,780.0,5,9184,6,375,400.0,0.0,780.0,948,1948.0,0,0,0.0,7,Reg,0,50,57.0,27.363846269205577,50140.0,6.37,3.6,2008,7,Q3,1Fam,1,2008-07-01,180655.101535034
1114,3,2.0,5,2.0,1114.0,6,13695,6,0,576.0,814.0,300.0,1114,2004.0,0,78,0.0,5,Reg,0,20,66.0,27.363846269205577,50140.0,6.37,3.6,2008,7,Q3,1Fam,1,2008-07-01,155000.0
1006,3,1.0,49,0.0,1006.0,5,9000,5,0,0.0,288.0,718.0,1006,1979.0,0,24,0.0,3,Reg,0,20,68.0,27.363846269205577,50140.0,6.37,3.6,2008,7,Q3,1Fam,0,2008-07-01,80000.0
1495,3,2.0,19,2.0,1495.0,6,12890,8,0,438.0,0.0,1495.0,1495,1989.0,252,0,128.0,5,IR1,0,20,75.0,27.363846269205577,50140.0,6.37,3.6,2008,7,Q3,1Fam,0,2008-07-01,187948.65165563
919,2,2.0,82,1.0,894.0,6,7000,5,0,195.0,299.0,555.0,919,1926.0,0,0,0.0,8,Reg,0,30,50.0,27.363846269205577,50140.0,6.37,3.6,2008,7,Q3,1Fam,1,2008-07-01,163081.025723456
3820,5,3.5,49,2.0,0.0,5,47007,11,0,624.0,0.0,0.0,3820,1959.0,0,372,0.0,7,IR1,0,20,123.0,27.363846269205577,50140.0,6.37,3.6,2008,7,Q3,1Fam,1,2008-07-01,281643.976116786
2500,5,3.5,3,3.0,1168.0,8,13543,9,1332,683.0,16.0,1152.0,1168,2005.0,192,32,130.0,5,IR1,0,60,101.0,27.363846269205577,50140.0,6.37,3.6,2008,7,Q3,1Fam,0,2008-07-01,215785.540813051
1317,3,1.0,88,1.0,649.0,4,8500,6,668,250.0,0.0,649.0,649,1920.0,0,54,0.0,4,Reg,0,70,50.0,27.363846269205577,50140.0,6.37,3.6,2008,7,Q3,1Fam,1,2008-07-01,40000.0
2031,3,2.5,10,2.0,1153.0,7,11404,8,878,541.0,252.0,901.0,1153,1998.0,192,84,202.0,5,IR1,0,60,75.0,27.363846269205577,50140.0,6.37,3.6,2008,7,Q3,1Fam,1,2008-07-01,222500.0
1938,4,2.0,71,1.0,942.0,5,11700,7,673,240.0,606.0,336.0,1265,1937.0,0,40,0.0,6,IR1,0,50,68.0,27.363846269205577,50140.0,6.37,3.6,2008,7,Q3,1Fam,1,2008-07-01,198882.566078408
1958,3,2.5,3,3.0,1026.0,7,10625,9,932,936.0,0.0,1026.0,1026,2005.0,154,210,0.0,5,Reg,0,60,85.0,27.363846269205577,50140.0,6.37,3.6,2008,7,Q3,1Fam,0,2008-07-01,250000.0
1710,2,3.0,1,2.0,1710.0,9,8118,6,0,557.0,1034.0,676.0,1710,2007.0,156,48,178.0,5,Reg,0,120,60.0,27.363846269205577,50140.0,6.37,3.6,2008,7,Q3,TwnhsE,0,2008-07-01,165281.292597397
1838,2,4.0,11,3.0,1838.0,6,10126,8,0,721.0,1593.0,83.0,1838,1998.0,160,67,0.0,5,Reg,0,90,83.0,27.363846269205577,50140.0,6.37,3.6,2008,7,Q3,Duplex,1,2008-07-01,169233.113601757
1488,3,2.5,58,2.0,1488.0,6,47280,6,0,738.0,0.0,1488.0,1488,1950.0,0,0,44.0,5,IR1,0,20,68.0,27.363846269205577,50140.0,6.37,3.6,2008,7,Q3,1Fam,0,2008-07-01,255629.49047034
2715,4,4.0,32,2.0,1142.0,8,8963,11,1540,831.0,575.0,487.0,1175,1994.0,0,204,289.0,9,IR1,0,60,68.0,27.363846269205577,50140.0,6.37,3.6,2008,7,Q3,1Fam,1,2008-07-01,299800.0
1316,2,2.0,82,1.0,644.0,6,8969,6,644,369.0,379.0,265.0,672,2001.0,0,0,0.0,6,Reg,192,70,66.0,27.363846269205577,50140.0,6.37,3.6,2008,7,Q3,1Fam,1,2008-07-01,166956.093232213
1920,4,5.0,78,2.0,960.0,6,7804,10,960,480.0,281.0,0.0,960,1930.0,248,0,0.0,7,Reg,0,90,64.0,27.363846269205577,50140.0,6.37,3.6,2008,7,Q3,Duplex,1,2008-07-01,191215.088671543
1689,3,3.0,6,3.0,1568.0,8,13265,7,0,857.0,1218.0,350.0,1689,2002.0,150,59,148.0,5,IR1,0,20,68.0,27.363846269205577,50140.0,6.37,3.6,2008,7,Q3,1Fam,0,2008-07-01,271000.0
1750,4,3.0,68,1.0,983.0,6,12508,7,767,423.0,660.0,323.0,983,1989.0,245,0,0.0,7,IR1,0,50,75.0,27.363846269205577,50140.0,6.37,3.6,2008,7,Q3,1Fam,1,2008-07-01,160000.0
1260,3,3.0,25,2.0,1260.0,7,10825,6,0,598.0,747.0,513.0,1260,1983.0,152,0,174.0,7,IR1,0,20,68.0,27.363846269205577,50140.0,6.37,3.6,2008,7,Q3,1Fam,0,2008-07-01,183884.65246539
1617,2,3.0,15,2.0,1604.0,6,8012,5,0,533.0,165.0,598.0,1617,1993.0,0,69,0.0,5,Reg,0,120,50.0,27.363846269205577,50140.0,6.37,3.6,2008,7,Q3,TwnhsE,1,2008-07-01,193000.0
1428,3,2.0,0,2.0,1417.0,7,12274,6,0,554.0,0.0,1417.0,1428,2008.0,0,60,256.0,5,IR1,0,20,91.0,27.363846269205577,50140.0,6.37,3.6,2008,7,Q3,1Fam,0,2008-07-01,227680.0
1768,3,3.5,5,2.0,884.0,7,8158,8,884,543.0,550.0,334.0,884,2003.0,0,63,252.0,5,Reg,0,60,65.0,27.363846269205577,50140.0,6.37,3.6,2008,7,Q3,1Fam,0,2008-07-01,224900.0
1090,3,1.0,68,1.0,720.0,6,6000,5,330,240.0,0.0,720.0,760,1940.0,0,0,0.0,8,Reg,0,50,60.0,27.363846269205577,50140.0,6.37,3.6,2008,7,Q3,1Fam,1,2008-07-01,174388.867432503
729,2,1.0,73,0.0,270.0,3,4130,5,0,0.0,0.0,270.0,729,1979.0,0,0,0.0,6,IR1,0,30,56.0,27.363846269205577,50140.0,6.37,3.6,2008,7,Q3,1Fam,1,2008-07-01,52000.0
1152,2,2.0,53,0.0,0.0,4,6845,6,0,0.0,0.0,0.0,1152,1979.0,0,0,58.0,5,Reg,0,90,74.0,27.363846269205577,50140.0,6.37,3.6,2008,7,Q3,Duplex,0,2008-07-01,162775.979779394
1771,3,3.5,11,2.0,864.0,6,13142,6,899,600.0,688.0,176.0,872,1997.0,0,96,128.0,5,IR1,0,60,68.0,27.363846269205577,50140.0,6.37,3.6,2008,7,Q3,1Fam,0,2008-07-01,188444.597319524
1632,4,2.0,42,2.0,800.0,6,9130,7,832,484.0,400.0,336.0,800,1966.0,0,40,252.0,8,Reg,0,60,68.0,27.363846269205577,50140.0,6.37,3.6,2008,7,Q3,1Fam,1,2008-07-01,173000.0
938,3,2.0,33,1.0,938.0,5,9200,5,0,308.0,280.0,167.0,938,1977.0,145,0,0.0,6,IR1,0,20,68.0,27.363846269205577,50140.0,6.37,3.6,2008,7,Q3,1Fam,1,2008-07-01,130250.0
1361,2,1.0,113,1.0,173.0,4,5280,6,536,185.0,0.0,173.0,825,1895.0,0,123,0.0,7,Reg,0,70,60.0,27.363846269205577,50140.0,6.37,3.6,2008,7,Q3,1Fam,1,2008-07-01,159695.999763546
1646,2,3.5,4,2.0,1594.0,7,3811,5,0,482.0,1474.0,120.0,1646,2004.0,128,53,174.0,5,IR1,155,120,44.0,27.363846269205577,50140.0,6.37,3.6,2008,7,Q3,TwnhsE,1,2008-07-01,156804.951429181
1682,1,2.5,11,2.0,1664.0,8,6264,6,0,528.0,656.0,1008.0,1682,1997.0,0,0,0.0,5,IR1,0,120,45.0,27.363846269205577,50140.0,6.37,3.6,2008,7,Q3,1Fam,0,2008-07-01,148356.669440918
1136,3,2.0,43,1.0,1136.0,6,9200,5,0,384.0,892.0,244.0,1136,1965.0,426,0,0.0,6,Reg,0,20,80.0,27.363846269205577,50140.0,6.37,3.6,2008,7,Q3,1Fam,0,2008-07-01,140000.0
1689,3,3.0,17,2.0,1680.0,4,9990,6,0,432.0,1383.0,297.0,1689,1991.0,428,120,0.0,5,Reg,0,20,74.0,27.363846269205577,50140.0,6.37,3.6,2008,7,Q3,1Fam,0,2008-07-01,182241.340444154
1656,3,1.5,41,1.0,624.0,5,6000,7,564,288.0,257.0,367.0,1092,1967.0,0,180,0.0,5,Reg,100,80,75.0,27.363846269205577,50140.0,6.37,3.6,2008,7,Q3,1Fam,0,2008-07-01,174388.867432503
1391,2,2.0,4,2.0,1391.0,7,4282,5,0,530.0,16.0,1375.0,1391,2004.0,156,158,0.0,5,IR2,0,120,59.0,27.363846269205577,50140.0,6.37,3.6,2008,7,Q3,TwnhsE,0,2008-07-01,196000.0
1200,4,1.0,78,0.0,780.0,5,8155,7,420,0.0,0.0,780.0,780,1979.0,0,0,0.0,7,Reg,0,50,58.0,27.363846269205577,50140.0,6.37,3.6,2008,7,Q3,1Fam,1,2008-07-01,191905.870131966
1501,2,3.0,22,2.0,1277.0,7,4084,6,0,512.0,893.0,384.0,1501,1986.0,240,0,340.0,6,IR1,0,120,42.0,27.363846269205577,50140.0,6.37,3.6,2008,7,Q3,TwnhsE,0,2008-07-01,157342.225898399
987,2,1.5,37,1.0,483.0,6,1680,5,504,264.0,358.0,125.0,483,1971.0,0,0,604.0,3,Reg,0,160,21.0,27.363846269205577,50140.0,6.494999999999999,3.6,2008,8,Q3,TwnhsE,0,2008-08-01,89500.0
2127,3,3.5,14,2.0,1223.0,7,10944,5,904,525.0,1000.0,223.0,1223,1994.0,171,132,448.0,5,IR1,0,60,81.0,27.363846269205577,50140.0,6.494999999999999,3.6,2008,8,Q3,1Fam,0,2008-08-01,271000.0
1271,4,2.0,60,1.0,720.0,5,21286,7,551,312.0,0.0,720.0,720,1948.0,0,0,0.0,5,Reg,0,50,115.0,27.363846269205577,50140.0,6.494999999999999,3.6,2008,8,Q3,1Fam,1,2008-08-01,135000.0
894,2,1.0,73,3.0,894.0,3,18000,6,0,1248.0,0.0,894.0,894,1994.0,0,20,0.0,4,Reg,0,30,120.0,27.363846269205577,50140.0,6.494999999999999,3.6,2008,8,Q3,1Fam,1,2008-08-01,81000.0
2064,3,3.0,30,2.0,2048.0,7,18559,7,0,550.0,1206.0,656.0,2064,1978.0,200,0,383.0,5,IR1,0,20,56.0,27.363846269205577,50140.0,6.494999999999999,3.6,2008,8,Q3,1Fam,0,2008-08-01,200210.353608489
672,2,1.0,68,1.0,672.0,5,4800,4,0,256.0,0.0,672.0,672,1950.0,0,0,0.0,4,Reg,0,30,60.0,27.363846269205577,50140.0,6.494999999999999,3.6,2008,8,Q3,1Fam,1,2008-08-01,159856.233909727
1337,2,3.0,10,2.0,1405.0,6,4060,5,0,511.0,266.0,1139.0,1337,1998.0,144,68,0.0,5,Reg,0,120,34.0,27.363846269205577,50140.0,6.494999999999999,3.6,2008,8,Q3,TwnhsE,1,2008-08-01,181000.0
1648,2,3.5,1,2.0,1596.0,8,3843,5,0,525.0,1476.0,120.0,1648,2007.0,162,53,186.0,5,IR1,0,120,44.0,27.363846269205577,50140.0,6.494999999999999,3.6,2008,8,Q3,TwnhsE,1,2008-08-01,157972.82120994
1239,1,2.5,13,2.0,1230.0,8,11064,4,0,477.0,560.0,0.0,1239,1995.0,172,24,0.0,5,IR2,0,120,22.0,27.363846269205577,50140.0,6.494999999999999,3.6,2008,8,Q3,TwnhsE,0,2008-08-01,158908.146068683
1280,2,2.0,16,2.0,1280.0,8,5070,5,0,506.0,0.0,1280.0,1280,1992.0,0,82,0.0,5,IR1,144,120,39.0,27.363846269205577,50140.0,6.494999999999999,3.6,2008,8,Q3,TwnhsE,0,2008-08-01,160387.604263899
869,1,1.0,60,1.0,0.0,4,10122,3,0,390.0,0.0,0.0,869,1948.0,0,0,0.0,6,Reg,0,20,60.0,27.363846269205577,50140.0,6.494999999999999,3.6,2008,8,Q3,1Fam,1,2008-08-01,157054.253944128
1786,3,4.0,43,2.0,1499.0,5,164660,7,167,529.0,1249.0,103.0,1619,1965.0,670,0,0.0,6,IR1,0,190,68.0,27.363846269205577,50140.0,6.494999999999999,3.6,2008,8,Q3,2fmCon,0,2008-08-01,228950.0
672,2,1.0,68,1.0,672.0,5,10200,4,0,240.0,0.0,672.0,672,1940.0,168,0,0.0,8,Reg,0,30,60.0,27.363846269205577,50140.0,6.494999999999999,3.6,2008,8,Q3,1Fam,1,2008-08-01,108000.0
1593,0,2.5,7,2.0,1593.0,8,4923,5,0,682.0,1153.0,440.0,1593,2001.0,0,120,0.0,5,Reg,224,120,41.0,27.363846269205577,50140.0,6.494999999999999,3.6,2008,8,Q3,TwnhsE,1,2008-08-01,286000.0
1507,4,2.0,48,1.0,1075.0,5,7910,7,0,404.0,666.0,409.0,1507,1960.0,0,0,0.0,5,Reg,0,80,70.0,27.363846269205577,50140.0,6.494999999999999,3.6,2008,8,Q3,1Fam,0,2008-08-01,127000.0
2332,3,3.5,1,3.0,1682.0,10,12474,9,590,846.0,1280.0,402.0,1742,2008.0,196,134,272.0,5,Reg,0,60,96.0,27.363846269205577,50140.0,6.494999999999999,3.6,2008,8,Q3,1Fam,1,2008-08-01,426000.0
1620,4,2.0,41,2.0,1620.0,7,15387,8,0,578.0,603.0,723.0,1620,1967.0,0,62,0.0,7,IR1,0,20,68.0,27.363846269205577,50140.0,6.494999999999999,3.6,2008,8,Q3,1Fam,0,2008-08-01,207243.616023976
1988,4,2.5,42,2.0,1104.0,6,14670,9,884,480.0,575.0,529.0,1104,1966.0,0,230,410.0,7,Reg,0,60,90.0,27.363846269205577,50140.0,6.494999999999999,3.6,2008,8,Q3,1Fam,1,2008-08-01,205832.532527897
1625,4,2.0,43,2.0,1625.0,5,9750,8,0,484.0,0.0,1625.0,1625,1965.0,0,0,0.0,6,Reg,0,90,75.0,27.363846269205577,50140.0,6.494999999999999,3.6,2008,8,Q3,Duplex,0,2008-08-01,196149.783851876
1118,3,2.0,48,1.0,1118.0,5,11332,6,0,264.0,528.0,590.0,1118,1960.0,290,0,0.0,7,IR1,0,20,68.0,27.363846269205577,50140.0,6.494999999999999,3.6,2008,8,Q3,1Fam,1,2008-08-01,185987.340461822
1460,3,2.0,2,2.0,1460.0,8,10037,6,0,480.0,666.0,794.0,1460,2006.0,0,20,0.0,5,Reg,0,20,87.0,27.363846269205577,50140.0,6.494999999999999,3.6,2008,8,Q3,1Fam,1,2008-08-01,183438.730800145
1144,3,2.5,45,1.0,1144.0,5,9204,6,0,336.0,25.0,247.0,1144,1962.0,0,88,0.0,5,Reg,0,20,71.0,27.363846269205577,50140.0,6.494999999999999,3.6,2008,8,Q3,1Fam,0,2008-08-01,124000.0
1660,3,1.5,74,1.0,715.0,6,11988,6,811,240.0,326.0,389.0,849,1939.0,0,0,0.0,7,IR1,0,70,74.0,27.363846269205577,50140.0,6.494999999999999,3.6,2008,8,Q3,1Fam,1,2008-08-01,188700.0
984,3,2.0,45,1.0,984.0,5,9100,5,0,384.0,53.0,132.0,984,1963.0,145,56,0.0,5,Reg,0,20,70.0,27.363846269205577,50140.0,6.494999999999999,3.6,2008,8,Q3,1Fam,0,2008-08-01,181594.678867334
901,2,1.0,54,1.0,901.0,4,6000,4,0,281.0,0.0,901.0,901,1954.0,0,0,0.0,7,Reg,0,20,50.0,27.363846269205577,50140.0,6.494999999999999,3.6,2008,8,Q3,1Fam,1,2008-08-01,107900.0
759,1,1.0,96,2.0,451.0,5,10320,5,0,576.0,0.0,451.0,759,1997.0,40,0,0.0,8,Reg,0,30,60.0,27.363846269205577,50140.0,6.494999999999999,3.6,2008,8,Q3,1Fam,1,2008-08-01,157443.925537187
1992,3,2.5,5,2.0,1053.0,8,9375,9,939,648.0,0.0,1053.0,1053,2003.0,140,45,768.0,5,Reg,0,60,75.0,27.363846269205577,50140.0,6.494999999999999,3.6,2008,8,Q3,1Fam,1,2008-08-01,250000.0
990,3,2.0,14,2.0,990.0,5,9750,5,0,528.0,722.0,268.0,990,1997.0,168,0,0.0,7,Reg,0,20,65.0,27.363846269205577,50140.0,6.494999999999999,3.6,2008,8,Q3,1Fam,0,2008-08-01,182873.903794044
1164,3,2.0,58,1.0,1164.0,5,10880,5,0,240.0,1040.0,124.0,1164,1950.0,0,48,0.0,5,Reg,0,190,68.0,27.363846269205577,50140.0,6.494999999999999,3.6,2008,8,Q3,2fmCon,0,2008-08-01,125000.0
1558,2,3.0,33,2.0,864.0,5,14330,5,0,440.0,88.0,180.0,1558,1975.0,140,0,0.0,6,IR1,227,20,40.0,27.363846269205577,50140.0,6.494999999999999,3.6,2008,8,Q3,1Fam,1,2008-08-01,178611.639373646
1136,2,1.5,79,1.0,704.0,4,6240,6,512,336.0,80.0,624.0,624,1990.0,0,365,0.0,7,Reg,0,50,52.0,27.363846269205577,50140.0,6.494999999999999,3.6,2008,8,Q3,1Fam,1,2008-08-01,162690.209131977
2418,3,3.5,15,3.0,1311.0,7,10542,9,1093,983.0,1173.0,138.0,1325,1993.0,250,154,651.0,5,Reg,0,60,96.0,27.363846269205577,50140.0,6.494999999999999,3.6,2008,8,Q3,1Fam,1,2008-08-01,341000.0
1446,3,3.0,12,2.0,729.0,7,21872,6,717,406.0,604.0,125.0,729,1996.0,264,22,0.0,5,IR2,0,60,57.0,27.363846269205577,50140.0,6.494999999999999,3.6,2008,8,Q3,1Fam,1,2008-08-01,175000.0
2046,3,3.5,5,3.0,998.0,7,10625,8,1040,871.0,866.0,132.0,1006,2003.0,320,62,292.0,5,Reg,0,60,85.0,27.363846269205577,50140.0,6.494999999999999,3.6,2008,8,Q3,1Fam,1,2008-08-01,284000.0
2262,4,3.5,5,3.0,1482.0,8,12244,10,780,749.0,871.0,611.0,1482,2003.0,168,0,226.0,5,Reg,0,60,85.0,27.363846269205577,50140.0,6.494999999999999,3.6,2008,8,Q3,1Fam,0,2008-08-01,305000.0
2327,4,2.5,5,2.0,1129.0,7,10905,9,1198,596.0,0.0,1129.0,1129,2003.0,0,57,0.0,5,IR2,0,60,41.0,27.363846269205577,50140.0,6.494999999999999,3.6,2008,8,Q3,1Fam,0,2008-08-01,198422.868144723
935,2,1.0,78,1.0,742.0,5,9100,4,0,308.0,0.0,742.0,779,1988.0,0,0,0.0,6,Reg,0,40,50.0,27.363846269205577,50140.0,6.494999999999999,3.6,2008,8,Q3,1Fam,1,2008-08-01,79500.0
2331,3,3.5,3,3.0,1414.0,9,12151,9,917,1003.0,1249.0,165.0,1414,2005.0,192,63,368.0,5,IR1,0,60,102.0,27.363846269205577,50140.0,6.494999999999999,3.6,2008,8,Q3,1Fam,0,2008-08-01,187599.163869476
1111,2,1.0,82,1.0,572.0,7,5700,5,539,288.0,0.0,572.0,572,1982.0,0,0,0.0,7,Reg,0,50,68.0,27.363846269205577,50140.0,6.494999999999999,3.6,2008,8,Q3,1Fam,1,2008-08-01,116900.0
1668,3,1.5,63,1.0,672.0,7,7425,8,473,252.0,0.0,672.0,1195,1945.0,210,0,0.0,7,IR1,0,50,68.0,27.363846269205577,50140.0,6.494999999999999,3.6,2008,8,Q3,1Fam,1,2008-08-01,178298.214633119
1211,3,1.0,40,1.0,952.0,5,8250,5,0,322.0,250.0,210.0,1211,1968.0,0,63,0.0,5,Reg,0,20,55.0,27.363846269205577,50140.0,6.494999999999999,3.6,2008,8,Q3,1Fam,0,2008-08-01,134000.0
1053,3,2.5,49,1.0,1053.0,5,10007,5,0,312.0,806.0,247.0,1053,1959.0,0,0,54.0,7,IR1,0,20,72.0,27.363846269205577,50140.0,6.494999999999999,3.6,2008,8,Q3,1Fam,1,2008-08-01,145500.0
2113,2,3.5,13,3.0,2109.0,8,10437,7,0,839.0,1696.0,413.0,2113,1995.0,236,46,660.0,6,IR1,0,20,91.0,27.363846269205577,50140.0,6.494999999999999,3.6,2008,8,Q3,1Fam,0,2008-08-01,350000.0
2464,4,3.5,1,3.0,2418.0,8,13693,9,0,650.0,1728.0,195.0,2464,2007.0,358,78,554.0,5,Reg,0,20,105.0,27.363846269205577,50140.0,6.494999999999999,3.6,2008,8,Q3,1Fam,0,2008-08-01,203909.759061135
1294,3,2.0,108,0.0,0.0,4,10800,7,600,0.0,0.0,0.0,694,1979.0,220,114,0.0,7,Reg,0,190,60.0,27.363846269205577,50140.0,6.494999999999999,3.6,2008,8,Q3,2fmCon,1,2008-08-01,106250.0
1987,2,3.0,14,2.0,1986.0,8,14303,7,0,691.0,1314.0,672.0,1987,1994.0,262,36,554.0,5,IR1,0,20,91.0,27.363846269205577,50140.0,6.494999999999999,3.6,2008,8,Q3,1Fam,0,2008-08-01,301500.0
1509,3,3.0,20,2.0,1461.0,6,10200,5,0,600.0,783.0,678.0,1509,1988.0,224,0,219.0,5,Reg,0,80,85.0,27.363846269205577,50140.0,6.494999999999999,3.6,2008,8,Q3,1Fam,1,2008-08-01,175000.0
1506,2,2.0,0,2.0,1498.0,9,14587,6,0,592.0,0.0,1498.0,1506,2008.0,0,174,284.0,5,IR1,0,20,75.0,27.363846269205577,50140.0,6.494999999999999,3.6,2008,8,Q3,1Fam,0,2008-08-01,264132.0
1455,2,3.0,5,3.0,1415.0,7,3940,6,0,644.0,1073.0,342.0,1455,2003.0,156,20,143.0,5,Reg,144,120,68.0,27.363846269205577,50140.0,6.494999999999999,3.6,2008,8,Q3,TwnhsE,0,2008-08-01,158163.720929772
1236,3,3.0,83,1.0,768.0,6,7006,6,448,384.0,121.0,647.0,788,1985.0,0,0,0.0,6,Reg,0,50,62.0,27.363846269205577,50140.0,6.494999999999999,3.6,2008,8,Q3,1Fam,1,2008-08-01,177473.606564978
1501,3,2.5,9,2.0,744.0,7,2280,6,744,440.0,549.0,195.0,757,1999.0,0,0,360.0,5,Reg,0,160,24.0,27.363846269205577,50140.0,6.494999999999999,3.6,2008,8,Q3,Twnhs,0,2008-08-01,179400.0
1494,3,3.0,6,2.0,1494.0,7,12803,6,0,530.0,922.0,572.0,1494,2002.0,192,36,99.0,5,IR1,0,20,88.0,27.363846269205577,50140.0,6.01,3.0,2008,9,Q3,1Fam,0,2008-09-01,221000.0
1582,3,2.5,4,2.0,770.0,7,8320,6,812,520.0,490.0,280.0,770,2004.0,0,45,0.0,5,Reg,0,60,64.0,27.363846269205577,50140.0,6.01,3.0,2008,9,Q3,1Fam,0,2008-09-01,185900.0
1709,3,3.5,17,2.0,836.0,6,14067,7,858,416.0,504.0,332.0,851,1991.0,0,40,194.0,5,Reg,0,60,68.0,27.363846269205577,50140.0,6.01,3.0,2008,9,Q3,1Fam,0,2008-09-01,192474.817899346
1786,3,3.5,7,2.0,920.0,7,11250,6,866,608.0,486.0,434.0,920,2001.0,0,42,162.0,5,IR1,0,60,68.0,27.363846269205577,50140.0,6.01,3.0,2008,9,Q3,1Fam,1,2008-09-01,223500.0
1054,3,1.0,61,1.0,1046.0,5,9488,6,0,240.0,0.0,1046.0,1054,1947.0,0,60,0.0,6,Reg,0,20,82.0,27.363846269205577,50140.0,6.01,3.0,2008,9,Q3,1Fam,1,2008-09-01,183463.17030026
1968,4,3.0,39,2.0,784.0,5,11075,7,800,530.0,562.0,29.0,1168,1969.0,305,189,232.0,4,IR1,0,60,68.0,27.363846269205577,50140.0,6.01,3.0,2008,9,Q3,1Fam,0,2008-09-01,172000.0
1055,2,2.0,31,2.0,1055.0,7,2529,4,0,440.0,378.0,677.0,1055,1977.0,0,38,0.0,6,Reg,0,120,24.0,27.363846269205577,50140.0,6.01,3.0,2008,9,Q3,Twnhs,0,2008-09-01,156491.711373235
2032,3,4.0,12,3.0,1840.0,7,23730,7,0,786.0,700.0,1140.0,2032,1996.0,0,46,668.0,5,IR2,0,20,68.0,27.363846269205577,50140.0,6.01,3.0,2008,9,Q3,1Fam,1,2008-09-01,211491.972463654
1820,3,2.5,12,3.0,910.0,7,11050,8,910,816.0,0.0,910.0,910,1996.0,318,32,0.0,5,Reg,0,60,68.0,27.363846269205577,50140.0,6.01,3.0,2008,9,Q3,1Fam,1,2008-09-01,186537.246201062
1677,3,3.5,7,2.0,827.0,6,8450,7,850,627.0,472.0,355.0,827,2001.0,0,68,0.0,5,Reg,0,60,65.0,27.363846269205577,50140.0,6.01,3.0,2008,9,Q3,1Fam,0,2008-09-01,181420.346494222
2555,3,2.0,86,2.0,588.0,6,11526,11,748,672.0,0.0,588.0,1423,1993.0,431,0,0.0,7,IR1,0,70,79.0,27.363846269205577,50140.0,6.01,3.0,2008,9,Q3,1Fam,1,2008-09-01,191000.0
1419,2,2.5,7,2.0,1419.0,9,4385,5,0,588.0,964.0,455.0,1419,2001.0,155,58,0.0,5,IR1,0,120,42.0,27.363846269205577,50140.0,6.01,3.0,2008,9,Q3,TwnhsE,0,2008-09-01,160144.390548579
864,2,2.0,94,0.0,864.0,3,8248,5,0,0.0,41.0,823.0,864,1979.0,0,0,0.0,3,Reg,0,30,45.0,27.363846269205577,50140.0,6.01,3.0,2008,9,Q3,1Fam,1,2008-09-01,67000.0
2358,5,3.0,100,2.0,907.0,6,45600,10,1051,360.0,0.0,907.0,1307,1908.0,486,40,0.0,8,IR2,175,50,75.0,27.363846269205577,50140.0,6.01,3.0,2008,9,Q3,1Fam,1,2008-09-01,240000.0
2263,3,2.5,7,2.0,1055.0,8,9240,7,1208,905.0,0.0,1055.0,1055,2001.0,0,45,396.0,5,Reg,189,60,68.0,27.363846269205577,50140.0,6.01,3.0,2008,9,Q3,1Fam,1,2008-09-01,287000.0
987,2,1.5,38,1.0,483.0,6,1869,5,504,280.0,321.0,162.0,483,1987.0,0,0,127.0,6,Reg,0,160,21.0,27.363846269205577,50140.0,6.01,3.0,2008,9,Q3,Twnhs,0,2008-09-01,106000.0
1076,3,1.5,33,2.0,1076.0,5,9216,5,0,576.0,294.0,782.0,1076,1985.0,0,0,176.0,6,IR1,0,20,68.0,27.363846269205577,50140.0,6.01,3.0,2008,9,Q3,1Fam,0,2008-09-01,182927.863869391
1984,5,2.0,98,1.0,1242.0,6,8094,8,742,360.0,196.0,1046.0,1242,1979.0,64,0,0.0,8,Reg,0,60,57.0,27.363846269205577,50140.0,6.01,3.0,2008,9,Q3,2fmCon,1,2008-09-01,207271.484957719
1320,3,2.0,60,2.0,768.0,6,8064,5,501,576.0,315.0,453.0,819,1994.0,108,0,0.0,6,Reg,0,50,60.0,27.363846269205577,50140.0,6.01,3.0,2008,9,Q3,1Fam,1,2008-09-01,180660.683691591
2199,3,2.5,11,2.0,1173.0,8,9660,9,1017,516.0,0.0,1173.0,1182,1997.0,0,131,1290.0,5,Reg,0,75,84.0,27.363846269205577,50140.0,6.01,3.0,2008,9,Q3,1Fam,0,2008-09-01,183801.672896251
1440,4,2.0,53,0.0,1440.0,4,12108,8,0,0.0,133.0,1307.0,1440,1979.0,0,0,270.0,4,Reg,0,90,92.0,27.363846269205577,50140.0,6.01,3.0,2008,9,Q3,Duplex,0,2008-09-01,118000.0
1080,3,1.0,118,0.0,684.0,5,5914,5,396,0.0,0.0,684.0,684,1979.0,0,165,0.0,9,Reg,0,50,44.0,27.363846269205577,50140.0,6.01,3.0,2008,9,Q3,1Fam,1,2008-09-01,176429.401241704
1198,4,1.0,88,0.0,901.0,6,5586,7,110,0.0,0.0,901.0,1088,1979.0,0,98,0.0,7,IR1,0,50,60.0,27.363846269205577,50140.0,6.01,3.0,2008,9,Q3,1Fam,1,2008-09-01,79900.0
1964,4,2.5,32,2.0,803.0,7,10480,8,866,483.0,403.0,400.0,1098,1976.0,0,69,660.0,6,Reg,0,60,80.0,27.363846269205577,50140.0,6.01,3.0,2008,9,Q3,1Fam,0,2008-09-01,205000.0
1355,4,3.0,68,0.0,644.0,5,10106,6,547,0.0,351.0,112.0,808,1979.0,140,0,0.0,7,Reg,0,190,62.0,27.363846269205577,50140.0,6.01,3.0,2008,9,Q3,2fmCon,1,2008-09-01,127500.0
899,2,1.0,98,1.0,481.0,5,6756,5,0,200.0,0.0,481.0,899,1930.0,0,0,0.0,6,Reg,0,30,60.0,27.363846269205577,50140.0,6.01,3.0,2008,9,Q3,1Fam,1,2008-09-01,164810.609473548
2200,4,5.0,108,0.0,1272.0,5,8777,9,928,0.0,1084.0,188.0,1272,1979.0,0,70,0.0,7,Reg,0,90,67.0,27.363846269205577,50140.0,6.01,3.0,2008,9,Q3,Duplex,1,2008-09-01,145900.0
1144,3,2.0,47,2.0,1144.0,5,7875,6,0,456.0,572.0,572.0,1144,1961.0,0,0,136.0,6,Reg,0,20,75.0,27.363846269205577,50140.0,6.01,3.0,2008,9,Q3,1Fam,0,2008-09-01,139950.0
1884,2,3.0,4,3.0,1884.0,9,15401,7,0,670.0,1337.0,547.0,1884,2004.0,214,76,296.0,5,IR1,0,20,53.0,27.363846269205577,50140.0,6.01,3.0,2008,9,Q3,1Fam,0,2008-09-01,181824.300998793
1337,3,2.0,58,1.0,572.0,5,9600,7,0,264.0,32.0,232.0,1337,1950.0,0,192,0.0,8,Reg,0,20,80.0,27.363846269205577,50140.0,6.01,3.0,2008,9,Q3,1Fam,1,2008-09-01,183683.590595324
906,2,1.0,71,1.0,348.0,4,4882,5,453,231.0,120.0,228.0,453,1937.0,0,0,0.0,7,IR1,0,70,50.0,27.363846269205577,50140.0,6.01,3.0,2008,9,Q3,1Fam,1,2008-09-01,161122.505607926
936,2,1.0,39,1.0,936.0,4,10295,4,0,288.0,252.0,684.0,936,1969.0,16,0,72.0,6,Reg,0,20,68.0,27.363846269205577,50140.0,6.01,3.0,2008,9,Q3,1Fam,0,2008-09-01,171775.497189898
912,2,2.0,46,1.0,912.0,5,12968,4,0,352.0,737.0,175.0,912,1962.0,140,0,0.0,6,IR2,176,20,68.0,27.363846269205577,50140.0,6.01,3.0,2008,9,Q3,1Fam,0,2008-09-01,144000.0
1790,3,2.0,51,2.0,998.0,6,14250,6,0,540.0,0.0,998.0,1790,1957.0,0,40,360.0,5,Reg,0,20,95.0,27.363846269205577,50140.0,6.01,3.0,2008,9,Q3,1Fam,0,2008-09-01,192834.968917174
1795,3,2.0,6,2.0,1777.0,8,9742,7,0,534.0,0.0,1777.0,1795,2002.0,171,159,281.0,5,Reg,0,20,75.0,27.363846269205577,50140.0,6.01,3.0,2008,9,Q3,1Fam,0,2008-09-01,230000.0
1661,3,2.0,53,1.0,992.0,6,9600,8,0,377.0,831.0,161.0,1661,1955.0,0,28,0.0,6,Reg,178,80,80.0,27.363846269205577,50140.0,6.1,2.9,2008,10,Q4,1Fam,1,2008-10-01,165500.0
816,3,1.5,26,1.0,816.0,5,6600,5,0,264.0,641.0,175.0,816,1982.0,0,0,0.0,9,Reg,0,20,60.0,27.363846269205577,50140.0,6.1,2.9,2008,10,Q4,1Fam,1,2008-10-01,130500.0
1626,2,2.5,5,2.0,764.0,7,2448,6,862,474.0,0.0,764.0,764,2003.0,0,27,106.0,5,Reg,0,160,36.0,27.363846269205577,50140.0,6.1,2.9,2008,10,Q4,Twnhs,1,2008-10-01,157437.192820581
1563,3,2.0,1,3.0,1563.0,8,10206,6,0,758.0,33.0,1530.0,1563,2007.0,144,99,468.0,5,Reg,0,20,78.0,27.363846269205577,50140.0,6.1,2.9,2008,10,Q4,1Fam,0,2008-10-01,245000.0
1265,3,2.5,43,2.0,1219.0,5,9350,6,0,502.0,633.0,586.0,1265,1965.0,0,92,0.0,8,Reg,0,80,85.0,27.363846269205577,50140.0,6.1,2.9,2008,10,Q4,1Fam,1,2008-10-01,179900.0
892,3,1.0,42,1.0,864.0,5,9477,5,0,264.0,340.0,524.0,892,1966.0,0,0,65.0,5,Reg,0,20,68.0,27.363846269205577,50140.0,6.1,2.9,2008,10,Q4,1Fam,0,2008-10-01,110000.0
1680,3,3.0,15,2.0,886.0,6,8480,7,794,474.0,602.0,284.0,886,1993.0,144,96,120.0,5,IR1,0,60,50.0,27.363846269205577,50140.0,6.1,2.9,2008,10,Q4,1Fam,1,2008-10-01,182584.280198283
2748,4,3.5,2,3.0,1850.0,9,13418,9,898,850.0,1420.0,430.0,1850,2006.0,212,182,270.0,5,Reg,0,60,108.0,27.363846269205577,50140.0,6.1,2.9,2008,10,Q4,1Fam,0,2008-10-01,205578.333622415
1702,1,2.5,0,3.0,1702.0,9,8769,7,0,1052.0,1540.0,162.0,1702,2008.0,0,72,766.0,5,Reg,224,120,65.0,27.363846269205577,50140.0,6.1,2.9,2008,10,Q4,TwnhsE,0,2008-10-01,367294.0
923,3,2.0,24,1.0,876.0,5,6951,5,0,264.0,658.0,218.0,923,1984.0,362,0,0.0,5,IR1,0,20,37.0,27.363846269205577,50140.0,6.1,2.9,2008,10,Q4,1Fam,1,2008-10-01,119500.0
1069,2,2.0,31,2.0,1069.0,6,4043,4,0,440.0,559.0,510.0,1069,1977.0,0,55,0.0,6,Reg,200,120,53.0,27.363846269205577,50140.0,6.1,2.9,2008,10,Q4,TwnhsE,0,2008-10-01,140000.0
1252,3,1.0,49,2.0,1252.0,6,10721,7,0,528.0,0.0,1252.0,1252,1960.0,0,39,243.0,6,IR1,0,20,80.0,27.363846269205577,50140.0,6.1,2.9,2008,10,Q4,1Fam,0,2008-10-01,142000.0
1258,3,2.5,37,2.0,1258.0,6,11040,5,0,528.0,656.0,602.0,1258,1971.0,55,0,144.0,7,Reg,0,20,80.0,27.363846269205577,50140.0,6.1,2.9,2008,10,Q4,1Fam,1,2008-10-01,145000.0
1378,3,2.0,80,2.0,689.0,7,9600,7,689,360.0,141.0,548.0,689,1928.0,0,0,0.0,9,Reg,0,70,60.0,27.363846269205577,50140.0,6.1,2.9,2008,10,Q4,1Fam,1,2008-10-01,161000.0
1679,3,3.0,14,2.0,1408.0,6,8125,7,0,575.0,1138.0,270.0,1679,1994.0,224,42,258.0,5,Reg,0,20,65.0,27.363846269205577,50140.0,6.1,2.9,2008,10,Q4,1Fam,1,2008-10-01,193500.0
1283,3,2.0,46,2.0,931.0,5,7763,6,0,506.0,504.0,319.0,1283,1980.0,0,0,0.0,7,Reg,0,20,70.0,27.363846269205577,50140.0,6.1,2.9,2008,10,Q4,1Fam,1,2008-10-01,140000.0
1228,2,3.0,20,2.0,1228.0,8,4671,5,0,472.0,767.0,461.0,1228,1988.0,168,120,0.0,5,IR1,0,120,40.0,27.363846269205577,50140.0,6.1,2.9,2008,10,Q4,TwnhsE,1,2008-10-01,189000.0
1337,2,3.0,15,2.0,1337.0,8,5395,5,0,462.0,733.0,604.0,1337,1993.0,96,0,0.0,5,IR1,0,120,41.0,27.363846269205577,50140.0,6.1,2.9,2008,10,Q4,TwnhsE,0,2008-10-01,180000.0
1764,4,2.5,51,1.0,0.0,5,8838,7,0,301.0,0.0,0.0,1764,1957.0,0,72,0.0,3,Reg,0,20,71.0,27.363846269205577,50140.0,6.1,2.9,2008,10,Q4,1Fam,1,2008-10-01,196564.717984981
1216,2,1.0,61,1.0,832.0,5,8480,6,384,336.0,442.0,390.0,832,1947.0,158,0,0.0,5,Reg,0,50,80.0,27.363846269205577,50140.0,6.1,2.9,2008,10,Q4,1Fam,1,2008-10-01,118500.0
1895,3,2.5,14,2.0,712.0,7,10832,7,809,409.0,0.0,712.0,1086,1994.0,143,46,0.0,5,IR1,0,60,68.0,27.363846269205577,50140.0,6.1,2.9,2008,10,Q4,1Fam,1,2008-10-01,194500.0
1456,3,3.5,3,2.0,728.0,7,8199,7,728,410.0,648.0,80.0,728,2005.0,36,18,0.0,5,Reg,0,60,63.0,27.363846269205577,50140.0,6.1,2.9,2008,10,Q4,1Fam,0,2008-10-01,189000.0
1902,4,2.0,85,2.0,1100.0,5,6120,7,676,576.0,203.0,897.0,1226,1960.0,0,139,0.0,5,Reg,0,70,51.0,27.363846269205577,50140.0,6.1,2.9,2008,10,Q4,1Fam,1,2008-10-01,191215.589752983
1470,3,2.5,13,2.0,680.0,6,8139,7,790,420.0,476.0,204.0,680,1995.0,192,49,119.0,5,Reg,0,60,65.0,27.363846269205577,50140.0,6.1,2.9,2008,10,Q4,1Fam,1,2008-10-01,181913.179121348
910,3,1.0,55,2.0,105.0,5,8892,5,0,414.0,0.0,105.0,910,1953.0,196,0,0.0,7,Reg,0,20,74.0,27.363846269205577,50140.0,6.1,2.9,2008,10,Q4,1Fam,1,2008-10-01,116000.0
1612,3,2.5,0,3.0,796.0,7,12018,6,816,666.0,0.0,796.0,796,2008.0,0,64,60.0,5,IR1,0,60,81.0,27.363846269205577,50140.0,6.1,2.9,2008,10,Q4,1Fam,0,2008-10-01,189547.199876284
1796,4,2.5,45,2.0,780.0,6,7056,8,813,483.0,400.0,380.0,983,1963.0,0,50,415.0,5,Reg,0,60,71.0,27.363846269205577,50140.0,6.1,2.9,2008,10,Q4,1Fam,0,2008-10-01,140000.0
1740,4,1.5,40,2.0,1740.0,6,11050,8,0,512.0,301.0,1439.0,1740,1968.0,25,0,0.0,5,Reg,192,20,85.0,27.363846269205577,50140.0,6.1,2.9,2008,10,Q4,1Fam,0,2008-10-01,200918.018812493
1026,3,2.0,30,2.0,940.0,6,10970,5,0,576.0,505.0,0.0,1026,1981.0,0,0,0.0,6,IR1,0,80,68.0,27.363846269205577,50140.0,6.1,2.9,2008,10,Q4,1Fam,0,2008-10-01,147000.0
1626,2,3.5,5,2.0,764.0,7,2448,6,862,474.0,573.0,191.0,764,2003.0,0,27,106.0,5,Reg,0,160,36.0,27.363846269205577,50140.0,6.1,2.9,2008,10,Q4,Twnhs,1,2008-10-01,154000.0
1964,4,1.5,97,0.0,940.0,5,8525,7,940,0.0,0.0,940.0,1024,1979.0,0,192,0.0,6,Reg,0,70,55.0,27.363846269205577,50140.0,6.09,3.1,2008,11,Q4,1Fam,1,2008-11-01,130000.0
1636,3,2.5,12,2.0,916.0,6,15038,7,720,386.0,138.0,778.0,916,1996.0,168,84,0.0,5,IR2,0,60,68.0,27.363846269205577,50140.0,6.09,3.1,2008,11,Q4,1Fam,0,2008-11-01,196595.568243212
1969,4,2.0,70,2.0,1272.0,6,6876,9,0,400.0,0.0,1272.0,1272,1938.0,0,34,0.0,6,Reg,0,50,60.0,27.363846269205577,50140.0,6.09,3.1,2008,11,Q4,1Fam,1,2008-11-01,193808.319298263
1656,4,2.0,35,2.0,1656.0,5,9246,8,0,506.0,0.0,1656.0,1656,1973.0,0,211,564.0,5,IR1,0,90,87.0,27.363846269205577,50140.0,6.09,3.1,2008,11,Q4,Duplex,0,2008-11-01,135000.0
1200,3,2.0,44,3.0,1200.0,4,14137,6,0,850.0,865.0,88.0,1200,1964.0,0,119,98.0,5,Reg,171,85,150.0,27.363846269205577,50140.0,6.09,3.1,2008,11,Q4,1Fam,0,2008-11-01,194822.365690957
1384,3,3.0,12,2.0,1348.0,5,14137,7,0,404.0,450.0,898.0,1384,1996.0,0,39,0.0,5,IR1,0,20,53.0,27.363846269205577,50140.0,6.09,3.1,2008,11,Q4,1Fam,1,2008-11-01,194822.365690957
987,2,2.5,35,1.0,483.0,6,1680,5,504,264.0,330.0,153.0,483,1973.0,0,0,158.0,5,Reg,0,160,21.0,27.363846269205577,50140.0,6.09,3.1,2008,11,Q4,Twnhs,0,2008-11-01,100000.0
2069,4,3.0,48,2.0,585.0,7,27650,9,0,505.0,425.0,160.0,2069,1960.0,0,0,0.0,7,IR2,0,20,313.0,27.363846269205577,50140.0,6.09,3.1,2008,11,Q4,1Fam,1,2008-11-01,242000.0
1872,4,3.0,32,2.0,0.0,5,10260,8,936,484.0,0.0,0.0,936,1976.0,0,0,0.0,4,Reg,0,90,76.0,27.363846269205577,50140.0,6.09,3.1,2008,11,Q4,Duplex,0,2008-11-01,200468.161070551
1204,3,1.0,54,1.0,416.0,4,7692,6,0,312.0,0.0,416.0,1204,1954.0,0,0,0.0,6,Reg,0,80,62.0,27.363846269205577,50140.0,6.09,3.1,2008,11,Q4,1Fam,0,2008-11-01,182138.358533039
1211,3,3.0,32,2.0,1211.0,6,13068,6,0,461.0,890.0,273.0,1211,1976.0,0,0,621.0,5,Reg,0,20,90.0,27.363846269205577,50140.0,6.09,3.1,2008,11,Q4,1Fam,0,2008-11-01,192718.532696106
1291,2,2.0,12,2.0,1291.0,6,2887,6,0,431.0,1003.0,288.0,1291,1996.0,307,0,0.0,5,Reg,0,120,68.0,27.363846269205577,50140.0,6.09,3.1,2008,11,Q4,1Fam,1,2008-11-01,173000.0
1117,3,2.0,31,2.0,1029.0,6,9638,6,0,542.0,368.0,541.0,1117,1977.0,292,0,0.0,6,IR1,0,80,68.0,27.363846269205577,50140.0,6.09,3.1,2008,11,Q4,1Fam,0,2008-11-01,185968.161159774
1178,3,2.0,35,2.0,1176.0,5,10000,5,0,439.0,1084.0,92.0,1178,1973.0,224,0,0.0,6,Reg,0,20,80.0,27.363846269205577,50140.0,6.09,3.1,2008,11,Q4,1Fam,1,2008-11-01,157000.0
1269,3,1.5,46,1.0,621.0,6,9360,7,648,280.0,324.0,297.0,621,1962.0,0,236,216.0,8,Reg,0,60,50.0,27.363846269205577,50140.0,6.09,3.1,2008,11,Q4,1Fam,1,2008-11-01,185421.046498812
1344,2,4.0,11,4.0,1344.0,7,8940,8,0,784.0,1309.0,35.0,1344,1997.0,0,0,200.0,5,IR1,0,90,97.0,27.363846269205577,50140.0,6.09,3.1,2008,11,Q4,Duplex,1,2008-11-01,171318.59033449
1795,4,2.0,54,1.0,1050.0,5,12150,7,745,352.0,0.0,1050.0,1050,1954.0,0,0,335.0,5,Reg,0,50,81.0,27.363846269205577,50140.0,6.09,3.1,2008,11,Q4,1Fam,0,2008-11-01,131500.0
1728,6,2.0,43,2.0,1728.0,5,13101,10,0,576.0,231.0,1497.0,1728,1987.0,0,0,108.0,5,IR1,0,90,74.0,27.363846269205577,50140.0,6.09,3.1,2008,11,Q4,Duplex,0,2008-11-01,142600.0
1800,6,2.0,47,0.0,1800.0,5,8513,10,0,0.0,0.0,1800.0,1800,1979.0,0,0,0.0,5,Reg,0,90,113.0,27.363846269205577,50140.0,6.09,3.1,2008,11,Q4,Duplex,0,2008-11-01,223581.758190888
1652,2,3.5,0,2.0,1600.0,8,5587,5,0,482.0,1480.0,120.0,1652,2008.0,162,53,186.0,5,IR1,0,120,64.0,27.363846269205577,50140.0,6.09,3.1,2008,11,Q4,TwnhsE,0,2008-11-01,392500.0
1728,6,2.0,43,2.0,1728.0,5,11072,10,0,576.0,0.0,1728.0,1728,1987.0,0,0,0.0,5,IR1,0,90,72.0,27.363846269205577,50140.0,6.09,3.1,2008,11,Q4,Duplex,0,2008-11-01,228617.968325428
1651,3,3.0,22,2.0,1606.0,6,12416,7,0,616.0,1398.0,0.0,1651,1986.0,192,0,132.0,5,IR1,0,20,47.0,27.363846269205577,50140.0,6.09,3.1,2008,11,Q4,1Fam,0,2008-11-01,184000.0
1866,2,3.0,0,3.0,1858.0,9,10110,7,0,870.0,372.0,1486.0,1866,2008.0,0,48,492.0,5,IR1,0,120,58.0,27.363846269205577,50140.0,6.09,3.1,2008,11,Q4,TwnhsE,0,2008-11-01,173621.195202569
1358,2,3.0,1,2.0,1350.0,7,7301,6,0,484.0,876.0,474.0,1358,2008.0,192,26,176.0,6,IR1,0,120,55.0,27.363846269205577,50140.0,6.09,3.1,2008,11,Q4,TwnhsE,1,2008-11-01,168092.975480832
1027,3,1.5,46,1.0,1027.0,5,8000,6,0,299.0,520.0,188.0,1027,1962.0,0,0,0.0,5,Reg,0,20,80.0,27.363846269205577,50140.0,6.09,3.1,2008,11,Q4,1Fam,0,2008-11-01,182744.514344465
2093,3,2.5,22,2.0,791.0,7,20544,7,857,542.0,0.0,791.0,1236,1986.0,364,63,123.0,6,IR1,0,60,46.0,27.363846269205577,50140.0,6.09,3.1,2008,11,Q4,1Fam,1,2008-11-01,215000.0
2713,3,3.5,0,3.0,1452.0,9,14948,11,1237,858.0,1330.0,122.0,1476,2008.0,126,66,268.0,5,IR1,0,60,67.0,27.363846269205577,50140.0,6.09,3.1,2008,11,Q4,1Fam,0,2008-11-01,446261.0
1932,2,3.0,0,3.0,1932.0,8,12444,7,0,774.0,1336.0,596.0,1932,2008.0,0,66,426.0,5,Reg,0,20,96.0,27.363846269205577,50140.0,6.09,3.1,2008,11,Q4,1Fam,0,2008-11-01,394617.0
1640,3,2.0,54,2.0,1296.0,6,14778,7,0,924.0,728.0,568.0,1640,1993.0,108,0,72.0,7,IR1,0,20,68.0,27.363846269205577,50140.0,6.09,3.1,2008,11,Q4,1Fam,1,2008-11-01,224000.0
1086,2,1.0,88,2.0,723.0,2,11340,5,363,400.0,0.0,723.0,723,1920.0,0,24,0.0,1,Reg,0,70,60.0,27.363846269205577,50140.0,6.09,3.1,2008,11,Q4,1Fam,1,2008-11-01,176041.882371574
985,3,2.0,31,1.0,985.0,5,8385,6,0,328.0,595.0,390.0,985,1977.0,210,0,220.0,8,Reg,0,80,65.0,27.363846269205577,50140.0,6.09,3.1,2008,11,Q4,1Fam,0,2008-11-01,149900.0
1657,3,2.5,14,2.0,832.0,7,14565,6,825,483.0,537.0,295.0,832,1994.0,144,74,145.0,5,IR2,0,60,43.0,27.363846269205577,50140.0,6.09,3.1,2008,11,Q4,1Fam,1,2008-11-01,195664.686104237
1344,2,4.0,11,4.0,1344.0,7,7060,8,0,784.0,1309.0,35.0,1344,1997.0,0,0,200.0,5,Reg,0,90,78.0,27.363846269205577,50140.0,6.09,3.1,2008,11,Q4,Duplex,1,2008-11-01,206300.0
1261,3,2.0,50,2.0,1261.0,6,9120,6,0,433.0,662.0,599.0,1261,1958.0,0,0,0.0,6,Reg,288,20,76.0,27.363846269205577,50140.0,6.09,3.1,2008,11,Q4,1Fam,0,2008-11-01,163000.0
1675,3,3.0,9,2.0,1666.0,6,7915,6,0,435.0,1223.0,443.0,1675,1999.0,165,52,0.0,5,IR1,0,20,68.0,27.363846269205577,50140.0,5.19,3.8,2008,12,Q4,1Fam,1,2008-12-01,183682.123638416
1536,3,3.0,6,2.0,1536.0,7,9135,7,0,532.0,810.0,726.0,1536,2002.0,192,74,113.0,5,Reg,0,20,70.0,27.363846269205577,50140.0,5.19,3.8,2008,12,Q4,1Fam,1,2008-12-01,214000.0
1032,2,1.0,28,2.0,516.0,6,1879,5,516,462.0,366.0,150.0,516,1980.0,213,0,0.0,6,Reg,0,160,24.0,27.363846269205577,50140.0,5.19,3.8,2008,12,Q4,Twnhs,0,2008-12-01,158527.164107319
1607,3,3.5,9,2.0,960.0,8,2645,7,645,480.0,813.0,147.0,962,2000.0,169,0,456.0,5,Reg,0,160,24.0,27.363846269205577,50140.0,5.19,3.8,2008,12,Q4,Twnhs,1,2008-12-01,173310.56154032
2198,4,3.5,8,3.0,1145.0,8,14260,9,1053,836.0,655.0,490.0,1145,2000.0,192,84,350.0,5,IR1,0,60,84.0,27.363846269205577,50140.0,5.19,3.8,2008,12,Q4,1Fam,0,2008-12-01,250000.0
1586,3,3.5,9,2.0,960.0,8,2645,7,624,480.0,612.0,348.0,962,1999.0,169,0,466.0,5,Reg,0,160,24.0,27.363846269205577,50140.0,5.19,3.8,2008,12,Q4,Twnhs,0,2008-12-01,173310.56154032
882,2,1.0,52,1.0,0.0,5,12702,4,0,308.0,0.0,0.0,882,1956.0,0,45,0.0,5,Reg,0,20,70.0,27.363846269205577,50140.0,5.19,3.8,2008,12,Q4,1Fam,0,2008-12-01,97000.0
912,2,2.0,43,2.0,912.0,5,8872,5,0,576.0,595.0,317.0,912,1992.0,0,240,300.0,8,Reg,0,20,72.0,27.363846269205577,50140.0,5.19,3.8,2008,12,Q4,1Fam,1,2008-12-01,147000.0
1431,3,1.5,46,1.0,1099.0,6,9150,6,0,296.0,371.0,728.0,1431,1962.0,64,110,305.0,5,IR1,0,80,101.0,27.363846269205577,50140.0,5.19,3.8,2008,12,Q4,1Fam,0,2008-12-01,165000.0
1601,3,1.5,50,1.0,533.0,5,13825,6,580,300.0,0.0,533.0,1021,1958.0,280,34,0.0,6,Reg,0,80,85.0,27.363846269205577,50140.0,5.19,3.8,2008,12,Q4,1Fam,1,2008-12-01,140000.0
2097,3,3.0,15,3.0,1080.0,7,11228,9,1017,678.0,50.0,499.0,1080,1993.0,196,187,0.0,5,IR2,0,60,59.0,27.363846269205577,50140.0,5.19,3.8,2008,12,Q4,1Fam,0,2008-12-01,228000.0
2840,4,3.0,30,4.0,1420.0,7,12511,8,1420,1314.0,988.0,432.0,1420,1978.0,0,16,168.0,7,IR1,208,60,68.0,27.363846269205577,50140.0,5.19,3.8,2008,12,Q4,1Fam,0,2008-12-01,206003.107947263
904,3,1.0,42,1.0,876.0,5,7162,6,0,408.0,0.0,876.0,904,1966.0,0,0,41.0,7,IR1,0,20,68.0,27.363846269205577,50140.0,5.19,3.8,2008,12,Q4,1Fam,0,2008-12-01,109900.0
1133,3,2.0,0,1.0,192.0,6,9836,7,0,308.0,96.0,96.0,1133,2008.0,0,175,0.0,5,Reg,0,20,56.0,27.363846269205577,50140.0,5.19,3.8,2008,12,Q4,1Fam,0,2008-12-01,187462.725306432
1302,3,2.5,36,1.0,630.0,5,1680,6,672,264.0,350.0,280.0,630,1972.0,0,0,356.0,5,Reg,0,160,21.0,27.363846269205577,50140.0,5.19,3.8,2008,12,Q4,Twnhs,0,2008-12-01,171411.404533743
1766,3,3.5,0,3.0,1751.0,9,11778,8,0,874.0,1153.0,598.0,1766,2008.0,216,36,402.0,5,Reg,0,20,91.0,27.363846269205577,50140.0,5.19,3.8,2008,12,Q4,1Fam,0,2008-12-01,191284.655779772
2200,4,2.5,15,2.0,812.0,7,14171,9,1099,453.0,355.0,457.0,1101,1993.0,168,98,0.0,5,IR2,0,60,68.0,27.363846269205577,50140.0,5.19,3.8,2008,12,Q4,1Fam,1,2008-12-01,209270.051606246
1588,5,2.0,59,0.0,448.0,3,12205,6,0,0.0,0.0,448.0,1588,1979.0,0,0,0.0,1,Reg,0,20,103.0,27.363846269205577,50140.0,5.19,3.8,2008,12,Q4,1Fam,1,2008-12-01,218676.768270367
1852,3,2.5,9,3.0,1004.0,8,9066,7,848,660.0,668.0,336.0,1004,1999.0,224,106,320.0,5,IR1,0,60,73.0,27.363846269205577,50140.0,5.19,3.8,2008,12,Q4,1Fam,1,2008-12-01,230000.0
1721,3,3.0,48,2.0,988.0,5,10532,7,0,626.0,988.0,0.0,1721,1960.0,50,84,275.0,3,Reg,0,190,68.0,27.363846269205577,50140.0,5.19,3.8,2008,12,Q4,1Fam,0,2008-12-01,188832.479997186
2495,5,2.0,118,2.0,1313.0,7,10800,10,1182,342.0,0.0,1313.0,1313,1950.0,0,299,0.0,7,Reg,0,70,60.0,27.363846269205577,50140.0,5.19,3.8,2008,12,Q4,1Fam,1,2008-12-01,215911.674390325
1428,3,2.0,1,2.0,1428.0,7,11639,6,0,480.0,0.0,1428.0,1428,2007.0,0,120,0.0,5,Reg,0,20,95.0,27.363846269205577,50140.0,5.19,3.8,2008,12,Q4,1Fam,1,2008-12-01,182000.0
1288,1,2.5,12,2.0,1260.0,8,14963,4,0,500.0,786.0,474.0,1288,1996.0,120,30,0.0,5,IR2,224,120,38.0,27.363846269205577,50140.0,5.19,3.8,2008,12,Q4,TwnhsE,0,2008-12-01,245500.0
1640,3,2.5,4,2.0,798.0,6,8366,6,842,520.0,0.0,798.0,798,2004.0,138,45,0.0,5,IR1,0,60,65.0,27.363846269205577,50140.0,5.19,3.8,2008,12,Q4,1Fam,0,2008-12-01,173000.0
1096,3,2.0,30,2.0,1008.0,6,13014,6,0,484.0,528.0,480.0,1096,1978.0,168,0,39.0,5,Reg,0,80,80.0,27.363846269205577,50140.0,5.19,3.8,2008,12,Q4,1Fam,0,2008-12-01,193717.15117887
1128,3,3.0,45,2.0,1120.0,5,8700,6,0,525.0,776.0,344.0,1128,1963.0,192,20,148.0,6,Reg,0,20,80.0,27.363846269205577,50140.0,5.19,3.8,2008,12,Q4,1Fam,0,2008-12-01,155000.0
2358,4,2.0,136,0.0,684.0,8,5250,8,1215,0.0,259.0,425.0,938,1979.0,0,54,0.0,5,Reg,0,70,50.0,27.363846269205577,50140.0,5.19,3.8,2008,12,Q4,1Fam,1,2008-12-01,122000.0
438,1,1.0,89,1.0,290.0,2,8400,3,0,246.0,290.0,0.0,438,1930.0,0,0,0.0,5,Reg,0,30,60.0,26.11993393300743,50720.0,5.055,5.0,2009,1,Q1,1Fam,1,2009-01-01,60000.0
1906,3,2.5,55,2.0,1310.0,6,17500,6,0,576.0,784.0,91.0,1906,1954.0,0,201,420.0,5,Reg,0,20,100.0,26.11993393300743,50720.0,5.055,5.0,2009,1,Q1,1Fam,0,2009-01-01,189494.276162169
1344,3,1.5,51,2.0,819.0,6,14375,7,0,525.0,111.0,354.0,1344,1958.0,0,118,541.0,6,IR1,233,20,68.0,26.11993393300743,50720.0,5.055,5.0,2009,1,Q1,1Fam,0,2009-01-01,137500.0
1602,3,3.0,2,3.0,1578.0,8,10200,7,0,810.0,1478.0,100.0,1602,2007.0,0,48,180.0,5,Reg,195,20,85.0,26.11993393300743,50720.0,5.055,5.0,2009,1,Q1,1Fam,0,2009-01-01,175127.59621604
1586,3,2.0,30,2.0,1362.0,6,17043,7,0,435.0,0.0,1362.0,1586,1979.0,192,0,0.0,5,IR1,0,20,48.0,26.11993393300743,50720.0,5.055,5.0,2009,1,Q1,1Fam,1,2009-01-01,181000.0
2822,4,3.5,1,3.0,1734.0,9,13891,12,1088,1020.0,0.0,1734.0,1734,2009.0,52,170,424.0,5,Reg,192,60,107.0,26.11993393300743,50720.0,5.055,5.0,2009,1,Q1,1Fam,1,2009-01-01,582933.0
1630,3,3.0,1,3.0,1622.0,8,10226,8,0,860.0,0.0,1622.0,1630,2008.0,172,42,270.0,5,IR1,0,20,61.0,26.11993393300743,50720.0,5.055,5.0,2009,1,Q1,1Fam,0,2009-01-01,295493.0
1208,2,1.0,84,2.0,780.0,4,6240,5,0,539.0,152.0,628.0,848,1962.0,0,23,0.0,5,Reg,0,30,52.0,26.11993393300743,50720.0,5.055,5.0,2009,1,Q1,1Fam,1,2009-01-01,103000.0
1716,3,1.5,60,1.0,768.0,5,11409,8,568,281.0,292.0,476.0,1148,1949.0,0,0,0.0,4,Reg,160,50,60.0,26.11993393300743,50720.0,5.055,5.0,2009,1,Q1,1Fam,1,2009-01-01,131000.0
1812,3,2.5,5,2.0,835.0,7,10628,8,941,478.0,0.0,835.0,871,2004.0,146,91,0.0,5,IR1,0,60,96.0,26.11993393300743,50720.0,5.055,5.0,2009,1,Q1,1Fam,0,2009-01-01,175969.91662932
1512,3,2.0,5,3.0,1512.0,8,10141,6,0,845.0,516.0,222.0,1512,2004.0,210,36,264.0,5,IR1,0,20,76.0,26.11993393300743,50720.0,5.055,5.0,2009,1,Q1,1Fam,0,2009-01-01,175011.481953462
1726,2,2.5,1,2.0,1726.0,6,3830,6,0,561.0,0.0,1726.0,1726,2008.0,0,254,280.0,5,IR1,0,120,68.0,26.11993393300743,50720.0,5.055,5.0,2009,1,Q1,TwnhsE,0,2009-01-01,149315.311876449
2499,4,2.5,33,2.0,392.0,8,9600,5,1012,527.0,0.0,392.0,1487,1976.0,0,64,200.0,5,Reg,0,80,80.0,26.11993393300743,50720.0,5.055,5.0,2009,1,Q1,1Fam,0,2009-01-01,187222.653264601
