SalePrice,GrLivArea,BedroomAbvGr,Bathrooms,PropertyAge,GarageCars,TotalBsmtSF,OverallQual,LotArea,TotRmsAbvGrd,2ndFlrSF,GarageArea,BsmtFinSF1,BsmtUnfSF,1stFlrSF,GarageYrBlt,WoodDeckSF,OpenPorchSF,MasVnrArea,OverallCond,LotShape,ScreenPorch,MSSubClass,LotFrontage,CrimeRate,MedianIncome,InterestRate,UnemploymentRate,YrSold,MoSold,QrtSold,BldgType,RenovationFlag
208500.0,1710,3,3.5,5,2.0,856.0,7,8450,8,854,548.0,706.0,150.0,856,2003.0,0,61,196.0,5,Reg,0,60,65.0,27.363846269205577,50140.0,5.88,3.1,2008,2,Q1,1Fam,0
181500.0,1262,3,2.5,31,2.0,1262.0,6,9600,6,0,460.0,978.0,284.0,1262,1976.0,298,0,0.0,8,Reg,0,20,80.0,29.102296283256685,48910.0,6.21,2.8,2007,5,Q2,1Fam,0
223500.0,1786,3,3.5,7,2.0,920.0,7,11250,6,866,608.0,486.0,434.0,920,2001.0,0,42,162.0,5,IR1,0,60,68.0,27.363846269205577,50140.0,6.01,3.0,2008,9,Q3,1Fam,1
140000.0,1717,3,2.0,91,3.0,756.0,7,9550,7,756,642.0,216.0,540.0,961,1998.0,0,35,0.0,5,IR1,0,70,60.0,30.85894600589856,48130.0,6.25,3.0,2006,2,Q1,1Fam,1
250000.0,2198,4,3.5,8,3.0,1145.0,8,14260,9,1053,836.0,655.0,490.0,1145,2000.0,192,84,350.0,5,IR1,0,60,84.0,27.363846269205577,50140.0,5.19,3.8,2008,12,Q4,1Fam,0
143000.0,1362,1,2.5,16,2.0,796.0,5,14115,5,566,480.0,732.0,64.0,796,1993.0,40,30,0.0,5,IR1,0,50,85.0,26.11993393300743,50720.0,4.94,4.4,2009,10,Q4,1Fam,1
307000.0,1694,3,3.0,3,2.0,1686.0,8,10084,7,0,636.0,1369.0,317.0,1694,2004.0,255,57,186.0,5,Reg,0,20,75.0,29.102296283256685,48910.0,6.59,3.0,2007,8,Q3,1Fam,1
200000.0,2090,3,3.5,36,2.0,1107.0,7,10382,7,983,484.0,859.0,216.0,1107,1973.0,235,204,240.0,6,IR1,0,60,68.0,26.11993393300743,50720.0,4.87,4.6,2009,11,Q4,1Fam,0
129900.0,1774,2,2.0,77,2.0,952.0,7,6120,8,752,468.0,0.0,952.0,1022,1931.0,90,0,0.0,5,Reg,0,50,51.0,27.363846269205577,50140.0,5.88,2.7,2008,4,Q2,1Fam,1
118000.0,1077,2,2.0,69,1.0,991.0,5,7420,5,0,205.0,851.0,140.0,1077,1939.0,0,4,0.0,6,Reg,0,190,50.0,27.363846269205577,50140.0,5.69,3.3,2008,1,Q1,2fmCon,1
129500.0,1040,3,2.0,43,1.0,1040.0,5,11200,5,0,384.0,906.0,134.0,1040,1965.0,0,0,0.0,5,Reg,0,20,70.0,27.363846269205577,50140.0,5.88,3.1,2008,2,Q1,1Fam,0
345000.0,2324,4,4.0,1,3.0,1175.0,9,11924,11,1142,736.0,998.0,177.0,1182,2005.0,147,21,286.0,5,IR1,0,60,85.0,30.85894600589856,48130.0,6.765000000000001,2.8,2006,7,Q3,1Fam,1
144000.0,912,2,2.0,46,1.0,912.0,5,12968,4,0,352.0,737.0,175.0,912,1962.0,140,0,0.0,6,IR2,176,20,68.0,27.363846269205577,50140.0,6.01,3.0,2008,9,Q3,1Fam,0
279500.0,1494,3,2.0,1,3.0,1494.0,7,10652,7,0,840.0,0.0,1494.0,1494,2006.0,160,33,306.0,5,IR1,0,20,91.0,29.102296283256685,48910.0,6.59,3.0,2007,8,Q3,1Fam,1
157000.0,1253,2,2.5,48,1.0,1253.0,6,10920,5,0,352.0,733.0,520.0,1253,1960.0,0,213,212.0,5,IR1,0,20,68.0,27.363846269205577,50140.0,6.05,3.0,2008,5,Q2,1Fam,0
132000.0,854,2,1.0,78,2.0,832.0,7,6120,5,0,576.0,0.0,832.0,854,1991.0,48,112,0.0,8,Reg,0,45,51.0,29.102296283256685,48910.0,6.710000000000001,3.0,2007,7,Q3,1Fam,1
149000.0,1004,2,2.0,40,2.0,1004.0,6,11241,5,0,480.0,578.0,426.0,1004,1970.0,0,0,180.0,7,IR1,0,20,68.0,25.221608273812684,49020.0,4.965,5.2,2010,3,Q1,1Fam,0
90000.0,1296,2,2.0,39,2.0,0.0,4,10791,6,0,516.0,0.0,0.0,1296,1967.0,0,0,0.0,5,Reg,0,90,72.0,30.85894600589856,48130.0,6.365,2.4,2006,10,Q4,Duplex,0
159000.0,1114,3,2.5,4,2.0,1114.0,5,13695,6,0,576.0,646.0,468.0,1114,2004.0,0,102,0.0,5,Reg,0,20,66.0,27.363846269205577,50140.0,6.37,3.7,2008,6,Q2,1Fam,0
139000.0,1339,3,1.0,51,1.0,1029.0,5,7560,6,0,294.0,504.0,525.0,1339,1958.0,0,0,0.0,6,Reg,0,20,70.0,26.11993393300743,50720.0,4.85,5.0,2009,5,Q2,1Fam,1
325300.0,2376,4,3.5,1,3.0,1158.0,8,14215,9,1218,853.0,0.0,1158.0,1158,2005.0,240,154,380.0,5,IR1,0,60,101.0,30.85894600589856,48130.0,6.24,2.4,2006,11,Q4,1Fam,1
139400.0,1108,3,1.0,77,1.0,637.0,7,7449,6,0,280.0,0.0,637.0,1108,1930.0,0,0,0.0,7,Reg,0,45,57.0,29.102296283256685,48910.0,6.68,3.4,2007,6,Q2,1Fam,1
230000.0,1795,3,2.0,6,2.0,1777.0,8,9742,7,0,534.0,0.0,1777.0,1795,2002.0,171,159,281.0,5,Reg,0,20,75.0,27.363846269205577,50140.0,6.01,3.0,2008,9,Q3,1Fam,0
129900.0,1060,3,2.0,31,2.0,1040.0,5,4224,6,0,572.0,840.0,200.0,1060,1976.0,100,110,0.0,7,Reg,0,120,44.0,29.102296283256685,48910.0,6.68,3.4,2007,6,Q2,TwnhsE,0
154000.0,1060,3,2.0,42,1.0,1060.0,5,8246,6,0,270.0,188.0,204.0,1060,1968.0,406,90,0.0,8,IR1,0,20,68.0,25.221608273812684,49020.0,4.885,4.3,2010,5,Q2,1Fam,1
256300.0,1600,3,2.0,2,3.0,1566.0,8,14230,7,0,890.0,0.0,1566.0,1600,2007.0,0,56,640.0,5,Reg,0,20,110.0,26.11993393300743,50720.0,5.2,5.6,2009,7,Q3,1Fam,0
134800.0,900,3,1.5,59,2.0,900.0,5,7200,5,0,576.0,234.0,180.0,900,2005.0,222,32,0.0,7,Reg,0,20,60.0,25.221608273812684,49020.0,4.885,4.3,2010,5,Q2,1Fam,1
306000.0,1704,3,3.0,3,3.0,1704.0,8,11478,7,0,772.0,1218.0,486.0,1704,2008.0,0,50,200.0,5,Reg,0,20,98.0,25.221608273812684,49020.0,4.885,4.3,2010,5,Q2,1Fam,1
207500.0,1600,2,2.0,49,1.0,1484.0,5,16321,6,0,319.0,1277.0,207.0,1600,1957.0,288,258,0.0,6,IR1,0,20,47.0,30.85894600589856,48130.0,6.125,2.5,2006,12,Q4,1Fam,1
68500.0,520,1,1.0,81,1.0,520.0,4,6324,4,0,240.0,0.0,520.0,520,1920.0,49,0,0.0,6,IR1,0,30,60.0,27.363846269205577,50140.0,6.05,3.0,2008,5,Q2,1Fam,1
40000.0,1317,3,1.0,88,1.0,649.0,4,8500,6,668,250.0,0.0,649.0,649,1920.0,0,54,0.0,4,Reg,0,70,50.0,27.363846269205577,50140.0,6.37,3.6,2008,7,Q3,1Fam,1
149350.0,1228,3,1.5,42,1.0,1228.0,5,8544,6,0,271.0,0.0,1228.0,1228,1966.0,0,65,0.0,6,IR1,0,20,68.0,27.363846269205577,50140.0,6.37,3.7,2008,6,Q2,1Fam,1
179900.0,1234,3,2.0,1,2.0,1234.0,8,11049,7,0,484.0,0.0,1234.0,1234,2007.0,0,30,0.0,5,Reg,0,20,85.0,27.363846269205577,50140.0,5.69,3.3,2008,1,Q1,1Fam,0
165500.0,1700,4,2.0,51,2.0,1398.0,5,10552,6,0,447.0,1018.0,380.0,1700,1959.0,0,38,0.0,5,IR1,0,20,70.0,25.221608273812684,49020.0,5.07,4.3,2010,4,Q2,1Fam,0
277500.0,1561,2,3.0,2,2.0,1561.0,9,7313,6,0,556.0,1153.0,408.0,1561,2005.0,203,47,246.0,5,Reg,0,120,60.0,29.102296283256685,48910.0,6.59,3.0,2007,8,Q3,TwnhsE,0
309000.0,2452,4,3.5,2,3.0,1117.0,8,13418,9,1320,691.0,0.0,1117.0,1132,2004.0,113,32,132.0,5,Reg,0,60,108.0,30.85894600589856,48130.0,6.415,2.6,2006,9,Q3,1Fam,1
145000.0,1097,3,1.5,15,2.0,1097.0,5,10859,6,0,672.0,0.0,1097.0,1097,1995.0,392,64,0.0,5,Reg,0,20,112.0,26.11993393300743,50720.0,5.4,6.0,2009,6,Q2,1Fam,1
153000.0,1297,3,1.5,55,2.0,1297.0,5,8532,5,0,498.0,1213.0,84.0,1297,1954.0,0,0,650.0,6,Reg,0,20,74.0,26.11993393300743,50720.0,4.94,4.4,2009,10,Q4,1Fam,1
109000.0,1057,3,2.0,57,1.0,1057.0,5,7922,5,0,246.0,731.0,326.0,1057,1953.0,0,52,0.0,7,Reg,0,20,68.0,25.221608273812684,49020.0,5.025,5.5,2010,1,Q1,1Fam,1
82000.0,1152,2,2.0,53,0.0,0.0,4,6040,6,0,0.0,0.0,0.0,1152,1979.0,0,0,0.0,5,Reg,0,90,65.0,27.363846269205577,50140.0,6.37,3.7,2008,6,Q2,Duplex,0
160000.0,1324,3,2.0,41,2.0,1088.0,6,8658,6,0,440.0,643.0,445.0,1324,1965.0,0,138,101.0,5,Reg,0,20,84.0,30.85894600589856,48130.0,6.125,2.5,2006,12,Q4,1Fam,0
170000.0,1328,2,2.0,48,1.0,1350.0,5,16905,5,0,308.0,967.0,383.0,1328,1959.0,0,104,0.0,6,Reg,0,20,115.0,29.102296283256685,48910.0,6.710000000000001,3.0,2007,7,Q3,1Fam,0
144000.0,884,2,2.0,24,2.0,840.0,5,9180,5,0,504.0,747.0,0.0,884,1983.0,240,0,0.0,7,IR1,0,85,68.0,29.102296283256685,48910.0,6.125,3.0,2007,12,Q4,1Fam,0
130250.0,938,3,2.0,33,1.0,938.0,5,9200,5,0,308.0,280.0,167.0,938,1977.0,145,0,0.0,6,IR1,0,20,68.0,27.363846269205577,50140.0,6.37,3.6,2008,7,Q3,1Fam,1
141000.0,1150,3,2.0,47,1.0,1150.0,5,7945,6,0,300.0,179.0,465.0,1150,1959.0,0,0,0.0,6,Reg,0,20,70.0,30.85894600589856,48130.0,6.595,2.4,2006,5,Q2,1Fam,0
319900.0,1752,2,3.0,5,2.0,1752.0,9,7658,6,0,576.0,456.0,1296.0,1752,2005.0,196,82,412.0,5,Reg,0,120,61.0,25.221608273812684,49020.0,4.99,5.3,2010,2,Q1,TwnhsE,0
239686.0,2149,1,2.5,6,2.0,1434.0,7,12822,6,631,670.0,1351.0,83.0,1518,2003.0,168,43,0.0,5,IR1,198,50,48.0,26.11993393300743,50720.0,5.18,5.6,2009,8,Q3,1Fam,0
249700.0,1656,3,2.0,1,3.0,1656.0,8,11096,7,0,826.0,24.0,1632.0,1656,2006.0,0,146,0.0,5,Reg,0,20,84.0,29.102296283256685,48910.0,6.710000000000001,3.0,2007,7,Q3,1Fam,0
113000.0,1452,2,2.0,89,0.0,736.0,4,4456,8,716,0.0,0.0,736.0,736,1979.0,0,0,0.0,5,Reg,0,190,33.0,26.11993393300743,50720.0,5.4,6.0,2009,6,Q2,2fmCon,1
127000.0,955,3,2.0,41,1.0,955.0,5,7742,6,0,386.0,763.0,192.0,955,1966.0,0,0,0.0,7,Reg,0,20,66.0,29.102296283256685,48910.0,6.220000000000001,3.0,2007,1,Q1,1Fam,0
177000.0,1470,3,2.5,10,2.0,794.0,6,13869,6,676,388.0,182.0,612.0,794,1997.0,0,75,0.0,6,IR2,0,60,68.0,29.102296283256685,48910.0,6.710000000000001,3.0,2007,7,Q3,1Fam,0
114500.0,1176,3,1.0,72,2.0,816.0,6,6240,6,0,528.0,0.0,816.0,816,1985.0,112,0,0.0,6,Reg,0,50,52.0,30.85894600589856,48130.0,6.415,2.6,2006,9,Q3,1Fam,1
110000.0,816,2,2.0,47,2.0,816.0,5,8472,5,0,516.0,104.0,0.0,816,1963.0,106,0,0.0,5,IR2,0,90,110.0,25.221608273812684,49020.0,4.885,4.3,2010,5,Q2,Duplex,0
385000.0,1842,0,2.5,25,3.0,1842.0,9,50271,5,0,894.0,1810.0,32.0,1842,1981.0,857,72,0.0,5,IR1,0,20,68.0,30.85894600589856,48130.0,6.24,2.4,2006,11,Q4,1Fam,1
130000.0,1360,3,1.0,52,2.0,384.0,5,7134,6,0,572.0,384.0,0.0,1360,1962.0,0,50,0.0,5,Reg,0,80,60.0,29.102296283256685,48910.0,6.29,3.0,2007,2,Q1,1Fam,0
180500.0,1425,3,2.0,44,2.0,1425.0,6,10175,7,0,576.0,490.0,935.0,1425,1964.0,0,0,272.0,5,IR1,0,20,100.0,27.363846269205577,50140.0,6.37,3.6,2008,7,Q3,1Fam,0
172500.0,1739,3,3.5,10,2.0,970.0,8,2645,7,756,480.0,649.0,321.0,983,1999.0,115,0,456.0,5,Reg,0,160,24.0,26.11993393300743,50720.0,5.18,5.6,2009,8,Q3,Twnhs,1
196500.0,1720,3,2.5,2,2.0,860.0,7,11645,7,860,565.0,0.0,860.0,860,2004.0,0,70,0.0,5,IR1,0,60,89.0,30.85894600589856,48130.0,6.52,2.6,2006,8,Q3,1Fam,0
438780.0,2945,3,3.5,0,3.0,1410.0,10,13682,10,1519,641.0,0.0,1410.0,1426,2006.0,192,0,1031.0,5,IR2,0,60,66.0,30.85894600589856,48130.0,6.365,2.4,2006,10,Q4,1Fam,0
124900.0,780,2,1.0,36,1.0,780.0,5,7200,4,0,352.0,632.0,148.0,780,1973.0,196,0,0.0,7,Reg,0,20,60.0,27.363846269205577,50140.0,5.69,3.3,2008,1,Q1,1Fam,0
158000.0,1158,3,2.5,2,2.0,1158.0,6,13072,5,0,576.0,941.0,217.0,1158,2006.0,0,50,0.0,5,Reg,0,20,63.0,30.85894600589856,48130.0,6.595,2.4,2006,5,Q2,1Fam,0
101000.0,1111,3,1.0,87,1.0,530.0,5,7200,6,530,288.0,0.0,530.0,581,1935.0,0,0,0.0,7,Reg,0,75,60.0,29.102296283256685,48910.0,6.16,2.9,2007,3,Q1,1Fam,1
202500.0,1370,2,2.0,1,2.0,1370.0,8,6442,6,0,484.0,24.0,1346.0,1370,2006.0,120,49,178.0,5,IR1,0,120,44.0,29.102296283256685,48910.0,6.385,2.6,2007,10,Q4,TwnhsE,0
140000.0,1710,3,2.0,89,2.0,576.0,7,10300,9,808,480.0,0.0,576.0,902,1990.0,12,11,0.0,6,IR1,0,70,50.0,25.221608273812684,49020.0,5.07,4.3,2010,4,Q2,1Fam,1
219500.0,2034,3,3.5,12,2.0,1057.0,7,9375,8,977,645.0,739.0,318.0,1057,1998.0,576,36,573.0,5,Reg,0,60,68.0,26.11993393300743,50720.0,5.115,5.1,2009,2,Q1,1Fam,1
317000.0,2473,4,2.5,3,3.0,1143.0,8,9591,9,1330,852.0,0.0,1143.0,1143,2004.0,192,151,344.0,5,Reg,0,60,76.0,29.102296283256685,48910.0,6.385,2.6,2007,10,Q4,1Fam,1
180000.0,2207,3,3.0,40,2.0,1947.0,7,19900,7,0,576.0,912.0,1035.0,2207,1970.0,301,0,287.0,5,Reg,0,20,68.0,25.221608273812684,49020.0,4.57,4.7,2010,7,Q3,1Fam,1
226000.0,1479,3,3.0,4,2.0,1453.0,7,10665,7,0,558.0,1013.0,440.0,1479,2003.0,144,29,167.0,5,IR1,0,20,72.0,29.102296283256685,48910.0,6.68,3.4,2007,6,Q2,1Fam,0
80000.0,747,2,1.0,65,1.0,747.0,4,4608,4,0,220.0,0.0,747.0,747,1945.0,0,0,0.0,6,Reg,0,30,47.0,25.221608273812684,49020.0,4.734999999999999,5.0,2010,6,Q2,1Fam,1
225000.0,2287,3,2.0,53,2.0,1304.0,7,15593,7,983,667.0,603.0,701.0,1304,1953.0,0,21,0.0,4,Reg,0,50,81.0,30.85894600589856,48130.0,6.765000000000001,2.8,2006,7,Q3,1Fam,0
244000.0,2223,3,3.0,34,2.0,2223.0,7,13651,8,0,516.0,1880.0,343.0,2223,1973.0,300,0,1115.0,6,IR1,0,20,95.0,29.102296283256685,48910.0,6.29,3.0,2007,2,Q1,1Fam,0
129500.0,845,2,2.0,25,2.0,845.0,4,7599,4,0,360.0,565.0,280.0,845,1987.0,0,0,0.0,6,Reg,0,20,69.0,29.102296283256685,48910.0,6.68,3.4,2007,6,Q2,1Fam,1
185000.0,1718,3,2.5,11,2.0,832.0,7,10141,7,833,427.0,0.0,832.0,885,1998.0,0,94,40.0,5,IR1,291,60,74.0,26.11993393300743,50720.0,4.94,5.1,2009,12,Q4,1Fam,0
144900.0,1086,3,2.0,56,2.0,1086.0,5,10200,6,0,490.0,320.0,404.0,1086,1989.0,0,0,104.0,7,Reg,0,20,85.0,25.221608273812684,49020.0,4.885,4.3,2010,5,Q2,1Fam,1
107400.0,1605,3,2.0,95,1.0,840.0,3,5790,8,765,379.0,0.0,840.0,840,1915.0,0,0,0.0,6,Reg,0,50,60.0,25.221608273812684,49020.0,4.885,4.3,2010,5,Q2,1Fam,1
91000.0,988,2,2.0,36,1.0,462.0,4,1596,5,462,297.0,462.0,0.0,526,1973.0,120,101,0.0,5,Reg,0,180,21.0,26.11993393300743,50720.0,4.87,4.6,2009,11,Q4,Twnhs,0
135750.0,952,2,1.0,52,1.0,952.0,4,8475,4,0,283.0,228.0,724.0,952,1956.0,0,0,0.0,7,IR1,0,20,68.0,27.363846269205577,50140.0,5.88,2.7,2008,4,Q2,1Fam,0
127000.0,1285,2,2.0,60,1.0,672.0,5,8635,6,213,240.0,336.0,295.0,1072,1948.0,0,0,0.0,5,Reg,0,50,50.0,27.363846269205577,50140.0,5.69,3.3,2008,1,Q1,1Fam,1
136500.0,1768,4,2.0,42,0.0,1768.0,4,10778,8,0,0.0,0.0,1768.0,1768,1979.0,0,0,0.0,5,Reg,0,90,72.0,25.221608273812684,49020.0,5.07,4.3,2010,4,Q2,Duplex,0
110000.0,1230,2,1.5,99,2.0,440.0,5,10440,5,548,440.0,0.0,440.0,682,1966.0,74,0,0.0,6,Reg,0,50,60.0,26.11993393300743,50720.0,4.85,5.0,2009,5,Q2,1Fam,1
193500.0,2142,4,2.5,41,1.0,896.0,6,13000,8,960,509.0,448.0,448.0,1182,1968.0,0,72,576.0,6,Reg,252,60,100.0,26.11993393300743,50720.0,5.4,6.0,2009,6,Q2,1Fam,0
153500.0,1337,2,3.0,8,2.0,1237.0,6,4500,5,0,405.0,1201.0,36.0,1337,1998.0,0,199,443.0,5,Reg,0,120,32.0,30.85894600589856,48130.0,6.34,2.7,2006,3,Q1,TwnhsE,0
245000.0,1563,3,2.0,1,3.0,1563.0,8,10206,6,0,758.0,33.0,1530.0,1563,2007.0,144,99,468.0,5,Reg,0,20,78.0,27.363846269205577,50140.0,6.1,2.9,2008,10,Q4,1Fam,0
126500.0,1065,3,1.5,47,2.0,1065.0,5,8892,6,0,461.0,0.0,1065.0,1065,1974.0,74,0,66.0,5,IR1,0,20,80.0,29.102296283256685,48910.0,6.710000000000001,3.0,2007,7,Q3,1Fam,0
168500.0,1474,3,2.5,14,2.0,384.0,7,8530,7,670,400.0,0.0,384.0,804,1995.0,120,72,22.0,5,IR1,0,80,68.0,26.11993393300743,50720.0,4.85,5.0,2009,5,Q2,1Fam,1
260000.0,2417,4,2.5,15,2.0,1288.0,8,16059,9,1116,462.0,0.0,1288.0,1301,1991.0,127,82,284.0,5,Reg,0,60,121.0,30.85894600589856,48130.0,6.51,2.4,2006,4,Q2,1Fam,1
174000.0,1560,3,2.5,4,2.0,684.0,6,11911,6,876,400.0,0.0,684.0,684,2005.0,100,38,0.0,5,IR2,0,60,122.0,26.11993393300743,50720.0,5.005000000000001,5.2,2009,3,Q1,1Fam,0
164500.0,1224,2,2.5,0,2.0,612.0,6,3951,4,612,528.0,0.0,612.0,612,2009.0,0,234,76.0,5,Reg,0,160,40.0,26.11993393300743,50720.0,5.4,6.0,2009,6,Q2,TwnhsE,0
85000.0,1526,2,1.0,94,0.0,1013.0,3,8470,6,0,0.0,0.0,1013.0,1013,1979.0,0,0,0.0,2,IR1,0,50,105.0,26.11993393300743,50720.0,4.94,4.4,2009,10,Q4,1Fam,1
123600.0,990,3,2.0,13,0.0,990.0,4,8070,5,0,0.0,588.0,402.0,990,1979.0,0,0,0.0,5,Reg,0,20,60.0,29.102296283256685,48910.0,6.59,3.0,2007,8,Q3,1Fam,1
109900.0,1040,2,1.0,56,2.0,0.0,4,7200,4,0,420.0,0.0,0.0,1040,1950.0,0,29,0.0,5,Reg,0,20,60.0,30.85894600589856,48130.0,6.765000000000001,2.8,2006,7,Q3,1Fam,0
98600.0,1235,2,1.0,45,2.0,1235.0,5,8500,6,0,480.0,600.0,635.0,1235,1961.0,0,0,203.0,3,Reg,0,20,85.0,30.85894600589856,48130.0,6.125,2.5,2006,12,Q4,1Fam,0
163500.0,964,2,2.0,88,2.0,876.0,5,13360,5,0,432.0,713.0,163.0,964,1921.0,0,0,0.0,7,IR1,0,30,80.0,26.11993393300743,50720.0,5.18,5.6,2009,8,Q3,1Fam,1
133900.0,2291,4,2.5,97,2.0,1214.0,6,7200,9,1031,506.0,1046.0,168.0,1260,1900.0,0,0,0.0,6,Reg,99,190,60.0,29.102296283256685,48910.0,6.24,2.6,2007,11,Q4,2fmCon,1
204750.0,1786,3,3.5,10,2.0,824.0,6,9337,7,881,684.0,648.0,176.0,905,1997.0,0,162,0.0,5,IR1,0,60,69.0,29.102296283256685,48910.0,6.21,2.8,2007,5,Q2,1Fam,0
185000.0,1470,3,2.5,16,2.0,680.0,6,9765,6,790,420.0,310.0,370.0,680,1993.0,232,63,68.0,8,IR2,0,60,68.0,26.11993393300743,50720.0,4.8,4.9,2009,4,Q2,1Fam,0
214000.0,1588,3,2.0,7,2.0,1588.0,7,10264,6,0,472.0,1162.0,426.0,1588,1999.0,158,29,183.0,5,IR1,0,20,78.0,30.85894600589856,48130.0,6.52,2.6,2006,8,Q3,1Fam,0
94750.0,960,3,2.0,42,1.0,960.0,4,10921,6,0,432.0,520.0,440.0,960,1965.0,120,0,48.0,5,Reg,0,20,73.0,29.102296283256685,48910.0,6.21,2.8,2007,5,Q2,1Fam,0
83000.0,835,2,1.0,90,1.0,458.0,5,10625,5,0,366.0,108.0,350.0,835,1920.0,0,0,0.0,5,Reg,0,30,85.0,25.221608273812684,49020.0,4.885,4.3,2010,5,Q2,1Fam,1
128950.0,1225,3,2.5,51,0.0,950.0,4,9320,6,0,0.0,569.0,381.0,1225,1979.0,352,0,0.0,5,IR1,0,20,77.0,25.221608273812684,49020.0,5.025,5.5,2010,1,Q1,1Fam,0
205000.0,1610,3,3.0,33,2.0,1610.0,6,10603,6,0,480.0,1200.0,410.0,1610,1977.0,168,68,28.0,7,IR1,0,20,68.0,25.221608273812684,49020.0,4.99,5.3,2010,2,Q1,1Fam,1
178000.0,1732,3,2.5,25,2.0,741.0,6,9206,7,755,476.0,0.0,741.0,977,1985.0,192,46,336.0,5,Reg,0,60,77.0,25.221608273812684,49020.0,4.734999999999999,5.0,2010,6,Q2,1Fam,0
118964.0,1535,4,2.0,30,2.0,0.0,5,7018,8,0,410.0,0.0,0.0,1535,1979.0,0,0,0.0,5,Reg,0,90,64.0,26.11993393300743,50720.0,5.4,6.0,2009,6,Q2,Duplex,0
198900.0,1226,3,2.0,1,3.0,1226.0,7,10402,6,0,740.0,0.0,1226.0,1226,2009.0,0,36,0.0,5,IR1,0,20,94.0,25.221608273812684,49020.0,4.885,4.3,2010,5,Q2,1Fam,0
169500.0,1818,4,1.5,76,1.0,1040.0,7,7758,7,592,240.0,224.0,816.0,1226,1951.0,0,0,600.0,4,Reg,184,50,68.0,29.102296283256685,48910.0,6.68,3.4,2007,6,Q2,1Fam,1
250000.0,1992,3,2.5,5,2.0,1053.0,8,9375,9,939,648.0,0.0,1053.0,1053,2003.0,140,45,768.0,5,Reg,0,60,75.0,27.363846269205577,50140.0,6.494999999999999,3.6,2008,8,Q3,1Fam,1
100000.0,1047,2,1.0,122,1.0,641.0,4,10800,6,0,273.0,0.0,641.0,1047,1954.0,0,0,0.0,7,Reg,0,30,60.0,29.102296283256685,48910.0,6.59,3.0,2007,8,Q3,1Fam,1
115000.0,789,2,1.0,60,1.0,789.0,5,6000,5,0,250.0,104.0,516.0,789,1948.0,0,0,0.0,5,Reg,0,20,50.0,27.363846269205577,50140.0,5.88,2.7,2008,4,Q2,1Fam,1
115000.0,1517,3,2.0,88,0.0,793.0,5,8500,7,520,0.0,0.0,793.0,997,1979.0,0,0,0.0,7,Reg,0,50,85.0,29.102296283256685,48910.0,6.59,3.0,2007,8,Q3,1Fam,1
190000.0,1844,3,2.0,33,2.0,1844.0,6,11751,7,0,546.0,705.0,1139.0,1844,1977.0,0,122,480.0,6,IR1,0,20,105.0,25.221608273812684,49020.0,5.025,5.5,2010,1,Q1,1Fam,0
136900.0,1855,4,2.0,52,1.0,994.0,6,9525,7,639,325.0,444.0,550.0,1216,1954.0,182,0,0.0,4,Reg,0,50,75.0,30.85894600589856,48130.0,6.365,2.4,2006,10,Q4,1Fam,1
180000.0,1430,3,2.5,10,2.0,384.0,7,7750,7,656,400.0,250.0,134.0,774,2000.0,180,0,0.0,5,IR1,0,80,68.0,25.221608273812684,49020.0,5.07,4.3,2010,4,Q2,1Fam,0
383970.0,2696,4,3.5,0,3.0,1264.0,7,9965,10,1414,792.0,984.0,280.0,1282,2007.0,120,184,220.0,5,Reg,168,60,77.0,29.102296283256685,48910.0,6.385,2.6,2007,10,Q4,1Fam,0
217000.0,2259,3,3.0,54,2.0,1809.0,6,21000,7,0,450.0,35.0,905.0,2259,1953.0,166,120,184.0,5,Reg,0,20,68.0,29.102296283256685,48910.0,6.385,2.6,2007,10,Q4,1Fam,0
259500.0,2320,3,3.5,62,1.0,1028.0,6,7259,9,884,180.0,774.0,104.0,1436,1945.0,224,0,0.0,8,IR1,0,70,61.0,29.102296283256685,48910.0,6.710000000000001,3.0,2007,7,Q3,1Fam,1
176000.0,1458,2,2.5,8,2.0,729.0,6,3230,5,729,440.0,419.0,310.0,729,1999.0,0,32,1129.0,5,Reg,0,160,34.0,29.102296283256685,48910.0,6.68,3.4,2007,6,Q2,TwnhsE,0
139000.0,1092,3,1.5,47,1.0,1092.0,5,11616,6,0,288.0,170.0,252.0,1092,1962.0,0,20,116.0,5,Reg,0,20,68.0,26.11993393300743,50720.0,5.055,4.7,2009,9,Q3,1Fam,0
155000.0,1125,2,1.5,1,2.0,1125.0,5,8536,5,0,430.0,0.0,1125.0,1125,2007.0,80,64,0.0,5,Reg,0,20,74.0,29.102296283256685,48910.0,6.17,2.8,2007,4,Q2,1Fam,1
320000.0,3222,5,4.0,20,3.0,1673.0,7,12376,11,1523,594.0,1470.0,203.0,1699,1990.0,367,0,0.0,5,Reg,0,60,90.0,25.221608273812684,49020.0,4.885,4.3,2010,5,Q2,1Fam,0
163990.0,1456,3,2.5,1,2.0,728.0,6,8461,8,728,390.0,0.0,728.0,728,2005.0,0,24,0.0,5,Reg,0,60,65.0,30.85894600589856,48130.0,6.765000000000001,2.8,2006,7,Q3,1Fam,1
180000.0,988,1,2.0,37,2.0,938.0,6,21453,4,0,540.0,938.0,0.0,988,1969.0,0,130,0.0,5,IR1,0,80,68.0,30.85894600589856,48130.0,6.365,2.4,2006,10,Q4,1Fam,0
100000.0,1123,3,1.0,68,1.0,732.0,4,6060,4,351,264.0,0.0,732.0,772,1979.0,0,0,0.0,5,Reg,0,50,50.0,29.102296283256685,48910.0,6.68,3.4,2007,6,Q2,1Fam,1
136000.0,1080,3,1.0,50,1.0,1080.0,6,9464,5,0,288.0,570.0,510.0,1080,1958.0,0,0,135.0,7,Reg,130,20,75.0,27.363846269205577,50140.0,6.37,3.7,2008,6,Q2,1Fam,0
153900.0,1199,2,2.0,15,2.0,1199.0,6,7892,5,0,530.0,300.0,899.0,1199,1993.0,0,63,0.0,5,Reg,0,120,55.0,27.363846269205577,50140.0,5.95,3.0,2008,3,Q1,TwnhsE,0
181000.0,1586,3,2.0,30,2.0,1362.0,6,17043,7,0,435.0,0.0,1362.0,1586,1979.0,192,0,0.0,5,IR1,0,20,48.0,26.11993393300743,50720.0,5.055,5.0,2009,1,Q1,1Fam,1
84500.0,754,2,2.0,71,0.0,520.0,6,6780,5,0,0.0,490.0,30.0,520,1979.0,53,0,0.0,8,Reg,0,190,60.0,30.85894600589856,48130.0,6.67,3.1,2006,6,Q2,2fmCon,1
128000.0,958,2,2.0,31,2.0,1078.0,6,4928,5,0,440.0,120.0,958.0,958,1977.0,0,205,0.0,5,IR1,0,120,68.0,29.102296283256685,48910.0,6.29,3.0,2007,2,Q1,TwnhsE,0
87000.0,840,3,1.0,77,0.0,672.0,5,4388,5,0,0.0,116.0,556.0,840,1979.0,0,0,0.0,7,IR1,0,45,55.0,29.102296283256685,48910.0,6.68,3.4,2007,6,Q2,1Fam,1
155000.0,1348,3,1.5,40,2.0,660.0,6,7590,6,688,453.0,512.0,148.0,660,1966.0,188,108,266.0,5,Reg,0,60,69.0,30.85894600589856,48130.0,6.765000000000001,2.8,2006,7,Q3,1Fam,0
150000.0,1053,3,2.0,48,2.0,1008.0,5,8973,6,0,750.0,567.0,413.0,1053,1998.0,0,80,85.0,7,Reg,0,20,69.0,30.85894600589856,48130.0,6.765000000000001,2.8,2006,7,Q3,1Fam,1
226000.0,2157,4,2.5,40,2.0,924.0,7,14200,8,941,487.0,445.0,479.0,1216,1966.0,105,66,309.0,6,Reg,0,60,88.0,30.85894600589856,48130.0,6.595,2.4,2006,5,Q2,1Fam,0
244000.0,2054,3,3.5,9,2.0,992.0,6,12224,7,1032,390.0,695.0,297.0,1022,2000.0,24,48,40.0,5,IR1,0,60,68.0,26.11993393300743,50720.0,5.2,5.6,2009,7,Q3,1Fam,0
150750.0,1327,3,2.0,48,2.0,1063.0,5,7388,7,0,624.0,405.0,658.0,1327,1974.0,0,0,0.0,6,Reg,0,20,75.0,29.102296283256685,48910.0,6.710000000000001,3.0,2007,7,Q3,1Fam,1
220000.0,1296,2,3.0,8,2.0,1267.0,8,6853,6,0,471.0,1005.0,262.0,1296,2001.0,192,25,136.0,5,IR1,0,20,68.0,26.11993393300743,50720.0,5.4,6.0,2009,6,Q2,1Fam,1
180000.0,1721,3,2.5,38,2.0,1461.0,5,10335,7,0,440.0,570.0,891.0,1721,1968.0,0,96,0.0,6,IR1,0,20,78.0,30.85894600589856,48130.0,6.765000000000001,2.8,2006,7,Q3,1Fam,1
174000.0,1682,3,2.0,38,2.0,1304.0,7,10400,7,0,530.0,0.0,1304.0,1682,1970.0,98,0,288.0,6,Reg,0,20,80.0,27.363846269205577,50140.0,6.05,3.0,2008,5,Q2,1Fam,0
143000.0,1214,3,2.0,40,1.0,1214.0,5,10355,5,0,318.0,695.0,519.0,1214,1967.0,0,111,196.0,5,IR1,0,20,68.0,29.102296283256685,48910.0,6.710000000000001,3.0,2007,7,Q3,1Fam,0
171000.0,1959,5,3.0,18,3.0,1907.0,7,11070,9,0,766.0,0.0,1907.0,1959,1989.0,0,0,70.0,5,Reg,0,90,82.0,30.85894600589856,48130.0,6.765000000000001,2.8,2006,7,Q3,Duplex,1
230000.0,1852,3,2.5,9,3.0,1004.0,8,9066,7,848,660.0,668.0,336.0,1004,1999.0,224,106,320.0,5,IR1,0,60,73.0,27.363846269205577,50140.0,5.19,3.8,2008,12,Q4,1Fam,1
231500.0,1764,3,3.5,12,2.0,928.0,6,15426,7,836,470.0,821.0,107.0,928,1997.0,276,99,0.0,5,IR1,0,60,65.0,26.11993393300743,50720.0,5.18,5.6,2009,8,Q3,1Fam,0
115000.0,864,3,1.0,39,0.0,864.0,4,10500,5,0,0.0,432.0,432.0,864,1979.0,0,0,0.0,5,Reg,0,20,70.0,25.221608273812684,49020.0,5.07,4.3,2010,4,Q2,1Fam,0
260000.0,1734,3,3.0,1,2.0,1734.0,7,11645,7,0,660.0,1300.0,434.0,1734,2005.0,160,24,0.0,5,Reg,0,20,78.0,30.85894600589856,48130.0,6.135,3.1,2006,1,Q1,1Fam,0
166000.0,1385,4,2.0,58,2.0,910.0,5,8520,6,475,720.0,507.0,403.0,910,2000.0,0,0,0.0,4,Reg,0,50,71.0,25.221608273812684,49020.0,4.734999999999999,5.0,2010,6,Q2,1Fam,0
204000.0,1501,3,3.0,10,2.0,1490.0,7,10335,6,0,577.0,679.0,811.0,1501,1999.0,144,29,183.0,5,IR1,0,20,78.0,26.11993393300743,50720.0,5.4,6.0,2009,6,Q2,1Fam,0
125000.0,1728,6,3.0,43,2.0,1728.0,5,9100,10,0,504.0,1332.0,396.0,1728,1963.0,0,0,336.0,5,Reg,0,90,70.0,30.85894600589856,48130.0,6.24,2.4,2006,11,Q4,Duplex,0
130000.0,1709,3,2.0,2,2.0,970.0,6,2522,7,739,380.0,0.0,970.0,970,2004.0,0,40,50.0,5,Reg,0,160,24.0,30.85894600589856,48130.0,6.51,2.4,2006,4,Q2,Twnhs,1
105000.0,875,2,2.0,78,1.0,715.0,5,6120,5,0,180.0,209.0,506.0,875,1931.0,48,0,0.0,7,Reg,0,30,51.0,26.11993393300743,50720.0,4.87,4.6,2009,11,Q4,1Fam,1
222500.0,2035,3,2.5,9,2.0,884.0,7,9505,8,1151,434.0,0.0,884.0,884,2001.0,144,48,180.0,5,IR1,0,60,68.0,25.221608273812684,49020.0,4.885,4.3,2010,5,Q2,1Fam,0
141000.0,1080,3,2.0,4,0.0,1080.0,7,7500,6,0,0.0,680.0,400.0,1080,1979.0,0,0,120.0,5,Reg,0,20,63.0,27.363846269205577,50140.0,5.88,2.7,2008,4,Q2,1Fam,1
115000.0,1344,3,1.0,70,1.0,896.0,5,6240,7,448,240.0,0.0,896.0,896,1936.0,200,114,0.0,4,Reg,0,50,68.0,30.85894600589856,48130.0,6.51,2.4,2006,4,Q2,1Fam,1
122000.0,969,3,1.5,32,2.0,969.0,5,10356,5,0,440.0,716.0,253.0,969,1975.0,0,0,0.0,6,Reg,0,20,120.0,29.102296283256685,48910.0,6.220000000000001,3.0,2007,1,Q1,1Fam,0
372402.0,1710,2,3.0,1,3.0,1710.0,8,13891,6,0,866.0,1400.0,310.0,1710,2007.0,0,102,436.0,5,Reg,0,20,107.0,27.363846269205577,50140.0,5.69,3.3,2008,1,Q1,1Fam,1
190000.0,1993,4,2.5,35,2.0,825.0,6,14803,8,896,495.0,416.0,409.0,1097,1971.0,0,66,252.0,5,IR1,0,60,68.0,30.85894600589856,48130.0,6.67,3.1,2006,6,Q2,1Fam,0
235000.0,1252,1,2.0,48,2.0,1602.0,6,13500,4,0,564.0,429.0,93.0,1252,1960.0,409,0,0.0,7,Reg,0,20,68.0,27.363846269205577,50140.0,5.95,3.0,2008,3,Q1,1Fam,1
125000.0,1200,4,1.0,83,1.0,1200.0,6,11340,7,0,312.0,0.0,1200.0,1200,1923.0,0,0,0.0,5,Reg,0,30,84.0,30.85894600589856,48130.0,6.34,2.7,2006,3,Q1,1Fam,1
79000.0,1096,2,1.0,84,0.0,572.0,6,9600,5,524,0.0,0.0,572.0,572,1979.0,0,8,0.0,5,Reg,0,50,60.0,27.363846269205577,50140.0,5.88,2.7,2008,4,Q2,1Fam,1
109500.0,1040,2,1.0,56,2.0,0.0,5,7200,5,0,625.0,0.0,0.0,1040,1950.0,0,0,0.0,7,Reg,0,20,60.0,30.85894600589856,48130.0,6.67,3.1,2006,6,Q2,1Fam,0
269500.0,1968,4,2.5,1,3.0,774.0,8,12003,8,1194,680.0,0.0,774.0,774,2009.0,0,75,84.0,5,Reg,0,60,92.0,25.221608273812684,49020.0,4.885,4.3,2010,5,Q2,1Fam,1
254900.0,1947,3,2.5,6,2.0,991.0,7,12552,8,956,678.0,222.0,769.0,991,2004.0,0,136,0.0,5,Reg,0,60,100.0,25.221608273812684,49020.0,4.885,4.3,2010,5,Q2,1Fam,1
320000.0,2462,4,3.5,1,2.0,1392.0,7,19378,9,1070,576.0,57.0,1335.0,1392,2006.0,239,132,456.0,5,IR1,0,60,134.0,30.85894600589856,48130.0,6.34,2.7,2006,3,Q1,1Fam,1
162500.0,1232,3,2.0,24,2.0,1232.0,6,11120,6,0,516.0,660.0,572.0,1232,1984.0,0,0,0.0,6,IR1,0,20,68.0,27.363846269205577,50140.0,6.37,3.7,2008,6,Q2,1Fam,0
412500.0,2668,3,3.5,5,3.0,1572.0,9,13688,10,1096,726.0,1016.0,556.0,1572,2003.0,400,0,664.0,5,IR1,0,60,110.0,27.363846269205577,50140.0,5.95,3.0,2008,3,Q1,1Fam,1
220000.0,1541,3,2.0,5,2.0,1541.0,7,12182,7,0,532.0,1201.0,340.0,1541,2005.0,0,70,226.0,5,Reg,0,20,95.0,25.221608273812684,49020.0,4.885,4.3,2010,5,Q2,1Fam,0
103200.0,882,1,1.0,51,0.0,882.0,4,5500,4,0,0.0,0.0,882.0,882,1979.0,0,0,0.0,6,Reg,0,45,55.0,29.102296283256685,48910.0,6.17,2.8,2007,4,Q2,1Fam,0
152000.0,1616,3,2.0,81,1.0,1149.0,6,5400,5,467,216.0,370.0,779.0,1149,1926.0,0,0,0.0,7,Reg,0,40,40.0,29.102296283256685,48910.0,6.385,2.6,2007,10,Q4,1Fam,1
127500.0,1355,4,3.0,68,0.0,644.0,5,10106,6,547,0.0,351.0,112.0,808,1979.0,140,0,0.0,7,Reg,0,190,62.0,27.363846269205577,50140.0,6.01,3.0,2008,9,Q3,2fmCon,1
190000.0,1867,2,2.0,54,1.0,1617.0,5,10708,7,0,303.0,379.0,470.0,1867,1955.0,476,0,0.0,5,IR1,142,20,68.0,26.11993393300743,50720.0,4.87,4.6,2009,11,Q4,1Fam,1
325624.0,2161,3,2.5,0,3.0,1582.0,8,10562,8,551,789.0,1288.0,294.0,1610,2007.0,178,120,300.0,5,Reg,0,60,86.0,29.102296283256685,48910.0,6.24,2.6,2007,11,Q4,1Fam,0
183500.0,1720,3,2.5,3,2.0,840.0,7,8244,7,880,440.0,0.0,840.0,840,2004.0,100,48,0.0,5,IR1,0,60,62.0,29.102296283256685,48910.0,6.21,2.8,2007,5,Q2,1Fam,0
228000.0,1707,2,2.5,25,2.0,1686.0,8,16669,6,0,511.0,0.0,1686.0,1707,1981.0,574,64,653.0,6,IR1,0,20,68.0,30.85894600589856,48130.0,6.135,3.1,2006,1,Q1,1Fam,0
128500.0,1382,2,1.5,66,2.0,720.0,5,12358,7,0,660.0,360.0,360.0,854,1991.0,237,0,0.0,6,IR1,0,50,68.0,29.102296283256685,48910.0,6.21,2.8,2007,5,Q2,1Fam,1
215000.0,1656,3,2.0,50,2.0,1080.0,6,31770,7,0,528.0,639.0,441.0,1656,1960.0,210,62,112.0,5,IR1,0,20,141.0,25.221608273812684,49020.0,4.885,4.3,2010,5,Q2,1Fam,0
239000.0,1767,2,3.0,19,2.0,1064.0,7,5306,5,703,504.0,495.0,354.0,1064,1987.0,441,35,0.0,7,IR1,0,160,44.0,30.85894600589856,48130.0,6.67,3.1,2006,6,Q2,TwnhsE,0
163000.0,1362,3,2.5,47,2.0,1362.0,6,10197,6,0,504.0,288.0,700.0,1362,1961.0,0,20,491.0,5,IR1,0,20,80.0,27.363846269205577,50140.0,6.37,3.7,2008,6,Q2,1Fam,0
184000.0,1651,3,3.0,22,2.0,1606.0,6,12416,7,0,616.0,1398.0,0.0,1651,1986.0,192,0,132.0,5,IR1,0,20,47.0,27.363846269205577,50140.0,6.09,3.1,2008,11,Q4,1Fam,0
243000.0,2158,4,3.0,57,2.0,1202.0,6,12615,7,0,576.0,477.0,725.0,2158,1950.0,0,29,0.0,7,Reg,0,20,84.0,29.102296283256685,48910.0,6.68,3.4,2007,6,Q2,1Fam,1
211000.0,2060,4,3.0,19,2.0,1151.0,6,10029,8,896,521.0,831.0,320.0,1164,1988.0,0,228,268.0,5,IR1,192,60,97.0,29.102296283256685,48910.0,6.38,2.8,2007,9,Q3,1Fam,1
172500.0,1920,4,3.0,48,2.0,1052.0,5,13650,8,668,451.0,57.0,554.0,1252,1958.0,0,0,0.0,5,Reg,0,50,68.0,30.85894600589856,48130.0,6.765000000000001,2.8,2006,7,Q3,1Fam,0
501837.0,2234,1,3.0,1,3.0,2216.0,9,17423,9,0,1166.0,1904.0,312.0,2234,2009.0,0,60,748.0,5,IR1,0,20,63.0,26.11993393300743,50720.0,5.2,5.6,2009,7,Q3,1Fam,1
100000.0,968,2,1.0,84,2.0,968.0,5,8520,5,0,480.0,0.0,968.0,968,1935.0,0,0,0.0,6,Reg,0,30,60.0,29.102296283256685,48910.0,6.710000000000001,3.0,2007,7,Q3,1Fam,1
177000.0,1525,3,2.5,7,2.0,756.0,6,2117,5,756,440.0,436.0,320.0,769,2000.0,0,0,456.0,5,Reg,0,160,68.0,29.102296283256685,48910.0,6.68,3.4,2007,6,Q2,Twnhs,0
200100.0,1802,4,1.5,86,1.0,793.0,7,7588,9,901,216.0,352.0,441.0,901,1920.0,0,0,0.0,6,Reg,0,70,54.0,30.85894600589856,48130.0,6.765000000000001,2.8,2006,7,Q3,1Fam,1
120000.0,1340,3,1.0,50,1.0,0.0,5,9060,7,0,252.0,0.0,0.0,1340,1957.0,116,0,98.0,6,Reg,0,20,60.0,29.102296283256685,48910.0,6.68,3.4,2007,6,Q2,1Fam,1
200000.0,2082,3,2.5,5,2.0,1362.0,7,11426,6,720,484.0,0.0,1362.0,1362,2003.0,280,238,0.0,5,Reg,0,50,63.0,27.363846269205577,50140.0,6.37,3.7,2008,6,Q2,1Fam,0
127000.0,1252,3,1.0,98,2.0,504.0,5,7438,5,316,576.0,0.0,504.0,936,1986.0,104,0,0.0,8,IR1,0,50,92.0,30.85894600589856,48130.0,6.67,3.1,2006,6,Q2,1Fam,1
475000.0,3608,4,2.5,114,3.0,1107.0,10,22950,12,1518,840.0,0.0,1107.0,1518,1993.0,0,260,0.0,9,IR2,410,75,90.0,30.85894600589856,48130.0,6.67,3.1,2006,6,Q2,1Fam,1
173000.0,1217,3,3.0,19,2.0,1188.0,7,9947,6,0,497.0,611.0,577.0,1217,1990.0,168,27,0.0,5,IR1,0,80,68.0,26.11993393300743,50720.0,5.4,6.0,2009,6,Q2,1Fam,1
135000.0,1656,3,2.5,93,1.0,660.0,5,10410,8,704,180.0,0.0,660.0,808,1916.0,0,0,0.0,7,Reg,0,50,60.0,26.11993393300743,50720.0,5.18,5.6,2009,8,Q3,1Fam,1
153337.0,1224,2,3.0,30,2.0,1086.0,5,7018,6,0,528.0,1086.0,0.0,1224,1979.0,120,0,275.0,5,Reg,0,90,64.0,26.11993393300743,50720.0,5.4,6.0,2009,6,Q2,Duplex,0
286000.0,1593,0,2.5,7,2.0,1593.0,8,4923,5,0,682.0,1153.0,440.0,1593,2001.0,0,120,0.0,5,Reg,224,120,41.0,27.363846269205577,50140.0,6.494999999999999,3.6,2008,8,Q3,TwnhsE,1
315000.0,2727,3,2.5,75,2.0,853.0,8,10570,10,1178,440.0,297.0,556.0,1549,1932.0,0,74,0.0,8,Reg,0,70,70.0,29.102296283256685,48910.0,6.125,3.0,2007,12,Q4,1Fam,1
184000.0,1479,4,2.5,35,2.0,725.0,7,7472,7,754,484.0,626.0,99.0,725,1972.0,0,32,138.0,9,IR1,0,60,68.0,29.102296283256685,48910.0,6.68,3.4,2007,6,Q2,1Fam,1
192000.0,1431,3,3.0,10,2.0,1431.0,7,9017,6,0,666.0,560.0,871.0,1431,1999.0,0,35,0.0,5,IR1,0,20,68.0,26.11993393300743,50720.0,5.055,4.7,2009,9,Q3,1Fam,0
130000.0,1709,3,2.0,2,2.0,970.0,7,2522,7,739,380.0,0.0,970.0,970,2004.0,0,40,50.0,5,Reg,0,160,24.0,30.85894600589856,48130.0,6.595,2.4,2006,5,Q2,Twnhs,0
127000.0,864,3,1.0,36,1.0,864.0,5,7180,5,0,352.0,390.0,474.0,864,1989.0,0,0,0.0,7,IR1,0,20,60.0,27.363846269205577,50140.0,6.05,3.0,2008,5,Q2,1Fam,0
148500.0,1456,3,2.5,33,2.0,855.0,6,2280,7,601,440.0,566.0,289.0,855,1976.0,87,0,0.0,6,Reg,0,160,24.0,26.11993393300743,50720.0,5.2,5.6,2009,7,Q3,Twnhs,0
311872.0,1726,3,3.0,0,3.0,1726.0,7,9416,8,0,786.0,1126.0,600.0,1726,2007.0,171,138,205.0,5,Reg,266,20,79.0,29.102296283256685,48910.0,6.38,2.8,2007,9,Q3,1Fam,0
235000.0,3112,4,3.5,88,2.0,1360.0,8,25419,8,1360,795.0,1036.0,140.0,1360,1918.0,0,16,0.0,4,Reg,0,75,174.0,30.85894600589856,48130.0,6.34,2.7,2006,3,Q1,1Fam,1
104000.0,2229,5,1.0,97,0.0,755.0,6,5520,8,929,0.0,0.0,755.0,929,1979.0,0,198,0.0,6,Reg,0,75,92.0,26.11993393300743,50720.0,5.2,5.6,2009,7,Q3,1Fam,1
274900.0,1713,3,3.0,5,3.0,1713.0,8,9591,7,0,856.0,1088.0,625.0,1713,2004.0,0,26,262.0,5,Reg,170,20,76.0,26.11993393300743,50720.0,5.055,5.0,2009,1,Q1,1Fam,1
140000.0,1121,2,2.0,7,2.0,1121.0,4,8546,5,0,440.0,0.0,1121.0,1121,2003.0,132,64,0.0,5,Reg,0,20,80.0,25.221608273812684,49020.0,4.965,5.2,2010,3,Q1,1Fam,1
171500.0,1279,3,2.5,31,2.0,1196.0,6,10125,6,0,473.0,641.0,276.0,1279,1980.0,238,83,0.0,6,Reg,0,20,75.0,27.363846269205577,50140.0,5.88,3.1,2008,2,Q1,1Fam,0
112000.0,1310,2,2.0,82,1.0,617.0,6,7000,6,445,398.0,617.0,0.0,865,1924.0,0,0,0.0,6,Reg,0,50,50.0,30.85894600589856,48130.0,6.595,2.4,2006,5,Q2,1Fam,1
149000.0,848,1,2.0,4,2.0,848.0,6,4438,3,0,420.0,662.0,186.0,848,2004.0,149,0,205.0,5,Reg,0,120,68.0,27.363846269205577,50140.0,5.69,3.3,2008,1,Q1,TwnhsE,0
110000.0,1284,2,1.5,62,1.0,720.0,5,3500,5,564,240.0,312.0,408.0,720,1948.0,0,35,0.0,7,Reg,0,50,50.0,26.11993393300743,50720.0,4.8,4.9,2009,4,Q2,1Fam,1
180500.0,1442,3,2.0,19,2.0,1424.0,7,11851,5,0,500.0,0.0,1424.0,1442,1990.0,0,34,0.0,5,Reg,0,20,99.0,26.11993393300743,50720.0,4.85,5.0,2009,5,Q2,1Fam,0
143900.0,1696,3,1.5,45,1.0,1140.0,5,13673,8,0,349.0,0.0,1140.0,1696,1962.0,0,30,0.0,5,IR1,0,20,40.0,29.102296283256685,48910.0,6.16,2.9,2007,3,Q1,1Fam,0
141000.0,1100,3,2.0,48,1.0,1100.0,4,12493,6,0,312.0,419.0,375.0,1100,1960.0,355,0,0.0,5,IR1,0,20,68.0,27.363846269205577,50140.0,5.88,2.7,2008,4,Q2,1Fam,0
277000.0,2062,3,3.5,19,2.0,1157.0,7,14364,7,882,454.0,1065.0,92.0,1180,1988.0,60,55,128.0,5,IR1,154,60,68.0,29.102296283256685,48910.0,6.17,2.8,2007,4,Q2,1Fam,1
145000.0,1092,3,2.0,44,2.0,1092.0,6,8250,6,0,504.0,787.0,305.0,1092,1964.0,0,0,260.0,7,Reg,0,20,75.0,27.363846269205577,50140.0,6.37,3.6,2008,7,Q3,1Fam,0
98000.0,864,2,2.0,83,0.0,864.0,5,5604,5,0,0.0,468.0,396.0,864,1979.0,0,0,0.0,6,Reg,0,30,67.0,27.363846269205577,50140.0,5.88,2.7,2008,4,Q2,1Fam,1
186000.0,1212,3,2.0,1,2.0,1212.0,6,10420,6,0,460.0,36.0,1176.0,1212,2009.0,100,22,0.0,5,Reg,0,20,83.0,25.221608273812684,49020.0,4.965,5.2,2010,3,Q1,1Fam,0
252678.0,1852,3,3.5,0,2.0,900.0,7,8640,7,920,644.0,822.0,78.0,932,2009.0,168,108,0.0,5,Reg,0,60,72.0,26.11993393300743,50720.0,5.2,5.6,2009,7,Q3,1Fam,0
156000.0,990,3,1.5,11,2.0,990.0,5,13568,5,0,576.0,716.0,274.0,990,1996.0,224,0,0.0,5,IR2,0,20,43.0,30.85894600589856,48130.0,6.765000000000001,2.8,2006,7,Q3,1Fam,0
161750.0,1392,3,1.5,33,1.0,689.0,6,10900,6,703,299.0,378.0,311.0,689,1977.0,0,36,153.0,7,IR1,0,60,68.0,25.221608273812684,49020.0,4.965,5.2,2010,3,Q1,1Fam,0
134450.0,1236,2,1.5,49,1.0,1070.0,5,10011,6,0,447.0,360.0,710.0,1236,1957.0,0,0,64.0,6,IR1,0,20,72.0,30.85894600589856,48130.0,6.595,2.4,2006,5,Q2,1Fam,1
210000.0,1436,3,3.0,4,2.0,1436.0,7,8450,8,0,484.0,946.0,490.0,1436,2004.0,139,98,266.0,5,Reg,0,20,65.0,27.363846269205577,50140.0,5.88,2.7,2008,4,Q2,1Fam,0
107000.0,1328,3,1.0,81,1.0,686.0,4,9906,8,518,210.0,0.0,686.0,810,1940.0,0,172,0.0,4,Reg,0,70,57.0,30.85894600589856,48130.0,6.415,2.6,2006,9,Q3,1Fam,1
311500.0,1954,3,2.0,69,2.0,798.0,7,15660,8,817,431.0,341.0,457.0,1137,1939.0,0,119,312.0,9,IR1,0,50,68.0,27.363846269205577,50140.0,6.05,3.0,2008,5,Q2,1Fam,1
167240.0,1248,2,2.0,1,2.0,1248.0,7,3010,5,0,438.0,16.0,1232.0,1248,2005.0,108,0,16.0,5,Reg,0,120,43.0,30.85894600589856,48130.0,6.34,2.7,2006,3,Q1,TwnhsE,1
204900.0,1498,2,2.0,0,2.0,1498.0,7,8990,5,0,675.0,0.0,1498.0,1498,2006.0,351,33,0.0,5,IR1,0,20,73.0,30.85894600589856,48130.0,6.51,2.4,2006,4,Q2,1Fam,0
200000.0,2267,4,2.5,7,2.0,1010.0,6,8068,8,1257,390.0,0.0,1010.0,1010,2002.0,120,46,0.0,5,IR1,0,60,68.0,26.11993393300743,50720.0,4.94,5.1,2009,12,Q4,1Fam,0
179900.0,1552,3,3.5,31,2.0,713.0,6,11475,6,741,434.0,550.0,163.0,811,1975.0,209,208,0.0,6,Reg,0,60,85.0,30.85894600589856,48130.0,6.25,3.0,2006,2,Q1,1Fam,0
97000.0,864,2,1.0,38,2.0,864.0,4,10500,4,0,576.0,524.0,160.0,864,1989.0,216,0,0.0,6,Reg,0,20,70.0,26.11993393300743,50720.0,5.005000000000001,5.2,2009,3,Q1,1Fam,0
386250.0,2392,3,2.0,6,3.0,2392.0,10,13472,8,0,968.0,56.0,2336.0,2392,2003.0,248,105,922.0,5,Reg,0,20,103.0,26.11993393300743,50720.0,5.4,6.0,2009,6,Q2,1Fam,0
112000.0,1302,3,2.5,38,1.0,630.0,5,1680,6,672,280.0,0.0,630.0,630,1991.0,0,0,142.0,5,Reg,0,160,21.0,26.11993393300743,50720.0,4.85,5.0,2009,5,Q2,Twnhs,0
290000.0,2520,4,2.5,12,3.0,1203.0,7,9950,9,1306,721.0,565.0,638.0,1214,1995.0,224,114,290.0,5,IR1,0,60,82.0,29.102296283256685,48910.0,6.68,3.4,2007,6,Q2,1Fam,0
106000.0,987,2,1.5,38,1.0,483.0,6,1869,5,504,280.0,321.0,162.0,483,1987.0,0,0,127.0,6,Reg,0,160,21.0,27.363846269205577,50140.0,6.01,3.0,2008,9,Q3,Twnhs,0
125000.0,912,3,1.0,43,1.0,912.0,5,8521,5,0,336.0,842.0,70.0,912,1974.0,0,0,0.0,5,Reg,0,20,70.0,25.221608273812684,49020.0,4.885,4.3,2010,5,Q2,1Fam,0
192500.0,1555,2,2.0,4,2.0,1373.0,7,3182,7,0,430.0,16.0,1357.0,1555,2005.0,143,20,16.0,5,Reg,0,120,43.0,26.11993393300743,50720.0,4.85,5.0,2009,5,Q2,TwnhsE,1
148000.0,1194,3,2.0,51,1.0,1194.0,6,8760,6,0,312.0,0.0,1194.0,1194,1959.0,0,0,220.0,6,Reg,0,20,73.0,25.221608273812684,49020.0,5.07,4.3,2010,4,Q2,1Fam,0
403000.0,2794,4,3.5,14,3.0,1462.0,8,15138,9,1304,810.0,689.0,773.0,1490,1995.0,0,146,506.0,5,IR1,0,60,174.0,26.11993393300743,50720.0,5.2,5.6,2009,7,Q3,1Fam,1
94500.0,987,2,1.5,34,1.0,483.0,6,1680,5,504,288.0,0.0,483.0,483,1972.0,0,0,297.0,5,Reg,0,160,21.0,30.85894600589856,48130.0,6.67,3.1,2006,6,Q2,Twnhs,0
128200.0,894,3,2.0,34,1.0,894.0,5,10650,5,0,308.0,182.0,0.0,894,1976.0,365,0,0.0,6,Reg,0,20,75.0,25.221608273812684,49020.0,4.99,5.3,2010,2,Q1,1Fam,0
216500.0,1960,4,3.5,8,2.0,860.0,6,7851,8,1100,440.0,625.0,235.0,860,2002.0,288,48,0.0,5,Reg,0,60,68.0,25.221608273812684,49020.0,4.885,4.3,2010,5,Q2,1Fam,0
89500.0,987,2,1.5,37,1.0,483.0,6,1680,5,504,264.0,358.0,125.0,483,1971.0,0,0,604.0,3,Reg,0,160,21.0,27.363846269205577,50140.0,6.494999999999999,3.6,2008,8,Q3,TwnhsE,0
185500.0,1414,3,2.0,6,2.0,1414.0,7,8773,6,0,494.0,24.0,1390.0,1414,2004.0,132,105,98.0,5,Reg,0,20,65.0,25.221608273812684,49020.0,4.885,4.3,2010,5,Q2,1Fam,0
194500.0,1744,3,2.5,17,2.0,996.0,7,9453,7,730,457.0,402.0,594.0,1014,1993.0,370,70,0.0,7,IR1,0,60,68.0,25.221608273812684,49020.0,4.99,5.3,2010,2,Q1,1Fam,1
318000.0,1694,3,2.0,0,3.0,1694.0,8,12030,7,0,818.0,0.0,1694.0,1694,2007.0,168,228,254.0,5,Reg,0,20,93.0,29.102296283256685,48910.0,6.125,3.0,2007,12,Q4,1Fam,0
113000.0,1487,3,1.5,65,1.0,735.0,6,8741,7,689,220.0,94.0,641.0,798,1949.0,0,140,0.0,4,Reg,0,50,52.0,25.221608273812684,49020.0,5.07,4.3,2010,4,Q2,1Fam,1
262500.0,1566,3,3.0,2,2.0,1566.0,8,9000,7,0,750.0,1078.0,488.0,1566,2008.0,144,168,36.0,5,Reg,0,20,75.0,25.221608273812684,49020.0,5.07,4.3,2010,4,Q2,1Fam,0
110500.0,866,2,1.0,62,0.0,686.0,5,3880,4,0,0.0,329.0,357.0,866,1979.0,58,42,0.0,9,Reg,0,30,40.0,29.102296283256685,48910.0,6.59,3.0,2007,8,Q3,1Fam,1
79000.0,1440,3,1.0,106,1.0,540.0,5,5000,6,551,352.0,0.0,540.0,889,1940.0,0,0,0.0,4,Reg,0,50,63.0,30.85894600589856,48130.0,6.51,2.4,2006,4,Q2,1Fam,1
120000.0,1217,3,1.5,29,1.0,626.0,6,10762,6,591,288.0,0.0,626.0,626,1980.0,0,28,0.0,6,Reg,0,160,75.0,26.11993393300743,50720.0,4.8,4.9,2009,4,Q2,TwnhsE,0
205000.0,2110,3,3.5,16,2.0,948.0,7,8880,8,888,463.0,695.0,253.0,1222,1994.0,0,130,0.0,5,IR1,0,60,68.0,25.221608273812684,49020.0,4.885,4.3,2010,5,Q2,1Fam,1
241500.0,1872,3,2.5,18,2.0,1845.0,7,10400,6,0,604.0,929.0,916.0,1872,1988.0,197,39,102.0,5,Reg,0,20,80.0,30.85894600589856,48130.0,6.67,3.1,2006,6,Q2,1Fam,0
137000.0,1928,4,2.0,96,1.0,1020.0,6,9142,9,1020,440.0,0.0,1020.0,908,1910.0,0,60,0.0,8,Reg,0,190,69.0,30.85894600589856,48130.0,6.51,2.4,2006,4,Q2,2fmCon,1
140000.0,1375,2,1.0,52,2.0,1367.0,6,11310,5,0,451.0,0.0,1367.0,1375,1954.0,0,30,0.0,5,Reg,0,20,75.0,30.85894600589856,48130.0,6.67,3.1,2006,6,Q2,1Fam,0
180000.0,1668,3,2.5,4,2.0,840.0,7,11317,8,828,500.0,0.0,840.0,840,2003.0,144,68,101.0,5,Reg,0,60,72.0,29.102296283256685,48910.0,6.38,2.8,2007,9,Q3,1Fam,0
277000.0,2144,4,2.5,49,2.0,1444.0,6,159000,7,700,389.0,697.0,747.0,1444,1958.0,0,98,472.0,7,IR2,0,50,68.0,29.102296283256685,48910.0,6.68,3.4,2007,6,Q2,1Fam,1
76500.0,1306,3,1.0,70,0.0,728.0,3,5350,6,0,0.0,0.0,728.0,1306,1979.0,263,0,0.0,2,IR1,0,30,55.0,25.221608273812684,49020.0,4.885,4.3,2010,5,Q2,1Fam,1
235000.0,1625,2,3.5,1,2.0,1573.0,8,4750,5,0,538.0,1573.0,0.0,1625,2006.0,123,0,481.0,5,IR1,153,120,44.0,29.102296283256685,48910.0,6.125,3.0,2007,12,Q4,TwnhsE,1
173000.0,1640,3,2.5,4,2.0,798.0,6,8366,6,842,520.0,0.0,798.0,798,2004.0,138,45,0.0,5,IR1,0,60,65.0,27.363846269205577,50140.0,5.19,3.8,2008,12,Q4,1Fam,0
158000.0,1302,3,2.5,43,1.0,1302.0,6,9350,7,0,309.0,270.0,452.0,1302,1964.0,333,0,108.0,7,Reg,0,80,85.0,29.102296283256685,48910.0,6.385,2.6,2007,10,Q4,1Fam,1
145000.0,1314,3,2.0,53,1.0,1314.0,5,8400,5,0,294.0,922.0,392.0,1314,1957.0,250,0,0.0,6,Reg,0,20,70.0,25.221608273812684,49020.0,4.734999999999999,5.0,2010,6,Q2,1Fam,0
230000.0,2291,4,2.5,7,2.0,975.0,7,8738,8,1286,429.0,0.0,975.0,1005,1999.0,192,0,302.0,5,IR1,0,60,66.0,30.85894600589856,48130.0,6.25,3.0,2006,2,Q1,1Fam,0
207500.0,1728,3,2.5,5,2.0,864.0,6,8791,7,864,673.0,503.0,361.0,864,2003.0,216,56,0.0,5,IR1,0,60,64.0,27.363846269205577,50140.0,6.05,3.0,2008,5,Q2,1Fam,0
220000.0,1604,3,3.5,3,2.0,1604.0,7,8814,8,0,660.0,1334.0,270.0,1604,2006.0,123,110,180.0,5,Reg,0,20,68.0,26.11993393300743,50720.0,5.005000000000001,5.2,2009,3,Q1,1Fam,0
231500.0,1792,3,2.5,7,2.0,963.0,7,12435,7,829,564.0,361.0,602.0,963,2001.0,0,96,172.0,5,Reg,0,60,80.0,27.363846269205577,50140.0,6.05,3.0,2008,5,Q2,1Fam,0
97000.0,882,2,1.0,52,1.0,0.0,5,12702,4,0,308.0,0.0,0.0,882,1956.0,0,45,0.0,5,Reg,0,20,70.0,27.363846269205577,50140.0,5.19,3.8,2008,12,Q4,1Fam,0
176000.0,1382,3,2.0,47,2.0,1362.0,6,19296,6,0,884.0,672.0,0.0,1382,1991.0,0,0,399.0,5,Reg,0,80,120.0,26.11993393300743,50720.0,4.85,5.0,2009,5,Q2,1Fam,0
276000.0,2574,3,2.5,0,3.0,1482.0,8,9588,10,1092,868.0,0.0,1482.0,1482,2007.0,0,148,270.0,5,IR1,0,60,69.0,29.102296283256685,48910.0,6.24,2.6,2007,11,Q4,1Fam,0
151000.0,1212,3,2.0,29,2.0,506.0,6,8471,6,0,492.0,506.0,0.0,1212,1978.0,292,12,46.0,7,IR1,0,80,88.0,30.85894600589856,48130.0,6.765000000000001,2.8,2006,7,Q3,1Fam,1
130000.0,1316,3,2.0,81,2.0,926.0,5,5500,6,0,484.0,234.0,0.0,926,1974.0,0,0,0.0,7,Reg,0,50,50.0,25.221608273812684,49020.0,5.07,4.3,2010,4,Q2,1Fam,1
73000.0,764,2,1.0,83,2.0,680.0,5,5232,4,0,504.0,0.0,680.0,764,1965.0,0,0,0.0,5,IR3,0,30,30.0,27.363846269205577,50140.0,6.37,3.7,2008,6,Q2,1Fam,1
175500.0,1422,3,2.0,27,2.0,1422.0,6,12090,7,0,576.0,588.0,606.0,1422,1981.0,276,0,210.0,6,IR1,0,20,78.0,27.363846269205577,50140.0,6.37,3.7,2008,6,Q2,1Fam,0
185000.0,1511,3,3.5,9,2.0,802.0,6,11207,8,709,413.0,714.0,88.0,802,1997.0,95,75,0.0,5,IR1,0,60,70.0,30.85894600589856,48130.0,6.67,3.1,2006,6,Q2,1Fam,0
179500.0,2192,4,2.5,69,1.0,720.0,5,8400,8,720,240.0,378.0,342.0,1052,1939.0,262,24,0.0,8,Reg,0,75,60.0,27.363846269205577,50140.0,6.37,3.6,2008,7,Q3,1Fam,1
120500.0,778,2,1.0,68,1.0,740.0,5,6900,4,0,924.0,403.0,212.0,778,1966.0,0,25,0.0,6,Reg,0,30,71.0,27.363846269205577,50140.0,5.88,3.1,2008,2,Q1,1Fam,1
148000.0,1113,3,2.5,31,1.0,1143.0,6,7917,6,0,504.0,751.0,392.0,1113,1987.0,370,30,174.0,7,IR1,0,20,68.0,29.102296283256685,48910.0,6.21,2.8,2007,5,Q2,1Fam,0
266000.0,1939,3,2.5,0,3.0,1095.0,8,10728,8,844,1053.0,0.0,1095.0,1095,2006.0,192,51,0.0,5,Reg,0,60,84.0,30.85894600589856,48130.0,6.52,2.6,2006,8,Q3,1Fam,0
241500.0,1363,2,2.0,54,2.0,1385.0,7,39104,5,0,439.0,226.0,96.0,1363,1954.0,81,0,0.0,7,IR1,0,20,73.0,27.363846269205577,50140.0,5.88,2.7,2008,4,Q2,1Fam,1
290000.0,2270,4,2.5,11,3.0,1152.0,8,11764,9,1106,671.0,524.0,628.0,1164,1999.0,132,57,348.0,7,IR1,0,60,92.0,25.221608273812684,49020.0,5.07,4.3,2010,4,Q2,1Fam,1
139000.0,1632,3,3.0,51,1.0,1240.0,6,9600,6,0,338.0,620.0,0.0,1632,1958.0,289,0,183.0,6,Reg,0,20,80.0,26.11993393300743,50720.0,4.8,4.9,2009,4,Q2,1Fam,1
124500.0,816,2,1.0,25,1.0,816.0,5,8314,5,0,264.0,546.0,270.0,816,1982.0,168,0,0.0,7,Reg,0,20,76.0,29.102296283256685,48910.0,6.68,3.4,2007,6,Q2,1Fam,0
205000.0,1548,3,2.5,84,2.0,952.0,7,7264,5,596,672.0,0.0,952.0,952,1978.0,74,0,0.0,7,Reg,144,50,55.0,26.11993393300743,50720.0,4.94,4.4,2009,10,Q4,1Fam,1
201000.0,1560,3,2.0,7,2.0,1560.0,7,9196,7,0,573.0,0.0,1560.0,1560,2003.0,100,150,0.0,5,IR1,0,20,129.0,25.221608273812684,49020.0,5.07,4.3,2010,4,Q2,1Fam,0
141000.0,864,2,1.0,59,2.0,864.0,4,19138,4,0,400.0,120.0,744.0,864,1951.0,0,0,0.0,5,Reg,0,20,140.0,25.221608273812684,49020.0,4.734999999999999,5.0,2010,6,Q2,1Fam,0
415298.0,2121,3,2.5,1,3.0,2121.0,9,14450,8,0,732.0,0.0,2121.0,2121,2007.0,124,98,315.0,5,Reg,142,20,107.0,29.102296283256685,48910.0,6.21,2.8,2007,5,Q2,1Fam,1
192000.0,2022,4,2.5,31,2.0,1160.0,7,10005,8,866,505.0,392.0,768.0,1156,1977.0,288,117,299.0,5,Reg,0,60,83.0,27.363846269205577,50140.0,5.95,3.0,2008,3,Q1,1Fam,0
228500.0,1982,3,2.5,18,2.0,807.0,7,11287,7,807,575.0,421.0,386.0,1175,1989.0,0,84,340.0,6,Reg,0,60,82.0,29.102296283256685,48910.0,6.220000000000001,3.0,2007,1,Q1,1Fam,0
185000.0,1262,2,2.0,0,2.0,1262.0,6,7200,5,0,572.0,905.0,357.0,1262,2006.0,0,120,68.0,5,Reg,0,20,60.0,30.85894600589856,48130.0,6.595,2.4,2006,5,Q2,1Fam,0
207500.0,1314,2,3.0,2,2.0,1314.0,7,5063,6,0,626.0,904.0,410.0,1314,2008.0,172,62,166.0,5,Reg,0,120,34.0,26.11993393300743,50720.0,4.8,4.9,2009,4,Q2,Twnhs,1
244600.0,1468,3,2.0,1,3.0,1468.0,8,9612,6,0,898.0,0.0,1468.0,1468,2008.0,210,150,72.0,5,Reg,0,20,74.0,26.11993393300743,50720.0,4.94,5.1,2009,12,Q4,1Fam,1
179200.0,1575,2,3.0,15,2.0,1575.0,6,8012,5,0,529.0,430.0,1145.0,1575,1992.0,0,0,0.0,5,Reg,0,120,50.0,29.102296283256685,48910.0,6.710000000000001,3.0,2007,7,Q3,TwnhsE,0
164700.0,1250,2,2.5,1,2.0,625.0,7,4251,5,625,528.0,0.0,625.0,625,2006.0,0,54,0.0,5,IR1,0,160,35.0,29.102296283256685,48910.0,6.68,3.4,2007,6,Q2,TwnhsE,1
159000.0,1734,3,1.5,44,2.0,912.0,6,9786,7,649,440.0,600.0,312.0,1085,1962.0,0,0,0.0,7,IR1,128,50,77.0,30.85894600589856,48130.0,6.67,3.1,2006,6,Q2,1Fam,1
88000.0,858,3,1.0,35,0.0,858.0,4,8125,5,0,0.0,614.0,244.0,858,1979.0,0,0,0.0,4,IR1,0,20,68.0,30.85894600589856,48130.0,6.67,3.1,2006,6,Q2,1Fam,0
122000.0,900,3,1.0,43,1.0,882.0,5,9819,5,0,280.0,450.0,432.0,900,1970.0,0,0,31.0,5,IR1,0,20,68.0,25.221608273812684,49020.0,4.99,5.3,2010,2,Q1,1Fam,0
153575.0,1396,3,1.0,92,1.0,698.0,6,8730,7,698,384.0,0.0,698.0,698,2003.0,0,0,0.0,7,Reg,259,70,60.0,29.102296283256685,48910.0,6.710000000000001,3.0,2007,7,Q3,1Fam,1
233230.0,1919,3,2.5,0,2.0,1079.0,8,15611,8,840,685.0,0.0,1079.0,1079,2006.0,0,51,0.0,5,Reg,0,60,120.0,30.85894600589856,48130.0,6.765000000000001,2.8,2006,7,Q3,1Fam,0
135900.0,1716,6,3.0,96,0.0,780.0,5,5687,9,780,0.0,210.0,570.0,936,1979.0,0,184,0.0,6,Reg,0,190,55.0,27.363846269205577,50140.0,5.95,3.0,2008,3,Q1,2fmCon,1
131000.0,1716,3,1.5,60,1.0,768.0,5,11409,8,568,281.0,292.0,476.0,1148,1949.0,0,0,0.0,4,Reg,160,50,60.0,26.11993393300743,50720.0,5.055,5.0,2009,1,Q1,1Fam,1
235000.0,2263,3,3.5,29,2.0,795.0,7,16659,9,795,539.0,795.0,0.0,1468,1977.0,0,250,34.0,7,IR1,0,60,68.0,30.85894600589856,48130.0,6.34,2.7,2006,3,Q1,1Fam,1
167000.0,1644,3,2.0,56,2.0,1416.0,6,9600,7,0,418.0,1285.0,131.0,1644,1953.0,110,0,238.0,5,Reg,0,20,80.0,26.11993393300743,50720.0,4.94,4.4,2009,10,Q4,1Fam,0
142500.0,1003,3,2.0,22,2.0,1003.0,6,7937,6,0,588.0,819.0,184.0,1003,1984.0,120,0,0.0,6,IR1,0,80,37.0,30.85894600589856,48130.0,6.34,2.7,2006,3,Q1,1Fam,0
152000.0,1558,4,1.5,57,1.0,910.0,5,13710,6,648,282.0,420.0,490.0,910,1950.0,289,0,0.0,5,Reg,0,50,75.0,29.102296283256685,48910.0,6.68,3.4,2007,6,Q2,1Fam,0
239000.0,1950,3,2.5,10,2.0,975.0,7,7399,7,975,576.0,649.0,326.0,975,1997.0,0,10,1600.0,5,IR1,198,60,66.0,29.102296283256685,48910.0,6.68,3.4,2007,6,Q2,1Fam,1
175000.0,1743,3,2.5,39,2.0,702.0,6,11700,7,702,539.0,384.0,143.0,1041,1968.0,224,0,365.0,6,Reg,0,60,90.0,29.102296283256685,48910.0,6.68,3.4,2007,6,Q2,1Fam,0
158500.0,1152,3,1.5,59,1.0,1092.0,6,14000,6,0,300.0,0.0,1092.0,1152,1950.0,0,36,0.0,8,Reg,0,20,80.0,26.11993393300743,50720.0,5.18,5.6,2009,8,Q3,1Fam,1
157000.0,1336,2,2.0,53,1.0,1165.0,5,15750,5,0,375.0,841.0,324.0,1336,1953.0,0,0,56.0,5,Reg,0,190,90.0,30.85894600589856,48130.0,6.67,3.1,2006,6,Q2,2fmCon,0
267000.0,2452,4,2.5,9,2.0,1028.0,8,16226,9,1242,683.0,281.0,747.0,1210,1998.0,208,50,0.0,5,IR3,0,60,66.0,29.102296283256685,48910.0,6.21,2.8,2007,5,Q2,1Fam,1
205000.0,1541,3,2.0,5,3.0,1541.0,7,13704,6,0,843.0,0.0,1541.0,1541,2001.0,468,81,150.0,5,IR1,0,20,118.0,30.85894600589856,48130.0,6.135,3.1,2006,1,Q1,1Fam,1
149900.0,894,3,2.0,34,2.0,894.0,5,9800,5,0,552.0,894.0,0.0,894,1975.0,256,0,0.0,7,Reg,0,20,70.0,30.85894600589856,48130.0,6.765000000000001,2.8,2006,7,Q3,1Fam,0
295000.0,3493,3,3.0,128,3.0,1470.0,7,18386,10,1818,870.0,0.0,1470.0,1675,2003.0,302,0,0.0,9,Reg,0,75,87.0,27.363846269205577,50140.0,6.05,3.0,2008,5,Q2,1Fam,1
305900.0,2000,3,3.0,3,3.0,2000.0,8,10386,8,0,888.0,1464.0,536.0,2000,2004.0,168,0,246.0,5,Reg,0,20,80.0,29.102296283256685,48910.0,6.710000000000001,3.0,2007,7,Q3,1Fam,1
225000.0,2243,4,3.5,17,3.0,700.0,7,13474,8,1121,746.0,700.0,0.0,1122,1990.0,127,44,246.0,5,Reg,0,60,116.0,29.102296283256685,48910.0,6.68,3.4,2007,6,Q2,1Fam,1
89500.0,1406,3,1.0,88,0.0,319.0,6,7920,6,371,0.0,0.0,319.0,1035,1979.0,0,144,0.0,7,IR1,0,50,68.0,27.363846269205577,50140.0,5.95,3.0,2008,3,Q1,1Fam,1
82500.0,861,1,1.0,69,2.0,861.0,4,12342,4,0,539.0,262.0,599.0,861,1961.0,158,0,0.0,5,IR1,0,30,68.0,26.11993393300743,50720.0,5.005000000000001,5.2,2009,3,Q1,1Fam,1
360000.0,1944,3,3.0,3,3.0,1896.0,9,12378,8,0,708.0,1274.0,622.0,1944,2003.0,208,175,0.0,5,IR1,0,20,90.0,30.85894600589856,48130.0,6.24,2.4,2006,11,Q4,1Fam,1
165600.0,1501,3,2.5,13,2.0,697.0,6,7685,6,804,420.0,518.0,179.0,697,1993.0,190,63,112.0,5,IR1,0,60,68.0,30.85894600589856,48130.0,6.595,2.4,2006,5,Q2,1Fam,1
132000.0,972,2,2.0,61,1.0,972.0,6,8000,5,0,240.0,680.0,292.0,972,1948.0,0,0,0.0,6,Reg,0,20,50.0,26.11993393300743,50720.0,4.85,5.0,2009,5,Q2,1Fam,1
119900.0,1118,3,2.0,67,2.0,793.0,5,7800,5,325,410.0,507.0,286.0,793,1939.0,0,0,0.0,7,Reg,271,190,65.0,30.85894600589856,48130.0,6.595,2.4,2006,5,Q2,2fmCon,1
375000.0,2036,3,4.0,44,2.0,2136.0,7,215245,8,0,513.0,1236.0,80.0,2036,1965.0,0,0,0.0,5,IR3,0,20,150.0,26.11993393300743,50720.0,5.4,6.0,2009,6,Q2,1Fam,0
178000.0,1641,3,2.0,81,2.0,728.0,7,9600,6,809,546.0,16.0,712.0,832,1925.0,0,0,0.0,7,Reg,0,70,60.0,30.85894600589856,48130.0,6.52,2.6,2006,8,Q3,1Fam,1
188500.0,1432,3,3.5,5,2.0,716.0,7,7795,6,716,432.0,425.0,291.0,716,2004.0,100,51,0.0,5,IR1,0,60,71.0,26.11993393300743,50720.0,5.2,5.6,2009,7,Q3,1Fam,1
260000.0,2353,4,3.5,29,2.0,845.0,7,13005,10,1200,484.0,692.0,153.0,1153,1983.0,288,195,278.0,7,IR1,0,60,94.0,26.11993393300743,50720.0,5.18,5.6,2009,8,Q3,1Fam,0
270000.0,1959,3,2.5,1,3.0,1088.0,8,9000,8,871,1025.0,0.0,1088.0,1088,2006.0,208,46,0.0,5,Reg,0,60,75.0,29.102296283256685,48910.0,6.125,3.0,2007,12,Q4,1Fam,0
260000.0,2646,4,3.5,16,3.0,1347.0,7,9900,9,1274,656.0,987.0,360.0,1372,1993.0,340,60,256.0,5,Reg,0,60,90.0,26.11993393300743,50720.0,4.8,4.9,2009,4,Q2,1Fam,0
187500.0,1472,3,3.0,29,2.0,1372.0,7,14115,6,0,588.0,1036.0,336.0,1472,1980.0,233,48,225.0,5,Reg,0,80,68.0,26.11993393300743,50720.0,5.4,6.0,2009,6,Q2,1Fam,0
342643.0,2596,4,3.5,0,3.0,1249.0,9,16259,9,1347,840.0,0.0,1249.0,1249,2006.0,240,154,370.0,5,Reg,0,60,111.0,30.85894600589856,48130.0,6.415,2.6,2006,9,Q3,1Fam,0
354000.0,2468,4,3.5,3,3.0,1136.0,8,12099,10,1332,872.0,970.0,166.0,1136,2004.0,184,154,388.0,5,IR1,0,60,99.0,29.102296283256685,48910.0,6.68,3.4,2007,6,Q2,1Fam,0
301000.0,2730,4,3.5,21,2.0,1502.0,7,10380,8,1177,576.0,28.0,0.0,1553,1987.0,201,96,172.0,5,IR1,0,60,86.0,29.102296283256685,48910.0,6.59,3.0,2007,8,Q3,1Fam,1
126175.0,1163,3,2.0,51,1.0,1162.0,3,5820,6,0,220.0,256.0,906.0,1163,1955.0,142,98,0.0,8,Reg,0,20,49.0,30.85894600589856,48130.0,6.765000000000001,2.8,2006,7,Q3,1Fam,1
242000.0,2978,5,2.5,43,2.0,710.0,7,11275,11,1080,564.0,0.0,710.0,1898,1961.0,240,0,300.0,7,Reg,0,80,96.0,25.221608273812684,49020.0,4.734999999999999,5.0,2010,6,Q2,1Fam,1
87000.0,803,2,1.0,66,2.0,720.0,5,5000,5,0,360.0,116.0,604.0,803,1941.0,0,0,0.0,6,Reg,0,45,50.0,29.102296283256685,48910.0,6.125,3.0,2007,12,Q4,1Fam,1
324000.0,1719,1,3.5,15,2.0,1719.0,8,10846,6,0,473.0,1619.0,100.0,1719,1993.0,122,30,0.0,5,IR1,0,120,32.0,27.363846269205577,50140.0,6.05,3.0,2008,5,Q2,TwnhsE,0
145250.0,1383,3,1.5,46,1.0,1383.0,6,11600,7,0,292.0,565.0,818.0,1383,1960.0,0,45,175.0,5,Reg,0,20,80.0,30.85894600589856,48130.0,6.51,2.4,2006,4,Q2,1Fam,0
214500.0,2134,5,2.0,93,2.0,844.0,6,11888,10,689,441.0,0.0,844.0,1445,1930.0,0,60,0.0,6,IR1,0,75,68.0,26.11993393300743,50720.0,5.2,5.6,2009,7,Q3,1Fam,1
78000.0,1192,3,1.0,89,1.0,596.0,5,6402,6,596,189.0,0.0,596.0,596,1920.0,0,0,0.0,5,Reg,0,70,60.0,26.11993393300743,50720.0,5.2,5.6,2009,7,Q3,1Fam,1
119000.0,1728,6,2.5,43,1.0,1728.0,5,10624,10,0,352.0,40.0,1424.0,1728,2002.0,155,0,84.0,4,IR1,0,90,68.0,29.102296283256685,48910.0,6.24,2.6,2007,11,Q4,Duplex,0
139000.0,1056,3,2.0,49,1.0,1056.0,5,8176,6,0,308.0,846.0,210.0,1056,1958.0,0,0,0.0,6,Reg,0,20,70.0,29.102296283256685,48910.0,6.59,3.0,2007,8,Q3,1Fam,1
284000.0,1629,3,3.0,6,3.0,3206.0,8,10655,7,0,880.0,1124.0,1603.0,1629,2003.0,0,0,296.0,5,IR1,0,20,85.0,26.11993393300743,50720.0,4.94,4.4,2009,10,Q4,1Fam,1
207000.0,1358,2,3.0,4,2.0,1358.0,7,8198,6,0,484.0,720.0,638.0,1358,2004.0,192,30,146.0,5,Reg,0,120,59.0,27.363846269205577,50140.0,6.37,3.6,2008,7,Q3,TwnhsE,0
192000.0,1638,3,3.5,10,2.0,943.0,6,9042,7,695,472.0,828.0,115.0,943,1998.0,100,38,0.0,5,IR1,0,60,59.0,27.363846269205577,50140.0,6.37,3.6,2008,7,Q3,1Fam,0
228950.0,1786,3,4.0,43,2.0,1499.0,5,164660,7,167,529.0,1249.0,103.0,1619,1965.0,670,0,0.0,6,IR1,0,190,68.0,27.363846269205577,50140.0,6.494999999999999,3.6,2008,8,Q3,2fmCon,0
377426.0,1922,3,3.0,2,3.0,1922.0,9,14157,8,0,676.0,1249.0,673.0,1922,2005.0,178,51,200.0,5,IR1,0,20,86.0,29.102296283256685,48910.0,6.710000000000001,3.0,2007,7,Q3,1Fam,1
214000.0,1536,3,3.0,6,2.0,1536.0,7,9135,7,0,532.0,810.0,726.0,1536,2002.0,192,74,113.0,5,Reg,0,20,70.0,27.363846269205577,50140.0,5.19,3.8,2008,12,Q4,1Fam,1
202500.0,1621,3,3.0,22,2.0,1208.0,7,14145,8,0,440.0,213.0,995.0,1621,1984.0,108,45,0.0,7,Reg,0,20,91.0,30.85894600589856,48130.0,6.595,2.4,2006,5,Q2,1Fam,1
155000.0,1215,3,1.0,51,1.0,1215.0,6,12400,6,0,297.0,585.0,630.0,1215,1958.0,0,0,176.0,7,IR1,234,20,66.0,26.11993393300743,50720.0,5.4,6.0,2009,6,Q2,1Fam,1
202900.0,1908,4,2.5,8,2.0,967.0,8,14191,9,915,431.0,0.0,967.0,993,2002.0,135,0,0.0,5,Reg,0,60,85.0,25.221608273812684,49020.0,5.07,4.3,2010,4,Q2,1Fam,0
82000.0,841,2,1.0,59,1.0,721.0,4,8400,4,0,294.0,0.0,721.0,841,1950.0,250,0,0.0,4,Reg,0,20,60.0,26.11993393300743,50720.0,5.055,4.7,2009,9,Q3,1Fam,0
87500.0,1040,2,2.0,57,2.0,0.0,3,8544,6,0,400.0,0.0,0.0,1040,1949.0,0,0,340.0,4,Reg,0,90,68.0,30.85894600589856,48130.0,6.595,2.4,2006,5,Q2,Duplex,1
266000.0,1684,2,2.0,3,2.0,1684.0,9,8849,6,0,564.0,28.0,1656.0,1684,2005.0,495,72,616.0,5,IR1,0,120,63.0,27.363846269205577,50140.0,6.37,3.6,2008,7,Q3,TwnhsE,0
85000.0,1112,3,1.5,34,1.0,536.0,5,2592,4,576,336.0,129.0,175.0,536,1976.0,182,0,0.0,3,Reg,0,160,36.0,25.221608273812684,49020.0,5.07,4.3,2010,4,Q2,TwnhsE,0
140200.0,1577,3,1.0,67,1.0,972.0,6,6435,6,605,312.0,0.0,972.0,972,1939.0,0,0,0.0,5,Reg,0,50,65.0,30.85894600589856,48130.0,6.365,2.4,2006,10,Q4,1Fam,1
151500.0,958,2,1.0,47,1.0,958.0,6,12772,5,0,301.0,498.0,460.0,958,1960.0,0,0,0.0,8,IR1,0,20,68.0,29.102296283256685,48910.0,6.17,2.8,2007,4,Q2,1Fam,1
157500.0,1478,3,3.0,49,2.0,1478.0,6,17600,6,0,498.0,1270.0,208.0,1478,1960.0,0,40,30.0,5,IR1,0,20,68.0,26.11993393300743,50720.0,4.94,5.1,2009,12,Q4,1Fam,0
154000.0,1626,2,3.5,5,2.0,764.0,7,2448,6,862,474.0,573.0,191.0,764,2003.0,0,27,106.0,5,Reg,0,160,36.0,27.363846269205577,50140.0,6.1,2.9,2008,10,Q4,Twnhs,1
437154.0,2728,4,3.5,1,3.0,1848.0,9,20431,10,880,706.0,1410.0,438.0,1848,2006.0,0,0,870.0,5,IR2,0,60,56.0,30.85894600589856,48130.0,6.51,2.4,2006,4,Q2,1Fam,1
318061.0,1869,2,2.0,0,2.0,1869.0,9,7820,6,0,617.0,0.0,1869.0,1869,2007.0,210,54,362.0,5,IR1,0,120,68.0,29.102296283256685,48910.0,6.125,3.0,2007,12,Q4,TwnhsE,0
190000.0,1453,2,2.5,20,2.0,1453.0,7,5271,6,0,445.0,1082.0,371.0,1453,1986.0,0,80,0.0,5,IR1,184,120,68.0,30.85894600589856,48130.0,6.125,2.5,2006,12,Q4,1Fam,0
95000.0,1111,3,1.5,67,1.0,616.0,5,9084,5,495,200.0,236.0,0.0,616,1941.0,48,0,0.0,6,Reg,0,50,60.0,27.363846269205577,50140.0,5.95,3.0,2008,3,Q1,1Fam,1
105900.0,720,2,1.0,82,2.0,624.0,6,8520,5,0,484.0,0.0,624.0,720,2005.0,106,0,0.0,8,Reg,0,30,60.0,25.221608273812684,49020.0,4.885,4.3,2010,5,Q2,1Fam,1
140000.0,1595,2,1.0,66,1.0,940.0,6,8400,6,403,240.0,388.0,552.0,1192,1940.0,0,0,0.0,5,Reg,0,50,60.0,30.85894600589856,48130.0,6.67,3.1,2006,6,Q2,1Fam,1
177500.0,1200,3,3.0,12,2.0,1200.0,6,11249,6,0,521.0,334.0,322.0,1200,1995.0,0,26,0.0,5,IR2,0,20,105.0,29.102296283256685,48910.0,6.59,3.0,2007,8,Q3,1Fam,0
173000.0,1167,3,3.0,17,2.0,1158.0,6,9248,6,0,400.0,560.0,598.0,1167,1992.0,120,26,106.0,6,IR1,0,20,68.0,26.11993393300743,50720.0,5.2,5.6,2009,7,Q3,1Fam,0
134000.0,1142,3,2.5,31,2.0,1142.0,5,4224,6,0,528.0,874.0,268.0,1142,1976.0,536,90,0.0,5,Reg,0,120,44.0,29.102296283256685,48910.0,6.59,3.0,2007,8,Q3,TwnhsE,0
130000.0,1352,3,1.5,48,1.0,1062.0,5,6930,6,0,288.0,300.0,468.0,1352,1958.0,168,0,120.0,4,IR1,0,80,92.0,30.85894600589856,48130.0,6.765000000000001,2.8,2006,7,Q3,1Fam,0
280000.0,1924,3,3.5,8,2.0,1086.0,8,12011,7,838,592.0,956.0,130.0,1086,1998.0,208,75,530.0,5,IR1,374,60,78.0,30.85894600589856,48130.0,6.67,3.1,2006,6,Q2,1Fam,0
156000.0,912,2,2.0,29,2.0,888.0,6,7540,5,0,470.0,773.0,115.0,912,1978.0,0,0,0.0,6,IR1,192,85,68.0,29.102296283256685,48910.0,6.68,3.4,2007,6,Q2,1Fam,0
145000.0,1505,3,2.0,68,1.0,883.0,5,9144,8,517,240.0,399.0,484.0,988,1940.0,0,0,0.0,5,Reg,0,50,68.0,27.363846269205577,50140.0,6.37,3.6,2008,7,Q3,1Fam,1
198500.0,1922,4,3.0,6,2.0,0.0,7,7301,7,1427,672.0,0.0,0.0,495,2003.0,0,0,500.0,5,Reg,0,85,64.0,26.11993393300743,50720.0,5.2,5.6,2009,7,Q3,1Fam,0
118000.0,987,2,1.5,37,1.0,483.0,6,1680,5,504,264.0,162.0,321.0,483,1972.0,250,0,510.0,8,Reg,0,160,21.0,26.11993393300743,50720.0,4.85,5.0,2009,5,Q2,Twnhs,1
190000.0,1574,3,3.5,30,2.0,796.0,6,18800,6,784,566.0,712.0,84.0,790,1976.0,306,111,120.0,5,IR1,0,60,68.0,30.85894600589856,48130.0,6.765000000000001,2.8,2006,7,Q3,1Fam,0
147000.0,1344,3,1.0,89,1.0,672.0,5,10690,6,672,468.0,456.0,216.0,672,1964.0,0,128,0.0,7,Reg,0,70,59.0,26.11993393300743,50720.0,5.2,5.6,2009,7,Q3,1Fam,1
159000.0,1394,3,2.5,46,2.0,1394.0,6,9500,6,0,514.0,609.0,785.0,1394,1963.0,0,76,247.0,5,IR1,185,20,68.0,26.11993393300743,50720.0,5.2,5.6,2009,7,Q3,1Fam,0
165000.0,1431,3,1.5,46,1.0,1099.0,6,9150,6,0,296.0,371.0,728.0,1431,1962.0,64,110,305.0,5,IR1,0,80,101.0,27.363846269205577,50140.0,5.19,3.8,2008,12,Q4,1Fam,0
132000.0,1268,2,1.0,56,1.0,1268.0,5,7800,7,0,244.0,540.0,728.0,1268,1954.0,0,98,200.0,6,Reg,0,20,78.0,25.221608273812684,49020.0,4.965,5.2,2010,3,Q1,1Fam,0
162000.0,1287,3,2.0,51,2.0,1063.0,5,9830,7,0,576.0,72.0,733.0,1287,1997.0,364,17,0.0,7,IR1,182,20,68.0,25.221608273812684,49020.0,4.965,5.2,2010,3,Q1,1Fam,1
172400.0,1664,3,2.5,6,2.0,953.0,6,8121,7,711,460.0,0.0,953.0,953,2000.0,100,40,0.0,5,IR1,0,60,68.0,30.85894600589856,48130.0,6.135,3.1,2006,1,Q1,1Fam,0
134432.0,1588,4,2.0,49,2.0,0.0,4,17120,7,468,680.0,0.0,0.0,1120,1991.0,0,59,0.0,4,Reg,0,50,80.0,27.363846269205577,50140.0,6.37,3.6,2008,7,Q3,1Fam,0
125000.0,752,2,2.0,26,1.0,744.0,6,7175,4,0,264.0,623.0,0.0,752,1984.0,353,0,0.0,5,Reg,90,120,50.0,25.221608273812684,49020.0,4.99,5.3,2010,2,Q1,TwnhsE,0
123000.0,1319,3,2.0,56,1.0,608.0,5,10634,5,0,270.0,428.0,0.0,1319,1953.0,66,0,0.0,6,Reg,0,20,79.0,26.11993393300743,50720.0,4.87,4.6,2009,11,Q4,1Fam,0
219500.0,1928,4,2.5,4,2.0,847.0,7,8200,8,1081,434.0,0.0,847.0,847,2003.0,100,48,0.0,5,Reg,0,60,65.0,29.102296283256685,48910.0,6.710000000000001,3.0,2007,7,Q3,1Fam,1
61000.0,904,1,1.5,87,0.0,683.0,1,10020,4,0,0.0,350.0,333.0,904,1979.0,0,0,0.0,1,IR1,0,30,68.0,26.11993393300743,50720.0,5.005000000000001,5.2,2009,3,Q1,1Fam,1
148000.0,914,2,1.0,10,2.0,870.0,5,8846,5,0,576.0,298.0,572.0,914,1998.0,0,0,0.0,5,IR1,0,85,57.0,30.85894600589856,48130.0,6.765000000000001,2.8,2006,7,Q3,1Fam,0
340000.0,2466,4,3.0,3,2.0,1580.0,8,11143,8,886,610.0,0.0,1580.0,1580,2004.0,159,214,0.0,5,IR1,0,60,102.0,29.102296283256685,48910.0,6.125,3.0,2007,12,Q4,1Fam,1
394432.0,1856,1,2.5,0,3.0,1856.0,9,11394,8,0,834.0,1445.0,411.0,1856,2010.0,113,0,350.0,2,Reg,0,20,88.0,25.221608273812684,49020.0,4.734999999999999,5.0,2010,6,Q2,1Fam,0
179000.0,1800,3,2.5,9,2.0,982.0,6,8123,7,793,463.0,0.0,982.0,1007,2000.0,100,63,16.0,5,IR1,0,60,60.0,26.11993393300743,50720.0,5.4,6.0,2009,6,Q2,1Fam,0
127000.0,1691,3,2.0,86,1.0,1026.0,5,5000,6,665,308.0,218.0,808.0,1026,1924.0,0,0,0.0,6,Reg,0,50,50.0,25.221608273812684,49020.0,4.885,4.3,2010,5,Q2,1Fam,1
187750.0,1301,2,3.0,0,2.0,1293.0,7,7200,5,0,572.0,0.0,1293.0,1301,2006.0,216,121,0.0,5,Reg,0,20,60.0,30.85894600589856,48130.0,6.52,2.6,2006,8,Q3,1Fam,0
213500.0,1797,3,2.5,1,2.0,939.0,7,9245,8,858,639.0,0.0,939.0,939,2006.0,144,53,0.0,5,IR1,0,60,79.0,29.102296283256685,48910.0,6.17,2.8,2007,4,Q2,1Fam,0
76000.0,784,2,1.0,81,2.0,784.0,6,9000,5,0,360.0,0.0,784.0,784,1950.0,0,0,0.0,3,Reg,0,45,60.0,26.11993393300743,50720.0,4.94,4.4,2009,10,Q4,1Fam,1
240000.0,1953,3,3.5,15,2.0,1580.0,6,53107,9,874,501.0,985.0,595.0,1079,1992.0,216,231,0.0,5,IR2,0,60,68.0,29.102296283256685,48910.0,6.68,3.4,2007,6,Q2,1Fam,0
192000.0,1269,2,2.0,6,2.0,1256.0,8,3182,6,0,430.0,24.0,1232.0,1269,2004.0,146,20,16.0,5,Reg,144,120,43.0,25.221608273812684,49020.0,5.07,4.3,2010,4,Q2,TwnhsE,1
81000.0,1184,5,1.0,96,0.0,658.0,5,8410,8,526,0.0,0.0,658.0,658,1979.0,0,151,0.0,3,Reg,0,50,58.0,30.85894600589856,48130.0,6.595,2.4,2006,5,Q2,1Fam,1
125000.0,1125,3,2.0,33,1.0,1041.0,6,7200,6,0,352.0,631.0,410.0,1125,1977.0,296,0,255.0,6,Reg,0,80,72.0,26.11993393300743,50720.0,4.94,4.4,2009,10,Q4,1Fam,0
191000.0,1479,3,2.0,9,2.0,1468.0,7,9382,6,0,577.0,0.0,1468.0,1479,1999.0,120,25,125.0,5,IR1,0,20,93.0,27.363846269205577,50140.0,6.37,3.6,2008,7,Q3,1Fam,1
426000.0,2332,3,3.5,1,3.0,1682.0,10,12474,9,590,846.0,1280.0,402.0,1742,2008.0,196,134,272.0,5,Reg,0,60,96.0,27.363846269205577,50140.0,6.494999999999999,3.6,2008,8,Q3,1Fam,1
119000.0,1367,4,2.0,108,1.0,861.0,5,8405,7,406,384.0,241.0,229.0,961,1978.0,0,130,0.0,8,Reg,0,50,50.0,27.363846269205577,50140.0,5.88,2.7,2008,4,Q2,1Fam,1
215000.0,1961,3,3.5,8,2.0,804.0,6,12209,7,1157,560.0,690.0,114.0,804,2001.0,125,192,0.0,5,IR1,0,60,71.0,26.11993393300743,50720.0,5.4,6.0,2009,6,Q2,1Fam,1
106500.0,882,3,1.0,48,1.0,0.0,5,8339,5,0,294.0,0.0,0.0,882,1959.0,0,0,0.0,7,IR1,0,20,68.0,29.102296283256685,48910.0,6.710000000000001,3.0,2007,7,Q3,1Fam,0
100000.0,788,2,1.0,65,0.0,788.0,4,7446,4,0,0.0,266.0,522.0,788,1979.0,0,0,0.0,5,Reg,0,30,68.0,30.85894600589856,48130.0,6.51,2.4,2006,4,Q2,1Fam,1
109000.0,1034,2,1.0,67,1.0,735.0,5,10134,5,299,240.0,0.0,735.0,735,1940.0,0,39,0.0,6,Reg,0,50,60.0,29.102296283256685,48910.0,6.710000000000001,3.0,2007,7,Q3,1Fam,1
129000.0,1144,3,2.0,54,1.0,1144.0,5,9571,6,0,596.0,739.0,405.0,1144,1956.0,44,0,0.0,6,Reg,0,20,68.0,25.221608273812684,49020.0,4.734999999999999,5.0,2010,6,Q2,1Fam,0
123000.0,894,2,1.0,37,2.0,894.0,5,7200,6,0,600.0,777.0,117.0,894,1985.0,215,0,0.0,5,Reg,0,20,60.0,26.11993393300743,50720.0,5.055,4.7,2009,9,Q3,1Fam,0
169500.0,1812,4,2.0,45,1.0,864.0,5,7590,8,936,264.0,540.0,324.0,876,1962.0,0,168,288.0,5,Reg,0,60,69.0,29.102296283256685,48910.0,6.710000000000001,3.0,2007,7,Q3,1Fam,0
67000.0,1077,2,1.0,87,1.0,961.0,5,8967,6,0,338.0,0.0,961.0,1077,1920.0,0,0,0.0,2,Reg,0,30,60.0,29.102296283256685,48910.0,6.24,2.6,2007,11,Q4,1Fam,1
241000.0,1550,2,3.0,3,2.0,1092.0,7,8125,7,438,438.0,812.0,280.0,1112,2007.0,0,168,100.0,5,Reg,0,60,65.0,26.11993393300743,50720.0,4.94,4.4,2009,10,Q4,1Fam,1
245500.0,1288,1,2.5,12,2.0,1260.0,8,14963,4,0,500.0,786.0,474.0,1288,1996.0,120,30,0.0,5,IR2,224,120,38.0,27.363846269205577,50140.0,5.19,3.8,2008,12,Q4,TwnhsE,0
164990.0,1310,3,2.0,1,2.0,1310.0,7,8767,6,0,400.0,24.0,1286.0,1310,2005.0,0,0,0.0,5,IR1,0,20,65.0,30.85894600589856,48130.0,6.765000000000001,2.8,2006,7,Q3,1Fam,0
108000.0,672,2,1.0,68,1.0,672.0,5,10200,4,0,240.0,0.0,672.0,672,1940.0,168,0,0.0,8,Reg,0,30,60.0,27.363846269205577,50140.0,6.494999999999999,3.6,2008,8,Q3,1Fam,1
258000.0,2263,4,2.5,8,2.0,1141.0,8,12090,10,1098,420.0,0.0,1141.0,1165,1998.0,144,123,650.0,5,Reg,0,60,93.0,30.85894600589856,48130.0,6.765000000000001,2.8,2006,7,Q3,1Fam,0
168000.0,1572,3,2.5,12,2.0,806.0,6,10364,7,766,373.0,0.0,806.0,806,1995.0,0,40,0.0,5,IR1,0,60,68.0,29.102296283256685,48910.0,6.21,2.8,2007,5,Q2,1Fam,1
150000.0,1620,3,3.0,33,2.0,1281.0,4,9991,8,0,490.0,1116.0,165.0,1620,1993.0,120,78,0.0,4,IR1,0,20,68.0,26.11993393300743,50720.0,5.4,6.0,2009,6,Q2,1Fam,1
115000.0,1639,3,1.0,72,1.0,1064.0,6,10480,6,0,240.0,0.0,1064.0,1166,1936.0,0,0,0.0,5,Reg,0,50,51.0,27.363846269205577,50140.0,5.95,3.0,2008,3,Q1,1Fam,1
177000.0,1680,4,2.0,93,1.0,840.0,6,15576,8,840,308.0,0.0,840.0,840,1960.0,0,0,0.0,7,Reg,0,70,63.0,27.363846269205577,50140.0,5.95,3.0,2008,3,Q1,1Fam,1
280000.0,2172,3,2.5,1,3.0,1063.0,7,14154,9,1101,947.0,0.0,1063.0,1071,2006.0,192,62,350.0,5,Reg,0,60,109.0,29.102296283256685,48910.0,6.59,3.0,2007,8,Q3,1Fam,0
339750.0,2078,3,3.5,1,3.0,1034.0,8,10800,8,1028,836.0,789.0,245.0,1050,2008.0,0,102,100.0,5,Reg,0,60,85.0,27.363846269205577,50140.0,5.88,2.7,2008,4,Q2,1Fam,1
60000.0,1276,3,1.0,51,1.0,1276.0,5,9571,5,0,350.0,0.0,1276.0,1276,1958.0,0,0,0.0,3,Reg,0,20,68.0,26.11993393300743,50720.0,5.4,6.0,2009,6,Q2,1Fam,0
145000.0,1056,3,2.0,51,2.0,1056.0,5,34650,5,0,572.0,1056.0,0.0,1056,1955.0,264,0,0.0,5,Reg,0,190,100.0,30.85894600589856,48130.0,6.135,3.1,2006,1,Q1,2fmCon,0
222000.0,1478,2,3.5,1,2.0,1470.0,7,4403,7,0,484.0,578.0,892.0,1478,2009.0,0,144,432.0,5,IR2,0,20,68.0,25.221608273812684,49020.0,4.734999999999999,5.0,2010,6,Q2,1Fam,0
115000.0,1028,2,1.0,83,2.0,1008.0,5,8960,5,0,360.0,0.0,1008.0,1028,1927.0,0,0,0.0,6,Reg,0,30,56.0,25.221608273812684,49020.0,4.965,5.2,2010,3,Q1,1Fam,1
228000.0,2097,3,3.0,15,3.0,1080.0,7,11228,9,1017,678.0,50.0,499.0,1080,1993.0,196,187,0.0,5,IR2,0,60,59.0,27.363846269205577,50140.0,5.19,3.8,2008,12,Q4,1Fam,0
181134.0,1340,3,2.0,0,2.0,1340.0,7,8899,6,0,396.0,24.0,1316.0,1340,2007.0,100,30,0.0,5,IR1,0,20,73.0,29.102296283256685,48910.0,6.59,3.0,2007,8,Q3,1Fam,0
149500.0,1400,3,1.5,28,2.0,672.0,6,7844,6,728,440.0,209.0,463.0,672,1978.0,0,0,203.0,7,Reg,0,60,74.0,30.85894600589856,48130.0,6.34,2.7,2006,3,Q1,1Fam,0
239000.0,2624,4,3.5,89,3.0,1370.0,6,22420,10,1254,864.0,1128.0,242.0,1370,1918.0,0,0,0.0,6,IR1,0,70,86.0,29.102296283256685,48910.0,6.24,2.6,2007,11,Q4,1Fam,1
126000.0,1134,3,2.5,67,1.0,756.0,5,8160,7,378,240.0,312.0,444.0,756,1940.0,0,0,0.0,6,Reg,0,50,60.0,29.102296283256685,48910.0,6.17,2.8,2007,4,Q2,1Fam,1
142000.0,1056,3,2.0,42,1.0,1056.0,5,8450,6,0,304.0,775.0,281.0,1056,1968.0,0,85,0.0,6,Reg,0,20,65.0,25.221608273812684,49020.0,4.57,4.7,2010,7,Q3,1Fam,0
206300.0,1344,2,4.0,11,4.0,1344.0,7,7060,8,0,784.0,1309.0,35.0,1344,1997.0,0,0,200.0,5,Reg,0,90,78.0,27.363846269205577,50140.0,6.09,3.1,2008,11,Q4,Duplex,1
215000.0,1602,3,2.5,32,2.0,1602.0,6,16635,8,0,529.0,1246.0,356.0,1602,1977.0,240,0,126.0,7,IR1,0,20,68.0,26.11993393300743,50720.0,5.4,6.0,2009,6,Q2,1Fam,1
113000.0,988,2,1.0,54,2.0,988.0,5,21750,4,0,520.0,0.0,988.0,988,1954.0,0,0,0.0,5,Reg,0,20,100.0,27.363846269205577,50140.0,5.88,3.1,2008,2,Q1,1Fam,0
315000.0,2630,4,3.5,10,3.0,1470.0,8,9200,8,1160,696.0,986.0,484.0,1470,1998.0,0,66,473.0,5,Reg,0,60,80.0,27.363846269205577,50140.0,6.37,3.7,2008,6,Q2,1Fam,0
139000.0,1196,2,2.0,52,1.0,1196.0,6,9000,6,0,297.0,616.0,580.0,1196,1956.0,0,44,74.0,5,Reg,0,20,72.0,27.363846269205577,50140.0,6.05,3.0,2008,5,Q2,1Fam,0
135000.0,1389,3,1.5,63,1.0,651.0,7,3378,6,682,240.0,0.0,651.0,707,1947.0,0,0,0.0,8,Reg,0,60,60.0,26.11993393300743,50720.0,5.055,4.7,2009,9,Q3,1Fam,1
275000.0,1644,2,3.5,20,2.0,1518.0,7,12800,5,0,569.0,1518.0,0.0,1644,1989.0,80,0,145.0,5,Reg,396,80,68.0,26.11993393300743,50720.0,5.18,5.6,2009,8,Q3,1Fam,0
109008.0,907,3,1.0,51,1.0,907.0,4,8593,5,0,352.0,288.0,619.0,907,1964.0,0,0,0.0,6,IR1,0,20,77.0,27.363846269205577,50140.0,6.37,3.6,2008,7,Q3,1Fam,0
195400.0,1208,2,3.0,0,2.0,1208.0,7,6762,6,0,628.0,664.0,544.0,1208,2007.0,105,54,108.0,5,Reg,0,20,64.0,29.102296283256685,48910.0,6.38,2.8,2007,9,Q3,1Fam,0
175000.0,1412,3,3.0,21,2.0,1392.0,6,11457,6,0,576.0,1005.0,387.0,1412,1988.0,0,0,0.0,5,IR1,0,20,130.0,26.11993393300743,50720.0,5.005000000000001,5.2,2009,3,Q1,1Fam,0
85400.0,987,2,1.5,37,1.0,483.0,6,1680,4,504,264.0,387.0,96.0,483,1971.0,0,0,232.0,5,Reg,0,160,21.0,27.363846269205577,50140.0,6.37,3.6,2008,7,Q3,Twnhs,0
79900.0,1198,4,1.0,88,0.0,901.0,6,5586,7,110,0.0,0.0,901.0,1088,1979.0,0,98,0.0,7,IR1,0,50,60.0,27.363846269205577,50140.0,6.01,3.0,2008,9,Q3,1Fam,1
122500.0,1365,2,2.5,36,2.0,765.0,5,1920,6,600,440.0,471.0,294.0,765,1971.0,240,36,376.0,5,Reg,0,160,24.0,29.102296283256685,48910.0,6.59,3.0,2007,8,Q3,TwnhsE,0
181000.0,1604,3,2.5,11,2.0,926.0,6,10839,7,678,470.0,0.0,926.0,926,1997.0,0,36,0.0,5,IR1,0,60,100.0,27.363846269205577,50140.0,6.37,3.6,2008,7,Q3,1Fam,1
81000.0,630,1,2.0,36,0.0,630.0,4,1890,3,0,0.0,495.0,135.0,630,1979.0,88,0,0.0,7,Reg,0,180,21.0,27.363846269205577,50140.0,6.37,3.7,2008,6,Q2,Twnhs,0
212000.0,1661,3,3.5,13,2.0,799.0,7,10667,6,834,550.0,385.0,70.0,827,1996.0,158,61,0.0,6,IR2,0,60,43.0,26.11993393300743,50720.0,4.8,4.9,2009,4,Q2,1Fam,0
116000.0,1118,2,1.0,86,2.0,648.0,6,4400,6,384,440.0,0.0,648.0,734,1990.0,0,0,0.0,8,Reg,0,50,40.0,30.85894600589856,48130.0,6.365,2.4,2006,10,Q4,1Fam,1
119000.0,904,2,1.0,83,1.0,884.0,6,6000,4,0,180.0,0.0,884.0,904,1926.0,0,0,0.0,7,Reg,0,45,50.0,26.11993393300743,50720.0,5.055,5.0,2009,1,Q1,1Fam,1
90350.0,694,2,1.0,94,1.0,440.0,5,4280,4,0,352.0,365.0,75.0,694,1990.0,0,0,0.0,6,Reg,0,30,40.0,29.102296283256685,48910.0,6.16,2.9,2007,3,Q1,1Fam,1
110000.0,1196,3,1.0,89,2.0,684.0,6,12354,7,512,528.0,0.0,684.0,684,2005.0,0,46,0.0,8,Reg,0,50,67.0,26.11993393300743,50720.0,5.18,5.6,2009,8,Q3,1Fam,1
555000.0,2402,2,3.0,1,3.0,3094.0,10,15431,10,0,672.0,1767.0,788.0,2402,2008.0,0,72,200.0,5,Reg,170,20,105.0,26.11993393300743,50720.0,4.8,4.9,2009,4,Q2,1Fam,0
118000.0,1440,4,2.0,53,0.0,1440.0,4,12108,8,0,0.0,133.0,1307.0,1440,1979.0,0,0,270.0,4,Reg,0,90,92.0,27.363846269205577,50140.0,6.01,3.0,2008,9,Q3,Duplex,0
162900.0,1573,3,2.0,78,2.0,1078.0,5,6240,8,445,360.0,0.0,1078.0,1128,1930.0,0,0,0.0,7,Reg,0,50,52.0,27.363846269205577,50140.0,6.37,3.7,2008,6,Q2,1Fam,1
172500.0,1258,2,2.0,1,3.0,1258.0,7,3922,6,0,648.0,0.0,1258.0,1258,2007.0,144,16,72.0,5,Reg,0,120,53.0,29.102296283256685,48910.0,6.68,3.4,2007,6,Q2,TwnhsE,1
210000.0,1908,4,3.5,14,2.0,915.0,7,8750,8,975,493.0,642.0,273.0,933,1994.0,144,133,0.0,5,Reg,0,60,70.0,27.363846269205577,50140.0,6.37,3.6,2008,7,Q3,1Fam,1
127500.0,1689,3,1.0,53,2.0,1436.0,6,9855,7,0,480.0,0.0,1436.0,1689,1956.0,0,0,0.0,5,Reg,0,20,73.0,26.11993393300743,50720.0,4.87,4.6,2009,11,Q4,1Fam,0
190000.0,1888,2,2.5,44,2.0,1517.0,6,16492,6,0,578.0,247.0,557.0,1888,1966.0,0,0,0.0,6,IR1,0,20,137.0,25.221608273812684,49020.0,4.734999999999999,5.0,2010,6,Q2,1Fam,1
199900.0,1886,4,2.5,8,2.0,930.0,7,11214,10,930,431.0,0.0,930.0,956,1998.0,89,0,0.0,5,IR1,0,60,68.0,30.85894600589856,48130.0,6.765000000000001,2.8,2006,7,Q3,1Fam,1
119500.0,1376,3,2.0,69,1.0,780.0,6,8600,7,596,198.0,0.0,780.0,780,1937.0,0,0,0.0,6,Reg,0,50,50.0,30.85894600589856,48130.0,6.67,3.1,2006,6,Q2,1Fam,1
120000.0,1183,2,1.5,59,1.0,649.0,3,6000,6,504,308.0,331.0,318.0,679,1981.0,0,176,0.0,7,Reg,0,50,50.0,29.102296283256685,48910.0,6.68,3.4,2007,6,Q2,1Fam,1
110000.0,813,2,1.0,76,1.0,813.0,6,5684,5,0,270.0,0.0,813.0,813,1932.0,0,113,0.0,8,Reg,0,30,70.0,30.85894600589856,48130.0,6.67,3.1,2006,6,Q2,1Fam,1
280000.0,1533,2,3.0,31,2.0,1533.0,7,70761,5,0,576.0,655.0,878.0,1533,1975.0,200,54,0.0,5,IR1,0,20,62.0,30.85894600589856,48130.0,6.125,2.5,2006,12,Q4,1Fam,0
204000.0,1756,3,3.5,11,2.0,872.0,6,9303,7,868,422.0,742.0,130.0,888,1996.0,144,122,42.0,5,IR1,0,60,68.0,29.102296283256685,48910.0,6.710000000000001,3.0,2007,7,Q3,1Fam,1
210000.0,1590,3,2.5,1,2.0,768.0,8,9000,6,804,676.0,0.0,768.0,786,2008.0,0,30,0.0,5,Reg,0,60,75.0,26.11993393300743,50720.0,5.4,6.0,2009,6,Q2,1Fam,0
188000.0,1728,4,4.0,30,2.0,1728.0,5,9297,8,0,560.0,1606.0,122.0,1728,1976.0,0,0,0.0,5,Reg,0,90,63.0,30.85894600589856,48130.0,6.765000000000001,2.8,2006,7,Q3,Duplex,0
175500.0,1242,3,1.5,34,2.0,1242.0,7,9600,6,0,528.0,916.0,326.0,1242,1973.0,0,0,320.0,6,Reg,0,20,80.0,29.102296283256685,48910.0,6.38,2.8,2007,9,Q3,1Fam,0
98000.0,1344,4,1.0,92,3.0,624.0,5,4571,7,720,513.0,0.0,624.0,624,1916.0,0,0,0.0,5,Reg,0,70,34.0,27.363846269205577,50140.0,6.05,3.0,2008,5,Q2,1Fam,1
256000.0,1663,2,2.0,54,2.0,1364.0,4,53227,6,0,529.0,1116.0,248.0,1663,1954.0,224,137,0.0,6,IR1,0,20,68.0,27.363846269205577,50140.0,5.95,3.0,2008,3,Q1,1Fam,1
161000.0,1666,3,1.0,83,1.0,588.0,8,5100,7,833,228.0,0.0,588.0,833,1925.0,192,63,0.0,7,Reg,0,70,68.0,27.363846269205577,50140.0,6.37,3.7,2008,6,Q2,1Fam,1
110000.0,1203,3,2.0,59,1.0,709.0,5,7015,5,224,352.0,185.0,524.0,979,1950.0,0,0,161.0,4,IR1,0,50,68.0,26.11993393300743,50720.0,5.2,5.6,2009,7,Q3,1Fam,0
263435.0,1935,3,3.5,0,2.0,832.0,8,8004,8,1103,552.0,544.0,288.0,832,2009.0,0,150,110.0,5,IR1,0,60,75.0,26.11993393300743,50720.0,4.94,5.1,2009,12,Q4,1Fam,0
155000.0,1135,3,2.0,73,2.0,560.0,7,7200,6,560,576.0,350.0,0.0,575,1971.0,256,0,0.0,9,Reg,0,70,60.0,26.11993393300743,50720.0,4.8,4.9,2009,4,Q2,1Fam,1
62383.0,864,3,1.0,44,1.0,864.0,5,8281,5,0,360.0,553.0,0.0,864,1965.0,0,0,0.0,5,IR1,0,20,60.0,26.11993393300743,50720.0,4.94,5.1,2009,12,Q4,1Fam,0
188700.0,1660,3,1.5,74,1.0,715.0,6,11988,6,811,240.0,326.0,389.0,849,1939.0,0,0,0.0,7,IR1,0,70,74.0,27.363846269205577,50140.0,6.494999999999999,3.6,2008,8,Q3,1Fam,1
124000.0,1040,3,2.0,31,0.0,1040.0,5,8430,5,0,0.0,616.0,424.0,1040,1979.0,0,0,136.0,5,Reg,0,20,60.0,26.11993393300743,50720.0,5.18,5.6,2009,8,Q3,1Fam,0
178740.0,1414,2,2.0,2,2.0,1375.0,7,3072,6,0,398.0,0.0,1375.0,1414,2004.0,144,20,18.0,5,Reg,0,120,68.0,30.85894600589856,48130.0,6.595,2.4,2006,5,Q2,TwnhsE,0
167000.0,1277,2,2.0,37,2.0,1277.0,7,10628,5,0,526.0,778.0,499.0,1277,1970.0,0,0,0.0,5,Reg,176,20,85.0,29.102296283256685,48910.0,6.17,2.8,2007,4,Q2,1Fam,0
146500.0,1644,3,1.5,65,1.0,728.0,5,9480,7,756,312.0,386.0,342.0,888,1942.0,168,0,224.0,7,Reg,0,70,79.0,29.102296283256685,48910.0,6.68,3.4,2007,6,Q2,1Fam,1
250000.0,1634,3,2.0,1,3.0,1626.0,8,11428,7,0,866.0,0.0,1626.0,1634,2006.0,0,44,248.0,5,IR1,0,20,98.0,29.102296283256685,48910.0,6.21,2.8,2007,5,Q2,1Fam,0
187000.0,1710,3,2.5,15,2.0,832.0,6,9291,7,878,506.0,426.0,406.0,832,1993.0,144,70,120.0,5,IR1,0,60,76.0,27.363846269205577,50140.0,6.37,3.7,2008,6,Q2,1Fam,0
212000.0,1502,1,2.5,25,2.0,1488.0,8,6820,4,0,528.0,368.0,0.0,1502,1985.0,0,54,0.0,5,IR1,140,120,68.0,25.221608273812684,49020.0,4.734999999999999,5.0,2010,6,Q2,TwnhsE,0
190000.0,1969,3,2.5,30,2.0,808.0,7,11952,8,808,534.0,0.0,808.0,1161,1977.0,0,0,0.0,6,Reg,276,60,92.0,29.102296283256685,48910.0,6.24,2.6,2007,11,Q4,1Fam,0
148000.0,1072,2,2.0,3,2.0,547.0,6,3675,5,0,525.0,459.0,88.0,1072,2005.0,0,28,80.0,5,Reg,0,180,35.0,27.363846269205577,50140.0,6.37,3.7,2008,6,Q2,TwnhsE,0
440000.0,1976,2,3.0,1,3.0,1976.0,8,14977,7,0,908.0,1350.0,626.0,1976,2006.0,250,63,304.0,5,IR1,0,20,110.0,29.102296283256685,48910.0,6.710000000000001,3.0,2007,7,Q3,1Fam,1
251000.0,1652,2,3.0,7,2.0,1494.0,8,5330,6,0,499.0,1196.0,298.0,1652,2000.0,96,48,0.0,5,Reg,0,120,41.0,29.102296283256685,48910.0,6.59,3.0,2007,8,Q3,TwnhsE,0
132500.0,970,2,2.0,44,2.0,970.0,5,8480,5,0,624.0,630.0,340.0,970,1996.0,0,24,0.0,6,Reg,192,20,80.0,29.102296283256685,48910.0,6.710000000000001,3.0,2007,7,Q3,1Fam,0
208900.0,1493,3,3.0,11,2.0,1478.0,6,13125,7,0,508.0,994.0,484.0,1493,1997.0,140,39,215.0,5,Reg,0,20,75.0,27.363846269205577,50140.0,5.88,2.7,2008,4,Q2,1Fam,1
380000.0,2643,3,2.5,1,3.0,2153.0,9,13693,9,574,694.0,0.0,2153.0,2069,2006.0,414,84,772.0,5,Reg,0,60,105.0,29.102296283256685,48910.0,6.16,2.9,2007,3,Q1,1Fam,0
297000.0,1718,3,3.0,2,3.0,1705.0,8,10637,7,0,826.0,1288.0,417.0,1718,2007.0,208,44,336.0,5,Reg,0,20,79.0,26.11993393300743,50720.0,5.055,4.7,2009,9,Q3,1Fam,1
89471.0,1131,2,1.0,70,2.0,907.0,4,5925,7,0,672.0,168.0,739.0,1131,1995.0,0,72,435.0,7,Reg,0,30,50.0,29.102296283256685,48910.0,6.16,2.9,2007,3,Q1,1Fam,1
326000.0,1850,3,3.0,2,3.0,1833.0,9,16033,8,0,772.0,1261.0,572.0,1850,2004.0,519,112,378.0,5,IR1,0,20,98.0,30.85894600589856,48130.0,6.34,2.7,2006,3,Q1,1Fam,1
374000.0,1792,2,3.0,3,3.0,1792.0,9,11846,6,0,874.0,1567.0,225.0,1792,2003.0,206,49,562.0,5,IR1,0,20,72.0,30.85894600589856,48130.0,6.52,2.6,2006,8,Q3,1Fam,1
155000.0,1826,4,2.5,94,1.0,910.0,7,2500,7,910,164.0,299.0,611.0,916,1915.0,0,0,0.0,8,Reg,0,70,50.0,26.11993393300743,50720.0,5.4,6.0,2009,6,Q2,1Fam,1
164000.0,1216,2,3.0,8,2.0,1216.0,6,4500,5,0,402.0,897.0,319.0,1216,1998.0,0,125,116.0,5,Reg,0,120,32.0,30.85894600589856,48130.0,6.595,2.4,2006,5,Q2,Twnhs,0
132500.0,999,3,2.0,45,1.0,999.0,5,7758,6,0,264.0,588.0,411.0,999,1963.0,0,132,0.0,7,IR1,0,20,68.0,29.102296283256685,48910.0,6.16,2.9,2007,3,Q1,1Fam,1
147000.0,1113,3,1.0,59,1.0,1113.0,5,9600,5,0,264.0,607.0,506.0,1113,1950.0,0,80,0.0,7,Reg,0,20,80.0,26.11993393300743,50720.0,5.2,5.6,2009,7,Q3,1Fam,1
156000.0,1073,3,2.5,42,2.0,1073.0,5,10289,6,0,515.0,836.0,237.0,1073,1965.0,0,0,168.0,7,Reg,0,20,79.0,29.102296283256685,48910.0,6.68,3.4,2007,6,Q2,1Fam,0
175000.0,1484,3,2.0,36,2.0,1484.0,5,12243,7,0,487.0,998.0,486.0,1484,1971.0,224,0,0.0,6,IR1,180,20,70.0,29.102296283256685,48910.0,6.29,3.0,2007,2,Q1,1Fam,0
160000.0,2414,3,2.0,106,2.0,954.0,5,10800,10,648,520.0,664.0,290.0,1766,1970.0,142,0,0.0,4,Reg,0,190,60.0,30.85894600589856,48130.0,6.595,2.4,2006,5,Q2,2fmCon,1
86000.0,630,1,2.0,39,1.0,630.0,4,1526,3,0,286.0,515.0,115.0,630,1970.0,0,0,0.0,8,Reg,0,180,21.0,26.11993393300743,50720.0,4.85,5.0,2009,5,Q2,Twnhs,1
115000.0,1304,3,1.5,32,1.0,264.0,5,2665,4,688,336.0,0.0,264.0,616,1976.0,141,24,0.0,6,Reg,0,160,68.0,27.363846269205577,50140.0,6.37,3.7,2008,6,Q2,TwnhsE,0
133000.0,1578,3,2.0,65,1.0,806.0,6,9490,5,620,240.0,403.0,238.0,958,1941.0,0,0,0.0,7,Reg,0,50,79.0,30.85894600589856,48130.0,6.52,2.6,2006,8,Q3,1Fam,1
172785.0,1456,3,2.5,0,2.0,728.0,6,15578,8,728,429.0,0.0,728.0,728,2006.0,0,0,0.0,5,IR1,0,60,105.0,30.85894600589856,48130.0,6.595,2.4,2006,5,Q2,1Fam,0
155000.0,1269,3,1.5,48,1.0,1269.0,5,7931,6,0,308.0,374.0,363.0,1269,1964.0,0,0,0.0,6,Reg,0,20,70.0,27.363846269205577,50140.0,6.37,3.7,2008,6,Q2,1Fam,0
91300.0,886,2,1.0,71,1.0,190.0,5,5784,4,0,273.0,0.0,190.0,886,1938.0,144,20,0.0,8,Reg,0,30,50.0,26.11993393300743,50720.0,4.94,5.1,2009,12,Q4,1Fam,1
34900.0,720,2,1.0,89,0.0,720.0,4,7879,4,0,0.0,495.0,225.0,720,1979.0,0,523,0.0,5,Reg,0,30,60.0,26.11993393300743,50720.0,4.87,4.6,2009,11,Q4,1Fam,1
430000.0,3228,4,4.0,15,2.0,3200.0,8,12692,10,0,546.0,1231.0,1969.0,3228,1992.0,264,75,0.0,5,IR1,0,20,68.0,29.102296283256685,48910.0,6.21,2.8,2007,5,Q2,1Fam,1
184000.0,1820,4,3.0,83,1.0,1026.0,7,9120,8,687,240.0,329.0,697.0,1133,1925.0,0,100,0.0,6,Reg,0,50,60.0,27.363846269205577,50140.0,6.37,3.7,2008,6,Q2,1Fam,1
130000.0,899,3,1.0,42,1.0,864.0,5,7800,5,0,288.0,450.0,414.0,899,1967.0,64,0,89.0,7,Reg,0,20,65.0,26.11993393300743,50720.0,5.4,6.0,2009,6,Q2,1Fam,1
120000.0,912,2,1.5,49,1.0,912.0,5,7535,5,0,297.0,111.0,522.0,912,1958.0,12,285,0.0,7,IR1,0,20,70.0,29.102296283256685,48910.0,6.68,3.4,2007,6,Q2,1Fam,1
113000.0,1218,3,1.5,34,1.0,672.0,6,1890,7,546,264.0,356.0,316.0,672,1973.0,144,28,285.0,5,Reg,0,160,21.0,29.102296283256685,48910.0,6.21,2.8,2007,5,Q2,Twnhs,0
226700.0,1768,3,2.5,3,2.0,866.0,7,9803,7,902,603.0,400.0,466.0,866,2005.0,0,108,0.0,5,Reg,0,60,75.0,27.363846269205577,50140.0,5.88,3.1,2008,2,Q1,1Fam,0
140000.0,1214,2,2.0,42,2.0,1214.0,5,9170,6,0,461.0,698.0,420.0,1214,1965.0,0,0,0.0,7,Reg,0,20,70.0,29.102296283256685,48910.0,6.17,2.8,2007,4,Q2,1Fam,0
289000.0,1801,1,3.0,51,2.0,1501.0,7,15602,6,0,484.0,1247.0,254.0,1801,1959.0,0,54,0.0,8,IR1,161,20,100.0,25.221608273812684,49020.0,4.965,5.2,2010,3,Q1,1Fam,1
147000.0,1322,3,3.0,35,2.0,855.0,6,2308,6,467,440.0,257.0,103.0,855,1974.0,260,0,0.0,5,Reg,0,160,24.0,26.11993393300743,50720.0,5.4,6.0,2009,6,Q2,TwnhsE,0
124500.0,1960,4,2.0,57,2.0,960.0,5,7596,10,1000,400.0,0.0,960.0,960,1952.0,0,0,360.0,5,Reg,0,90,60.0,26.11993393300743,50720.0,5.2,5.6,2009,7,Q3,Duplex,0
215000.0,1911,3,2.5,13,2.0,777.0,8,9554,8,846,471.0,380.0,397.0,1065,1993.0,182,81,125.0,5,IR1,0,60,80.0,30.85894600589856,48130.0,6.415,2.6,2006,9,Q3,1Fam,1
208300.0,1218,2,2.0,0,2.0,1218.0,6,7862,4,0,676.0,27.0,1191.0,1218,2009.0,0,102,0.0,5,IR1,0,20,75.0,26.11993393300743,50720.0,5.055,4.7,2009,9,Q3,1Fam,0
161000.0,1378,3,2.0,80,2.0,689.0,7,9600,7,689,360.0,141.0,548.0,689,1928.0,0,0,0.0,9,Reg,0,70,60.0,27.363846269205577,50140.0,6.1,2.9,2008,10,Q4,1Fam,1
124500.0,1041,3,2.0,50,1.0,1041.0,5,9600,6,0,270.0,991.0,50.0,1041,1959.0,224,88,132.0,6,Reg,0,20,80.0,26.11993393300743,50720.0,5.2,5.6,2009,7,Q3,1Fam,0
164900.0,1363,2,2.0,58,1.0,1008.0,5,14559,6,0,288.0,650.0,178.0,1363,1951.0,324,42,70.0,7,Reg,168,20,75.0,26.11993393300743,50720.0,5.4,6.0,2009,6,Q2,1Fam,1
202665.0,1368,2,2.0,1,2.0,1368.0,7,6792,6,0,474.0,0.0,1368.0,1368,2005.0,132,35,94.0,5,IR1,0,120,40.0,30.85894600589856,48130.0,6.34,2.7,2006,3,Q1,TwnhsE,1
129900.0,864,3,2.0,48,2.0,864.0,5,9100,5,0,624.0,521.0,169.0,864,1964.0,0,0,0.0,5,Reg,0,20,70.0,30.85894600589856,48130.0,6.765000000000001,2.8,2006,7,Q3,1Fam,0
134000.0,1080,3,1.5,24,2.0,1084.0,6,9187,5,0,484.0,336.0,748.0,1080,1983.0,120,0,0.0,5,Reg,0,20,71.0,29.102296283256685,48910.0,6.68,3.4,2007,6,Q2,1Fam,0
96500.0,789,2,1.0,81,1.0,768.0,5,10594,5,0,200.0,0.0,768.0,789,1926.0,0,0,0.0,5,Reg,0,45,55.0,29.102296283256685,48910.0,6.68,3.4,2007,6,Q2,1Fam,1
402861.0,2020,3,3.5,0,3.0,2006.0,10,12220,9,0,900.0,1436.0,570.0,2020,2009.0,156,54,305.0,5,Reg,0,20,94.0,26.11993393300743,50720.0,5.055,4.7,2009,9,Q3,1Fam,0
158000.0,2119,3,2.5,37,2.0,689.0,6,10448,7,741,583.0,0.0,689.0,1378,1972.0,0,104,333.0,6,IR1,0,80,68.0,26.11993393300743,50720.0,5.18,5.6,2009,8,Q3,1Fam,0
265000.0,2344,3,2.5,13,3.0,1264.0,7,10208,7,1067,889.0,0.0,1264.0,1277,1996.0,220,0,921.0,5,IR1,0,60,79.0,26.11993393300743,50720.0,5.2,5.6,2009,7,Q3,1Fam,1
211000.0,1796,3,3.5,9,2.0,794.0,6,9531,7,914,546.0,706.0,88.0,882,1998.0,0,36,0.0,5,IR1,0,60,68.0,29.102296283256685,48910.0,6.21,2.8,2007,5,Q2,1Fam,0
234000.0,2080,3,1.5,83,1.0,1276.0,7,10918,9,804,282.0,0.0,1276.0,1276,1926.0,0,0,0.0,9,Reg,145,70,53.0,26.11993393300743,50720.0,5.4,6.0,2009,6,Q2,1Fam,1
106250.0,1294,3,2.0,108,0.0,0.0,4,10800,7,600,0.0,0.0,0.0,694,1979.0,220,114,0.0,7,Reg,0,190,60.0,27.363846269205577,50140.0,6.494999999999999,3.6,2008,8,Q3,2fmCon,1
150000.0,1244,3,1.5,50,1.0,1244.0,6,11988,6,0,336.0,777.0,467.0,1244,1957.0,0,40,0.0,6,IR1,0,20,90.0,29.102296283256685,48910.0,6.21,2.8,2007,5,Q2,1Fam,0
159000.0,1664,3,2.0,59,2.0,1004.0,6,5000,7,660,420.0,399.0,605.0,1004,1950.0,0,24,0.0,7,Reg,0,50,50.0,30.85894600589856,48130.0,6.365,2.4,2006,10,Q4,1Fam,1
184750.0,4676,3,4.5,0,3.0,3138.0,10,40094,11,1538,884.0,2260.0,878.0,3138,2007.0,208,406,762.0,5,IR1,0,60,130.0,29.102296283256685,48910.0,6.385,2.6,2007,10,Q4,1Fam,1
315750.0,2398,3,3.5,11,3.0,1379.0,7,11787,8,1015,834.0,719.0,660.0,1383,1996.0,239,60,594.0,5,IR1,0,60,95.0,29.102296283256685,48910.0,6.59,3.0,2007,8,Q3,1Fam,1
176000.0,1266,3,2.0,1,2.0,1257.0,7,7500,6,0,453.0,0.0,1257.0,1266,2005.0,38,144,0.0,5,Reg,0,20,62.0,30.85894600589856,48130.0,6.51,2.4,2006,4,Q2,1Fam,0
132000.0,928,2,1.0,51,1.0,928.0,5,13300,4,0,252.0,377.0,551.0,928,1956.0,261,0,0.0,7,Reg,0,20,70.0,29.102296283256685,48910.0,6.68,3.4,2007,6,Q2,1Fam,1
446261.0,2713,3,3.5,0,3.0,1452.0,9,14948,11,1237,858.0,1330.0,122.0,1476,2008.0,126,66,268.0,5,IR1,0,60,67.0,27.363846269205577,50140.0,6.09,3.1,2008,11,Q4,1Fam,0
86000.0,605,2,2.0,87,0.0,528.0,4,9098,5,0,0.0,348.0,180.0,605,1979.0,0,0,0.0,7,IR1,0,30,58.0,29.102296283256685,48910.0,6.710000000000001,3.0,2007,7,Q3,1Fam,1
200624.0,2515,4,4.0,50,2.0,2035.0,6,32668,9,0,484.0,1219.0,816.0,2515,1975.0,0,0,0.0,3,IR1,0,20,68.0,29.102296283256685,48910.0,6.16,2.9,2007,3,Q1,1Fam,1
175000.0,1509,3,3.0,20,2.0,1461.0,6,10200,5,0,600.0,783.0,678.0,1509,1988.0,224,0,219.0,5,Reg,0,80,85.0,27.363846269205577,50140.0,6.494999999999999,3.6,2008,8,Q3,1Fam,1
128000.0,1362,3,2.0,88,2.0,611.0,6,6155,6,611,502.0,0.0,611.0,751,1920.0,0,0,0.0,8,IR1,0,70,60.0,27.363846269205577,50140.0,6.37,3.7,2008,6,Q2,1Fam,1
107500.0,827,2,1.0,55,1.0,0.0,5,7200,5,0,392.0,0.0,0.0,827,1967.0,0,0,0.0,7,Reg,0,20,60.0,25.221608273812684,49020.0,5.07,4.3,2010,4,Q2,1Fam,1
39300.0,334,1,1.0,61,0.0,0.0,1,5000,2,0,0.0,0.0,0.0,334,1979.0,0,0,0.0,3,Reg,0,20,50.0,29.102296283256685,48910.0,6.220000000000001,3.0,2007,1,Q1,1Fam,1
178000.0,1414,3,2.5,2,2.0,707.0,8,9056,6,707,403.0,0.0,707.0,707,2004.0,100,35,0.0,5,IR1,0,60,74.0,30.85894600589856,48130.0,6.365,2.4,2006,10,Q4,1Fam,0
107500.0,1347,3,2.0,98,0.0,1117.0,5,7000,5,527,0.0,969.0,148.0,820,1979.0,85,0,0.0,7,Reg,0,190,70.0,27.363846269205577,50140.0,5.69,3.3,2008,1,Q1,2fmCon,1
188000.0,1724,3,2.5,10,2.0,880.0,7,8924,8,844,527.0,0.0,880.0,880,1998.0,120,155,0.0,5,IR1,0,60,57.0,27.363846269205577,50140.0,6.37,3.6,2008,7,Q3,1Fam,1
111250.0,864,3,1.0,36,2.0,864.0,4,12735,5,0,576.0,600.0,264.0,864,1980.0,216,0,0.0,5,IR1,0,20,68.0,27.363846269205577,50140.0,5.88,2.7,2008,4,Q2,1Fam,0
158000.0,1159,3,1.5,38,1.0,1051.0,5,11553,7,0,336.0,673.0,378.0,1159,1968.0,466,0,188.0,5,IR1,0,20,68.0,30.85894600589856,48130.0,6.765000000000001,2.8,2006,7,Q3,1Fam,0
272000.0,1601,3,3.0,9,2.0,1581.0,8,11423,6,0,670.0,1358.0,223.0,1601,2001.0,180,0,479.0,5,Reg,0,20,68.0,25.221608273812684,49020.0,4.885,4.3,2010,5,Q2,1Fam,1
315000.0,1838,2,3.0,3,3.0,1838.0,9,14601,8,0,765.0,1260.0,578.0,1838,2006.0,270,68,584.0,5,Reg,0,20,85.0,26.11993393300743,50720.0,5.005000000000001,5.2,2009,3,Q1,1Fam,0
248000.0,2285,4,2.5,7,3.0,969.0,8,11000,8,1288,648.0,0.0,969.0,997,2000.0,0,56,72.0,5,Reg,0,60,68.0,29.102296283256685,48910.0,6.68,3.4,2007,6,Q2,1Fam,0
213250.0,1680,3,3.0,11,2.0,1650.0,7,10140,7,0,583.0,144.0,379.0,1680,1998.0,78,73,0.0,5,Reg,0,20,78.0,26.11993393300743,50720.0,5.4,6.0,2009,6,Q2,1Fam,1
133000.0,767,1,2.0,9,1.0,723.0,7,4058,4,0,367.0,584.0,0.0,767,1998.0,120,40,182.0,5,Reg,0,120,34.0,29.102296283256685,48910.0,6.68,3.4,2007,6,Q2,TwnhsE,0
179665.0,1496,3,3.5,0,2.0,654.0,7,17104,7,832,426.0,554.0,100.0,664,2006.0,100,24,0.0,5,IR1,0,60,58.0,30.85894600589856,48130.0,6.415,2.6,2006,9,Q3,1Fam,0
229000.0,2183,4,2.5,18,3.0,1204.0,7,13837,9,806,786.0,1002.0,0.0,1377,1988.0,0,0,178.0,5,IR1,0,50,68.0,30.85894600589856,48130.0,6.25,3.0,2006,2,Q1,1Fam,0
210000.0,1635,3,1.5,84,2.0,1065.0,6,8737,6,720,440.0,300.0,765.0,915,1950.0,0,38,0.0,7,IR1,0,50,70.0,29.102296283256685,48910.0,6.21,2.8,2007,5,Q2,1Fam,1
129500.0,768,2,2.0,37,2.0,768.0,5,7244,5,0,624.0,619.0,149.0,768,1987.0,104,0,0.0,7,Reg,0,85,54.0,29.102296283256685,48910.0,6.17,2.8,2007,4,Q2,1Fam,0
125000.0,825,2,2.0,53,2.0,825.0,5,8235,4,0,720.0,180.0,0.0,825,1963.0,140,50,0.0,7,IR1,0,20,49.0,27.363846269205577,50140.0,6.37,3.7,2008,6,Q2,1Fam,1
263000.0,2094,4,2.5,6,2.0,912.0,7,9375,8,1182,615.0,0.0,912.0,912,2003.0,182,182,0.0,5,Reg,0,60,75.0,26.11993393300743,50720.0,4.87,4.6,2009,11,Q4,1Fam,1
140000.0,1069,2,2.0,31,2.0,1069.0,6,4043,4,0,440.0,559.0,510.0,1069,1977.0,0,55,0.0,6,Reg,200,120,53.0,27.363846269205577,50140.0,6.1,2.9,2008,10,Q4,TwnhsE,0
112500.0,928,3,1.0,51,1.0,928.0,5,6000,5,0,288.0,308.0,620.0,928,1957.0,0,0,0.0,6,Reg,0,20,50.0,27.363846269205577,50140.0,6.37,3.7,2008,6,Q2,1Fam,0
255500.0,1717,3,2.0,3,3.0,1709.0,8,11146,7,0,908.0,0.0,1709.0,1717,2006.0,169,39,250.0,5,IR1,0,20,87.0,26.11993393300743,50720.0,5.2,5.6,2009,7,Q3,1Fam,0
108000.0,1126,2,2.0,60,2.0,0.0,4,8777,5,0,520.0,0.0,0.0,1126,2002.0,0,96,0.0,5,Reg,0,20,67.0,26.11993393300743,50720.0,4.85,5.0,2009,5,Q2,1Fam,1
284000.0,2046,3,3.5,5,3.0,998.0,7,10625,8,1040,871.0,866.0,132.0,1006,2003.0,320,62,292.0,5,Reg,0,60,85.0,27.363846269205577,50140.0,6.494999999999999,3.6,2008,8,Q3,1Fam,1
113000.0,1048,2,1.0,84,1.0,993.0,5,6380,5,0,280.0,0.0,993.0,1048,1922.0,0,0,0.0,6,Reg,0,45,58.0,30.85894600589856,48130.0,6.52,2.6,2006,8,Q3,1Fam,1
141000.0,1092,2,2.0,49,1.0,1092.0,5,14850,6,0,299.0,895.0,197.0,1092,1957.0,268,0,0.0,5,IR1,122,20,69.0,30.85894600589856,48130.0,6.595,2.4,2006,5,Q2,1Fam,0
108000.0,1336,3,1.5,86,1.0,637.0,4,11040,7,439,570.0,637.0,0.0,897,1994.0,0,47,0.0,6,Reg,0,50,60.0,30.85894600589856,48130.0,6.415,2.6,2006,9,Q3,1Fam,1
175000.0,1446,3,3.0,12,2.0,729.0,7,21872,6,717,406.0,604.0,125.0,729,1996.0,264,22,0.0,5,IR2,0,60,57.0,27.363846269205577,50140.0,6.494999999999999,3.6,2008,8,Q3,1Fam,1
234000.0,1557,2,2.0,3,2.0,1374.0,7,3196,7,0,420.0,0.0,1374.0,1557,2003.0,143,20,18.0,5,Reg,0,120,68.0,30.85894600589856,48130.0,6.365,2.4,2006,10,Q4,TwnhsE,1
121500.0,1392,3,2.5,53,2.0,1392.0,5,11341,5,0,528.0,1302.0,90.0,1392,1957.0,0,0,180.0,6,IR1,95,20,68.0,25.221608273812684,49020.0,4.885,4.3,2010,5,Q2,1Fam,1
170000.0,1389,2,2.0,32,2.0,1389.0,5,10010,6,0,418.0,1071.0,195.0,1389,1975.0,240,38,0.0,5,Reg,0,20,77.0,30.85894600589856,48130.0,6.51,2.4,2006,4,Q2,1Fam,1
108000.0,996,3,2.0,68,0.0,996.0,5,13907,6,0,0.0,290.0,706.0,996,1979.0,144,0,0.0,6,Reg,0,30,63.0,27.363846269205577,50140.0,6.37,3.6,2008,7,Q3,1Fam,1
185000.0,1674,4,2.0,90,2.0,1163.0,6,21780,8,511,396.0,0.0,1163.0,1163,1955.0,72,36,0.0,7,Reg,144,50,66.0,27.363846269205577,50140.0,6.37,3.6,2008,7,Q3,1Fam,1
268000.0,2295,4,3.5,14,2.0,1095.0,7,13346,9,1129,590.0,728.0,367.0,1166,1992.0,0,40,0.0,5,IR1,0,60,68.0,30.85894600589856,48130.0,6.765000000000001,2.8,2006,7,Q3,1Fam,1
128000.0,1647,4,2.5,95,1.0,806.0,6,6858,6,806,216.0,0.0,806.0,841,1920.0,0,66,0.0,4,Reg,0,70,66.0,25.221608273812684,49020.0,4.885,4.3,2010,5,Q2,1Fam,1
325000.0,2504,4,2.5,3,3.0,1122.0,9,11198,11,1370,656.0,0.0,1122.0,1134,2005.0,144,39,245.0,5,IR1,0,60,77.0,27.363846269205577,50140.0,6.37,3.7,2008,6,Q2,1Fam,1
214000.0,1535,3,2.0,6,2.0,1517.0,7,10171,7,0,532.0,2.0,1515.0,1535,2004.0,0,0,168.0,5,IR1,0,20,70.0,25.221608273812684,49020.0,4.965,5.2,2010,3,Q1,1Fam,0
316600.0,2132,1,2.5,26,2.0,1496.0,8,12327,5,636,612.0,1441.0,55.0,1496,1983.0,349,40,0.0,8,IR1,0,50,79.0,26.11993393300743,50720.0,5.055,4.7,2009,9,Q3,1Fam,1
135960.0,943,2,2.0,27,2.0,943.0,5,7032,4,0,600.0,943.0,0.0,943,1979.0,42,0,0.0,5,IR1,0,90,68.0,30.85894600589856,48130.0,6.125,2.5,2006,12,Q4,Duplex,0
142600.0,1728,6,2.0,43,2.0,1728.0,5,13101,10,0,576.0,231.0,1497.0,1728,1987.0,0,0,108.0,5,IR1,0,90,74.0,27.363846269205577,50140.0,6.09,3.1,2008,11,Q4,Duplex,0
120000.0,864,2,2.0,47,1.0,864.0,6,7332,4,0,288.0,414.0,450.0,864,1959.0,168,0,207.0,6,Reg,0,20,60.0,30.85894600589856,48130.0,6.365,2.4,2006,10,Q4,1Fam,0
224500.0,1692,3,2.5,0,2.0,846.0,7,13159,6,846,650.0,0.0,846.0,846,2009.0,208,114,0.0,5,IR1,0,60,83.0,26.11993393300743,50720.0,5.2,5.6,2009,7,Q3,1Fam,0
170000.0,1430,3,2.5,7,2.0,384.0,7,9967,8,656,400.0,0.0,384.0,774,2000.0,100,0,0.0,5,IR1,0,80,76.0,29.102296283256685,48910.0,6.125,3.0,2007,12,Q4,1Fam,0
139000.0,1109,3,1.5,36,1.0,372.0,5,10500,5,533,288.0,349.0,23.0,576,1971.0,35,0,82.0,7,Reg,0,80,70.0,29.102296283256685,48910.0,6.125,3.0,2007,12,Q4,1Fam,1
118500.0,1216,2,1.0,61,1.0,832.0,5,8480,6,384,336.0,442.0,390.0,832,1947.0,158,0,0.0,5,Reg,0,50,80.0,27.363846269205577,50140.0,6.1,2.9,2008,10,Q4,1Fam,1
145000.0,1477,3,2.5,81,1.0,861.0,7,6292,6,600,216.0,0.0,861.0,877,1928.0,0,50,0.0,7,Reg,0,50,52.0,26.11993393300743,50720.0,5.18,5.6,2009,8,Q3,1Fam,1
164500.0,1320,3,2.0,40,2.0,1164.0,5,11777,6,0,564.0,328.0,285.0,1320,1966.0,160,68,97.0,6,IR1,0,80,96.0,30.85894600589856,48130.0,6.595,2.4,2006,5,Q2,1Fam,0
146000.0,1392,2,2.0,1,2.0,689.0,7,3604,5,689,540.0,0.0,689.0,703,2007.0,0,102,0.0,5,Reg,0,160,34.0,27.363846269205577,50140.0,5.88,3.1,2008,2,Q1,TwnhsE,0
131500.0,1795,4,2.0,54,1.0,1050.0,5,12150,7,745,352.0,0.0,1050.0,1050,1954.0,0,0,335.0,5,Reg,0,50,81.0,27.363846269205577,50140.0,6.09,3.1,2008,11,Q4,1Fam,0
181900.0,1429,3,1.5,47,2.0,1144.0,6,14585,7,0,572.0,594.0,331.0,1429,1960.0,216,110,85.0,6,IR1,0,20,68.0,29.102296283256685,48910.0,6.68,3.4,2007,6,Q2,1Fam,1
253293.0,2042,3,2.5,1,3.0,2042.0,8,12704,8,0,1390.0,0.0,2042.0,2042,2009.0,0,90,306.0,5,Reg,0,20,98.0,26.11993393300743,50720.0,5.18,5.6,2009,8,Q3,1Fam,1
118500.0,816,3,2.0,17,0.0,816.0,6,11841,5,0,0.0,816.0,0.0,816,1979.0,0,32,104.0,5,Reg,0,90,81.0,29.102296283256685,48910.0,6.21,2.8,2007,5,Q2,Duplex,0
325000.0,2775,3,3.5,115,2.0,1237.0,10,13500,9,1254,880.0,0.0,1237.0,1521,1988.0,105,502,0.0,9,Reg,0,75,75.0,27.363846269205577,50140.0,6.37,3.6,2008,7,Q3,1Fam,1
133000.0,1573,3,1.0,74,1.0,884.0,4,6120,6,584,240.0,0.0,884.0,989,1935.0,0,0,0.0,7,Reg,120,50,51.0,26.11993393300743,50720.0,5.2,5.6,2009,7,Q3,1Fam,1
369900.0,2028,2,3.0,1,3.0,1868.0,8,11443,7,0,880.0,1460.0,408.0,2028,2005.0,326,66,208.0,5,Reg,0,20,88.0,30.85894600589856,48130.0,6.34,2.7,2006,3,Q1,1Fam,1
130000.0,838,2,2.0,90,1.0,816.0,6,10267,5,0,275.0,210.0,0.0,838,1961.0,0,0,0.0,7,Reg,0,30,55.0,27.363846269205577,50140.0,6.05,3.0,2008,5,Q2,1Fam,1
137000.0,860,2,2.0,27,2.0,840.0,5,8740,4,0,528.0,672.0,168.0,860,1996.0,0,0,0.0,6,IR1,0,85,74.0,26.11993393300743,50720.0,5.2,5.6,2009,7,Q3,1Fam,0
143000.0,1473,1,3.0,41,1.0,1437.0,5,25095,5,0,452.0,1324.0,113.0,1473,1968.0,0,48,0.0,8,IR1,60,20,65.0,26.11993393300743,50720.0,5.4,6.0,2009,6,Q2,1Fam,1
79500.0,935,2,1.0,78,1.0,742.0,5,9100,4,0,308.0,0.0,742.0,779,1988.0,0,0,0.0,6,Reg,0,40,50.0,27.363846269205577,50140.0,6.494999999999999,3.6,2008,8,Q3,1Fam,1
185900.0,1582,3,2.5,4,2.0,770.0,7,8320,6,812,520.0,490.0,280.0,770,2004.0,0,45,0.0,5,Reg,0,60,64.0,27.363846269205577,50140.0,6.01,3.0,2008,9,Q3,1Fam,0
451950.0,2296,3,3.5,1,3.0,1722.0,10,13478,10,568,842.0,1338.0,384.0,1728,2008.0,382,274,420.0,5,IR1,0,60,97.0,26.11993393300743,50720.0,5.4,6.0,2009,6,Q2,1Fam,0
138000.0,816,2,2.0,26,2.0,816.0,5,6600,4,0,816.0,816.0,0.0,816,1985.0,0,0,0.0,8,Reg,0,20,60.0,27.363846269205577,50140.0,6.37,3.7,2008,6,Q2,1Fam,1
140000.0,848,1,2.0,6,2.0,848.0,6,4435,4,0,420.0,685.0,163.0,848,2003.0,140,0,170.0,5,Reg,0,120,68.0,26.11993393300743,50720.0,4.85,5.0,2009,5,Q2,TwnhsE,0
110000.0,924,3,1.0,33,1.0,924.0,5,7990,5,0,280.0,0.0,924.0,924,1981.0,0,0,0.0,6,IR1,0,20,88.0,27.363846269205577,50140.0,5.88,2.7,2008,4,Q2,1Fam,0
319000.0,1826,3,3.0,1,3.0,1814.0,8,11302,7,0,758.0,1422.0,392.0,1826,2005.0,180,75,238.0,5,IR1,120,20,69.0,30.85894600589856,48130.0,6.52,2.6,2006,8,Q3,1Fam,1
114504.0,1368,3,1.0,96,1.0,684.0,6,3600,7,684,216.0,0.0,684.0,684,1930.0,0,158,0.0,7,Reg,0,70,60.0,30.85894600589856,48130.0,6.365,2.4,2006,10,Q4,1Fam,1
194201.0,1402,2,2.0,1,3.0,1258.0,7,3922,7,0,648.0,0.0,1258.0,1402,2006.0,120,16,72.0,5,Reg,0,120,53.0,29.102296283256685,48910.0,6.29,3.0,2007,2,Q1,TwnhsE,1
217500.0,1647,3,3.0,29,2.0,1430.0,5,12984,7,0,621.0,1283.0,0.0,1647,1977.0,0,0,459.0,6,Reg,0,20,80.0,30.85894600589856,48130.0,6.34,2.7,2006,3,Q1,1Fam,0
151000.0,1556,3,3.5,28,2.0,716.0,6,1950,6,840,452.0,81.0,23.0,716,1980.0,161,0,0.0,6,Reg,0,160,24.0,27.363846269205577,50140.0,6.37,3.6,2008,7,Q3,Twnhs,0
275000.0,1904,3,3.5,1,2.0,1058.0,8,10927,8,846,736.0,546.0,512.0,1058,2003.0,179,60,280.0,5,Reg,0,60,74.0,30.85894600589856,48130.0,6.67,3.1,2006,6,Q2,1Fam,0
141000.0,1375,3,1.5,70,1.0,780.0,6,9000,6,595,544.0,0.0,780.0,780,1979.0,0,162,0.0,6,Reg,126,50,50.0,29.102296283256685,48910.0,6.125,3.0,2007,12,Q4,1Fam,1
220000.0,1915,3,3.5,14,2.0,908.0,8,10041,8,988,506.0,789.0,119.0,927,1992.0,120,150,0.0,5,IR1,0,60,80.0,30.85894600589856,48130.0,6.25,3.0,2006,2,Q1,1Fam,0
151000.0,1200,2,2.5,6,2.0,600.0,7,3182,4,600,480.0,0.0,600.0,600,2004.0,0,172,0.0,5,Reg,0,160,30.0,25.221608273812684,49020.0,4.734999999999999,5.0,2010,6,Q2,TwnhsE,1
221000.0,1494,3,3.0,6,2.0,1494.0,7,12803,6,0,530.0,922.0,572.0,1494,2002.0,192,36,99.0,5,IR1,0,20,88.0,27.363846269205577,50140.0,6.01,3.0,2008,9,Q3,1Fam,0
205000.0,1986,3,2.5,44,2.0,768.0,7,13600,7,800,486.0,454.0,314.0,1186,1965.0,0,42,176.0,6,Reg,189,60,85.0,26.11993393300743,50720.0,4.94,4.4,2009,10,Q4,1Fam,1
152000.0,1040,3,2.0,13,2.0,1040.0,5,12464,6,0,576.0,732.0,308.0,1040,2000.0,168,0,0.0,5,IR2,0,20,82.0,26.11993393300743,50720.0,4.87,4.6,2009,11,Q4,1Fam,0
225000.0,2008,3,4.0,58,1.0,896.0,5,7800,8,896,230.0,603.0,293.0,1112,1948.0,103,0,0.0,8,Reg,0,20,78.0,30.85894600589856,48130.0,6.52,2.6,2006,8,Q3,1Fam,1
359100.0,3194,4,2.5,73,2.0,965.0,8,12168,10,1254,380.0,428.0,537.0,1940,1934.0,0,0,0.0,6,Reg,0,70,78.0,29.102296283256685,48910.0,6.38,2.8,2007,9,Q3,1Fam,1
118500.0,1029,3,2.0,46,1.0,1029.0,4,7943,5,0,261.0,903.0,126.0,1029,1961.0,64,0,192.0,5,Reg,0,20,61.0,29.102296283256685,48910.0,6.17,2.8,2007,4,Q2,1Fam,0
313000.0,2153,3,3.5,9,3.0,1440.0,9,11050,8,677,736.0,904.0,536.0,1476,2000.0,253,142,204.0,5,Reg,0,60,68.0,26.11993393300743,50720.0,4.85,5.0,2009,5,Q2,1Fam,0
148000.0,1032,3,2.5,29,2.0,1032.0,6,10395,6,0,564.0,605.0,427.0,1032,1978.0,0,0,233.0,6,IR1,0,80,68.0,29.102296283256685,48910.0,6.710000000000001,3.0,2007,7,Q3,1Fam,0
261500.0,1872,3,3.5,8,2.0,1299.0,8,11885,7,573,531.0,990.0,309.0,1299,2001.0,160,122,108.0,5,Reg,0,60,68.0,26.11993393300743,50720.0,4.87,4.6,2009,11,Q4,1Fam,0
147000.0,1120,3,1.0,0,0.0,1120.0,5,8402,6,0,0.0,206.0,914.0,1120,1979.0,0,30,0.0,5,Reg,0,20,70.0,29.102296283256685,48910.0,6.125,3.0,2007,12,Q4,1Fam,0
75500.0,630,1,2.0,38,0.0,630.0,4,1491,3,0,0.0,150.0,0.0,630,1979.0,96,24,0.0,6,Reg,0,180,21.0,25.221608273812684,49020.0,4.885,4.3,2010,5,Q2,TwnhsE,0
137500.0,1054,3,2.0,47,2.0,936.0,6,8800,6,0,480.0,763.0,173.0,1054,1963.0,120,0,156.0,7,Reg,0,85,80.0,25.221608273812684,49020.0,4.885,4.3,2010,5,Q2,1Fam,0
183200.0,1509,3,3.5,4,2.0,783.0,6,7861,7,702,393.0,457.0,326.0,807,2002.0,100,75,0.0,5,IR1,0,60,68.0,30.85894600589856,48130.0,6.67,3.1,2006,6,Q2,1Fam,1
105500.0,832,2,1.0,54,2.0,832.0,6,7227,4,0,528.0,0.0,832.0,832,1962.0,0,0,0.0,6,Reg,0,45,59.0,27.363846269205577,50140.0,6.37,3.7,2008,6,Q2,1Fam,0
314813.0,1828,3,2.0,0,3.0,1822.0,9,11694,9,0,774.0,48.0,1774.0,1828,2007.0,0,108,452.0,5,Reg,260,20,90.0,29.102296283256685,48910.0,6.710000000000001,3.0,2007,7,Q3,1Fam,0
305000.0,2262,4,3.5,5,3.0,1482.0,8,12244,10,780,749.0,871.0,611.0,1482,2003.0,168,0,226.0,5,Reg,0,60,85.0,27.363846269205577,50140.0,6.494999999999999,3.6,2008,8,Q3,1Fam,0
67000.0,864,2,2.0,94,0.0,864.0,3,8248,5,0,0.0,41.0,823.0,864,1979.0,0,0,0.0,3,Reg,0,30,45.0,27.363846269205577,50140.0,6.01,3.0,2008,9,Q3,1Fam,1
240000.0,2614,4,2.5,34,2.0,1522.0,6,10800,9,1066,624.0,956.0,384.0,1548,1974.0,38,243,0.0,7,Reg,0,60,90.0,27.363846269205577,50140.0,6.37,3.7,2008,6,Q2,1Fam,1
135000.0,980,3,1.0,32,2.0,980.0,5,7064,6,0,484.0,560.0,420.0,980,1986.0,192,0,153.0,6,Reg,0,20,71.0,26.11993393300743,50720.0,5.2,5.6,2009,7,Q3,1Fam,0
168500.0,1512,2,2.5,7,2.0,756.0,6,2117,4,756,440.0,420.0,336.0,756,2000.0,0,32,513.0,5,Reg,0,160,68.0,29.102296283256685,48910.0,6.68,3.4,2007,6,Q2,TwnhsE,0
165150.0,1790,4,3.0,34,2.0,732.0,6,10400,8,778,484.0,247.0,485.0,1012,1972.0,148,0,288.0,5,Reg,147,60,80.0,30.85894600589856,48130.0,6.24,2.4,2006,11,Q4,1Fam,0
160000.0,1116,3,1.5,48,2.0,1116.0,6,10000,5,0,440.0,0.0,1116.0,1116,1962.0,0,0,261.0,6,IR1,385,20,87.0,25.221608273812684,49020.0,4.99,5.3,2010,2,Q1,1Fam,0
139900.0,1422,3,1.0,47,1.0,978.0,5,12342,6,0,286.0,0.0,978.0,1422,1960.0,0,0,0.0,5,IR1,0,20,68.0,29.102296283256685,48910.0,6.59,3.0,2007,8,Q3,1Fam,1
153000.0,1520,3,2.0,55,1.0,1156.0,6,9600,7,0,364.0,674.0,350.0,1520,1955.0,0,0,164.0,6,Reg,0,80,80.0,25.221608273812684,49020.0,4.965,5.2,2010,3,Q1,1Fam,1
135000.0,2080,5,2.5,38,2.0,1040.0,5,11606,9,1040,504.0,650.0,390.0,1040,1969.0,335,0,192.0,5,IR1,0,60,70.0,29.102296283256685,48910.0,6.38,2.8,2007,9,Q3,1Fam,0
168500.0,1350,3,2.5,44,2.0,1248.0,6,9020,6,0,520.0,624.0,288.0,1350,1964.0,176,0,259.0,5,Reg,0,80,82.0,27.363846269205577,50140.0,6.37,3.7,2008,6,Q2,1Fam,0
124000.0,1750,3,1.0,126,1.0,636.0,5,9000,8,661,240.0,0.0,636.0,1089,1937.0,0,0,0.0,6,Reg,0,70,50.0,30.85894600589856,48130.0,6.67,3.1,2006,6,Q2,1Fam,1
209500.0,1554,2,2.0,1,2.0,1554.0,8,4590,6,0,627.0,24.0,1530.0,1554,2006.0,156,73,108.0,5,Reg,0,120,34.0,29.102296283256685,48910.0,6.59,3.0,2007,8,Q3,Twnhs,0
82500.0,1411,3,2.0,32,2.0,1386.0,7,11900,6,0,544.0,822.0,564.0,1411,1977.0,192,0,209.0,5,Reg,0,20,85.0,26.11993393300743,50720.0,4.8,4.9,2009,4,Q2,1Fam,0
139400.0,1056,3,1.5,53,1.0,1056.0,5,9250,6,0,260.0,480.0,108.0,1056,1954.0,390,0,0.0,7,Reg,0,20,80.0,29.102296283256685,48910.0,6.710000000000001,3.0,2007,7,Q3,1Fam,1
144000.0,1056,0,2.0,30,2.0,1056.0,6,6979,4,0,576.0,1056.0,0.0,1056,1980.0,264,56,0.0,5,Reg,0,90,64.0,25.221608273812684,49020.0,4.734999999999999,5.0,2010,6,Q2,Duplex,0
200000.0,3395,8,2.0,93,0.0,1440.0,6,10896,14,1440,0.0,256.0,1184.0,1440,1979.0,0,110,0.0,7,Reg,0,190,60.0,29.102296283256685,48910.0,6.16,2.9,2007,3,Q1,2fmCon,1
60000.0,800,1,1.0,73,0.0,264.0,2,6120,4,0,0.0,0.0,264.0,800,1979.0,0,0,0.0,3,Reg,0,30,51.0,26.11993393300743,50720.0,5.055,5.0,2009,1,Q1,1Fam,1
93000.0,1387,3,2.0,55,1.0,811.0,5,6000,7,576,256.0,0.0,811.0,811,1954.0,0,0,0.0,4,Reg,0,190,50.0,26.11993393300743,50720.0,4.87,4.6,2009,11,Q4,2fmCon,0
85000.0,796,2,1.0,98,0.0,796.0,5,8777,4,0,0.0,0.0,796.0,796,1979.0,328,0,0.0,7,Reg,0,30,67.0,27.363846269205577,50140.0,6.05,3.0,2008,5,Q2,1Fam,1
264561.0,1567,1,3.0,0,3.0,1520.0,8,3982,7,0,648.0,1154.0,366.0,1567,2006.0,312,0,0.0,5,Reg,0,120,53.0,30.85894600589856,48130.0,6.365,2.4,2006,10,Q4,TwnhsE,0
274000.0,1518,1,1.5,5,2.0,1518.0,8,12677,6,0,588.0,1218.0,300.0,1518,2003.0,185,140,472.0,5,IR1,0,120,62.0,27.363846269205577,50140.0,5.88,2.7,2008,4,Q2,TwnhsE,1
226000.0,1929,3,3.5,6,2.0,1057.0,7,7050,7,872,650.0,738.0,319.0,1057,2001.0,0,235,0.0,5,Reg,0,60,68.0,29.102296283256685,48910.0,6.21,2.8,2007,5,Q2,1Fam,0
345000.0,2704,4,3.5,37,2.0,1952.0,8,13860,9,704,538.0,1410.0,542.0,2000,1972.0,269,111,0.0,7,Reg,0,80,75.0,26.11993393300743,50720.0,5.2,5.6,2009,7,Q3,1Fam,1
152000.0,1620,4,2.5,38,2.0,780.0,5,10793,7,840,462.0,493.0,0.0,780,1969.0,208,0,263.0,5,Reg,0,60,80.0,29.102296283256685,48910.0,6.17,2.8,2007,4,Q2,1Fam,0
370878.0,1766,2,3.5,0,3.0,1766.0,9,9187,7,0,478.0,1121.0,645.0,1766,2009.0,195,130,162.0,5,Reg,0,20,85.0,26.11993393300743,50720.0,4.94,4.4,2009,10,Q4,1Fam,0
143250.0,981,3,2.5,36,2.0,981.0,6,10530,5,0,576.0,282.0,664.0,981,1979.0,0,312,0.0,5,IR1,0,20,68.0,29.102296283256685,48910.0,6.16,2.9,2007,3,Q1,1Fam,0
98300.0,1048,3,1.0,58,2.0,0.0,5,7200,7,0,420.0,0.0,0.0,1048,1950.0,0,27,0.0,5,Reg,0,20,60.0,27.363846269205577,50140.0,6.37,3.6,2008,7,Q3,1Fam,0
155000.0,1094,3,1.0,55,2.0,1094.0,6,10452,5,0,495.0,500.0,594.0,1094,1953.0,0,0,216.0,5,IR1,287,20,85.0,27.363846269205577,50140.0,6.37,3.7,2008,6,Q2,1Fam,0
155000.0,1839,4,1.5,44,2.0,756.0,6,7700,7,788,442.0,0.0,756.0,1051,1966.0,0,124,351.0,5,Reg,0,60,70.0,25.221608273812684,49020.0,4.734999999999999,5.0,2010,6,Q2,1Fam,0
84500.0,630,1,2.0,37,0.0,630.0,4,1936,3,0,0.0,131.0,0.0,630,1979.0,0,0,0.0,6,Reg,0,180,21.0,29.102296283256685,48910.0,6.125,3.0,2007,12,Q4,Twnhs,0
205950.0,1665,3,2.5,1,2.0,813.0,7,8125,7,843,562.0,0.0,813.0,822,2007.0,0,0,0.0,6,Reg,0,60,65.0,27.363846269205577,50140.0,6.05,3.0,2008,5,Q2,1Fam,0
108000.0,1510,4,2.0,69,1.0,755.0,4,9084,7,755,296.0,0.0,755.0,755,1940.0,120,0,0.0,5,Reg,0,70,60.0,26.11993393300743,50720.0,4.94,4.4,2009,10,Q4,1Fam,1
191000.0,1716,2,2.5,13,2.0,880.0,7,8750,7,807,512.0,0.0,880.0,909,1996.0,0,120,0.0,5,Reg,0,60,70.0,26.11993393300743,50720.0,5.2,5.6,2009,7,Q3,1Fam,0
135000.0,1469,3,1.0,102,1.0,756.0,6,10320,7,713,216.0,0.0,756.0,756,1906.0,57,0,0.0,7,Reg,0,50,60.0,27.363846269205577,50140.0,6.37,3.7,2008,6,Q2,1Fam,1
350000.0,2113,2,3.5,13,3.0,2109.0,8,10437,7,0,839.0,1696.0,413.0,2113,1995.0,236,46,660.0,6,IR1,0,20,91.0,27.363846269205577,50140.0,6.494999999999999,3.6,2008,8,Q3,1Fam,0
88000.0,1092,3,1.5,39,1.0,525.0,6,1680,6,567,264.0,0.0,525.0,525,1971.0,0,0,381.0,5,Reg,0,160,21.0,25.221608273812684,49020.0,4.965,5.2,2010,3,Q1,Twnhs,0
145500.0,1053,3,2.5,49,1.0,1053.0,5,10007,5,0,312.0,806.0,247.0,1053,1959.0,0,0,54.0,7,IR1,0,20,72.0,27.363846269205577,50140.0,6.494999999999999,3.6,2008,8,Q3,1Fam,1
149000.0,1502,3,1.5,77,1.0,776.0,7,7200,6,651,270.0,0.0,776.0,851,1931.0,0,0,0.0,6,Reg,0,70,60.0,27.363846269205577,50140.0,5.88,3.1,2008,2,Q1,1Fam,1
97500.0,1458,3,1.5,62,1.0,912.0,6,17503,6,546,330.0,0.0,912.0,912,1948.0,192,0,0.0,5,Reg,0,50,78.0,25.221608273812684,49020.0,5.025,5.5,2010,1,Q1,1Fam,1
167000.0,1486,3,2.0,45,2.0,1486.0,5,9937,7,0,480.0,637.0,849.0,1486,1968.0,0,0,0.0,7,Reg,0,20,75.0,26.11993393300743,50720.0,5.005000000000001,5.2,2009,3,Q1,1Fam,1
197900.0,1935,3,2.5,31,2.0,793.0,7,12384,7,793,550.0,0.0,793.0,1142,1976.0,0,113,233.0,7,Reg,0,60,68.0,29.102296283256685,48910.0,6.24,2.6,2007,11,Q4,1Fam,0
402000.0,2448,4,3.5,15,3.0,1629.0,8,46589,8,762,711.0,1361.0,88.0,1686,1994.0,517,76,528.0,7,IR2,0,60,52.0,26.11993393300743,50720.0,5.2,5.6,2009,7,Q3,1Fam,1
110000.0,1392,2,2.0,41,2.0,1392.0,6,13560,5,0,576.0,0.0,1392.0,1392,1968.0,0,0,216.0,3,Reg,0,20,120.0,26.11993393300743,50720.0,5.2,5.6,2009,7,Q3,1Fam,0
137500.0,1181,3,3.0,36,2.0,1138.0,4,10012,6,0,588.0,920.0,38.0,1181,1974.0,0,0,0.0,5,Reg,0,85,90.0,27.363846269205577,50140.0,5.88,2.7,2008,4,Q2,1Fam,0
423000.0,2097,1,2.5,1,3.0,2077.0,8,20896,8,0,1134.0,1721.0,356.0,2097,2005.0,192,267,0.0,5,IR2,0,20,49.0,30.85894600589856,48130.0,6.135,3.1,2006,1,Q1,1Fam,1
230500.0,1936,3,2.5,6,2.0,1406.0,8,11194,7,482,504.0,0.0,1406.0,1454,2000.0,188,124,40.0,5,IR1,0,60,106.0,30.85894600589856,48130.0,6.24,2.4,2006,11,Q4,1Fam,0
129000.0,2380,3,2.5,42,2.0,1021.0,6,18450,7,915,596.0,187.0,111.0,1465,1965.0,0,265,113.0,5,IR1,0,60,68.0,29.102296283256685,48910.0,6.59,3.0,2007,8,Q3,1Fam,1
193500.0,1679,3,3.0,14,2.0,1408.0,6,8125,7,0,575.0,1138.0,270.0,1679,1994.0,224,42,258.0,5,Reg,0,20,65.0,27.363846269205577,50140.0,6.1,2.9,2008,10,Q4,1Fam,1
168000.0,1437,3,2.5,50,2.0,1188.0,5,14175,6,0,576.0,988.0,200.0,1437,1999.0,304,0,0.0,6,Reg,0,20,68.0,30.85894600589856,48130.0,6.24,2.4,2006,11,Q4,1Fam,1
137500.0,1180,2,1.0,84,1.0,700.0,4,11600,5,0,252.0,0.0,700.0,1180,1922.0,0,0,0.0,5,Reg,0,30,80.0,30.85894600589856,48130.0,6.765000000000001,2.8,2006,7,Q3,1Fam,1
173500.0,1476,3,3.5,4,2.0,738.0,6,8633,7,738,540.0,193.0,545.0,738,2005.0,100,35,0.0,5,Reg,0,60,64.0,26.11993393300743,50720.0,5.115,5.1,2009,2,Q1,1Fam,0
103600.0,1369,3,3.0,84,1.0,672.0,6,6629,6,672,300.0,551.0,121.0,697,1930.0,147,0,0.0,6,Reg,0,70,54.0,26.11993393300743,50720.0,5.2,5.6,2009,7,Q3,1Fam,1
165000.0,1208,3,2.5,29,2.0,1208.0,6,11250,6,0,546.0,767.0,441.0,1208,1977.0,198,42,0.0,6,IR1,0,20,68.0,30.85894600589856,48130.0,6.67,3.1,2006,6,Q2,1Fam,0
257500.0,1839,3,3.0,50,2.0,1477.0,6,14442,7,0,416.0,1186.0,291.0,1839,1957.0,0,87,106.0,7,Reg,200,20,110.0,29.102296283256685,48910.0,6.68,3.4,2007,6,Q2,1Fam,1
140000.0,1136,3,2.0,43,1.0,1136.0,6,9200,5,0,384.0,892.0,244.0,1136,1965.0,426,0,0.0,6,Reg,0,20,80.0,27.363846269205577,50140.0,6.37,3.6,2008,7,Q3,1Fam,0
148500.0,1441,3,2.5,31,2.0,855.0,6,2289,7,586,440.0,311.0,544.0,855,1978.0,28,0,0.0,6,Reg,0,160,24.0,26.11993393300743,50720.0,4.8,4.9,2009,4,Q2,Twnhs,0
87000.0,1774,4,3.0,106,3.0,1095.0,4,9600,8,679,779.0,0.0,1095.0,1095,1920.0,0,0,0.0,2,Reg,0,70,60.0,30.85894600589856,48130.0,6.595,2.4,2006,5,Q2,1Fam,1
109500.0,792,2,1.0,85,1.0,768.0,5,9022,5,0,240.0,0.0,768.0,792,1924.0,316,0,0.0,8,Reg,0,30,52.0,26.11993393300743,50720.0,4.85,5.0,2009,5,Q2,1Fam,1
372500.0,2046,3,2.5,1,3.0,2046.0,8,11844,7,0,834.0,0.0,2046.0,2046,2008.0,322,82,464.0,5,IR1,0,20,80.0,26.11993393300743,50720.0,5.2,5.6,2009,7,Q3,1Fam,0
128500.0,988,3,2.0,46,2.0,988.0,5,9945,5,0,572.0,827.0,161.0,988,1963.0,0,0,57.0,5,IR1,0,20,68.0,29.102296283256685,48910.0,6.385,2.6,2007,10,Q4,1Fam,0
143000.0,923,2,2.0,30,1.0,923.0,6,8012,5,0,264.0,543.0,261.0,923,1980.0,80,0,0.0,5,Reg,0,120,50.0,25.221608273812684,49020.0,4.885,4.3,2010,5,Q2,TwnhsE,0
159434.0,1520,3,1.0,77,1.0,793.0,5,4500,6,672,281.0,182.0,611.0,848,1968.0,0,0,0.0,5,IR2,0,50,55.0,26.11993393300743,50720.0,5.2,5.6,2009,7,Q3,1Fam,1
173000.0,1291,2,2.0,12,2.0,1291.0,6,2887,6,0,431.0,1003.0,288.0,1291,1996.0,307,0,0.0,5,Reg,0,120,68.0,27.363846269205577,50140.0,6.09,3.1,2008,11,Q4,1Fam,1
285000.0,1668,3,3.0,5,3.0,1626.0,9,11248,7,0,702.0,1059.0,567.0,1668,2002.0,257,45,215.0,5,IR1,0,20,90.0,29.102296283256685,48910.0,6.710000000000001,3.0,2007,7,Q3,1Fam,0
221000.0,1839,4,2.5,12,2.0,1195.0,7,16770,7,644,486.0,0.0,1195.0,1195,1998.0,0,81,30.0,5,IR2,0,60,58.0,25.221608273812684,49020.0,4.734999999999999,5.0,2010,6,Q2,1Fam,0
207500.0,2090,3,3.0,23,2.0,1190.0,7,5062,6,900,577.0,828.0,180.0,1190,1984.0,219,0,0.0,5,IR1,0,160,68.0,29.102296283256685,48910.0,6.38,2.8,2007,9,Q3,TwnhsE,0
227875.0,1761,3,3.0,0,2.0,874.0,7,10207,7,887,578.0,0.0,874.0,874,2007.0,144,105,0.0,6,Reg,0,60,84.0,29.102296283256685,48910.0,6.59,3.0,2007,8,Q3,1Fam,0
148800.0,1102,2,2.5,3,2.0,551.0,7,5105,4,551,480.0,239.0,312.0,551,2004.0,0,60,0.0,5,IR2,0,160,68.0,29.102296283256685,48910.0,6.16,2.9,2007,3,Q1,TwnhsE,0
392000.0,1419,2,3.0,0,2.0,1419.0,8,8089,7,0,567.0,945.0,474.0,1419,2007.0,140,0,0.0,6,Reg,0,20,60.0,29.102296283256685,48910.0,6.385,2.6,2007,10,Q4,1Fam,0
194700.0,1362,2,2.0,2,2.0,1362.0,6,7577,6,0,460.0,20.0,1342.0,1362,2005.0,192,28,256.0,5,IR1,0,120,61.0,29.102296283256685,48910.0,6.68,3.4,2007,6,Q2,TwnhsE,1
141000.0,848,1,2.0,4,2.0,848.0,6,4426,3,0,420.0,697.0,151.0,848,2004.0,149,0,147.0,5,Reg,0,120,68.0,27.363846269205577,50140.0,6.05,3.0,2008,5,Q2,TwnhsE,0
755000.0,4316,4,4.0,13,3.0,2444.0,10,21535,10,1872,832.0,1455.0,989.0,2444,1994.0,382,50,1170.0,6,IR1,0,60,104.0,29.102296283256685,48910.0,6.220000000000001,3.0,2007,1,Q1,1Fam,1
335000.0,2519,4,3.5,17,2.0,1210.0,7,26178,9,1281,628.0,965.0,245.0,1238,1989.0,320,27,293.0,5,IR1,0,60,42.0,30.85894600589856,48130.0,6.51,2.4,2006,4,Q2,1Fam,1
108480.0,1073,2,1.0,85,1.0,1073.0,5,5400,4,0,326.0,0.0,1073.0,1073,1968.0,0,0,0.0,6,Reg,0,30,60.0,30.85894600589856,48130.0,6.125,2.5,2006,12,Q4,1Fam,1
141500.0,1539,3,1.5,73,2.0,927.0,5,6120,5,472,576.0,0.0,927.0,1067,1995.0,112,0,0.0,6,Reg,0,50,51.0,26.11993393300743,50720.0,4.8,4.9,2009,4,Q2,1Fam,1
176000.0,1137,2,3.0,19,2.0,1112.0,6,13811,5,0,551.0,980.0,92.0,1137,1987.0,125,0,72.0,6,IR1,0,20,54.0,30.85894600589856,48130.0,6.765000000000001,2.8,2006,7,Q3,1Fam,0
89000.0,616,2,1.0,85,1.0,616.0,5,6000,4,0,205.0,616.0,0.0,616,1921.0,0,0,0.0,7,Reg,0,30,50.0,30.85894600589856,48130.0,6.67,3.1,2006,6,Q2,1Fam,1
123500.0,1148,2,1.5,54,1.0,980.0,5,6420,6,0,308.0,210.0,219.0,1148,1952.0,0,0,0.0,7,IR1,0,20,57.0,30.85894600589856,48130.0,6.415,2.6,2006,9,Q3,1Fam,0
138500.0,894,3,2.0,45,1.0,894.0,5,8450,5,0,336.0,553.0,224.0,894,1973.0,416,144,0.0,8,Reg,0,20,65.0,25.221608273812684,49020.0,5.07,4.3,2010,4,Q2,1Fam,1
196000.0,1391,2,2.0,4,2.0,1391.0,7,4282,5,0,530.0,16.0,1375.0,1391,2004.0,156,158,0.0,5,IR2,0,120,59.0,27.363846269205577,50140.0,6.37,3.6,2008,7,Q3,TwnhsE,0
312500.0,1800,3,3.0,4,3.0,1800.0,8,14331,7,0,765.0,1274.0,526.0,1800,2002.0,270,78,630.0,5,Reg,0,20,85.0,30.85894600589856,48130.0,6.595,2.4,2006,5,Q2,1Fam,0
140000.0,1164,3,1.5,37,2.0,1164.0,7,9600,6,0,528.0,0.0,1164.0,1164,1969.0,0,0,168.0,5,Reg,0,20,80.0,30.85894600589856,48130.0,6.765000000000001,2.8,2006,7,Q3,1Fam,0
361919.0,2576,4,2.5,0,3.0,1234.0,8,12438,10,1312,666.0,0.0,1234.0,1264,2006.0,324,100,466.0,5,IR1,0,60,82.0,30.85894600589856,48130.0,6.765000000000001,2.8,2006,7,Q3,1Fam,0
140000.0,1812,4,2.0,110,2.0,360.0,5,7630,8,780,672.0,0.0,360.0,1032,1999.0,344,0,0.0,9,Reg,0,190,76.0,25.221608273812684,49020.0,4.885,4.3,2010,5,Q2,2fmCon,1
213000.0,1484,3,3.0,6,2.0,1473.0,7,8400,7,0,606.0,712.0,761.0,1484,2004.0,0,35,109.0,5,Reg,0,20,70.0,25.221608273812684,49020.0,4.885,4.3,2010,5,Q2,1Fam,1
55000.0,1092,3,2.0,80,0.0,0.0,4,5600,7,720,0.0,0.0,0.0,372,1979.0,0,0,0.0,5,Reg,0,190,70.0,25.221608273812684,49020.0,4.57,4.7,2010,7,Q3,2fmCon,1
302000.0,1824,2,3.0,36,2.0,1643.0,7,115149,5,0,739.0,1219.0,424.0,1824,1971.0,380,48,351.0,5,IR2,0,20,68.0,29.102296283256685,48910.0,6.68,3.4,2007,6,Q2,1Fam,1
254000.0,1324,2,3.0,3,2.0,1324.0,8,6240,6,0,550.0,863.0,461.0,1324,2006.0,192,38,176.0,5,Reg,0,120,48.0,26.11993393300743,50720.0,4.94,5.1,2009,12,Q4,TwnhsE,0
179540.0,1456,3,2.5,0,2.0,728.0,7,9018,8,728,400.0,0.0,728.0,728,2007.0,100,24,0.0,5,IR1,0,60,65.0,29.102296283256685,48910.0,6.710000000000001,3.0,2007,7,Q3,1Fam,0
109900.0,904,3,1.0,42,1.0,876.0,5,7162,6,0,408.0,0.0,876.0,904,1966.0,0,0,41.0,7,IR1,0,20,68.0,27.363846269205577,50140.0,5.19,3.8,2008,12,Q4,1Fam,0
52000.0,729,2,1.0,73,0.0,270.0,3,4130,5,0,0.0,0.0,270.0,729,1979.0,0,0,0.0,6,IR1,0,30,56.0,27.363846269205577,50140.0,6.37,3.6,2008,7,Q3,1Fam,1
102776.0,1178,2,1.0,110,1.0,859.0,4,8712,7,319,384.0,0.0,859.0,859,1964.0,68,0,0.0,7,Reg,0,50,66.0,25.221608273812684,49020.0,5.025,5.5,2010,1,Q1,1Fam,1
189000.0,1228,2,3.0,20,2.0,1228.0,8,4671,5,0,472.0,767.0,461.0,1228,1988.0,168,120,0.0,5,IR1,0,120,40.0,27.363846269205577,50140.0,6.1,2.9,2008,10,Q4,TwnhsE,1
129000.0,960,3,2.0,36,2.0,960.0,4,9873,6,0,576.0,789.0,171.0,960,1970.0,0,288,160.0,5,Reg,0,190,60.0,30.85894600589856,48130.0,6.595,2.4,2006,5,Q2,2fmCon,0
130500.0,1479,3,2.5,34,2.0,725.0,6,13517,6,754,475.0,533.0,192.0,725,1976.0,0,44,289.0,8,IR1,0,60,68.0,25.221608273812684,49020.0,4.965,5.2,2010,3,Q1,1Fam,1
165000.0,1350,3,2.0,35,2.0,1064.0,6,10140,7,0,478.0,0.0,1064.0,1350,1974.0,0,0,174.0,5,Reg,0,20,78.0,26.11993393300743,50720.0,5.18,5.6,2009,8,Q3,1Fam,0
159500.0,2554,3,1.5,117,2.0,718.0,7,10800,8,978,704.0,0.0,718.0,1576,1996.0,0,48,0.0,8,Reg,0,70,60.0,29.102296283256685,48910.0,6.710000000000001,3.0,2007,7,Q3,1Fam,1
157000.0,1178,3,2.0,35,2.0,1176.0,5,10000,5,0,439.0,1084.0,92.0,1178,1973.0,224,0,0.0,6,Reg,0,20,80.0,27.363846269205577,50140.0,6.09,3.1,2008,11,Q4,1Fam,1
341000.0,2418,3,3.5,15,3.0,1311.0,7,10542,9,1093,983.0,1173.0,138.0,1325,1993.0,250,154,651.0,5,Reg,0,60,96.0,27.363846269205577,50140.0,6.494999999999999,3.6,2008,8,Q3,1Fam,1
128500.0,971,3,1.5,37,1.0,971.0,5,9920,5,0,300.0,523.0,448.0,971,1969.0,0,0,0.0,6,IR1,0,20,69.0,30.85894600589856,48130.0,6.595,2.4,2006,5,Q2,1Fam,0
275000.0,1742,2,3.0,21,2.0,1742.0,8,6563,5,0,564.0,1148.0,594.0,1742,1985.0,114,28,0.0,5,IR1,0,120,68.0,30.85894600589856,48130.0,6.125,2.5,2006,12,Q4,1Fam,0
143000.0,848,1,2.0,6,2.0,848.0,6,4426,3,0,420.0,662.0,186.0,848,2004.0,160,0,169.0,5,Reg,0,120,68.0,25.221608273812684,49020.0,4.885,4.3,2010,5,Q2,TwnhsE,0
124500.0,864,3,1.0,39,2.0,864.0,4,8120,5,0,463.0,191.0,673.0,864,1994.0,0,0,0.0,7,Reg,0,20,70.0,26.11993393300743,50720.0,5.2,5.6,2009,7,Q3,1Fam,0
135000.0,1470,4,2.0,54,1.0,941.0,4,8172,7,473,548.0,0.0,941.0,997,1958.0,0,0,0.0,6,Reg,156,50,60.0,27.363846269205577,50140.0,6.05,3.0,2008,5,Q2,1Fam,1
320000.0,1698,3,3.0,2,3.0,1698.0,9,13286,8,0,768.0,1234.0,464.0,1698,2007.0,327,64,340.0,5,IR1,0,20,86.0,26.11993393300743,50720.0,5.115,5.1,2009,2,Q1,1Fam,1
120500.0,864,3,1.0,39,2.0,864.0,4,6960,5,0,660.0,375.0,250.0,864,1989.0,96,0,0.0,6,Reg,0,20,60.0,26.11993393300743,50720.0,4.87,4.6,2009,11,Q4,1Fam,0
222000.0,1680,3,3.0,21,2.0,880.0,6,21695,5,0,540.0,808.0,72.0,1680,1988.0,292,44,260.0,9,IR1,0,20,68.0,26.11993393300743,50720.0,4.94,5.1,2009,12,Q4,1Fam,1
194500.0,1232,2,3.0,2,2.0,1232.0,7,7314,6,0,632.0,724.0,508.0,1232,2007.0,132,0,82.0,5,Reg,0,20,64.0,26.11993393300743,50720.0,5.115,5.1,2009,2,Q1,1Fam,0
110000.0,1776,4,3.0,51,3.0,1584.0,5,11475,9,0,888.0,0.0,1584.0,1776,1968.0,0,25,95.0,5,Reg,0,90,85.0,26.11993393300743,50720.0,5.2,5.6,2009,7,Q3,Duplex,0
103000.0,1208,2,1.0,84,2.0,780.0,4,6240,5,0,539.0,152.0,628.0,848,1962.0,0,23,0.0,5,Reg,0,30,52.0,26.11993393300743,50720.0,5.055,5.0,2009,1,Q1,1Fam,1
236500.0,1616,2,3.0,15,2.0,1595.0,8,5389,5,0,608.0,1180.0,415.0,1616,1995.0,237,152,0.0,5,IR1,0,120,39.0,25.221608273812684,49020.0,4.965,5.2,2010,3,Q1,TwnhsE,1
187500.0,1146,3,3.0,4,2.0,868.0,7,9590,6,0,438.0,786.0,82.0,1146,2003.0,160,22,442.0,5,IR1,0,80,73.0,29.102296283256685,48910.0,6.21,2.8,2007,5,Q2,1Fam,0
222500.0,2031,3,2.5,10,2.0,1153.0,7,11404,8,878,541.0,252.0,901.0,1153,1998.0,192,84,202.0,5,IR1,0,60,75.0,27.363846269205577,50140.0,6.37,3.6,2008,7,Q3,1Fam,1
131400.0,1144,3,2.0,48,1.0,864.0,5,10000,6,0,264.0,594.0,270.0,1144,1961.0,165,0,0.0,6,Reg,0,20,80.0,26.11993393300743,50720.0,5.005000000000001,5.2,2009,3,Q1,1Fam,1
108000.0,948,3,1.0,39,1.0,948.0,5,8978,6,0,300.0,0.0,948.0,948,1968.0,147,0,0.0,5,IR1,0,20,68.0,29.102296283256685,48910.0,6.21,2.8,2007,5,Q2,1Fam,0
163000.0,1768,2,1.5,92,2.0,880.0,7,10800,6,888,320.0,390.0,490.0,880,1914.0,0,341,0.0,7,Reg,0,75,60.0,30.85894600589856,48130.0,6.365,2.4,2006,10,Q4,1Fam,1
93500.0,1040,2,2.0,56,2.0,0.0,3,8544,6,0,400.0,0.0,0.0,1040,1949.0,0,0,0.0,4,Reg,0,90,60.0,30.85894600589856,48130.0,6.765000000000001,2.8,2006,7,Q3,Duplex,0
239900.0,1801,3,2.5,1,3.0,893.0,8,10463,8,900,800.0,0.0,893.0,901,2005.0,0,116,0.0,5,IR1,0,60,72.0,30.85894600589856,48130.0,6.67,3.1,2006,6,Q2,1Fam,0
179000.0,1200,3,6.0,22,0.0,1200.0,5,10800,5,0,0.0,1200.0,0.0,1200,1979.0,120,0,0.0,5,Reg,0,90,60.0,26.11993393300743,50720.0,5.005000000000001,5.2,2009,3,Q1,Duplex,1
190000.0,1728,3,2.5,5,2.0,864.0,7,9313,7,864,572.0,0.0,864.0,864,2004.0,187,56,0.0,5,IR1,0,60,65.0,26.11993393300743,50720.0,4.8,4.9,2009,4,Q2,1Fam,0
132000.0,1432,2,2.0,97,2.0,264.0,5,9600,7,664,360.0,0.0,264.0,768,1910.0,270,0,0.0,7,Reg,0,70,60.0,29.102296283256685,48910.0,6.21,2.8,2007,5,Q2,1Fam,1
142000.0,912,3,2.5,47,1.0,912.0,6,6768,5,0,288.0,832.0,80.0,912,1962.0,168,0,0.0,8,IR1,0,20,65.0,27.363846269205577,50140.0,6.05,3.0,2008,5,Q2,1Fam,1
179000.0,1349,3,2.0,7,2.0,1349.0,7,8450,6,0,539.0,0.0,1349.0,1349,2000.0,120,55,108.0,5,Reg,0,20,65.0,29.102296283256685,48910.0,6.125,3.0,2007,12,Q4,1Fam,1
175000.0,1464,3,2.5,46,2.0,520.0,5,12886,6,0,480.0,444.0,76.0,1464,1997.0,302,0,0.0,6,IR1,100,80,70.0,26.11993393300743,50720.0,4.94,4.4,2009,10,Q4,1Fam,1
180000.0,1337,2,3.0,15,2.0,1337.0,8,5395,5,0,462.0,733.0,604.0,1337,1993.0,96,0,0.0,5,IR1,0,120,41.0,27.363846269205577,50140.0,6.1,2.9,2008,10,Q4,TwnhsE,0
299800.0,2715,4,4.0,32,2.0,1142.0,8,8963,11,1540,831.0,575.0,487.0,1175,1994.0,0,204,289.0,9,IR1,0,60,68.0,27.363846269205577,50140.0,6.37,3.6,2008,7,Q3,1Fam,1
236000.0,2256,4,2.5,9,2.0,952.0,7,8795,8,1276,554.0,300.0,652.0,980,2000.0,224,54,0.0,5,IR1,0,60,68.0,26.11993393300743,50720.0,4.8,4.9,2009,4,Q2,1Fam,0
265979.0,2640,4,1.5,129,4.0,1240.0,7,11700,8,1320,864.0,0.0,1240.0,1320,1950.0,181,0,0.0,7,IR1,0,70,65.0,26.11993393300743,50720.0,4.85,5.0,2009,5,Q2,1Fam,1
260400.0,1720,3,3.0,14,2.0,1720.0,7,10593,7,0,527.0,919.0,801.0,1720,1996.0,240,56,338.0,5,IR1,0,20,59.0,25.221608273812684,49020.0,4.965,5.2,2010,3,Q1,1Fam,0
98000.0,1529,4,2.0,64,1.0,0.0,4,8405,9,441,240.0,0.0,0.0,1088,1945.0,92,0,0.0,3,Reg,0,50,50.0,26.11993393300743,50720.0,4.8,4.9,2009,4,Q2,1Fam,1
96500.0,1140,3,1.0,100,0.0,576.0,4,8800,7,348,0.0,0.0,576.0,792,1979.0,0,160,0.0,7,Reg,0,50,55.0,25.221608273812684,49020.0,4.734999999999999,5.0,2010,6,Q2,1Fam,1
162000.0,1320,3,2.5,4,2.0,660.0,7,7750,6,660,400.0,0.0,660.0,660,2003.0,0,48,0.0,5,Reg,0,60,68.0,29.102296283256685,48910.0,6.59,3.0,2007,8,Q3,1Fam,0
217000.0,1494,3,3.0,9,2.0,1479.0,6,9236,6,0,576.0,1200.0,279.0,1494,1997.0,168,27,0.0,5,IR1,0,20,79.0,30.85894600589856,48130.0,6.765000000000001,2.8,2006,7,Q3,1Fam,0
275500.0,2098,3,2.5,1,3.0,1030.0,8,10240,8,1060,878.0,0.0,1030.0,1038,2005.0,192,52,178.0,5,Reg,0,60,80.0,30.85894600589856,48130.0,6.34,2.7,2006,3,Q1,1Fam,0
156000.0,1026,3,2.0,40,2.0,1026.0,6,7930,5,0,440.0,439.0,115.0,1026,1969.0,171,48,0.0,8,Reg,0,20,61.0,26.11993393300743,50720.0,5.2,5.6,2009,7,Q3,1Fam,1
172500.0,1471,3,2.5,10,2.0,729.0,6,3230,6,729,440.0,381.0,348.0,742,1999.0,0,24,894.0,5,Reg,0,160,34.0,26.11993393300743,50720.0,5.005000000000001,5.2,2009,3,Q1,TwnhsE,0
212000.0,1768,3,2.5,2,2.0,866.0,8,10769,7,902,578.0,20.0,846.0,866,2007.0,144,105,0.0,5,IR1,0,60,68.0,26.11993393300743,50720.0,4.8,4.9,2009,4,Q2,1Fam,0
158900.0,1386,3,2.5,32,2.0,672.0,6,11616,6,714,440.0,438.0,234.0,672,1978.0,335,0,328.0,5,IR1,0,60,68.0,25.221608273812684,49020.0,5.07,4.3,2010,4,Q2,1Fam,0
179400.0,1501,3,2.5,9,2.0,744.0,7,2280,6,744,440.0,549.0,195.0,757,1999.0,0,0,360.0,5,Reg,0,160,24.0,27.363846269205577,50140.0,6.494999999999999,3.6,2008,8,Q3,Twnhs,0
290000.0,2531,4,2.5,12,3.0,1318.0,8,12257,9,1203,752.0,56.0,1198.0,1328,1995.0,222,98,513.0,5,IR1,0,60,65.0,29.102296283256685,48910.0,6.24,2.6,2007,11,Q4,1Fam,0
127500.0,864,2,1.0,50,1.0,864.0,6,9100,5,0,300.0,612.0,252.0,864,2008.0,0,0,0.0,6,Reg,0,20,70.0,26.11993393300743,50720.0,4.94,4.4,2009,10,Q4,1Fam,0
100000.0,1301,2,1.0,85,2.0,1145.0,5,6911,5,0,440.0,405.0,740.0,1301,1965.0,0,0,0.0,5,Reg,0,30,60.0,26.11993393300743,50720.0,4.94,4.4,2009,10,Q4,1Fam,1
215200.0,1547,3,2.5,1,2.0,756.0,7,8640,7,783,614.0,24.0,732.0,764,2009.0,169,45,0.0,5,Reg,0,60,72.0,25.221608273812684,49020.0,4.734999999999999,5.0,2010,6,Q2,1Fam,0
337000.0,2365,3,3.5,10,3.0,1252.0,8,9430,8,1097,856.0,1163.0,89.0,1268,1999.0,0,128,673.0,5,Reg,180,60,82.0,26.11993393300743,50720.0,5.2,5.6,2009,7,Q3,1Fam,0
270000.0,1494,2,2.5,11,2.0,1494.0,8,9549,6,0,481.0,437.0,0.0,1494,1995.0,0,30,0.0,5,IR1,216,120,30.0,30.85894600589856,48130.0,6.51,2.4,2006,4,Q2,TwnhsE,1
264132.0,1506,2,2.0,0,2.0,1498.0,9,14587,6,0,592.0,0.0,1498.0,1506,2008.0,0,174,284.0,5,IR1,0,20,75.0,27.363846269205577,50140.0,6.494999999999999,3.6,2008,8,Q3,1Fam,0
196500.0,1714,3,2.5,22,2.0,980.0,7,10421,7,734,496.0,394.0,586.0,980,1988.0,228,66,42.0,5,Reg,0,60,80.0,25.221608273812684,49020.0,4.965,5.2,2010,3,Q1,1Fam,0
160000.0,1750,4,3.0,68,1.0,983.0,6,12508,7,767,423.0,660.0,323.0,983,1989.0,245,0,0.0,7,IR1,0,50,75.0,27.363846269205577,50140.0,6.37,3.6,2008,7,Q3,1Fam,1
216837.0,1836,3,2.0,2,2.0,1860.0,7,9100,8,0,484.0,24.0,1836.0,1836,2004.0,120,33,0.0,5,Reg,0,20,70.0,30.85894600589856,48130.0,6.365,2.4,2006,10,Q4,1Fam,1
538000.0,3279,4,4.5,7,3.0,1650.0,8,53504,12,1589,841.0,1416.0,234.0,1690,2003.0,503,36,603.0,5,IR2,210,60,47.0,25.221608273812684,49020.0,4.734999999999999,5.0,2010,6,Q2,1Fam,0
134900.0,858,2,2.0,27,2.0,858.0,5,7252,5,0,576.0,685.0,173.0,858,1983.0,120,0,0.0,5,IR1,0,85,68.0,26.11993393300743,50720.0,4.8,4.9,2009,4,Q2,1Fam,0
102000.0,1220,2,1.0,55,2.0,836.0,4,8877,6,0,396.0,836.0,0.0,1220,1951.0,0,0,0.0,5,Reg,0,20,67.0,30.85894600589856,48130.0,6.51,2.4,2006,4,Q2,1Fam,0
107000.0,1117,3,2.0,34,2.0,1029.0,6,7819,6,0,672.0,422.0,480.0,1117,1976.0,144,0,0.0,5,Reg,0,80,94.0,25.221608273812684,49020.0,4.965,5.2,2010,3,Q1,1Fam,0
114500.0,912,2,1.0,49,1.0,912.0,5,10150,5,0,275.0,456.0,456.0,912,1958.0,0,0,1.0,5,Reg,0,20,70.0,29.102296283256685,48910.0,6.710000000000001,3.0,2007,7,Q3,1Fam,0
395000.0,1973,3,2.0,1,3.0,1935.0,8,14226,9,0,895.0,0.0,1935.0,1973,2006.0,315,45,375.0,5,Reg,0,20,110.0,29.102296283256685,48910.0,6.710000000000001,3.0,2007,7,Q3,1Fam,0
162000.0,1204,2,3.0,11,2.0,1204.0,6,4500,5,0,412.0,866.0,338.0,1204,1998.0,0,247,320.0,5,Reg,0,120,32.0,26.11993393300743,50720.0,5.4,6.0,2009,6,Q2,TwnhsE,0
221500.0,1614,3,2.0,1,3.0,1614.0,7,11210,7,0,865.0,20.0,1594.0,1614,2005.0,144,59,240.0,5,IR1,0,20,86.0,30.85894600589856,48130.0,6.765000000000001,2.8,2006,7,Q3,1Fam,1
142500.0,894,3,2.0,32,2.0,864.0,5,13350,5,0,440.0,762.0,102.0,894,1974.0,241,0,0.0,5,IR1,0,20,100.0,30.85894600589856,48130.0,6.67,3.1,2006,6,Q2,1Fam,0
144000.0,2020,4,2.0,30,2.0,0.0,5,8400,10,0,630.0,0.0,0.0,2020,1977.0,0,0,320.0,5,Reg,0,90,60.0,29.102296283256685,48910.0,6.385,2.6,2007,10,Q4,Duplex,0
135000.0,1004,2,2.0,29,2.0,975.0,6,10530,4,0,504.0,975.0,0.0,1004,1977.0,0,0,90.0,5,Reg,0,90,78.0,30.85894600589856,48130.0,6.595,2.4,2006,5,Q2,Duplex,0
176000.0,1253,3,2.0,12,2.0,1237.0,7,7875,6,0,402.0,0.0,1237.0,1253,1995.0,220,21,38.0,5,Reg,0,20,63.0,29.102296283256685,48910.0,6.68,3.4,2007,6,Q2,1Fam,1
175900.0,1603,3,2.5,14,2.0,761.0,6,7153,7,793,484.0,387.0,374.0,810,1992.0,0,124,0.0,5,Reg,0,60,65.0,30.85894600589856,48130.0,6.765000000000001,2.8,2006,7,Q3,1Fam,0
187100.0,1430,3,2.0,8,2.0,1413.0,7,16285,6,0,605.0,0.0,1413.0,1430,2001.0,0,33,0.0,5,IR2,0,20,67.0,26.11993393300743,50720.0,5.4,6.0,2009,6,Q2,1Fam,1
165500.0,1110,1,2.0,31,2.0,1097.0,5,9101,4,0,602.0,1097.0,0.0,1110,1978.0,303,30,104.0,6,IR1,0,85,68.0,26.11993393300743,50720.0,5.2,5.6,2009,7,Q3,1Fam,0
128000.0,1484,3,2.0,94,0.0,742.0,6,6300,9,742,0.0,0.0,742.0,742,1979.0,0,291,0.0,6,Reg,0,75,35.0,27.363846269205577,50140.0,6.37,3.7,2008,6,Q2,1Fam,1
161500.0,1342,3,2.0,42,2.0,1372.0,6,9790,7,0,457.0,251.0,491.0,1342,1967.0,0,0,0.0,5,Reg,197,20,68.0,26.11993393300743,50720.0,5.055,4.7,2009,9,Q3,1Fam,0
139000.0,1652,4,3.0,95,1.0,686.0,5,10800,7,686,416.0,686.0,0.0,966,1961.0,0,0,0.0,6,Reg,0,50,60.0,25.221608273812684,49020.0,4.734999999999999,5.0,2010,6,Q2,1Fam,1
233000.0,2084,4,3.5,6,2.0,956.0,7,10142,8,1128,618.0,656.0,300.0,956,2004.0,0,45,0.0,5,IR1,0,60,76.0,25.221608273812684,49020.0,5.025,5.5,2010,1,Q1,1Fam,0
107900.0,901,2,1.0,54,1.0,901.0,4,6000,4,0,281.0,0.0,901.0,901,1954.0,0,0,0.0,7,Reg,0,20,50.0,27.363846269205577,50140.0,6.494999999999999,3.6,2008,8,Q3,1Fam,1
187500.0,2087,5,2.5,41,2.0,832.0,6,12205,9,1111,444.0,568.0,264.0,976,1966.0,133,168,157.0,8,IR1,0,60,68.0,29.102296283256685,48910.0,6.710000000000001,3.0,2007,7,Q3,1Fam,1
160200.0,1145,2,2.0,4,2.0,1145.0,7,3182,5,0,397.0,16.0,1129.0,1145,2005.0,100,16,11.0,5,Reg,0,120,43.0,26.11993393300743,50720.0,5.055,4.7,2009,9,Q3,TwnhsE,1
146800.0,1062,3,2.0,31,2.0,1029.0,6,11333,5,0,539.0,539.0,490.0,1062,1976.0,120,0,0.0,5,IR1,0,80,68.0,29.102296283256685,48910.0,6.21,2.8,2007,5,Q2,1Fam,0
269790.0,2013,3,3.5,11,2.0,1117.0,7,9920,8,886,455.0,862.0,255.0,1127,1997.0,180,130,0.0,5,IR1,0,60,92.0,29.102296283256685,48910.0,6.68,3.4,2007,6,Q2,1Fam,1
225000.0,1496,3,2.0,0,2.0,1496.0,8,9158,7,0,474.0,0.0,1496.0,1496,2007.0,168,130,140.0,5,Reg,0,20,76.0,29.102296283256685,48910.0,6.68,3.4,2007,6,Q2,1Fam,0
194500.0,1895,3,2.5,14,2.0,712.0,7,10832,7,809,409.0,0.0,712.0,1086,1994.0,143,46,0.0,5,IR1,0,60,68.0,27.363846269205577,50140.0,6.1,2.9,2008,10,Q4,1Fam,1
171000.0,1564,3,2.5,30,2.0,650.0,6,8400,7,676,476.0,0.0,650.0,888,1980.0,0,50,130.0,6,Reg,204,60,70.0,25.221608273812684,49020.0,5.07,4.3,2010,4,Q2,1Fam,1
143500.0,1285,3,1.5,30,2.0,660.0,6,8197,7,0,528.0,0.0,660.0,1285,1977.0,138,0,148.0,5,Reg,0,20,71.0,29.102296283256685,48910.0,6.17,2.8,2007,4,Q2,1Fam,0
110000.0,773,2,1.0,55,1.0,773.0,5,7677,4,0,240.0,570.0,203.0,773,1953.0,0,0,0.0,5,Reg,0,20,57.0,27.363846269205577,50140.0,5.88,2.7,2008,4,Q2,1Fam,0
485000.0,3140,4,3.5,1,3.0,1926.0,9,13518,11,1174,820.0,0.0,1926.0,1966,2009.0,144,78,860.0,5,Reg,0,60,104.0,26.11993393300743,50720.0,5.2,5.6,2009,7,Q3,1Fam,1
175000.0,1768,3,2.5,70,1.0,731.0,5,7200,7,787,240.0,569.0,162.0,981,1939.0,0,0,252.0,7,Reg,0,50,60.0,29.102296283256685,48910.0,6.68,3.4,2007,6,Q2,1Fam,1
200000.0,1688,4,3.5,11,2.0,616.0,6,12798,8,1072,603.0,462.0,154.0,616,1997.0,403,114,0.0,5,IR1,0,60,79.0,27.363846269205577,50140.0,6.05,3.0,2008,5,Q2,1Fam,0
109900.0,1196,2,2.0,91,2.0,1196.0,4,4800,5,0,440.0,197.0,999.0,1196,1957.0,0,0,0.0,7,Reg,0,30,40.0,29.102296283256685,48910.0,6.710000000000001,3.0,2007,7,Q3,1Fam,1
189000.0,1456,3,3.5,3,2.0,728.0,7,8199,7,728,410.0,648.0,80.0,728,2005.0,36,18,0.0,5,Reg,0,60,63.0,27.363846269205577,50140.0,6.1,2.9,2008,10,Q4,1Fam,0
582933.0,2822,4,3.5,1,3.0,1734.0,9,13891,12,1088,1020.0,0.0,1734.0,1734,2009.0,52,170,424.0,5,Reg,192,60,107.0,26.11993393300743,50720.0,5.055,5.0,2009,1,Q1,1Fam,1
118000.0,1128,2,1.0,52,1.0,936.0,5,9000,5,0,286.0,812.0,124.0,1128,1954.0,0,0,0.0,5,Reg,0,20,75.0,30.85894600589856,48130.0,6.67,3.1,2006,6,Q2,1Fam,0
227680.0,1428,3,2.0,0,2.0,1417.0,7,12274,6,0,554.0,0.0,1417.0,1428,2008.0,0,60,256.0,5,IR1,0,20,91.0,27.363846269205577,50140.0,6.37,3.6,2008,7,Q3,1Fam,0
135500.0,980,3,2.0,39,1.0,980.0,5,9750,6,0,384.0,400.0,100.0,980,1967.0,68,0,0.0,5,Reg,0,80,75.0,30.85894600589856,48130.0,6.365,2.4,2006,10,Q4,1Fam,0
223500.0,1576,3,3.5,86,2.0,1324.0,5,21384,6,504,528.0,1309.0,15.0,1072,1923.0,0,312,0.0,6,Reg,0,70,144.0,26.11993393300743,50720.0,4.85,5.0,2009,5,Q2,1Fam,1
159950.0,1086,3,2.0,40,2.0,1024.0,5,13400,6,0,484.0,516.0,380.0,1086,1966.0,0,0,1047.0,5,Reg,0,80,85.0,30.85894600589856,48130.0,6.67,3.1,2006,6,Q2,1Fam,0
106000.0,2138,2,2.0,111,2.0,849.0,5,8100,11,1063,360.0,0.0,849.0,1075,1910.0,40,156,0.0,5,Reg,0,75,90.0,26.11993393300743,50720.0,4.87,4.6,2009,11,Q4,1Fam,1
181000.0,1309,3,2.5,32,2.0,1040.0,6,10140,5,0,484.0,663.0,0.0,1309,1974.0,265,0,99.0,6,Reg,0,20,78.0,30.85894600589856,48130.0,6.135,3.1,2006,1,Q1,1Fam,1
144500.0,848,1,2.0,4,2.0,848.0,6,4438,4,0,420.0,662.0,186.0,848,2004.0,140,0,169.0,5,Reg,0,120,68.0,27.363846269205577,50140.0,6.37,3.7,2008,6,Q2,TwnhsE,0
55993.0,1044,2,1.0,58,2.0,540.0,5,8712,4,0,504.0,0.0,540.0,1044,1952.0,0,0,0.0,5,Reg,0,20,66.0,25.221608273812684,49020.0,4.734999999999999,5.0,2010,6,Q2,1Fam,0
157900.0,1442,4,1.5,49,1.0,1442.0,6,9750,7,0,301.0,608.0,834.0,1442,1958.0,0,0,243.0,6,Reg,0,20,75.0,29.102296283256685,48910.0,6.17,2.8,2007,4,Q2,1Fam,0
116000.0,1250,3,2.0,88,1.0,686.0,5,8248,7,564,280.0,0.0,686.0,686,1955.0,207,0,0.0,7,Reg,0,50,45.0,30.85894600589856,48130.0,6.765000000000001,2.8,2006,7,Q3,1Fam,1
224900.0,1661,3,2.0,12,2.0,1649.0,7,12137,6,0,598.0,0.0,1649.0,1661,1998.0,0,34,442.0,5,IR2,0,20,48.0,25.221608273812684,49020.0,4.885,4.3,2010,5,Q2,1Fam,0
137000.0,1008,2,1.0,52,1.0,1008.0,5,11425,4,0,275.0,486.0,522.0,1008,1954.0,0,0,0.0,6,IR1,0,20,68.0,30.85894600589856,48130.0,6.765000000000001,2.8,2006,7,Q3,1Fam,0
271000.0,1689,3,3.0,6,3.0,1568.0,8,13265,7,0,857.0,1218.0,350.0,1689,2002.0,150,59,148.0,5,IR1,0,20,68.0,27.363846269205577,50140.0,6.37,3.6,2008,7,Q3,1Fam,0
155000.0,1052,3,2.0,39,2.0,1010.0,6,8816,6,0,440.0,504.0,506.0,1052,1971.0,0,0,80.0,7,Reg,0,80,80.0,25.221608273812684,49020.0,4.734999999999999,5.0,2010,6,Q2,1Fam,0
224000.0,1358,2,3.0,1,2.0,1358.0,7,6371,6,0,484.0,733.0,625.0,1358,2010.0,192,35,128.0,5,IR1,0,120,44.0,25.221608273812684,49020.0,4.734999999999999,5.0,2010,6,Q2,TwnhsE,1
183000.0,1640,3,2.5,5,2.0,798.0,7,7226,6,842,595.0,0.0,798.0,798,2003.0,0,45,0.0,5,IR1,0,60,72.0,27.363846269205577,50140.0,6.37,3.7,2008,6,Q2,1Fam,0
93000.0,936,2,1.0,56,2.0,936.0,4,6000,4,0,576.0,0.0,936.0,936,1974.0,0,32,0.0,4,Reg,0,20,60.0,26.11993393300743,50720.0,5.115,5.1,2009,2,Q1,2fmCon,0
225000.0,1733,3,2.5,4,2.0,847.0,7,12394,7,886,433.0,0.0,847.0,847,2003.0,100,48,0.0,5,IR1,0,60,68.0,29.102296283256685,48910.0,6.385,2.6,2007,10,Q4,1Fam,0
139500.0,1489,3,2.0,69,1.0,778.0,6,9900,7,545,240.0,0.0,778.0,944,1940.0,335,0,0.0,7,Reg,0,50,60.0,26.11993393300743,50720.0,5.2,5.6,2009,7,Q3,1Fam,1
232600.0,1489,3,2.0,0,2.0,1489.0,8,11216,7,0,776.0,0.0,1489.0,1489,2006.0,0,140,0.0,5,Reg,0,20,81.0,30.85894600589856,48130.0,6.67,3.1,2006,6,Q2,1Fam,0
385000.0,2084,2,3.0,1,3.0,2078.0,10,14803,7,0,1220.0,1636.0,442.0,2084,2007.0,188,45,816.0,5,Reg,0,20,114.0,27.363846269205577,50140.0,6.37,3.7,2008,6,Q2,1Fam,1
109500.0,784,2,2.0,84,0.0,784.0,5,6130,5,0,0.0,784.0,0.0,784,1979.0,0,0,0.0,6,Reg,0,45,50.0,27.363846269205577,50140.0,6.05,3.0,2008,5,Q2,1Fam,1
189000.0,1434,3,2.0,8,2.0,1454.0,7,8529,6,0,527.0,20.0,1434.0,1434,2001.0,290,39,0.0,5,IR1,0,20,65.0,26.11993393300743,50720.0,4.8,4.9,2009,4,Q2,1Fam,0
185000.0,2126,3,3.0,42,2.0,1013.0,5,28698,7,966,538.0,249.0,0.0,1160,1967.0,486,0,0.0,5,IR2,225,60,68.0,26.11993393300743,50720.0,5.4,6.0,2009,6,Q2,1Fam,0
147400.0,1223,2,2.5,1,2.0,600.0,7,2544,4,623,480.0,0.0,600.0,520,2005.0,0,166,0.0,5,Reg,0,160,24.0,30.85894600589856,48130.0,6.765000000000001,2.8,2006,7,Q3,Twnhs,0
166000.0,1392,3,2.5,51,2.0,1392.0,6,11900,6,0,458.0,1040.0,352.0,1392,1957.0,0,0,387.0,5,IR1,192,20,80.0,27.363846269205577,50140.0,6.37,3.7,2008,6,Q2,1Fam,0
151000.0,1200,2,2.5,1,2.0,600.0,7,3180,4,600,480.0,0.0,600.0,520,2005.0,0,166,0.0,5,Reg,0,160,30.0,30.85894600589856,48130.0,6.67,3.1,2006,6,Q2,TwnhsE,0
237000.0,1829,3,3.5,7,2.0,941.0,7,9548,7,888,613.0,483.0,458.0,941,2003.0,192,39,223.0,6,IR1,0,60,44.0,25.221608273812684,49020.0,5.025,5.5,2010,1,Q1,1Fam,0
167000.0,1516,3,1.5,45,2.0,1516.0,6,10004,6,0,472.0,196.0,975.0,1516,1964.0,0,0,180.0,6,Reg,152,20,100.0,26.11993393300743,50720.0,5.115,5.1,2009,2,Q1,1Fam,0
139950.0,1144,3,2.0,47,2.0,1144.0,5,7875,6,0,456.0,572.0,572.0,1144,1961.0,0,0,136.0,6,Reg,0,20,75.0,27.363846269205577,50140.0,6.01,3.0,2008,9,Q3,1Fam,0
128000.0,1067,2,2.0,60,2.0,1067.0,4,9600,4,0,436.0,442.0,625.0,1067,1996.0,290,0,0.0,7,Reg,0,20,60.0,25.221608273812684,49020.0,4.99,5.3,2010,2,Q1,1Fam,1
153500.0,1559,2,2.0,59,2.0,1559.0,5,8100,5,0,812.0,338.0,1221.0,1559,1948.0,0,116,0.0,6,Reg,0,30,90.0,29.102296283256685,48910.0,6.68,3.4,2007,6,Q2,1Fam,1
100000.0,987,2,2.5,35,1.0,483.0,6,1680,5,504,264.0,330.0,153.0,483,1973.0,0,0,158.0,5,Reg,0,160,21.0,27.363846269205577,50140.0,6.09,3.1,2008,11,Q4,Twnhs,0
144000.0,1099,3,1.5,13,1.0,1099.0,5,9525,6,0,352.0,0.0,1099.0,1099,1999.0,278,0,0.0,6,Reg,0,20,75.0,27.363846269205577,50140.0,6.37,3.7,2008,6,Q2,1Fam,1
130500.0,1200,3,1.0,62,1.0,768.0,5,11767,6,432,240.0,352.0,416.0,768,1946.0,0,0,0.0,6,Reg,0,50,70.0,27.363846269205577,50140.0,6.05,3.0,2008,5,Q2,1Fam,1
140000.0,1482,4,2.0,83,1.0,672.0,6,12155,7,672,400.0,156.0,516.0,810,1934.0,0,0,0.0,8,IR1,0,70,68.0,27.363846269205577,50140.0,5.95,3.0,2008,3,Q1,1Fam,1
157500.0,1539,3,2.0,104,2.0,650.0,5,10440,8,581,686.0,0.0,650.0,958,1983.0,70,78,0.0,8,Reg,0,70,60.0,27.363846269205577,50140.0,6.37,3.7,2008,6,Q2,1Fam,1
174900.0,1165,3,2.5,42,2.0,1127.0,6,9020,6,0,490.0,312.0,276.0,1165,1966.0,0,129,183.0,7,Reg,0,80,82.0,27.363846269205577,50140.0,6.05,3.0,2008,5,Q2,1Fam,0
141000.0,1800,6,2.0,46,0.0,1800.0,5,8000,10,0,0.0,0.0,1800.0,1800,1979.0,0,0,0.0,4,Reg,0,90,80.0,29.102296283256685,48910.0,6.710000000000001,3.0,2007,7,Q3,Duplex,0
153900.0,1416,4,1.5,93,3.0,876.0,5,12665,7,540,720.0,0.0,876.0,876,1949.0,418,0,0.0,8,IR1,0,50,100.0,27.363846269205577,50140.0,6.37,3.7,2008,6,Q2,1Fam,1
171000.0,1701,3,3.0,32,2.0,1390.0,5,16647,6,0,611.0,1390.0,0.0,1701,1975.0,0,0,0.0,5,IR1,0,85,68.0,29.102296283256685,48910.0,6.220000000000001,3.0,2007,1,Q1,1Fam,1
213000.0,1775,3,3.5,16,2.0,740.0,7,9317,7,769,425.0,513.0,227.0,1006,1993.0,234,72,137.0,5,Reg,0,60,75.0,26.11993393300743,50720.0,5.2,5.6,2009,7,Q3,1Fam,0
133500.0,864,3,2.0,37,1.0,864.0,5,15523,5,0,338.0,460.0,404.0,864,1972.0,0,0,0.0,6,IR1,0,20,36.0,26.11993393300743,50720.0,5.18,5.6,2009,8,Q3,1Fam,0
240000.0,2358,5,3.0,100,2.0,907.0,6,45600,10,1051,360.0,0.0,907.0,1307,1908.0,486,40,0.0,8,IR2,175,50,75.0,27.363846269205577,50140.0,6.01,3.0,2008,9,Q3,1Fam,1
187000.0,1855,3,2.5,31,2.0,528.0,6,9600,7,761,512.0,0.0,528.0,1094,1976.0,113,100,360.0,7,Reg,0,80,80.0,29.102296283256685,48910.0,6.59,3.0,2007,8,Q3,1Fam,1
131500.0,848,1,2.0,4,2.0,848.0,6,4435,3,0,420.0,659.0,189.0,848,2003.0,140,0,170.0,5,Reg,0,120,36.0,29.102296283256685,48910.0,6.24,2.6,2007,11,Q4,TwnhsE,0
215000.0,1456,2,2.0,3,2.0,1273.0,8,3196,7,0,400.0,0.0,1273.0,1456,2003.0,143,20,40.0,5,Reg,0,120,68.0,30.85894600589856,48130.0,6.595,2.4,2006,5,Q2,TwnhsE,0
164000.0,1646,4,2.0,66,1.0,918.0,7,7128,7,728,240.0,364.0,554.0,918,1941.0,0,0,0.0,5,Reg,126,75,53.0,29.102296283256685,48910.0,6.59,3.0,2007,8,Q3,1Fam,1
158000.0,1445,3,1.5,45,2.0,1127.0,6,12095,7,0,645.0,564.0,563.0,1445,1964.0,180,0,115.0,6,IR1,0,80,68.0,26.11993393300743,50720.0,5.18,5.6,2009,8,Q3,1Fam,0
170000.0,1779,3,2.5,51,2.0,1763.0,5,17920,6,0,454.0,306.0,372.0,1779,1955.0,0,418,0.0,4,Reg,312,20,102.0,30.85894600589856,48130.0,6.765000000000001,2.8,2006,7,Q3,1Fam,1
127000.0,1040,3,2.5,48,1.0,1040.0,5,6897,6,0,260.0,659.0,381.0,1040,1962.0,0,104,0.0,8,IR1,0,20,68.0,25.221608273812684,49020.0,5.07,4.3,2010,4,Q2,1Fam,1
147000.0,1026,3,2.0,30,2.0,940.0,6,10970,5,0,576.0,505.0,0.0,1026,1981.0,0,0,0.0,6,IR1,0,80,68.0,27.363846269205577,50140.0,6.1,2.9,2008,10,Q4,1Fam,0
174000.0,1481,3,2.5,15,2.0,702.0,6,8125,6,779,343.0,0.0,702.0,702,1994.0,0,36,0.0,5,Reg,0,60,65.0,26.11993393300743,50720.0,5.005000000000001,5.2,2009,3,Q1,1Fam,1
152000.0,1370,3,2.0,33,2.0,1090.0,7,10400,6,0,479.0,0.0,1090.0,1370,1976.0,0,0,189.0,5,Reg,0,20,80.0,26.11993393300743,50720.0,5.4,6.0,2009,6,Q2,1Fam,0
250000.0,2654,4,3.5,38,2.0,1054.0,6,11029,9,1142,619.0,619.0,435.0,1512,1968.0,0,65,220.0,7,IR1,222,60,68.0,30.85894600589856,48130.0,6.52,2.6,2006,8,Q3,1Fam,1
189950.0,1426,3,1.5,89,1.0,912.0,7,7642,7,514,216.0,0.0,912.0,912,1925.0,0,240,0.0,8,Reg,0,50,55.0,29.102296283256685,48910.0,6.68,3.4,2007,6,Q2,1Fam,1
131500.0,1039,3,2.5,45,2.0,1039.0,5,11625,6,0,504.0,841.0,198.0,1039,1965.0,0,0,0.0,4,Reg,0,190,75.0,25.221608273812684,49020.0,5.07,4.3,2010,4,Q2,2fmCon,0
152000.0,1097,3,2.0,26,2.0,1040.0,6,9672,6,0,480.0,338.0,702.0,1097,1986.0,0,0,0.0,5,Reg,0,20,81.0,25.221608273812684,49020.0,4.885,4.3,2010,5,Q2,1Fam,1
132500.0,1148,3,2.0,50,1.0,1148.0,5,7931,6,0,672.0,1148.0,0.0,1148,1959.0,0,0,0.0,5,Reg,0,20,70.0,26.11993393300743,50720.0,5.2,5.6,2009,7,Q3,1Fam,0
250580.0,1372,3,2.0,1,2.0,1372.0,7,8640,6,0,529.0,0.0,1372.0,1372,2008.0,0,140,0.0,5,Reg,0,20,72.0,27.363846269205577,50140.0,6.05,3.0,2008,5,Q2,1Fam,1
148500.0,1002,3,2.0,39,2.0,1002.0,5,8750,5,0,902.0,828.0,174.0,1002,1973.0,0,0,76.0,6,IR1,0,20,68.0,26.11993393300743,50720.0,5.18,5.6,2009,8,Q3,1Fam,0
248900.0,1646,3,2.0,1,3.0,1638.0,8,10656,6,0,870.0,0.0,1638.0,1646,2007.0,192,80,274.0,5,IR1,0,20,67.0,29.102296283256685,48910.0,6.24,2.6,2007,11,Q4,1Fam,1
129000.0,1120,3,2.5,46,2.0,1040.0,4,6970,5,0,544.0,932.0,108.0,1120,1961.0,168,0,0.0,5,Reg,0,20,85.0,29.102296283256685,48910.0,6.21,2.8,2007,5,Q2,1Fam,0
169000.0,2320,2,2.0,58,2.0,0.0,5,14762,7,720,672.0,0.0,0.0,1547,1979.0,120,144,0.0,6,IR2,0,60,68.0,30.85894600589856,48130.0,6.595,2.4,2006,5,Q2,1Fam,1
236000.0,1949,3,3.5,17,2.0,1050.0,7,9938,8,887,574.0,750.0,300.0,1062,1993.0,156,90,246.0,5,Reg,0,60,80.0,25.221608273812684,49020.0,4.734999999999999,5.0,2010,6,Q2,1Fam,1
109500.0,894,2,1.0,47,1.0,894.0,5,6600,5,0,308.0,0.0,894.0,894,1962.0,0,0,0.0,5,Reg,0,20,60.0,26.11993393300743,50720.0,5.18,5.6,2009,8,Q3,1Fam,0
200500.0,1682,3,2.5,12,2.0,804.0,6,8750,7,878,523.0,505.0,299.0,804,1998.0,0,77,116.0,5,Reg,0,60,70.0,25.221608273812684,49020.0,4.734999999999999,5.0,2010,6,Q2,1Fam,0
116000.0,910,3,1.0,55,2.0,105.0,5,8892,5,0,414.0,0.0,105.0,910,1953.0,196,0,0.0,7,Reg,0,20,74.0,27.363846269205577,50140.0,6.1,2.9,2008,10,Q4,1Fam,1
133000.0,1268,3,1.0,60,1.0,832.0,5,12144,6,0,288.0,375.0,457.0,1036,1949.0,0,28,0.0,7,Reg,0,40,60.0,26.11993393300743,50720.0,5.055,4.7,2009,9,Q3,1Fam,1
66500.0,1131,3,1.5,68,1.0,676.0,5,5720,5,455,200.0,0.0,676.0,676,1941.0,26,0,0.0,6,Reg,0,50,52.0,26.11993393300743,50720.0,5.18,5.6,2009,8,Q3,1Fam,1
303477.0,2610,4,2.5,0,2.0,1184.0,8,9000,11,1426,550.0,64.0,1120.0,1184,2007.0,208,364,0.0,5,Reg,0,60,75.0,29.102296283256685,48910.0,6.59,3.0,2007,8,Q3,1Fam,0
132250.0,1040,3,2.0,44,2.0,1064.0,4,25286,5,0,648.0,633.0,431.0,1040,1963.0,0,0,0.0,5,Reg,0,20,94.0,29.102296283256685,48910.0,6.220000000000001,3.0,2007,1,Q1,1Fam,0
350000.0,2224,4,3.5,5,3.0,1462.0,9,8834,10,762,738.0,1170.0,292.0,1462,2004.0,184,0,216.0,5,Reg,0,60,74.0,26.11993393300743,50720.0,5.4,6.0,2009,6,Q2,1Fam,1
148000.0,1155,3,2.0,49,2.0,1109.0,5,11782,6,0,576.0,899.0,210.0,1155,1987.0,192,0,0.0,7,IR1,0,85,88.0,25.221608273812684,49020.0,4.734999999999999,5.0,2010,6,Q2,1Fam,1
136500.0,864,3,2.0,31,1.0,864.0,5,7000,6,0,336.0,646.0,218.0,864,1978.0,0,0,90.0,8,IR1,0,20,68.0,26.11993393300743,50720.0,5.2,5.6,2009,7,Q3,1Fam,1
157000.0,1090,2,2.5,2,2.0,1090.0,5,7024,5,0,450.0,980.0,110.0,1090,2005.0,0,49,0.0,5,Reg,0,20,60.0,29.102296283256685,48910.0,6.68,3.4,2007,6,Q2,1Fam,1
187500.0,1717,3,2.5,17,2.0,1156.0,7,13758,7,530,400.0,902.0,254.0,1187,1990.0,168,36,117.0,5,IR1,0,50,44.0,29.102296283256685,48910.0,6.17,2.8,2007,4,Q2,1Fam,1
178000.0,1593,3,2.5,17,2.0,808.0,6,9636,7,785,389.0,0.0,808.0,808,1993.0,342,40,0.0,5,IR1,0,60,68.0,26.11993393300743,50720.0,4.94,5.1,2009,12,Q4,1Fam,1
118500.0,2230,5,2.0,94,1.0,795.0,4,6204,10,795,440.0,0.0,795.0,954,1997.0,0,188,0.0,5,Reg,0,75,60.0,30.85894600589856,48130.0,6.34,2.7,2006,3,Q1,1Fam,1
100000.0,892,3,1.0,42,1.0,892.0,5,7150,5,0,288.0,432.0,460.0,892,1967.0,0,0,60.0,5,Reg,0,20,65.0,26.11993393300743,50720.0,5.2,5.6,2009,7,Q3,1Fam,0
328900.0,1709,2,3.0,9,2.0,1698.0,9,5119,5,0,506.0,1238.0,460.0,1709,1999.0,97,65,60.0,5,IR1,0,120,50.0,27.363846269205577,50140.0,5.69,3.3,2008,1,Q1,TwnhsE,1
145000.0,1712,4,2.0,47,2.0,1626.0,5,8393,8,0,588.0,528.0,1098.0,1712,2005.0,272,54,122.0,5,Reg,0,90,70.0,30.85894600589856,48130.0,6.67,3.1,2006,6,Q2,Duplex,1
135500.0,1393,3,1.5,53,1.0,816.0,5,16466,8,521,300.0,0.0,816.0,872,1955.0,121,0,0.0,7,IR1,265,50,59.0,27.363846269205577,50140.0,5.88,2.7,2008,4,Q2,1Fam,0
268000.0,2217,4,3.0,37,2.0,2217.0,8,15865,8,0,621.0,351.0,1043.0,2217,1970.0,81,207,0.0,6,IR1,224,20,95.0,29.102296283256685,48910.0,6.385,2.6,2007,10,Q4,1Fam,0
149500.0,1505,2,2.0,56,2.0,1505.0,6,12160,6,0,505.0,1024.0,481.0,1505,1953.0,0,0,90.0,4,Reg,0,20,128.0,26.11993393300743,50720.0,5.115,5.1,2009,2,Q1,1Fam,0
122900.0,924,3,1.0,58,2.0,672.0,5,8064,6,252,576.0,0.0,672.0,672,2003.0,0,0,0.0,7,Reg,0,50,60.0,29.102296283256685,48910.0,6.710000000000001,3.0,2007,7,Q3,1Fam,1
172500.0,1683,3,2.5,31,2.0,918.0,6,11184,7,765,440.0,226.0,192.0,918,1978.0,243,0,92.0,5,Reg,0,60,70.0,26.11993393300743,50720.0,5.2,5.6,2009,7,Q3,1Fam,0
154500.0,1068,3,1.5,43,1.0,1059.0,6,8414,6,0,264.0,663.0,396.0,1068,1963.0,192,0,0.0,8,Reg,0,20,70.0,30.85894600589856,48130.0,6.25,3.0,2006,2,Q1,1Fam,1
165000.0,1383,3,2.0,54,1.0,1383.0,5,13284,6,0,354.0,1064.0,319.0,1383,1954.0,511,116,0.0,5,Reg,0,20,68.0,27.363846269205577,50140.0,6.37,3.7,2008,6,Q2,1Fam,0
118858.0,1535,4,2.0,30,2.0,0.0,5,7018,8,0,400.0,0.0,0.0,1535,1979.0,0,0,0.0,5,Reg,0,90,64.0,26.11993393300743,50720.0,5.4,6.0,2009,6,Q2,Duplex,0
140000.0,1796,4,2.5,45,2.0,780.0,6,7056,8,813,483.0,400.0,380.0,983,1963.0,0,50,415.0,5,Reg,0,60,71.0,27.363846269205577,50140.0,6.1,2.9,2008,10,Q4,1Fam,0
106500.0,951,2,1.0,70,1.0,951.0,4,8765,6,0,327.0,285.0,666.0,951,1936.0,0,28,0.0,6,Reg,0,30,50.0,30.85894600589856,48130.0,6.51,2.4,2006,4,Q2,1Fam,1
142953.0,2240,6,2.0,30,2.0,0.0,5,7018,12,1120,528.0,0.0,0.0,1120,1979.0,154,0,0.0,5,Reg,0,90,64.0,26.11993393300743,50720.0,5.4,6.0,2009,6,Q2,Duplex,0
611657.0,2364,2,3.5,1,3.0,2330.0,9,12919,11,0,820.0,2188.0,142.0,2364,2009.0,0,67,760.0,5,IR1,0,20,100.0,25.221608273812684,49020.0,4.965,5.2,2010,3,Q1,1Fam,1
135000.0,1236,3,1.0,45,1.0,912.0,5,6993,6,0,288.0,465.0,447.0,1236,1961.0,0,0,0.0,7,Reg,0,20,65.0,30.85894600589856,48130.0,6.67,3.1,2006,6,Q2,1Fam,1
110000.0,858,2,1.0,36,1.0,858.0,4,7340,4,0,684.0,322.0,536.0,858,1979.0,0,0,0.0,6,IR1,0,20,68.0,29.102296283256685,48910.0,6.68,3.4,2007,6,Q2,1Fam,0
153000.0,1306,2,2.0,52,1.0,992.0,5,8712,5,0,756.0,860.0,132.0,1306,1968.0,0,0,0.0,7,IR1,0,20,64.0,26.11993393300743,50720.0,4.85,5.0,2009,5,Q2,1Fam,1
180000.0,1509,3,2.5,3,2.0,783.0,7,7875,8,702,393.0,0.0,783.0,807,2003.0,0,75,0.0,5,Reg,0,60,63.0,30.85894600589856,48130.0,6.765000000000001,2.8,2006,7,Q3,1Fam,0
240000.0,1670,3,2.0,0,3.0,1670.0,7,14859,7,0,690.0,0.0,1670.0,1670,2006.0,144,60,27.0,5,IR1,0,20,50.0,30.85894600589856,48130.0,6.52,2.6,2006,8,Q3,1Fam,0
125500.0,902,3,1.0,40,1.0,876.0,5,6173,6,0,288.0,599.0,277.0,902,1967.0,0,0,75.0,6,IR1,0,20,68.0,29.102296283256685,48910.0,6.59,3.0,2007,8,Q3,1Fam,0
128000.0,1063,3,2.0,56,1.0,1056.0,5,9920,6,0,280.0,354.0,412.0,1063,1954.0,0,0,110.0,5,Reg,0,20,80.0,25.221608273812684,49020.0,4.99,5.3,2010,2,Q1,1Fam,0
255000.0,1636,3,3.0,1,3.0,1623.0,8,13501,8,0,865.0,63.0,1560.0,1636,2006.0,0,60,208.0,5,IR1,0,20,116.0,29.102296283256685,48910.0,6.68,3.4,2007,6,Q2,1Fam,0
250000.0,2057,3,1.5,70,1.0,1017.0,7,11500,6,1037,180.0,223.0,794.0,1020,1936.0,0,0,0.0,7,IR1,322,50,86.0,30.85894600589856,48130.0,6.67,3.1,2006,6,Q2,1Fam,1
131000.0,902,2,2.0,23,2.0,864.0,5,8885,5,0,484.0,301.0,239.0,902,1983.0,164,0,0.0,5,IR1,0,20,68.0,30.85894600589856,48130.0,6.67,3.1,2006,6,Q2,1Fam,0
174000.0,1484,3,2.5,4,2.0,742.0,6,12589,8,742,390.0,0.0,742.0,742,2005.0,36,24,0.0,5,IR2,0,60,149.0,26.11993393300743,50720.0,5.4,6.0,2009,6,Q2,1Fam,0
154300.0,2274,5,2.0,50,2.0,1105.0,5,11600,12,1169,480.0,443.0,662.0,1105,1960.0,0,0,361.0,5,Reg,0,90,80.0,25.221608273812684,49020.0,5.025,5.5,2010,1,Q1,Duplex,0
143500.0,1268,3,1.5,32,1.0,1268.0,5,9286,5,0,252.0,196.0,1072.0,1268,1978.0,173,0,0.0,7,IR1,0,20,68.0,26.11993393300743,50720.0,4.94,4.4,2009,10,Q4,1Fam,1
88000.0,1015,3,1.0,81,1.0,768.0,5,6120,6,0,450.0,489.0,279.0,1015,1925.0,0,0,0.0,7,Reg,120,30,51.0,30.85894600589856,48130.0,6.765000000000001,2.8,2006,7,Q3,1Fam,1
145000.0,2002,4,2.0,58,3.0,1001.0,5,6270,8,1001,871.0,284.0,717.0,1001,1949.0,0,0,0.0,6,Reg,0,90,82.0,29.102296283256685,48910.0,6.59,3.0,2007,8,Q3,Duplex,1
173733.0,1224,2,2.5,0,2.0,612.0,6,3000,4,612,528.0,294.0,318.0,612,2009.0,0,234,76.0,5,Reg,0,160,30.0,26.11993393300743,50720.0,5.4,6.0,2009,6,Q2,TwnhsE,0
75000.0,1092,3,1.5,37,1.0,546.0,4,2001,6,546,286.0,0.0,546.0,546,1970.0,0,0,80.0,5,Reg,0,160,21.0,29.102296283256685,48910.0,6.220000000000001,3.0,2007,1,Q1,Twnhs,0
35311.0,480,1,1.0,57,1.0,480.0,2,9000,4,0,308.0,50.0,430.0,480,1958.0,0,0,0.0,3,Reg,0,20,50.0,30.85894600589856,48130.0,6.365,2.4,2006,10,Q4,1Fam,1
135000.0,1229,3,1.0,53,1.0,1134.0,4,17140,6,0,284.0,1059.0,75.0,1229,1956.0,0,0,0.0,6,Reg,0,20,68.0,26.11993393300743,50720.0,4.8,4.9,2009,4,Q2,1Fam,0
238000.0,2127,4,3.5,16,3.0,1104.0,7,13125,8,1215,833.0,48.0,422.0,912,1991.0,72,192,0.0,5,IR1,0,60,103.0,29.102296283256685,48910.0,6.24,2.6,2007,11,Q4,1Fam,0
176500.0,1414,3,2.0,50,2.0,1184.0,6,11029,6,0,601.0,528.0,245.0,1414,1990.0,0,51,0.0,8,IR1,190,20,87.0,27.363846269205577,50140.0,6.05,3.0,2008,5,Q2,1Fam,1
201000.0,1721,3,3.0,13,2.0,928.0,6,8462,7,785,471.0,814.0,114.0,936,1994.0,300,87,105.0,5,IR1,0,60,70.0,29.102296283256685,48910.0,6.710000000000001,3.0,2007,7,Q3,1Fam,0
145900.0,2200,4,5.0,108,0.0,1272.0,5,8777,9,928,0.0,1084.0,188.0,1272,1979.0,0,70,0.0,7,Reg,0,90,67.0,27.363846269205577,50140.0,6.01,3.0,2008,9,Q3,Duplex,1
169990.0,1316,3,2.0,1,2.0,1316.0,6,10237,6,0,397.0,28.0,1288.0,1316,2005.0,100,0,0.0,5,Reg,0,20,65.0,30.85894600589856,48130.0,6.365,2.4,2006,10,Q4,1Fam,1
193000.0,1617,2,3.0,15,2.0,1604.0,6,8012,5,0,533.0,165.0,598.0,1617,1993.0,0,69,0.0,5,Reg,0,120,50.0,27.363846269205577,50140.0,6.37,3.6,2008,7,Q3,TwnhsE,1
207500.0,1686,3,3.0,26,2.0,1686.0,6,10240,7,0,612.0,625.0,0.0,1686,1980.0,384,131,157.0,6,Reg,0,20,79.0,30.85894600589856,48130.0,6.595,2.4,2006,5,Q2,1Fam,0
175000.0,1126,3,2.5,31,2.0,1126.0,5,15611,6,0,540.0,767.0,266.0,1126,1977.0,180,0,0.0,6,IR1,0,20,68.0,27.363846269205577,50140.0,5.95,3.0,2008,3,Q1,1Fam,0
285000.0,2374,4,2.5,4,3.0,1181.0,8,11999,10,1140,656.0,0.0,1181.0,1234,2003.0,104,100,340.0,5,Reg,0,60,93.0,29.102296283256685,48910.0,6.21,2.8,2007,5,Q2,1Fam,1
176000.0,1978,4,2.5,40,2.0,832.0,7,9900,9,880,486.0,552.0,280.0,1098,1968.0,0,43,342.0,5,Reg,0,60,68.0,27.363846269205577,50140.0,5.88,2.7,2008,4,Q2,1Fam,0
236500.0,1788,3,2.0,8,2.0,1753.0,8,11838,7,0,522.0,0.0,1753.0,1788,2001.0,202,151,0.0,5,Reg,0,20,68.0,26.11993393300743,50720.0,5.4,6.0,2009,6,Q2,1Fam,0
222000.0,2236,4,2.5,9,2.0,964.0,7,13006,8,1243,642.0,0.0,964.0,993,1997.0,0,0,285.0,5,IR1,0,60,68.0,30.85894600589856,48130.0,6.24,2.4,2006,11,Q4,1Fam,0
201000.0,1466,3,2.0,2,3.0,1466.0,8,8925,7,0,610.0,16.0,1450.0,1466,2007.0,100,18,0.0,5,IR1,0,20,73.0,26.11993393300743,50720.0,5.2,5.6,2009,7,Q3,1Fam,0
117500.0,925,2,1.5,44,1.0,925.0,5,9100,5,0,429.0,338.0,121.0,925,1965.0,0,0,0.0,6,Reg,0,20,70.0,26.11993393300743,50720.0,5.2,5.6,2009,7,Q3,1Fam,0
320000.0,1905,3,2.0,1,3.0,1905.0,9,11670,8,0,788.0,0.0,1905.0,1905,2006.0,0,191,302.0,5,IR1,0,20,84.0,29.102296283256685,48910.0,6.16,2.9,2007,3,Q1,1Fam,0
190000.0,1500,3,2.0,5,2.0,1500.0,7,8487,6,0,570.0,20.0,1480.0,1500,2004.0,192,36,210.0,5,Reg,0,20,63.0,26.11993393300743,50720.0,5.18,5.6,2009,8,Q3,1Fam,0
242000.0,2069,4,3.0,48,2.0,585.0,7,27650,9,0,505.0,425.0,160.0,2069,1960.0,0,0,0.0,7,IR2,0,20,313.0,27.363846269205577,50140.0,6.09,3.1,2008,11,Q4,1Fam,1
79900.0,747,1,1.0,80,2.0,600.0,4,5825,5,0,528.0,0.0,600.0,747,1953.0,0,0,108.0,5,IR1,0,30,52.0,30.85894600589856,48130.0,6.67,3.1,2006,6,Q2,1Fam,1
184900.0,1200,2,3.0,6,2.0,1176.0,7,10083,5,0,555.0,833.0,343.0,1200,2003.0,0,41,0.0,5,Reg,0,20,67.0,26.11993393300743,50720.0,5.18,5.6,2009,8,Q3,1Fam,0
253000.0,1971,3,2.5,4,2.0,1113.0,7,9675,8,858,689.0,341.0,772.0,1113,2005.0,0,48,0.0,5,Reg,0,60,75.0,26.11993393300743,50720.0,5.115,5.1,2009,2,Q1,1Fam,0
239799.0,1962,3,2.5,0,3.0,1391.0,7,8760,7,571,868.0,464.0,927.0,1391,2006.0,0,90,0.0,5,Reg,0,60,73.0,30.85894600589856,48130.0,6.52,2.6,2006,8,Q3,1Fam,0
244400.0,2403,4,2.0,70,1.0,1032.0,7,24090,10,1196,349.0,0.0,1032.0,1207,1940.0,56,0,0.0,7,Reg,0,70,68.0,25.221608273812684,49020.0,4.734999999999999,5.0,2010,6,Q2,1Fam,1
150900.0,1728,4,2.0,30,2.0,1728.0,6,12640,8,0,574.0,936.0,396.0,1728,1976.0,40,0,0.0,5,IR1,0,90,55.0,30.85894600589856,48130.0,6.765000000000001,2.8,2006,7,Q3,Duplex,0
214000.0,2060,3,3.5,10,2.0,992.0,7,8755,8,1038,390.0,772.0,220.0,1022,1999.0,0,0,298.0,5,IR1,0,60,68.0,26.11993393300743,50720.0,5.4,6.0,2009,6,Q2,1Fam,0
150000.0,1440,4,4.0,30,0.0,1440.0,4,7711,8,0,0.0,1440.0,0.0,1440,1979.0,321,0,0.0,3,IR1,0,90,42.0,29.102296283256685,48910.0,6.59,3.0,2007,8,Q3,Duplex,0
143000.0,1632,4,2.0,40,2.0,1632.0,5,25000,8,0,576.0,0.0,1632.0,1632,1967.0,0,0,0.0,4,Reg,0,90,100.0,29.102296283256685,48910.0,6.68,3.4,2007,6,Q2,Duplex,0
137500.0,1344,3,1.5,51,2.0,819.0,6,14375,7,0,525.0,111.0,354.0,1344,1958.0,0,118,541.0,6,IR1,233,20,68.0,26.11993393300743,50720.0,5.055,5.0,2009,1,Q1,1Fam,0
124900.0,1869,2,1.0,119,2.0,1088.0,5,8820,7,561,456.0,1088.0,0.0,1188,1963.0,48,0,0.0,6,Reg,0,50,98.0,26.11993393300743,50720.0,5.055,4.7,2009,9,Q3,1Fam,1
143000.0,1144,3,2.0,47,1.0,1144.0,5,8163,6,0,796.0,748.0,102.0,1144,1959.0,86,0,128.0,6,Reg,0,80,70.0,30.85894600589856,48130.0,6.34,2.7,2006,3,Q1,1Fam,0
270000.0,1629,3,3.0,5,3.0,1616.0,8,14536,9,0,808.0,1300.0,316.0,1629,2002.0,0,252,236.0,5,Reg,0,20,85.0,29.102296283256685,48910.0,6.24,2.6,2007,11,Q4,1Fam,1
192500.0,1776,3,2.5,4,2.0,936.0,7,14006,7,840,474.0,0.0,936.0,936,2002.0,144,96,144.0,5,IR1,0,60,65.0,30.85894600589856,48130.0,6.25,3.0,2006,2,Q1,1Fam,0
197500.0,1381,3,2.5,38,2.0,1161.0,6,9360,5,0,676.0,982.0,179.0,1381,1972.0,0,0,0.0,7,Reg,0,20,78.0,25.221608273812684,49020.0,4.965,5.2,2010,3,Q1,1Fam,1
129000.0,864,3,2.0,57,2.0,864.0,5,7200,5,0,720.0,398.0,317.0,864,1980.0,194,0,0.0,8,Reg,0,20,60.0,29.102296283256685,48910.0,6.710000000000001,3.0,2007,7,Q3,1Fam,1
119900.0,965,3,2.0,41,1.0,828.0,5,7800,6,0,300.0,641.0,187.0,965,1979.0,421,0,0.0,5,Reg,0,20,60.0,30.85894600589856,48130.0,6.765000000000001,2.8,2006,7,Q3,1Fam,0
133900.0,768,2,1.5,37,1.0,768.0,5,7200,5,0,396.0,660.0,108.0,768,1974.0,192,0,0.0,8,Reg,0,85,60.0,26.11993393300743,50720.0,4.8,4.9,2009,4,Q2,1Fam,1
172000.0,1968,4,3.0,39,2.0,784.0,5,11075,7,800,530.0,562.0,29.0,1168,1969.0,305,189,232.0,4,IR1,0,60,68.0,27.363846269205577,50140.0,6.01,3.0,2008,9,Q3,1Fam,0
127500.0,980,4,3.0,31,0.0,945.0,6,9400,4,0,0.0,945.0,0.0,980,1979.0,0,0,250.0,5,IR1,0,90,35.0,30.85894600589856,48130.0,6.365,2.4,2006,10,Q4,Duplex,0
145000.0,1958,4,2.0,61,2.0,979.0,6,7136,8,979,492.0,484.0,495.0,979,1946.0,0,0,423.0,6,IR1,0,90,82.0,29.102296283256685,48910.0,6.59,3.0,2007,8,Q3,Duplex,1
124000.0,1229,2,1.5,29,2.0,561.0,6,1300,5,668,462.0,285.0,276.0,561,1980.0,150,0,0.0,6,Reg,0,160,24.0,26.11993393300743,50720.0,4.85,5.0,2009,5,Q2,TwnhsE,0
132000.0,1057,3,1.0,45,2.0,1057.0,5,7420,6,0,576.0,417.0,640.0,1057,1977.0,0,0,0.0,5,Reg,0,20,70.0,29.102296283256685,48910.0,6.17,2.8,2007,4,Q2,1Fam,0
185000.0,1337,3,3.0,4,2.0,1337.0,7,8450,6,0,531.0,699.0,638.0,1337,2003.0,0,39,0.0,5,Reg,0,20,65.0,29.102296283256685,48910.0,6.385,2.6,2007,10,Q4,1Fam,0
155000.0,1416,3,3.5,11,2.0,696.0,7,2572,6,720,484.0,604.0,92.0,696,1999.0,0,44,0.0,5,Reg,0,160,24.0,25.221608273812684,49020.0,4.885,4.3,2010,5,Q2,Twnhs,0
116500.0,858,2,2.0,52,0.0,858.0,5,7207,4,0,0.0,696.0,162.0,858,1979.0,117,0,0.0,7,IR1,0,20,50.0,25.221608273812684,49020.0,4.99,5.3,2010,2,Q1,1Fam,1
272000.0,2872,4,3.5,31,2.0,1330.0,6,12227,11,1330,619.0,896.0,434.0,1542,1977.0,550,282,424.0,7,IR1,0,60,68.0,27.363846269205577,50140.0,6.37,3.6,2008,7,Q3,1Fam,1
155000.0,1548,3,3.5,31,2.0,804.0,6,2308,7,744,440.0,556.0,248.0,804,1976.0,48,0,0.0,6,Reg,0,160,24.0,29.102296283256685,48910.0,6.710000000000001,3.0,2007,7,Q3,TwnhsE,0
239000.0,1800,2,2.0,2,2.0,1800.0,9,11923,7,0,702.0,0.0,1800.0,1800,2007.0,288,136,0.0,5,IR1,0,20,122.0,26.11993393300743,50720.0,4.85,5.0,2009,5,Q2,1Fam,0
214900.0,1894,4,3.5,8,2.0,817.0,7,11316,8,1070,510.0,624.0,193.0,824,2002.0,0,40,44.0,5,Reg,0,60,80.0,25.221608273812684,49020.0,4.99,5.3,2010,2,Q1,1Fam,1
178900.0,1484,3,2.5,2,2.0,783.0,6,10237,8,701,393.0,0.0,783.0,783,2005.0,0,72,0.0,5,Reg,0,60,65.0,29.102296283256685,48910.0,6.710000000000001,3.0,2007,7,Q3,1Fam,1
160000.0,1308,2,2.5,69,1.0,728.0,5,9600,7,332,256.0,428.0,300.0,976,1940.0,0,70,0.0,7,IR1,0,50,130.0,26.11993393300743,50720.0,5.4,6.0,2009,6,Q2,1Fam,1
135000.0,1098,3,2.0,53,1.0,1098.0,5,7390,6,0,260.0,902.0,196.0,1098,1955.0,0,0,151.0,7,IR1,0,20,68.0,27.363846269205577,50140.0,6.37,3.6,2008,7,Q3,1Fam,0
37900.0,968,2,1.0,99,0.0,600.0,3,5925,6,368,0.0,0.0,600.0,600,1979.0,0,0,0.0,6,Reg,0,50,50.0,26.11993393300743,50720.0,4.85,5.0,2009,5,Q2,1Fam,1
140000.0,1095,2,2.0,48,1.0,588.0,6,10382,6,0,264.0,513.0,75.0,1095,1958.0,0,0,105.0,5,Reg,0,190,75.0,30.85894600589856,48130.0,6.34,2.7,2006,3,Q1,2fmCon,0
135000.0,1192,4,1.5,57,0.0,720.0,4,10800,6,472,0.0,0.0,720.0,720,1979.0,0,0,0.0,4,Reg,0,50,60.0,30.85894600589856,48130.0,6.125,2.5,2006,12,Q4,1Fam,1
173000.0,1626,2,2.0,6,2.0,764.0,7,2268,6,862,474.0,567.0,197.0,764,2003.0,0,27,106.0,5,Reg,0,160,36.0,26.11993393300743,50720.0,5.2,5.6,2009,7,Q3,Twnhs,1
99500.0,918,2,2.0,31,1.0,918.0,6,7892,5,0,264.0,0.0,918.0,918,1979.0,28,0,0.0,5,Reg,0,120,55.0,25.221608273812684,49020.0,5.07,4.3,2010,4,Q2,TwnhsE,0
182000.0,1428,3,2.0,1,2.0,1428.0,7,11639,6,0,480.0,0.0,1428.0,1428,2007.0,0,120,0.0,5,Reg,0,20,95.0,27.363846269205577,50140.0,5.19,3.8,2008,12,Q4,1Fam,1
167500.0,2019,3,1.0,99,2.0,728.0,7,11414,8,883,532.0,0.0,728.0,1136,1997.0,509,135,0.0,8,IR1,0,70,60.0,26.11993393300743,50720.0,4.94,4.4,2009,10,Q4,1Fam,1
165000.0,1382,3,3.5,6,2.0,673.0,7,2651,6,709,490.0,641.0,32.0,673,2000.0,153,50,0.0,5,Reg,0,160,68.0,30.85894600589856,48130.0,6.51,2.4,2006,4,Q2,Twnhs,0
85500.0,869,2,1.0,83,0.0,440.0,4,5900,4,0,0.0,0.0,440.0,869,1979.0,0,0,0.0,7,IR1,0,30,51.0,30.85894600589856,48130.0,6.52,2.6,2006,8,Q3,1Fam,1
199900.0,1241,1,2.5,1,2.0,1241.0,7,4274,4,0,569.0,1106.0,135.0,1241,2007.0,0,116,0.0,5,IR1,0,120,35.0,29.102296283256685,48910.0,6.24,2.6,2007,11,Q4,TwnhsE,1
110000.0,894,3,1.0,53,2.0,894.0,4,9450,5,0,400.0,552.0,342.0,894,1999.0,0,0,0.0,5,Reg,0,20,68.0,29.102296283256685,48910.0,6.21,2.8,2007,5,Q2,1Fam,0
139000.0,1121,3,2.0,46,2.0,1121.0,5,8816,5,0,480.0,651.0,470.0,1121,1963.0,0,80,0.0,6,Reg,0,20,80.0,26.11993393300743,50720.0,5.4,6.0,2009,6,Q2,1Fam,0
178400.0,999,3,2.0,47,2.0,944.0,7,12122,6,0,588.0,867.0,77.0,999,1961.0,144,76,210.0,9,IR1,0,85,68.0,27.363846269205577,50140.0,6.37,3.6,2008,7,Q3,1Fam,1
336000.0,2612,4,3.5,11,3.0,1225.0,8,12203,8,1336,676.0,854.0,371.0,1276,1998.0,250,0,975.0,5,IR1,0,60,98.0,26.11993393300743,50720.0,5.2,5.6,2009,7,Q3,1Fam,1
159895.0,1266,2,2.0,1,2.0,1266.0,7,3182,6,0,388.0,0.0,1266.0,1266,2007.0,100,16,16.0,5,Reg,0,20,43.0,27.363846269205577,50140.0,5.95,3.0,2008,3,Q1,1Fam,0
255900.0,2290,4,2.5,6,2.0,1128.0,8,11250,9,1141,779.0,0.0,1128.0,1149,2002.0,0,0,0.0,5,Reg,0,60,68.0,27.363846269205577,50140.0,6.05,3.0,2008,5,Q2,1Fam,0
126000.0,1734,4,2.0,32,2.0,0.0,5,10125,8,432,539.0,0.0,0.0,1302,1977.0,0,0,0.0,5,Reg,0,90,75.0,26.11993393300743,50720.0,5.18,5.6,2009,8,Q3,Duplex,0
125000.0,1164,3,2.0,58,1.0,1164.0,5,10880,5,0,240.0,1040.0,124.0,1164,1950.0,0,48,0.0,5,Reg,0,190,68.0,27.363846269205577,50140.0,6.494999999999999,3.6,2008,8,Q3,2fmCon,0
117000.0,1635,2,1.0,96,1.0,485.0,6,5310,5,634,255.0,0.0,485.0,1001,1950.0,394,0,0.0,8,Reg,0,50,59.0,30.85894600589856,48130.0,6.67,3.1,2006,6,Q2,1Fam,1
395192.0,1940,3,3.5,1,3.0,1930.0,9,10159,8,0,606.0,1646.0,284.0,1940,2010.0,168,95,450.0,5,IR1,0,20,83.0,25.221608273812684,49020.0,5.07,4.3,2010,4,Q2,1Fam,1
195000.0,2030,4,2.5,31,2.0,848.0,6,12046,8,912,551.0,156.0,692.0,1118,1976.0,0,224,298.0,6,IR1,0,60,68.0,29.102296283256685,48910.0,6.68,3.4,2007,6,Q2,1Fam,0
197000.0,1576,3,2.5,0,2.0,770.0,7,8125,6,798,614.0,0.0,770.0,778,2006.0,0,50,0.0,5,Reg,0,60,65.0,30.85894600589856,48130.0,6.52,2.6,2006,8,Q3,1Fam,0
348000.0,2392,3,3.5,9,3.0,1396.0,8,9452,7,985,870.0,1074.0,322.0,1407,1997.0,0,70,423.0,5,Reg,0,60,82.0,30.85894600589856,48130.0,6.67,3.1,2006,6,Q2,1Fam,1
168000.0,1742,4,1.5,127,2.0,916.0,8,17671,8,826,424.0,216.0,700.0,916,1925.0,0,169,0.0,9,Reg,0,70,121.0,26.11993393300743,50720.0,4.87,4.6,2009,11,Q4,1Fam,1
187000.0,1851,3,2.5,43,2.0,822.0,6,9760,7,831,440.0,536.0,169.0,1020,1964.0,239,42,340.0,8,Reg,0,60,80.0,29.102296283256685,48910.0,6.710000000000001,3.0,2007,7,Q3,1Fam,1
173900.0,1500,3,2.5,1,2.0,750.0,6,8846,6,750,564.0,0.0,750.0,750,2005.0,0,35,0.0,5,Reg,0,60,68.0,30.85894600589856,48130.0,6.52,2.6,2006,8,Q3,1Fam,1
337500.0,1718,3,3.0,3,3.0,1700.0,10,12456,7,0,786.0,1172.0,528.0,1718,2008.0,216,48,230.0,5,Reg,0,20,96.0,26.11993393300743,50720.0,5.2,5.6,2009,7,Q3,1Fam,1
121600.0,1230,3,2.5,60,1.0,747.0,4,4712,5,456,305.0,384.0,363.0,774,1946.0,0,57,0.0,7,IR1,63,50,51.0,30.85894600589856,48130.0,6.52,2.6,2006,8,Q3,1Fam,1
136500.0,1050,3,2.0,45,1.0,1050.0,5,10659,6,0,368.0,915.0,135.0,1050,1961.0,0,319,0.0,6,IR1,0,20,68.0,30.85894600589856,48130.0,6.135,3.1,2006,1,Q1,1Fam,0
185000.0,1442,2,2.0,39,2.0,1442.0,6,11717,6,0,615.0,0.0,1442.0,1442,1970.0,371,0,571.0,6,IR1,0,20,68.0,26.11993393300743,50720.0,5.115,5.1,2009,2,Q1,1Fam,0
91000.0,1077,3,1.0,84,1.0,1007.0,3,9786,6,0,210.0,0.0,1007.0,1077,1922.0,0,100,0.0,4,Reg,0,30,60.0,30.85894600589856,48130.0,6.595,2.4,2006,5,Q2,1Fam,1
206000.0,1208,2,3.0,4,2.0,1187.0,7,6762,6,0,632.0,686.0,501.0,1208,2006.0,105,61,24.0,5,Reg,0,20,64.0,25.221608273812684,49020.0,4.99,5.3,2010,2,Q1,1Fam,0
82000.0,944,2,1.0,57,2.0,0.0,3,10206,4,0,528.0,0.0,0.0,944,1956.0,0,0,0.0,3,Reg,0,20,74.0,26.11993393300743,50720.0,5.2,5.6,2009,7,Q3,1Fam,0
86000.0,691,2,1.0,87,1.0,691.0,5,5400,4,0,216.0,0.0,691.0,691,1920.0,0,20,0.0,6,Reg,0,30,60.0,29.102296283256685,48910.0,6.220000000000001,3.0,2007,1,Q1,1Fam,1
232000.0,1574,3,2.0,2,3.0,1574.0,8,11957,7,0,824.0,24.0,1550.0,1574,2006.0,144,104,53.0,5,IR1,0,20,75.0,27.363846269205577,50140.0,6.37,3.6,2008,7,Q3,1Fam,0
136905.0,1680,4,2.0,31,2.0,1680.0,5,11500,8,0,528.0,0.0,1680.0,1680,1976.0,0,0,164.0,6,IR1,0,90,68.0,29.102296283256685,48910.0,6.68,3.4,2007,6,Q2,Duplex,0
181000.0,1504,1,2.0,4,2.0,1346.0,7,3182,7,0,457.0,16.0,1330.0,1504,2005.0,156,0,16.0,5,Reg,0,120,43.0,26.11993393300743,50720.0,4.85,5.0,2009,5,Q2,TwnhsE,1
149900.0,985,3,2.0,31,1.0,985.0,5,8385,6,0,328.0,595.0,390.0,985,1977.0,210,0,220.0,8,Reg,0,80,65.0,27.363846269205577,50140.0,6.09,3.1,2008,11,Q4,1Fam,0
163500.0,1657,3,2.5,37,2.0,1657.0,6,12155,7,0,484.0,1237.0,420.0,1657,1970.0,0,0,0.0,3,IR3,147,20,68.0,29.102296283256685,48910.0,6.16,2.9,2007,3,Q1,1Fam,0
88000.0,1092,3,1.5,39,1.0,546.0,4,2217,6,546,286.0,273.0,0.0,546,1970.0,238,0,0.0,4,Reg,0,160,21.0,26.11993393300743,50720.0,5.18,5.6,2009,8,Q3,TwnhsE,0
240000.0,1710,3,2.0,5,2.0,1710.0,7,12118,7,0,550.0,0.0,1710.0,1710,2004.0,100,48,108.0,5,IR1,180,20,43.0,26.11993393300743,50720.0,4.8,4.9,2009,4,Q2,1Fam,1
102000.0,1522,4,2.0,80,0.0,1008.0,5,6000,7,0,0.0,0.0,1008.0,1008,1979.0,0,0,0.0,5,Reg,0,50,60.0,30.85894600589856,48130.0,6.67,3.1,2006,6,Q2,1Fam,1
135000.0,1271,4,2.0,60,1.0,720.0,5,21286,7,551,312.0,0.0,720.0,720,1948.0,0,0,0.0,5,Reg,0,50,115.0,27.363846269205577,50140.0,6.494999999999999,3.6,2008,8,Q3,1Fam,1
100000.0,1664,4,2.0,45,0.0,0.0,5,9825,8,0,0.0,0.0,0.0,1664,1979.0,0,0,0.0,5,Reg,0,90,75.0,25.221608273812684,49020.0,4.885,4.3,2010,5,Q2,Duplex,0
165000.0,1502,3,1.5,84,1.0,602.0,6,10592,7,602,180.0,0.0,602.0,900,1923.0,96,0,0.0,7,Reg,53,70,55.0,29.102296283256685,48910.0,6.59,3.0,2007,8,Q3,1Fam,1
85000.0,1022,2,2.0,99,1.0,1022.0,5,7200,4,0,280.0,247.0,310.0,1022,1956.0,0,30,0.0,4,Reg,0,30,60.0,26.11993393300743,50720.0,5.4,6.0,2009,6,Q2,1Fam,1
119200.0,1082,2,1.0,59,1.0,1082.0,6,11664,5,0,240.0,336.0,746.0,1082,1948.0,0,130,206.0,5,Reg,0,20,60.0,29.102296283256685,48910.0,6.24,2.6,2007,11,Q4,1Fam,1
227000.0,1665,3,3.5,8,2.0,810.0,8,8400,6,855,528.0,643.0,167.0,810,2001.0,0,45,0.0,6,Reg,0,60,70.0,26.11993393300743,50720.0,4.87,4.6,2009,11,Q4,1Fam,0
203000.0,1504,3,3.0,13,2.0,1504.0,7,11883,6,0,478.0,690.0,814.0,1504,1996.0,115,66,196.0,5,Reg,0,20,73.0,26.11993393300743,50720.0,5.4,6.0,2009,6,Q2,1Fam,0
187500.0,1360,1,2.0,25,2.0,1220.0,8,5814,4,0,565.0,1036.0,184.0,1360,1984.0,63,0,0.0,5,IR1,0,120,68.0,26.11993393300743,50720.0,5.18,5.6,2009,8,Q3,TwnhsE,0
160000.0,1472,3,2.5,16,2.0,384.0,7,10784,7,670,402.0,0.0,384.0,802,1991.0,164,0,76.0,5,IR1,0,80,68.0,29.102296283256685,48910.0,6.21,2.8,2007,5,Q2,1Fam,1
213490.0,1506,2,2.0,1,2.0,1362.0,7,3013,6,0,440.0,16.0,1346.0,1506,2005.0,142,20,145.0,5,Reg,0,120,43.0,30.85894600589856,48130.0,6.51,2.4,2006,4,Q2,TwnhsE,0
176000.0,1132,2,2.5,3,2.0,1132.0,4,7024,5,0,451.0,1024.0,108.0,1132,2005.0,252,64,0.0,5,Reg,0,20,60.0,27.363846269205577,50140.0,6.37,3.7,2008,6,Q2,1Fam,0
194000.0,1220,2,3.0,0,2.0,1199.0,7,7406,6,0,632.0,684.0,515.0,1220,2006.0,105,54,84.0,5,Reg,0,20,64.0,30.85894600589856,48130.0,6.765000000000001,2.8,2006,7,Q3,1Fam,0
87000.0,1248,2,1.0,77,1.0,912.0,5,9439,6,336,160.0,324.0,588.0,912,1957.0,0,0,0.0,5,Reg,0,50,52.0,29.102296283256685,48910.0,6.16,2.9,2007,3,Q1,1Fam,1
191000.0,1504,2,2.0,3,2.0,1346.0,7,3182,7,0,437.0,16.0,1330.0,1504,2005.0,156,20,14.0,5,Reg,0,120,43.0,27.363846269205577,50140.0,6.05,3.0,2008,5,Q2,TwnhsE,1
287000.0,2898,2,3.0,32,2.0,1565.0,8,15498,10,0,665.0,1165.0,0.0,2898,1976.0,0,72,0.0,6,IR1,0,20,68.0,27.363846269205577,50140.0,6.05,3.0,2008,5,Q2,1Fam,0
112500.0,882,3,2.0,35,2.0,882.0,5,7700,5,0,461.0,138.0,276.0,882,1980.0,96,0,0.0,5,Reg,0,20,70.0,29.102296283256685,48910.0,6.16,2.9,2007,3,Q1,1Fam,0
167500.0,1264,3,2.0,50,2.0,1268.0,5,9300,6,0,461.0,697.0,571.0,1264,1960.0,0,0,324.0,5,Reg,143,20,73.0,25.221608273812684,49020.0,5.07,4.3,2010,4,Q2,1Fam,0
293077.0,1646,3,3.0,1,3.0,1638.0,8,9520,7,0,800.0,1513.0,125.0,1646,2008.0,192,44,338.0,5,IR1,0,20,71.0,27.363846269205577,50140.0,5.88,2.7,2008,4,Q2,1Fam,1
105000.0,1376,3,2.0,66,1.0,768.0,5,9492,6,408,240.0,368.0,359.0,968,1941.0,0,0,0.0,5,Reg,0,50,79.0,29.102296283256685,48910.0,6.17,2.8,2007,4,Q2,1Fam,1
118000.0,1218,3,2.0,34,1.0,672.0,6,1680,7,546,264.0,317.0,355.0,672,1972.0,0,28,281.0,7,Reg,0,160,21.0,30.85894600589856,48130.0,6.595,2.4,2006,5,Q2,Twnhs,0
160000.0,1928,5,2.0,90,0.0,686.0,5,7082,10,980,0.0,0.0,686.0,948,1979.0,0,0,0.0,8,Reg,0,190,68.0,30.85894600589856,48130.0,6.765000000000001,2.8,2006,7,Q3,2fmCon,1
197000.0,3082,5,3.5,89,2.0,824.0,7,15863,12,998,672.0,523.0,301.0,1687,1970.0,136,63,0.0,3,Reg,0,75,102.0,26.11993393300743,50720.0,5.18,5.6,2009,8,Q3,1Fam,1
310000.0,2520,5,3.5,13,3.0,1338.0,8,14541,10,1168,796.0,1012.0,326.0,1352,1993.0,209,55,0.0,7,IR1,0,60,68.0,30.85894600589856,48130.0,6.24,2.4,2006,11,Q4,1Fam,0
230000.0,1654,3,3.0,4,3.0,1654.0,7,8125,6,0,900.0,986.0,668.0,1654,2002.0,0,136,295.0,5,Reg,0,20,68.0,30.85894600589856,48130.0,6.25,3.0,2006,2,Q1,1Fam,0
119750.0,954,2,1.0,69,1.0,920.0,5,6305,5,0,240.0,0.0,920.0,954,1938.0,0,0,0.0,7,Reg,0,30,50.0,29.102296283256685,48910.0,6.68,3.4,2007,6,Q2,1Fam,1
84000.0,845,3,1.0,52,1.0,0.0,4,11500,5,0,290.0,0.0,0.0,845,1957.0,186,0,0.0,3,IR1,0,20,68.0,26.11993393300743,50720.0,5.055,5.0,2009,1,Q1,1Fam,0
315500.0,1620,2,3.0,2,3.0,1620.0,9,12898,6,0,912.0,1022.0,598.0,1620,2008.0,228,0,70.0,5,IR1,0,20,89.0,26.11993393300743,50720.0,5.055,4.7,2009,9,Q3,1Fam,1
287000.0,2263,3,2.5,7,2.0,1055.0,8,9240,7,1208,905.0,0.0,1055.0,1055,2001.0,0,45,396.0,5,Reg,189,60,68.0,27.363846269205577,50140.0,6.01,3.0,2008,9,Q3,1Fam,1
97000.0,1344,3,1.5,39,0.0,546.0,4,1533,6,546,0.0,0.0,546.0,798,1979.0,0,0,0.0,6,Reg,0,160,21.0,26.11993393300743,50720.0,4.85,5.0,2009,5,Q2,Twnhs,1
80000.0,630,1,2.0,39,1.0,630.0,4,1477,3,0,286.0,509.0,121.0,630,1970.0,0,0,0.0,4,Reg,0,180,21.0,26.11993393300743,50720.0,4.8,4.9,2009,4,Q2,TwnhsE,0
155000.0,1803,3,3.0,49,2.0,1134.0,5,13125,8,0,484.0,168.0,284.0,1803,1957.0,0,0,67.0,4,Reg,0,20,88.0,30.85894600589856,48130.0,6.135,3.1,2006,1,Q1,1Fam,1
173000.0,1632,4,2.0,42,2.0,800.0,6,9130,7,832,484.0,400.0,336.0,800,1966.0,0,40,252.0,8,Reg,0,60,68.0,27.363846269205577,50140.0,6.37,3.6,2008,7,Q3,1Fam,1
196000.0,1306,1,3.0,4,2.0,1306.0,6,5381,5,0,624.0,900.0,406.0,1306,2005.0,170,63,135.0,5,IR1,0,120,34.0,26.11993393300743,50720.0,5.18,5.6,2009,8,Q3,Twnhs,0
262280.0,2329,4,3.5,18,2.0,1475.0,7,11839,10,797,514.0,1085.0,390.0,1532,1990.0,192,121,99.0,5,Reg,0,60,86.0,27.363846269205577,50140.0,6.05,3.0,2008,5,Q2,1Fam,0
278000.0,2524,4,3.5,28,2.0,2524.0,8,9600,9,0,542.0,1104.0,1420.0,2524,1981.0,474,120,0.0,5,Reg,0,20,80.0,26.11993393300743,50720.0,5.2,5.6,2009,7,Q3,1Fam,0
139600.0,1733,4,2.0,54,2.0,0.0,3,13680,8,0,452.0,0.0,0.0,1733,1955.0,0,0,0.0,5,IR1,0,20,68.0,26.11993393300743,50720.0,5.4,6.0,2009,6,Q2,1Fam,0
556581.0,2868,4,3.5,1,3.0,1992.0,9,16056,11,876,716.0,240.0,1752.0,1992,2005.0,214,108,208.0,5,IR1,0,60,85.0,30.85894600589856,48130.0,6.765000000000001,2.8,2006,7,Q3,1Fam,1
145000.0,990,3,1.5,14,2.0,990.0,5,9245,5,0,672.0,686.0,304.0,990,1996.0,0,0,0.0,5,IR2,0,20,57.0,27.363846269205577,50140.0,5.88,3.1,2008,2,Q1,1Fam,1
115000.0,1771,3,1.0,49,2.0,0.0,5,21750,9,0,336.0,0.0,0.0,1771,1960.0,0,0,75.0,4,Reg,0,20,100.0,26.11993393300743,50720.0,4.87,4.6,2009,11,Q4,1Fam,1
84900.0,930,2,1.0,64,1.0,0.0,4,11100,6,0,308.0,0.0,0.0,930,1946.0,0,0,0.0,7,Reg,0,20,60.0,25.221608273812684,49020.0,5.07,4.3,2010,4,Q2,1Fam,1
176485.0,1302,3,2.0,0,2.0,1302.0,7,8993,6,0,436.0,0.0,1302.0,1302,2007.0,0,22,0.0,5,IR1,0,20,73.0,29.102296283256685,48910.0,6.59,3.0,2007,8,Q3,1Fam,0
200141.0,1316,3,2.0,0,2.0,1316.0,7,11175,6,0,440.0,0.0,1316.0,1316,2007.0,0,20,0.0,5,IR1,0,20,103.0,29.102296283256685,48910.0,6.385,2.6,2007,10,Q4,1Fam,0
165000.0,1977,4,2.0,43,2.0,816.0,6,9500,9,850,540.0,442.0,374.0,1127,1964.0,0,52,272.0,6,Reg,0,60,100.0,29.102296283256685,48910.0,6.68,3.4,2007,6,Q2,1Fam,1
144500.0,1526,4,1.0,53,1.0,1216.0,5,8562,7,0,364.0,383.0,833.0,1526,1957.0,116,78,145.0,6,Reg,0,20,68.0,25.221608273812684,49020.0,4.885,4.3,2010,5,Q2,1Fam,1
255000.0,1989,3,3.5,4,2.0,1065.0,8,11367,7,898,586.0,932.0,133.0,1091,2002.0,199,60,210.0,5,Reg,0,60,90.0,30.85894600589856,48130.0,6.24,2.4,2006,11,Q4,1Fam,0
180000.0,1523,3,2.5,32,2.0,1193.0,6,11361,7,0,478.0,644.0,549.0,1523,1976.0,0,0,160.0,5,Reg,189,20,104.0,27.363846269205577,50140.0,6.05,3.0,2008,5,Q2,1Fam,0
185850.0,1364,2,3.0,1,2.0,1364.0,7,7052,6,0,484.0,659.0,705.0,1364,2005.0,192,36,240.0,5,IR1,0,120,43.0,30.85894600589856,48130.0,6.67,3.1,2006,6,Q2,TwnhsE,0
248000.0,1850,3,2.5,15,2.0,973.0,7,29959,7,871,467.0,595.0,378.0,979,1994.0,168,98,0.0,6,IR2,0,60,68.0,26.11993393300743,50720.0,5.055,5.0,2009,1,Q1,1Fam,0
335000.0,2184,3,3.5,1,3.0,1104.0,9,11308,10,1054,836.0,936.0,168.0,1130,2008.0,0,102,154.0,5,IR1,0,60,96.0,26.11993393300743,50720.0,5.2,5.6,2009,7,Q3,1Fam,0
220000.0,1991,3,1.5,75,2.0,854.0,6,11275,7,895,432.0,297.0,0.0,1096,1977.0,0,0,480.0,7,IR1,0,50,68.0,29.102296283256685,48910.0,6.16,2.9,2007,3,Q1,1Fam,1
213500.0,1338,2,3.0,9,2.0,1338.0,8,4920,6,0,582.0,616.0,722.0,1338,2001.0,0,0,0.0,5,Reg,0,120,41.0,25.221608273812684,49020.0,5.07,4.3,2010,4,Q2,TwnhsE,0
81000.0,894,2,1.0,73,3.0,894.0,3,18000,6,0,1248.0,0.0,894.0,894,1994.0,0,20,0.0,4,Reg,0,30,120.0,27.363846269205577,50140.0,6.494999999999999,3.6,2008,8,Q3,1Fam,1
90000.0,2337,5,2.0,107,2.0,662.0,5,13600,10,915,560.0,0.0,662.0,1422,1945.0,0,57,0.0,5,Reg,0,190,85.0,29.102296283256685,48910.0,6.38,2.8,2007,9,Q3,2fmCon,1
110500.0,1103,2,1.0,81,2.0,1103.0,6,6000,5,0,440.0,397.0,706.0,1103,1976.0,166,120,0.0,6,Reg,0,30,50.0,30.85894600589856,48130.0,6.765000000000001,2.8,2006,7,Q3,1Fam,1
154000.0,1154,3,1.5,43,2.0,1154.0,5,11000,6,0,480.0,740.0,184.0,1154,1966.0,0,58,200.0,6,IR1,0,20,68.0,26.11993393300743,50720.0,4.87,4.6,2009,11,Q4,1Fam,0
328000.0,2260,3,3.5,14,2.0,1306.0,7,14000,7,954,533.0,1201.0,105.0,1306,1996.0,296,44,0.0,5,Reg,0,60,80.0,25.221608273812684,49020.0,5.07,4.3,2010,4,Q2,1Fam,1
178000.0,1571,3,2.5,16,2.0,799.0,6,7837,7,772,380.0,0.0,799.0,799,1993.0,0,40,0.0,7,IR1,0,60,59.0,26.11993393300743,50720.0,4.85,5.0,2009,5,Q2,1Fam,1
167900.0,1611,4,2.5,44,2.0,780.0,6,9760,7,813,442.0,674.0,0.0,798,1964.0,328,128,360.0,6,Reg,189,60,80.0,27.363846269205577,50140.0,6.37,3.7,2008,6,Q2,1Fam,0
151400.0,2521,5,3.5,33,2.0,942.0,6,3964,10,1230,576.0,837.0,105.0,1291,1973.0,728,20,0.0,4,Reg,0,160,42.0,30.85894600589856,48130.0,6.67,3.1,2006,6,Q2,TwnhsE,0
135000.0,893,2,1.5,58,2.0,845.0,5,9600,4,0,576.0,220.0,625.0,893,1985.0,0,0,0.0,7,Reg,0,45,60.0,29.102296283256685,48910.0,6.21,2.8,2007,5,Q2,1Fam,1
135000.0,1048,3,2.0,51,1.0,1048.0,5,10152,6,0,286.0,586.0,462.0,1048,1956.0,0,20,120.0,5,Reg,192,20,72.0,29.102296283256685,48910.0,6.68,3.4,2007,6,Q2,1Fam,0
154000.0,1556,4,1.5,41,2.0,727.0,6,11700,8,727,441.0,298.0,429.0,829,1968.0,0,0,0.0,6,Reg,0,60,78.0,26.11993393300743,50720.0,4.85,5.0,2009,5,Q2,1Fam,0
91500.0,1456,4,2.5,58,1.0,810.0,5,7585,7,454,280.0,0.0,810.0,1002,1954.0,0,0,0.0,3,Reg,0,50,50.0,30.85894600589856,48130.0,6.52,2.6,2006,8,Q3,1Fam,1
159500.0,1426,3,1.5,32,2.0,690.0,6,7950,6,728,440.0,535.0,155.0,698,1977.0,252,0,140.0,6,IR1,0,60,75.0,26.11993393300743,50720.0,5.2,5.6,2009,7,Q3,1Fam,0
194000.0,1240,2,2.0,1,3.0,1240.0,7,8556,5,0,826.0,0.0,1240.0,1240,2006.0,140,93,0.0,5,Reg,0,20,74.0,29.102296283256685,48910.0,6.21,2.8,2007,5,Q2,1Fam,0
219500.0,1740,3,1.5,67,1.0,800.0,7,13125,6,780,240.0,410.0,390.0,960,1940.0,0,0,0.0,6,Reg,0,70,75.0,29.102296283256685,48910.0,6.710000000000001,3.0,2007,7,Q3,1Fam,1
170000.0,1466,3,2.5,70,2.0,796.0,5,10800,7,370,566.0,626.0,170.0,1096,1950.0,436,21,0.0,8,Reg,0,50,60.0,30.85894600589856,48130.0,6.51,2.4,2006,4,Q2,1Fam,1
138800.0,1096,3,2.0,37,1.0,1096.0,5,15870,6,0,299.0,75.0,230.0,1096,1969.0,240,32,0.0,5,IR1,0,20,68.0,30.85894600589856,48130.0,6.34,2.7,2006,3,Q1,1Fam,0
155900.0,848,1,2.0,2,2.0,848.0,6,4435,3,0,420.0,662.0,186.0,848,2004.0,140,0,169.0,5,Reg,0,120,37.0,30.85894600589856,48130.0,6.595,2.4,2006,5,Q2,TwnhsE,0
126000.0,990,3,1.0,13,1.0,990.0,5,8775,5,0,299.0,495.0,495.0,990,1996.0,0,64,0.0,5,Reg,0,20,65.0,29.102296283256685,48910.0,6.17,2.8,2007,4,Q2,1Fam,0
145000.0,1258,3,2.5,37,2.0,1258.0,6,11040,5,0,528.0,656.0,602.0,1258,1971.0,55,0,144.0,7,Reg,0,20,80.0,27.363846269205577,50140.0,6.1,2.9,2008,10,Q4,1Fam,1
133000.0,1040,3,2.5,47,1.0,1040.0,5,7500,5,0,308.0,824.0,216.0,1040,1963.0,0,0,0.0,5,Reg,0,20,75.0,25.221608273812684,49020.0,4.734999999999999,5.0,2010,6,Q2,1Fam,0
192000.0,1459,3,2.0,5,2.0,1459.0,7,8749,6,0,527.0,0.0,1459.0,1459,2002.0,192,39,100.0,5,Reg,0,20,70.0,29.102296283256685,48910.0,6.38,2.8,2007,9,Q3,1Fam,0
160000.0,1251,3,2.0,42,1.0,1251.0,6,8800,6,0,461.0,553.0,698.0,1251,1964.0,0,116,425.0,6,Reg,0,20,80.0,30.85894600589856,48130.0,6.34,2.7,2006,3,Q1,1Fam,0
187500.0,1498,3,2.5,11,2.0,691.0,6,13031,6,807,409.0,592.0,99.0,691,1995.0,315,44,0.0,5,IR2,0,60,68.0,30.85894600589856,48130.0,6.765000000000001,2.8,2006,7,Q3,1Fam,1
147000.0,996,2,2.0,18,2.0,936.0,6,9069,5,0,564.0,747.0,189.0,996,1992.0,120,0,0.0,6,Reg,0,85,73.0,25.221608273812684,49020.0,5.07,4.3,2010,4,Q2,1Fam,0
83500.0,1092,3,1.5,37,1.0,546.0,4,1974,6,546,286.0,334.0,212.0,546,1973.0,120,96,0.0,5,Reg,0,160,68.0,25.221608273812684,49020.0,4.885,4.3,2010,5,Q2,TwnhsE,0
252000.0,1953,3,2.5,4,3.0,1082.0,8,10574,9,871,1043.0,0.0,1082.0,1082,2005.0,160,50,0.0,5,Reg,0,60,85.0,26.11993393300743,50720.0,4.85,5.0,2009,5,Q2,1Fam,1
137500.0,1709,3,2.0,2,2.0,970.0,7,2522,7,739,380.0,0.0,970.0,970,2004.0,0,40,50.0,5,Reg,0,160,24.0,30.85894600589856,48130.0,6.51,2.4,2006,4,Q2,Twnhs,0
197000.0,1247,1,2.5,1,2.0,1247.0,8,3316,4,0,550.0,1039.0,208.0,1247,2005.0,0,84,0.0,5,IR1,0,120,37.0,30.85894600589856,48130.0,6.51,2.4,2006,4,Q2,TwnhsE,0
92900.0,1040,2,2.0,59,2.0,0.0,3,8544,6,0,400.0,0.0,0.0,1040,1987.0,0,0,0.0,4,Reg,0,90,60.0,26.11993393300743,50720.0,5.4,6.0,2009,6,Q2,Duplex,0
160000.0,1252,2,3.5,9,2.0,600.0,7,2160,4,628,462.0,510.0,90.0,624,1999.0,0,48,212.0,5,Reg,0,160,24.0,27.363846269205577,50140.0,5.95,3.0,2008,3,Q1,Twnhs,1
136500.0,1694,4,2.0,83,2.0,1181.0,6,8400,7,304,576.0,423.0,758.0,1390,1925.0,342,0,0.0,5,Reg,0,50,60.0,27.363846269205577,50140.0,6.37,3.7,2008,6,Q2,1Fam,1
146000.0,1200,1,2.5,41,2.0,864.0,5,9230,6,0,884.0,661.0,203.0,1200,1977.0,0,64,166.0,8,Reg,0,20,71.0,30.85894600589856,48130.0,6.365,2.4,2006,10,Q4,1Fam,1
129000.0,936,2,2.0,54,1.0,936.0,5,5868,4,0,308.0,248.0,448.0,936,1956.0,0,0,0.0,7,Reg,160,20,74.0,25.221608273812684,49020.0,4.885,4.3,2010,5,Q2,1Fam,1
176432.0,1314,3,2.0,1,2.0,1314.0,6,9317,6,0,440.0,24.0,1290.0,1314,2006.0,0,22,0.0,5,IR1,0,20,78.0,29.102296283256685,48910.0,6.16,2.9,2007,3,Q1,1Fam,0
127000.0,1355,3,1.5,93,0.0,684.0,6,6882,7,582,0.0,0.0,684.0,773,1979.0,136,0,0.0,7,Reg,0,70,60.0,29.102296283256685,48910.0,6.16,2.9,2007,3,Q1,1Fam,1
170000.0,1088,2,1.5,21,2.0,1074.0,8,3696,5,0,461.0,0.0,1074.0,1088,1987.0,0,74,0.0,5,Reg,0,120,68.0,29.102296283256685,48910.0,6.385,2.6,2007,10,Q4,TwnhsE,0
128000.0,1324,3,1.0,73,1.0,672.0,4,6000,6,567,240.0,672.0,0.0,757,1936.0,0,0,0.0,6,Reg,0,50,50.0,26.11993393300743,50720.0,5.2,5.6,2009,7,Q3,1Fam,1
157000.0,1601,3,2.0,31,2.0,1271.0,7,11880,7,0,478.0,704.0,567.0,1601,1978.0,0,0,206.0,5,IR1,0,20,82.0,26.11993393300743,50720.0,4.8,4.9,2009,4,Q2,1Fam,0
60000.0,438,1,1.0,89,1.0,290.0,2,8400,3,0,246.0,290.0,0.0,438,1930.0,0,0,0.0,5,Reg,0,30,60.0,26.11993393300743,50720.0,5.055,5.0,2009,1,Q1,1Fam,1
119500.0,950,3,1.0,36,1.0,950.0,5,9758,5,0,280.0,412.0,251.0,950,1981.0,0,0,0.0,5,IR1,0,20,61.0,29.102296283256685,48910.0,6.710000000000001,3.0,2007,7,Q3,1Fam,0
135000.0,1134,2,1.0,47,1.0,1010.0,5,7000,6,0,254.0,588.0,422.0,1134,1960.0,0,16,45.0,7,Reg,0,20,70.0,29.102296283256685,48910.0,6.17,2.8,2007,4,Q2,1Fam,1
159500.0,1194,3,1.5,47,2.0,655.0,6,8910,6,0,539.0,655.0,0.0,1194,1954.0,0,0,0.0,6,Reg,0,20,79.0,30.85894600589856,48130.0,6.765000000000001,2.8,2006,7,Q3,1Fam,0
106000.0,1302,3,2.5,37,2.0,630.0,5,2016,6,672,440.0,0.0,630.0,630,1970.0,0,0,304.0,5,Reg,0,160,24.0,29.102296283256685,48910.0,6.17,2.8,2007,4,Q2,TwnhsE,0
325000.0,2622,3,3.5,16,2.0,1463.0,8,12256,9,1122,712.0,1032.0,431.0,1500,1994.0,186,32,362.0,5,IR1,0,60,98.0,25.221608273812684,49020.0,5.07,4.3,2010,4,Q2,1Fam,1
179900.0,1442,3,3.0,17,2.0,910.0,7,10357,6,0,719.0,738.0,172.0,1442,1990.0,0,244,0.0,5,IR1,0,20,114.0,29.102296283256685,48910.0,6.21,2.8,2007,5,Q2,1Fam,1
274725.0,2021,3,2.5,0,2.0,868.0,7,23257,9,1134,422.0,0.0,868.0,887,2006.0,0,100,0.0,5,IR3,0,60,168.0,30.85894600589856,48130.0,6.415,2.6,2006,9,Q3,1Fam,0
181000.0,1690,3,2.5,7,2.0,924.0,6,8063,7,742,463.0,0.0,924.0,948,2000.0,100,48,0.0,5,Reg,0,60,68.0,29.102296283256685,48910.0,6.24,2.6,2007,11,Q4,1Fam,0
280000.0,1836,3,3.0,5,3.0,1836.0,8,11362,7,0,862.0,1039.0,797.0,1836,2004.0,125,185,42.0,5,IR1,0,20,107.0,26.11993393300743,50720.0,5.005000000000001,5.2,2009,3,Q1,1Fam,1
188000.0,1658,3,3.5,13,2.0,773.0,6,8000,8,885,431.0,219.0,554.0,773,1995.0,224,84,0.0,5,Reg,0,60,68.0,27.363846269205577,50140.0,6.37,3.7,2008,6,Q2,1Fam,1
205000.0,1964,4,2.5,32,2.0,803.0,7,10480,8,866,483.0,403.0,400.0,1098,1976.0,0,69,660.0,6,Reg,0,60,80.0,27.363846269205577,50140.0,6.01,3.0,2008,9,Q3,1Fam,0
129900.0,816,2,2.0,49,1.0,816.0,5,7100,5,0,308.0,708.0,108.0,816,1957.0,0,0,0.0,7,IR1,0,20,73.0,30.85894600589856,48130.0,6.765000000000001,2.8,2006,7,Q3,1Fam,0
134500.0,1008,2,2.0,54,1.0,1008.0,5,8923,6,0,240.0,643.0,365.0,1008,1953.0,0,18,0.0,7,Reg,0,20,66.0,29.102296283256685,48910.0,6.21,2.8,2007,5,Q2,1Fam,1
117000.0,833,2,1.0,52,1.0,833.0,5,5400,4,0,326.0,415.0,418.0,833,1955.0,0,0,0.0,7,Reg,0,20,90.0,30.85894600589856,48130.0,6.52,2.6,2006,8,Q3,1Fam,1
318000.0,1734,3,3.0,0,3.0,1734.0,8,12085,7,0,928.0,1004.0,730.0,1734,2007.0,0,0,328.0,5,Reg,0,20,93.0,29.102296283256685,48910.0,6.24,2.6,2007,11,Q4,1Fam,0
184100.0,1419,3,3.5,7,2.0,408.0,8,7750,7,640,527.0,353.0,55.0,779,2002.0,120,0,0.0,5,Reg,0,80,68.0,26.11993393300743,50720.0,5.005000000000001,5.2,2009,3,Q1,1Fam,0
130000.0,894,3,2.0,41,2.0,894.0,5,9764,5,0,450.0,702.0,192.0,894,1967.0,0,0,0.0,7,IR1,0,20,57.0,27.363846269205577,50140.0,6.05,3.0,2008,5,Q2,1Fam,1
140000.0,1601,3,1.5,50,1.0,533.0,5,13825,6,580,300.0,0.0,533.0,1021,1958.0,280,34,0.0,6,Reg,0,80,85.0,27.363846269205577,50140.0,5.19,3.8,2008,12,Q4,1Fam,1
133700.0,1040,3,1.0,47,1.0,1040.0,5,7560,6,0,286.0,369.0,671.0,1040,1959.0,140,0,0.0,5,Reg,0,20,70.0,30.85894600589856,48130.0,6.765000000000001,2.8,2006,7,Q3,1Fam,0
118400.0,1012,2,1.0,87,1.0,1012.0,6,8263,6,0,308.0,0.0,1012.0,1012,1920.0,0,22,0.0,5,Reg,0,30,59.0,29.102296283256685,48910.0,6.21,2.8,2007,5,Q2,1Fam,1
212900.0,1552,3,2.0,1,3.0,1552.0,7,10084,7,0,782.0,24.0,1528.0,1552,2005.0,144,20,196.0,5,Reg,0,20,84.0,30.85894600589856,48130.0,6.765000000000001,2.8,2006,7,Q3,1Fam,1
112000.0,960,3,1.0,53,1.0,672.0,4,8926,5,0,288.0,0.0,672.0,960,1956.0,64,0,0.0,3,IR1,160,20,68.0,26.11993393300743,50720.0,4.94,4.4,2009,10,Q4,1Fam,0
118000.0,698,2,1.5,62,0.0,698.0,5,9405,4,0,0.0,0.0,698.0,698,1979.0,0,200,0.0,9,Reg,0,20,50.0,26.11993393300743,50720.0,5.4,6.0,2009,6,Q2,1Fam,1
163900.0,1482,3,2.5,15,2.0,384.0,7,9125,7,670,392.0,0.0,384.0,812,1992.0,100,25,170.0,5,IR1,0,80,68.0,29.102296283256685,48910.0,6.710000000000001,3.0,2007,7,Q3,1Fam,0
115000.0,1005,2,1.0,54,2.0,1005.0,4,10434,5,0,672.0,0.0,1005.0,1005,1977.0,0,0,0.0,5,Reg,0,20,60.0,26.11993393300743,50720.0,4.87,4.6,2009,11,Q4,1Fam,0
174000.0,1555,2,2.0,2,3.0,1373.0,7,3684,7,0,660.0,0.0,1373.0,1555,2007.0,143,20,130.0,5,Reg,0,120,53.0,26.11993393300743,50720.0,5.4,6.0,2009,6,Q2,TwnhsE,0
259000.0,1530,3,3.0,3,3.0,1530.0,7,14572,7,0,630.0,1300.0,230.0,1530,2004.0,144,36,0.0,5,IR3,0,20,182.0,29.102296283256685,48910.0,6.24,2.6,2007,11,Q4,1Fam,0
215000.0,1959,4,2.5,3,2.0,847.0,7,11796,8,1112,434.0,0.0,847.0,847,2004.0,100,48,0.0,5,IR1,0,60,59.0,29.102296283256685,48910.0,6.710000000000001,3.0,2007,7,Q3,1Fam,1
140000.0,936,2,2.0,27,2.0,936.0,5,7200,4,0,672.0,936.0,0.0,936,1980.0,49,0,180.0,5,Reg,0,90,60.0,29.102296283256685,48910.0,6.59,3.0,2007,8,Q3,Duplex,0
135000.0,1981,4,3.0,81,2.0,1122.0,4,7804,7,653,576.0,622.0,500.0,1328,1981.0,431,44,0.0,3,Reg,0,50,65.0,26.11993393300743,50720.0,4.94,5.1,2009,12,Q4,1Fam,1
93500.0,974,3,1.0,16,0.0,974.0,5,10712,5,0,0.0,212.0,762.0,974,1979.0,0,28,0.0,5,Reg,0,20,63.0,29.102296283256685,48910.0,6.38,2.8,2007,9,Q3,1Fam,1
117500.0,2210,5,2.0,127,1.0,1008.0,6,9900,8,1032,205.0,0.0,1008.0,1178,1930.0,0,48,0.0,4,Reg,0,70,90.0,29.102296283256685,48910.0,6.21,2.8,2007,5,Q2,1Fam,1
239500.0,2020,3,2.5,14,2.0,1128.0,8,9828,8,878,466.0,584.0,544.0,1142,1995.0,0,155,0.0,5,IR1,0,60,80.0,26.11993393300743,50720.0,5.4,6.0,2009,6,Q2,1Fam,0
169000.0,1600,3,2.5,10,2.0,916.0,6,8773,7,684,460.0,0.0,916.0,916,1997.0,100,38,0.0,5,IR1,0,60,57.0,29.102296283256685,48910.0,6.59,3.0,2007,8,Q3,1Fam,0
102000.0,986,2,1.0,81,1.0,960.0,6,6180,5,0,180.0,0.0,960.0,986,1926.0,0,128,0.0,5,Reg,0,30,60.0,29.102296283256685,48910.0,6.21,2.8,2007,5,Q2,1Fam,1
119000.0,1252,3,1.0,58,1.0,1032.0,6,9600,6,220,288.0,280.0,752.0,1032,1950.0,0,0,0.0,5,Reg,0,50,80.0,27.363846269205577,50140.0,5.88,2.7,2008,4,Q2,1Fam,0
94000.0,1020,2,1.0,135,0.0,780.0,5,6342,6,240,0.0,0.0,780.0,780,1979.0,0,0,0.0,8,Reg,0,50,54.0,25.221608273812684,49020.0,4.885,4.3,2010,5,Q2,1Fam,1
196000.0,1567,2,3.0,32,2.0,1567.0,6,9819,5,0,714.0,1567.0,0.0,1567,1977.0,264,32,0.0,5,IR1,0,20,68.0,26.11993393300743,50720.0,4.85,5.0,2009,5,Q2,1Fam,0
144000.0,1167,3,1.0,87,2.0,915.0,5,8731,6,0,495.0,645.0,270.0,1167,1972.0,0,0,0.0,5,IR1,126,30,98.0,29.102296283256685,48910.0,6.21,2.8,2007,5,Q2,1Fam,1
139000.0,952,2,2.0,57,2.0,952.0,5,7350,4,0,840.0,852.0,100.0,952,1988.0,0,0,0.0,7,Reg,0,20,60.0,27.363846269205577,50140.0,6.37,3.7,2008,6,Q2,1Fam,0
197500.0,1868,4,3.5,33,2.0,780.0,5,10304,9,780,484.0,381.0,399.0,1088,1976.0,448,96,44.0,7,IR1,0,60,68.0,26.11993393300743,50720.0,4.94,4.4,2009,10,Q4,1Fam,0
424870.0,2828,4,4.0,1,3.0,1466.0,8,9965,11,1362,1052.0,1150.0,316.0,1466,2006.0,125,144,340.0,5,Reg,0,60,77.0,29.102296283256685,48910.0,6.17,2.8,2007,4,Q2,1Fam,1
80000.0,1006,3,1.0,49,0.0,1006.0,5,9000,5,0,0.0,288.0,718.0,1006,1979.0,0,24,0.0,3,Reg,0,20,68.0,27.363846269205577,50140.0,6.37,3.6,2008,7,Q3,1Fam,0
80000.0,924,2,2.0,69,1.0,672.0,4,12180,5,252,280.0,348.0,324.0,672,1941.0,0,0,0.0,4,Reg,0,190,60.0,25.221608273812684,49020.0,4.57,4.7,2010,7,Q3,2fmCon,1
149000.0,1576,3,1.0,78,1.0,1042.0,5,6240,8,534,225.0,0.0,1042.0,1042,1928.0,0,0,0.0,6,Reg,0,50,52.0,30.85894600589856,48130.0,6.52,2.6,2006,8,Q3,1Fam,1
180000.0,1298,3,3.0,21,2.0,1298.0,6,11200,5,0,403.0,1258.0,40.0,1298,1985.0,165,26,85.0,5,Reg,0,20,68.0,30.85894600589856,48130.0,6.595,2.4,2006,5,Q2,1Fam,0
174500.0,1564,3,1.5,68,1.0,704.0,7,12000,7,704,234.0,275.0,429.0,860,1941.0,0,0,0.0,7,Reg,0,70,75.0,26.11993393300743,50720.0,5.2,5.6,2009,7,Q3,1Fam,1
116900.0,1111,2,1.0,82,1.0,572.0,7,5700,5,539,288.0,0.0,572.0,572,1982.0,0,0,0.0,7,Reg,0,50,68.0,27.363846269205577,50140.0,6.494999999999999,3.6,2008,8,Q3,1Fam,1
143000.0,1482,3,1.5,89,2.0,650.0,7,9000,7,650,324.0,624.0,26.0,832,1930.0,0,0,0.0,9,Reg,0,70,50.0,26.11993393300743,50720.0,5.2,5.6,2009,7,Q3,1Fam,1
124000.0,932,2,1.0,57,1.0,932.0,6,8280,4,0,306.0,0.0,932.0,932,1950.0,0,0,0.0,5,IR1,0,20,57.0,29.102296283256685,48910.0,6.24,2.6,2007,11,Q4,1Fam,0
149900.0,1466,3,1.5,47,2.0,1466.0,5,17755,6,0,528.0,176.0,1290.0,1466,1959.0,0,140,132.0,4,Reg,100,20,134.0,30.85894600589856,48130.0,6.24,2.4,2006,11,Q4,1Fam,0
230000.0,1811,2,1.0,50,2.0,1073.0,6,14115,6,0,470.0,296.0,230.0,1811,1956.0,0,0,0.0,7,IR1,0,20,90.0,30.85894600589856,48130.0,6.765000000000001,2.8,2006,7,Q3,1Fam,1
120500.0,816,2,1.0,78,1.0,816.0,6,5890,5,0,432.0,538.0,278.0,816,2002.0,0,0,0.0,8,Reg,0,30,68.0,27.363846269205577,50140.0,6.37,3.7,2008,6,Q2,1Fam,1
201800.0,1820,4,2.0,43,2.0,864.0,7,13700,8,918,492.0,454.0,410.0,902,1965.0,60,84,288.0,6,IR1,273,60,68.0,27.363846269205577,50140.0,6.05,3.0,2008,5,Q2,1Fam,1
218000.0,1437,3,3.0,31,2.0,1437.0,5,10768,6,0,528.0,1157.0,280.0,1437,1976.0,0,21,0.0,8,IR1,180,20,90.0,29.102296283256685,48910.0,6.710000000000001,3.0,2007,7,Q3,1Fam,1
179900.0,1265,3,2.5,43,2.0,1219.0,5,9350,6,0,502.0,633.0,586.0,1265,1965.0,0,92,0.0,8,Reg,0,80,85.0,27.363846269205577,50140.0,6.1,2.9,2008,10,Q4,1Fam,1
230000.0,1314,2,3.0,2,2.0,1314.0,7,5001,6,0,626.0,904.0,410.0,1314,2008.0,172,62,166.0,5,IR1,0,120,34.0,26.11993393300743,50720.0,5.2,5.6,2009,7,Q3,Twnhs,1
235128.0,1580,3,2.0,1,3.0,1580.0,8,11932,7,0,830.0,0.0,1580.0,1580,2008.0,0,24,186.0,5,Reg,0,20,92.0,27.363846269205577,50140.0,6.37,3.7,2008,6,Q2,1Fam,1
185000.0,1876,4,2.5,34,2.0,901.0,6,9120,8,933,540.0,442.0,459.0,943,1974.0,0,69,270.0,6,Reg,0,60,76.0,27.363846269205577,50140.0,6.37,3.6,2008,7,Q3,1Fam,0
146000.0,1456,3,2.5,32,2.0,855.0,6,2280,7,601,440.0,311.0,544.0,855,1978.0,26,0,0.0,5,Reg,0,160,24.0,25.221608273812684,49020.0,4.57,4.7,2010,7,Q3,Twnhs,0
224000.0,1640,3,2.0,54,2.0,1296.0,6,14778,7,0,924.0,728.0,568.0,1640,1993.0,108,0,72.0,7,IR1,0,20,68.0,27.363846269205577,50140.0,6.09,3.1,2008,11,Q4,1Fam,1
129000.0,894,3,1.0,39,2.0,894.0,5,8724,5,0,450.0,492.0,402.0,894,1968.0,0,0,0.0,5,Reg,0,20,109.0,29.102296283256685,48910.0,6.21,2.8,2007,5,Q2,1Fam,0
108959.0,1258,0,3.0,39,2.0,1198.0,4,12900,6,0,400.0,1198.0,0.0,1258,1969.0,120,0,0.0,4,Reg,0,90,60.0,27.363846269205577,50140.0,5.69,3.3,2008,1,Q1,Duplex,0
194000.0,1432,2,2.5,29,2.0,1360.0,5,16157,5,0,588.0,680.0,289.0,1432,1978.0,168,180,0.0,7,IR1,0,80,68.0,29.102296283256685,48910.0,6.68,3.4,2007,6,Q2,1Fam,0
233170.0,1502,3,2.0,0,2.0,1502.0,7,9541,7,0,644.0,0.0,1502.0,1502,2009.0,0,114,268.0,5,IR1,0,20,79.0,26.11993393300743,50720.0,5.055,4.7,2009,9,Q3,1Fam,0
245350.0,1694,3,2.0,2,3.0,1694.0,8,10475,7,0,776.0,0.0,1694.0,1694,2008.0,160,33,72.0,5,IR1,0,20,64.0,25.221608273812684,49020.0,4.99,5.3,2010,2,Q1,1Fam,0
173000.0,1671,3,3.5,6,2.0,959.0,6,10852,7,712,472.0,786.0,173.0,959,2000.0,0,38,0.0,5,IR1,0,60,58.0,30.85894600589856,48130.0,6.25,3.0,2006,2,Q1,1Fam,0
235000.0,2108,4,2.0,73,2.0,1127.0,6,13728,7,872,540.0,626.0,501.0,1236,1935.0,0,0,0.0,7,Reg,90,70,120.0,27.363846269205577,50140.0,6.37,3.6,2008,7,Q3,1Fam,1
625000.0,3627,4,4.5,11,3.0,1930.0,10,35760,10,1796,807.0,1387.0,543.0,1831,1995.0,361,76,1378.0,5,IR1,0,60,118.0,30.85894600589856,48130.0,6.765000000000001,2.8,2006,7,Q3,1Fam,1
171000.0,1118,3,2.0,31,1.0,1096.0,6,9880,6,0,358.0,522.0,574.0,1118,1977.0,203,0,0.0,6,Reg,0,80,76.0,27.363846269205577,50140.0,6.37,3.6,2008,7,Q3,1Fam,0
163000.0,1261,3,2.0,50,2.0,1261.0,6,9120,6,0,433.0,662.0,599.0,1261,1958.0,0,0,0.0,6,Reg,288,20,76.0,27.363846269205577,50140.0,6.09,3.1,2008,11,Q4,1Fam,0
171900.0,1250,2,2.5,2,2.0,625.0,7,4017,5,625,625.0,0.0,625.0,625,2006.0,0,54,0.0,5,IR1,0,160,35.0,27.363846269205577,50140.0,5.95,3.0,2008,3,Q1,TwnhsE,1
200500.0,3086,3,3.0,61,0.0,1598.0,5,18030,12,971,0.0,152.0,977.0,1636,1979.0,122,0,0.0,6,IR1,0,50,138.0,29.102296283256685,48910.0,6.16,2.9,2007,3,Q1,1Fam,1
239000.0,2345,4,2.5,74,2.0,952.0,6,16560,9,1175,360.0,503.0,449.0,1170,1932.0,0,0,0.0,8,IR1,0,70,80.0,30.85894600589856,48130.0,6.765000000000001,2.8,2006,7,Q3,1Fam,1
285000.0,2872,4,2.5,15,2.0,1683.0,8,10678,9,743,541.0,700.0,983.0,2129,1992.0,0,33,337.0,5,Reg,0,50,85.0,29.102296283256685,48910.0,6.17,2.8,2007,4,Q2,1Fam,1
119500.0,923,3,2.0,24,1.0,876.0,5,6951,5,0,264.0,658.0,218.0,923,1984.0,362,0,0.0,5,IR1,0,20,37.0,27.363846269205577,50140.0,6.1,2.9,2008,10,Q4,1Fam,1
115000.0,1224,3,1.0,83,1.0,818.0,6,3950,5,406,210.0,468.0,350.0,818,1926.0,0,0,0.0,8,Reg,0,50,68.0,26.11993393300743,50720.0,4.94,5.1,2009,12,Q4,1Fam,1
154900.0,1343,3,1.5,88,1.0,731.0,5,7681,7,523,186.0,0.0,731.0,820,1921.0,192,0,0.0,6,IR1,0,50,54.0,26.11993393300743,50720.0,5.2,5.6,2009,7,Q3,1Fam,1
93000.0,1124,3,1.0,52,0.0,0.0,5,8335,5,0,0.0,0.0,0.0,1124,1979.0,0,36,0.0,5,Reg,0,20,77.0,30.85894600589856,48130.0,6.51,2.4,2006,4,Q2,1Fam,0
250000.0,2514,4,2.5,16,2.0,1216.0,7,11170,8,1216,693.0,1216.0,0.0,1298,1990.0,0,0,0.0,5,IR2,0,60,68.0,30.85894600589856,48130.0,6.51,2.4,2006,4,Q2,1Fam,1
392500.0,1652,2,3.5,0,2.0,1600.0,8,5587,5,0,482.0,1480.0,120.0,1652,2008.0,162,53,186.0,5,IR1,0,120,64.0,27.363846269205577,50140.0,6.09,3.1,2008,11,Q4,TwnhsE,0
745000.0,4476,4,4.5,11,3.0,2396.0,10,15623,10,2065,813.0,2096.0,300.0,2411,1996.0,171,78,0.0,5,IR1,0,60,160.0,29.102296283256685,48910.0,6.710000000000001,3.0,2007,7,Q3,1Fam,0
120000.0,1130,2,2.0,86,2.0,1120.0,5,10800,5,0,720.0,821.0,299.0,1130,1970.0,229,0,0.0,6,Reg,0,30,60.0,30.85894600589856,48130.0,6.67,3.1,2006,6,Q2,1Fam,1
186700.0,1572,3,2.5,44,3.0,1572.0,5,35133,5,0,995.0,1159.0,413.0,1572,1963.0,0,263,226.0,4,Reg,263,20,50.0,29.102296283256685,48910.0,6.21,2.8,2007,5,Q2,1Fam,0
104900.0,1221,4,2.0,82,1.0,784.0,5,9738,7,272,392.0,392.0,392.0,949,1965.0,0,0,0.0,7,Reg,0,50,60.0,30.85894600589856,48130.0,6.34,2.7,2006,3,Q1,1Fam,1
95000.0,1699,3,3.0,109,2.0,978.0,3,10615,7,685,420.0,440.0,538.0,1014,1920.0,0,74,0.0,5,IR1,0,190,107.0,26.11993393300743,50720.0,5.18,5.6,2009,8,Q3,2fmCon,1
262000.0,1624,2,3.0,12,3.0,1624.0,8,12461,5,0,757.0,1456.0,168.0,1624,1994.0,0,114,0.0,5,Reg,0,20,89.0,30.85894600589856,48130.0,6.765000000000001,2.8,2006,7,Q3,1Fam,1
195000.0,1660,3,2.5,7,2.0,831.0,7,8935,7,829,493.0,0.0,831.0,831,2002.0,144,68,95.0,5,IR1,0,60,68.0,26.11993393300743,50720.0,5.2,5.6,2009,7,Q3,1Fam,0
189000.0,1804,3,2.5,11,2.0,994.0,7,7500,7,776,442.0,0.0,994.0,1028,1999.0,140,60,0.0,5,Reg,0,60,60.0,25.221608273812684,49020.0,4.734999999999999,5.0,2010,6,Q2,1Fam,0
168000.0,1622,3,2.0,46,4.0,1249.0,4,32463,7,0,1356.0,1159.0,90.0,1622,1975.0,439,0,149.0,4,Reg,0,190,68.0,29.102296283256685,48910.0,6.16,2.9,2007,3,Q1,2fmCon,1
174000.0,1441,2,2.5,8,2.0,776.0,8,2645,5,677,492.0,0.0,776.0,764,1999.0,206,0,456.0,5,Reg,0,160,24.0,29.102296283256685,48910.0,6.24,2.6,2007,11,Q4,Twnhs,1
125000.0,1472,3,1.0,82,1.0,702.0,5,9600,6,630,250.0,0.0,702.0,842,1925.0,0,0,0.0,8,Reg,0,50,60.0,29.102296283256685,48910.0,6.710000000000001,3.0,2007,7,Q3,1Fam,1
165000.0,1224,2,3.0,10,2.0,1224.0,6,4500,5,0,402.0,883.0,341.0,1224,1999.0,0,304,425.0,5,Reg,0,120,68.0,26.11993393300743,50720.0,5.4,6.0,2009,6,Q2,TwnhsE,0
158000.0,1352,4,1.5,41,1.0,663.0,6,9364,7,689,299.0,371.0,292.0,663,1969.0,379,36,143.0,7,Reg,0,60,80.0,25.221608273812684,49020.0,4.965,5.2,2010,3,Q1,1Fam,0
176000.0,1456,3,2.5,3,2.0,728.0,6,8029,8,728,400.0,0.0,728.0,728,2005.0,100,24,0.0,5,IR1,0,60,51.0,27.363846269205577,50140.0,6.37,3.6,2008,7,Q3,1Fam,0
219210.0,1863,4,2.5,0,3.0,879.0,7,14054,9,984,660.0,0.0,879.0,879,2006.0,100,17,0.0,5,IR1,0,60,58.0,30.85894600589856,48130.0,6.24,2.4,2006,11,Q4,1Fam,0
144000.0,1690,3,1.0,90,1.0,815.0,7,8850,7,875,225.0,0.0,815.0,815,1916.0,0,0,0.0,6,IR1,0,75,65.0,30.85894600589856,48130.0,6.765000000000001,2.8,2006,7,Q3,1Fam,1
178000.0,1212,3,2.0,8,2.0,1212.0,7,9100,6,0,573.0,0.0,1212.0,1212,2001.0,356,0,0.0,5,Reg,0,20,70.0,26.11993393300743,50720.0,5.4,6.0,2009,6,Q2,1Fam,0
148000.0,1382,3,1.5,43,2.0,1051.0,4,11235,6,0,459.0,547.0,504.0,1382,1974.0,0,82,51.0,5,Reg,0,20,75.0,30.85894600589856,48130.0,6.365,2.4,2006,10,Q4,1Fam,1
116050.0,864,3,1.0,36,1.0,864.0,4,9353,5,0,280.0,0.0,864.0,864,1972.0,0,0,0.0,5,Reg,0,20,71.0,30.85894600589856,48130.0,6.765000000000001,2.8,2006,7,Q3,1Fam,0
197900.0,1779,3,2.5,11,2.0,866.0,7,10400,6,913,546.0,0.0,866.0,866,1998.0,198,36,0.0,5,Reg,0,60,80.0,26.11993393300743,50720.0,5.005000000000001,5.2,2009,3,Q1,1Fam,0
117000.0,1348,3,2.0,84,1.0,884.0,5,6000,5,464,216.0,0.0,884.0,884,1960.0,0,0,0.0,8,Reg,0,50,50.0,26.11993393300743,50720.0,4.85,5.0,2009,5,Q2,1Fam,1
213000.0,1630,3,2.0,9,2.0,1630.0,7,9750,6,0,451.0,0.0,1630.0,1630,2000.0,74,234,171.0,5,Reg,0,20,75.0,26.11993393300743,50720.0,4.94,4.4,2009,10,Q4,1Fam,1
153500.0,1074,3,2.5,31,2.0,1056.0,5,10140,6,0,495.0,788.0,268.0,1074,1975.0,0,88,0.0,6,Reg,0,20,78.0,30.85894600589856,48130.0,6.765000000000001,2.8,2006,7,Q3,1Fam,0
271900.0,2196,3,2.0,19,3.0,2158.0,7,14684,7,0,701.0,485.0,1496.0,2196,1990.0,84,70,234.0,7,IR1,0,20,90.0,26.11993393300743,50720.0,5.4,6.0,2009,6,Q2,1Fam,1
107000.0,1056,2,2.0,40,1.0,1056.0,4,8900,5,0,384.0,1056.0,0.0,1056,1966.0,0,42,0.0,4,Reg,0,20,68.0,30.85894600589856,48130.0,6.24,2.4,2006,11,Q4,1Fam,0
200000.0,1700,3,3.0,3,2.0,1682.0,6,9135,7,0,544.0,340.0,1342.0,1700,2003.0,192,23,120.0,5,Reg,0,20,70.0,30.85894600589856,48130.0,6.595,2.4,2006,5,Q2,1Fam,0
140000.0,1283,3,2.0,46,2.0,931.0,5,7763,6,0,506.0,504.0,319.0,1283,1980.0,0,0,0.0,7,Reg,0,20,70.0,27.363846269205577,50140.0,6.1,2.9,2008,10,Q4,1Fam,1
290000.0,1660,3,3.0,0,2.0,1660.0,8,10182,8,0,500.0,1220.0,440.0,1660,2006.0,322,50,420.0,5,IR1,0,20,85.0,30.85894600589856,48130.0,6.595,2.4,2006,5,Q2,1Fam,0
189000.0,1845,3,2.5,18,2.0,1055.0,6,11218,8,790,462.0,0.0,1055.0,1055,1992.0,635,104,0.0,5,Reg,0,60,70.0,25.221608273812684,49020.0,4.885,4.3,2010,5,Q2,1Fam,0
164000.0,1752,4,2.0,22,2.0,559.0,8,12134,8,672,492.0,427.0,132.0,1080,1988.0,325,12,0.0,7,IR1,0,50,152.0,25.221608273812684,49020.0,4.734999999999999,5.0,2010,6,Q2,1Fam,1
113000.0,672,2,2.0,68,1.0,672.0,4,9340,4,0,234.0,344.0,328.0,672,1941.0,0,113,0.0,6,Reg,0,30,50.0,26.11993393300743,50720.0,5.18,5.6,2009,8,Q3,1Fam,1
145000.0,960,0,1.5,41,1.0,648.0,4,10246,3,0,364.0,648.0,0.0,960,1965.0,88,0,0.0,9,IR1,0,80,68.0,30.85894600589856,48130.0,6.595,2.4,2006,5,Q2,1Fam,1
134500.0,999,3,2.0,44,1.0,925.0,5,10205,6,0,300.0,784.0,141.0,999,1962.0,150,72,0.0,5,IR1,0,85,69.0,30.85894600589856,48130.0,6.595,2.4,2006,5,Q2,1Fam,0
125000.0,894,3,1.0,41,1.0,894.0,5,7094,5,0,384.0,180.0,340.0,894,1966.0,0,0,0.0,5,IR1,0,20,99.0,29.102296283256685,48910.0,6.21,2.8,2007,5,Q2,1Fam,0
112000.0,1902,4,2.0,32,2.0,0.0,6,8930,8,584,539.0,0.0,0.0,1318,1978.0,0,0,0.0,5,Reg,0,90,68.0,25.221608273812684,49020.0,5.07,4.3,2010,4,Q2,Duplex,0
229456.0,1314,3,3.0,0,2.0,1300.0,8,8640,6,0,552.0,936.0,364.0,1314,2009.0,135,112,72.0,5,Reg,0,20,72.0,26.11993393300743,50720.0,5.055,4.7,2009,9,Q3,1Fam,0
80500.0,912,2,1.0,59,0.0,0.0,4,6240,3,240,0.0,0.0,0.0,672,1979.0,0,0,0.0,5,Reg,0,50,52.0,30.85894600589856,48130.0,6.765000000000001,2.8,2006,7,Q3,1Fam,1
91500.0,1218,3,1.5,35,0.0,672.0,6,1680,7,546,0.0,0.0,672.0,672,1979.0,201,0,236.0,5,Reg,0,160,21.0,30.85894600589856,48130.0,6.51,2.4,2006,4,Q2,Twnhs,0
115000.0,912,2,1.0,42,1.0,912.0,5,7800,5,0,288.0,312.0,0.0,912,1964.0,0,0,0.0,5,IR1,0,20,66.0,30.85894600589856,48130.0,6.24,2.4,2006,11,Q4,1Fam,0
134000.0,1211,3,1.0,40,1.0,952.0,5,8250,5,0,322.0,250.0,210.0,1211,1968.0,0,63,0.0,5,Reg,0,20,55.0,27.363846269205577,50140.0,6.494999999999999,3.6,2008,8,Q3,1Fam,0
143000.0,1846,3,2.0,58,1.0,1040.0,6,10496,7,678,315.0,196.0,844.0,1168,1949.0,0,0,320.0,6,Reg,0,50,78.0,29.102296283256685,48910.0,6.220000000000001,3.0,2007,1,Q1,1Fam,1
137900.0,2136,4,2.0,55,2.0,2136.0,5,10680,7,0,528.0,756.0,1380.0,2136,1951.0,0,30,44.0,3,Reg,0,20,89.0,30.85894600589856,48130.0,6.365,2.4,2006,10,Q4,1Fam,0
184000.0,1490,3,3.5,4,2.0,788.0,7,15384,8,702,388.0,724.0,64.0,788,2004.0,100,75,0.0,5,IR1,0,60,60.0,27.363846269205577,50140.0,5.88,3.1,2008,2,Q1,1Fam,1
145000.0,1138,3,1.5,49,1.0,588.0,6,10482,6,0,264.0,507.0,81.0,1138,1958.0,224,0,63.0,8,Reg,0,80,65.0,29.102296283256685,48910.0,6.68,3.4,2007,6,Q2,1Fam,0
214000.0,1933,4,2.5,1,3.0,894.0,6,14598,9,1039,668.0,0.0,894.0,894,2007.0,100,18,74.0,5,IR1,0,60,86.0,27.363846269205577,50140.0,5.69,3.3,2008,1,Q1,1Fam,0
147000.0,912,2,2.0,43,2.0,912.0,5,8872,5,0,576.0,595.0,317.0,912,1992.0,0,240,300.0,8,Reg,0,20,72.0,27.363846269205577,50140.0,5.19,3.8,2008,12,Q4,1Fam,1
367294.0,1702,1,2.5,0,3.0,1702.0,9,8769,7,0,1052.0,1540.0,162.0,1702,2008.0,0,72,766.0,5,Reg,224,120,65.0,27.363846269205577,50140.0,6.1,2.9,2008,10,Q4,TwnhsE,0
127000.0,1507,4,2.0,48,1.0,1075.0,5,7910,7,0,404.0,666.0,409.0,1507,1960.0,0,0,0.0,5,Reg,0,80,70.0,27.363846269205577,50140.0,6.494999999999999,3.6,2008,8,Q3,1Fam,0
190000.0,2620,4,3.0,30,2.0,1361.0,5,18890,12,1259,600.0,498.0,652.0,1361,1977.0,155,24,1.0,5,IR1,0,90,68.0,29.102296283256685,48910.0,6.59,3.0,2007,8,Q3,Duplex,0
132500.0,1190,3,2.0,44,2.0,1106.0,5,7728,6,0,540.0,803.0,303.0,1190,1962.0,0,18,120.0,6,Reg,0,90,70.0,30.85894600589856,48130.0,6.595,2.4,2006,5,Q2,Duplex,0
101800.0,1224,2,2.0,45,2.0,0.0,4,9842,6,0,462.0,0.0,0.0,1224,1962.0,0,0,0.0,5,Reg,0,90,70.0,29.102296283256685,48910.0,6.16,2.9,2007,3,Q1,Duplex,0
142000.0,1188,3,2.0,51,2.0,1188.0,5,12160,6,0,531.0,1000.0,188.0,1188,1959.0,0,0,180.0,5,IR1,0,20,68.0,25.221608273812684,49020.0,4.885,4.3,2010,5,Q2,1Fam,0
130000.0,1964,4,1.5,97,0.0,940.0,5,8525,7,940,0.0,0.0,940.0,1024,1979.0,0,192,0.0,6,Reg,0,70,55.0,27.363846269205577,50140.0,6.09,3.1,2008,11,Q4,1Fam,1
138887.0,1784,4,1.5,92,1.0,747.0,5,13132,9,892,180.0,0.0,747.0,892,1914.0,203,40,0.0,5,Reg,0,70,96.0,30.85894600589856,48130.0,6.765000000000001,2.8,2006,7,Q3,1Fam,1
175500.0,1626,2,2.5,7,2.0,764.0,7,2628,6,862,474.0,0.0,764.0,764,2003.0,0,27,106.0,5,Reg,0,160,36.0,25.221608273812684,49020.0,4.734999999999999,5.0,2010,6,Q2,Twnhs,0
195000.0,1948,4,2.5,2,2.0,847.0,7,12393,8,1101,434.0,0.0,847.0,847,2004.0,100,48,0.0,5,IR2,0,60,41.0,30.85894600589856,48130.0,6.415,2.6,2006,9,Q3,1Fam,1
142500.0,1141,3,1.5,1,2.0,1141.0,6,13072,6,0,484.0,0.0,1141.0,1141,2005.0,0,0,0.0,5,Reg,0,20,63.0,30.85894600589856,48130.0,6.34,2.7,2006,3,Q1,1Fam,0
265900.0,1484,2,2.0,1,2.0,1476.0,8,9037,6,0,472.0,428.0,1048.0,1484,2006.0,120,33,32.0,5,IR1,0,20,64.0,29.102296283256685,48910.0,6.125,3.0,2007,12,Q4,1Fam,0
224900.0,1768,3,3.5,5,2.0,884.0,7,8158,8,884,543.0,550.0,334.0,884,2003.0,0,63,252.0,5,Reg,0,60,65.0,27.363846269205577,50140.0,6.37,3.6,2008,7,Q3,1Fam,0
248328.0,1689,3,2.0,0,3.0,1689.0,7,9849,7,0,954.0,0.0,1689.0,1689,2007.0,0,56,0.0,6,Reg,0,20,83.0,29.102296283256685,48910.0,6.68,3.4,2007,6,Q2,1Fam,0
170000.0,1173,3,3.0,36,2.0,1053.0,7,10625,6,0,528.0,885.0,0.0,1173,1974.0,0,120,81.0,6,Reg,0,85,85.0,25.221608273812684,49020.0,5.025,5.5,2010,1,Q1,1Fam,0
465000.0,2076,2,3.5,0,3.0,2076.0,10,13891,7,0,850.0,1386.0,690.0,2076,2006.0,216,229,0.0,5,Reg,0,20,107.0,30.85894600589856,48130.0,6.415,2.6,2006,9,Q3,1Fam,0
230000.0,1517,3,1.0,77,2.0,792.0,8,11435,7,725,400.0,0.0,792.0,792,1931.0,0,0,0.0,7,IR1,0,70,68.0,30.85894600589856,48130.0,6.67,3.1,2006,6,Q2,1Fam,1
178000.0,1868,3,3.5,23,2.0,585.0,6,12090,7,728,477.0,0.0,585.0,1140,1984.0,268,112,74.0,7,Reg,147,80,78.0,29.102296283256685,48910.0,6.220000000000001,3.0,2007,1,Q1,1Fam,1
186500.0,1553,3,2.5,1,2.0,756.0,7,8125,6,797,615.0,0.0,756.0,756,2005.0,0,45,0.0,5,Reg,0,60,65.0,30.85894600589856,48130.0,6.34,2.7,2006,3,Q1,1Fam,1
169900.0,1034,3,2.0,34,3.0,1012.0,6,12328,6,0,888.0,539.0,473.0,1034,1976.0,0,0,335.0,5,IR1,0,80,68.0,25.221608273812684,49020.0,4.885,4.3,2010,5,Q2,1Fam,0
129500.0,2058,3,1.5,91,2.0,735.0,6,9600,8,924,396.0,319.0,416.0,1134,1950.0,0,0,0.0,5,Reg,0,75,60.0,27.363846269205577,50140.0,5.88,2.7,2008,4,Q2,1Fam,1
119000.0,988,3,1.0,57,1.0,876.0,5,7200,6,0,276.0,534.0,246.0,988,1950.0,0,80,0.0,7,Reg,0,20,60.0,29.102296283256685,48910.0,6.21,2.8,2007,5,Q2,1Fam,0
244000.0,2110,3,3.5,42,2.0,2110.0,7,11160,8,0,522.0,1065.0,1045.0,2110,1968.0,0,0,0.0,5,Reg,0,20,93.0,25.221608273812684,49020.0,5.07,4.3,2010,4,Q2,1Fam,0
171750.0,1405,2,2.0,3,2.0,1405.0,7,3136,6,0,478.0,0.0,1405.0,1405,2003.0,148,36,163.0,5,IR1,0,120,68.0,30.85894600589856,48130.0,6.34,2.7,2006,3,Q1,TwnhsE,0
130000.0,874,3,2.0,41,1.0,864.0,5,9858,5,0,288.0,510.0,354.0,874,1968.0,33,0,0.0,6,Reg,0,20,62.0,26.11993393300743,50720.0,4.87,4.6,2009,11,Q4,1Fam,0
294000.0,2167,3,3.5,33,2.0,1192.0,7,17542,9,651,518.0,125.0,36.0,1516,1974.0,220,47,0.0,7,IR1,0,60,68.0,29.102296283256685,48910.0,6.710000000000001,3.0,2007,7,Q3,1Fam,1
165400.0,1656,3,2.5,5,2.0,746.0,7,6931,7,896,397.0,0.0,746.0,760,2003.0,178,128,92.0,5,Reg,0,60,60.0,27.363846269205577,50140.0,6.37,3.6,2008,7,Q3,1Fam,1
127500.0,1367,3,1.0,76,1.0,884.0,6,6240,6,408,560.0,425.0,459.0,959,1978.0,0,0,0.0,6,Reg,120,50,52.0,29.102296283256685,48910.0,6.24,2.6,2007,11,Q4,1Fam,1
301500.0,1987,2,3.0,14,2.0,1986.0,8,14303,7,0,691.0,1314.0,672.0,1987,1994.0,262,36,554.0,5,IR1,0,20,91.0,27.363846269205577,50140.0,6.494999999999999,3.6,2008,8,Q3,1Fam,0
99900.0,864,2,1.0,87,0.0,864.0,5,4060,4,0,0.0,0.0,864.0,864,1979.0,0,96,0.0,8,Reg,0,30,56.0,26.11993393300743,50720.0,5.2,5.6,2009,7,Q3,1Fam,1
190000.0,1166,2,3.0,3,2.0,856.0,7,9587,5,0,400.0,655.0,201.0,1166,2005.0,212,0,182.0,5,IR1,0,80,59.0,27.363846269205577,50140.0,6.37,3.6,2008,7,Q3,1Fam,0
151000.0,1054,3,2.5,39,2.0,1054.0,6,9750,6,0,460.0,602.0,14.0,1054,1969.0,180,0,0.0,8,Reg,80,20,65.0,27.363846269205577,50140.0,6.37,3.6,2008,7,Q3,1Fam,0
181000.0,1675,3,2.5,10,2.0,841.0,6,24682,7,783,502.0,0.0,841.0,892,1999.0,0,103,0.0,5,IR3,0,60,68.0,26.11993393300743,50720.0,5.4,6.0,2009,6,Q2,1Fam,0
128900.0,1050,2,1.0,53,1.0,1050.0,5,9600,5,0,338.0,504.0,546.0,1050,1956.0,0,0,0.0,6,Reg,0,20,80.0,26.11993393300743,50720.0,5.4,6.0,2009,6,Q2,1Fam,0
161500.0,1788,5,2.0,52,1.0,1104.0,4,11250,8,684,304.0,0.0,1104.0,1104,1957.0,120,0,0.0,5,Reg,0,50,68.0,26.11993393300743,50720.0,4.87,4.6,2009,11,Q4,1Fam,1
180500.0,1824,3,1.0,88,2.0,764.0,6,13515,8,764,520.0,0.0,764.0,1060,1940.0,0,0,0.0,6,Reg,0,70,60.0,29.102296283256685,48910.0,6.710000000000001,3.0,2007,7,Q3,1Fam,1
181000.0,1337,2,3.0,10,2.0,1405.0,6,4060,5,0,511.0,266.0,1139.0,1337,1998.0,144,68,0.0,5,Reg,0,120,34.0,27.363846269205577,50140.0,6.494999999999999,3.6,2008,8,Q3,TwnhsE,1
183900.0,1452,3,3.5,7,2.0,691.0,7,3735,6,739,506.0,450.0,241.0,713,1999.0,0,34,218.0,5,Reg,0,160,35.0,30.85894600589856,48130.0,6.34,2.7,2006,3,Q1,TwnhsE,0
122000.0,1889,4,1.5,97,1.0,925.0,7,10120,9,925,308.0,0.0,925.0,964,1960.0,0,0,0.0,4,IR1,0,190,60.0,29.102296283256685,48910.0,6.220000000000001,3.0,2007,1,Q1,2fmCon,1
378500.0,2018,3,2.0,2,3.0,2002.0,9,13214,10,0,746.0,0.0,2002.0,2018,2009.0,144,76,0.0,5,IR1,0,20,89.0,25.221608273812684,49020.0,4.885,4.3,2010,5,Q2,1Fam,1
381000.0,3447,4,3.5,73,3.0,728.0,8,14100,11,1479,1014.0,192.0,536.0,1968,1982.0,314,12,632.0,9,IR1,0,50,68.0,27.363846269205577,50140.0,6.05,3.0,2008,5,Q2,1Fam,1
144000.0,1524,3,1.5,49,1.0,874.0,5,11344,7,650,315.0,460.0,414.0,874,1958.0,0,0,180.0,5,Reg,0,50,78.0,29.102296283256685,48910.0,6.710000000000001,3.0,2007,7,Q3,1Fam,0
260000.0,1524,0,2.5,31,2.0,1332.0,7,23595,4,192,586.0,1258.0,74.0,1332,1979.0,268,0,0.0,6,Reg,0,40,68.0,25.221608273812684,49020.0,5.07,4.3,2010,4,Q2,1Fam,0
185750.0,1489,3,2.0,41,2.0,1489.0,6,9156,7,0,462.0,0.0,1489.0,1489,1968.0,0,0,0.0,7,IR1,0,20,68.0,26.11993393300743,50720.0,5.18,5.6,2009,8,Q3,1Fam,0
137000.0,935,3,2.0,41,1.0,935.0,5,13526,5,0,288.0,560.0,0.0,935,1965.0,180,0,114.0,6,IR1,0,20,68.0,30.85894600589856,48130.0,6.24,2.4,2006,11,Q4,1Fam,0
177000.0,1357,2,2.0,49,1.0,1019.0,6,11512,5,0,312.0,719.0,300.0,1357,1959.0,0,0,84.0,7,IR1,163,80,124.0,27.363846269205577,50140.0,6.05,3.0,2008,5,Q2,1Fam,1
139000.0,1250,3,2.0,97,2.0,661.0,5,5362,8,589,552.0,0.0,661.0,661,1985.0,242,0,0.0,6,Reg,0,50,53.0,29.102296283256685,48910.0,6.24,2.6,2007,11,Q4,1Fam,1
137000.0,1920,4,2.0,59,2.0,928.0,5,11345,10,992,400.0,220.0,708.0,928,1948.0,0,0,567.0,5,Reg,0,90,95.0,29.102296283256685,48910.0,6.710000000000001,3.0,2007,7,Q3,Duplex,1
162000.0,1395,3,2.0,37,2.0,723.0,6,12936,6,660,497.0,593.0,130.0,735,1972.0,294,116,0.0,6,IR1,0,60,68.0,26.11993393300743,50720.0,4.94,5.1,2009,12,Q4,1Fam,0
197900.0,1724,3,2.5,42,2.0,1680.0,6,17871,7,0,480.0,528.0,1152.0,1724,1967.0,0,0,359.0,5,IR1,0,80,68.0,26.11993393300743,50720.0,5.4,6.0,2009,6,Q2,1Fam,1
237000.0,2031,3,3.5,6,2.0,1128.0,8,9473,7,903,577.0,804.0,324.0,1128,2002.0,0,211,0.0,5,Reg,0,60,75.0,27.363846269205577,50140.0,5.95,3.0,2008,3,Q1,1Fam,0
68400.0,1128,2,1.0,90,2.0,698.0,4,7500,6,430,528.0,0.0,698.0,698,1980.0,30,0,0.0,4,Reg,0,50,60.0,25.221608273812684,49020.0,5.07,4.3,2010,4,Q2,1Fam,1
227000.0,1573,3,3.0,7,2.0,1573.0,7,9808,6,0,544.0,788.0,785.0,1573,2002.0,0,72,110.0,5,IR1,0,20,67.0,26.11993393300743,50720.0,5.005000000000001,5.2,2009,3,Q1,1Fam,0
180000.0,1339,2,3.0,16,2.0,1309.0,7,8049,6,0,484.0,1053.0,256.0,1339,1990.0,0,58,54.0,5,IR1,90,20,50.0,30.85894600589856,48130.0,6.765000000000001,2.8,2006,7,Q3,1Fam,0
150500.0,1040,3,2.0,32,2.0,1040.0,5,8800,5,0,484.0,532.0,364.0,1040,1977.0,0,0,0.0,7,IR1,288,20,61.0,26.11993393300743,50720.0,5.055,4.7,2009,9,Q3,1Fam,1
139000.0,1824,4,3.0,39,0.0,912.0,6,9400,8,912,0.0,0.0,912.0,912,1979.0,128,0,0.0,5,Reg,0,90,94.0,25.221608273812684,49020.0,5.07,4.3,2010,4,Q2,Duplex,0
169000.0,2447,4,2.0,91,1.0,804.0,6,9638,10,748,336.0,0.0,804.0,1699,1969.0,272,0,0.0,7,Reg,116,50,50.0,25.221608273812684,49020.0,4.965,5.2,2010,3,Q1,1Fam,1
132500.0,1412,4,1.0,70,1.0,780.0,6,6000,6,587,280.0,0.0,780.0,825,1939.0,45,0,0.0,6,Reg,0,50,50.0,26.11993393300743,50720.0,4.85,5.0,2009,5,Q2,1Fam,1
143000.0,1328,3,2.5,47,2.0,1328.0,6,9790,6,0,528.0,569.0,678.0,1328,1963.0,0,26,451.0,5,Reg,0,20,68.0,25.221608273812684,49020.0,4.734999999999999,5.0,2010,6,Q2,1Fam,0
190000.0,1582,4,2.5,42,2.0,1624.0,5,36500,7,0,390.0,812.0,812.0,1582,1964.0,168,198,621.0,5,IR1,0,20,68.0,30.85894600589856,48130.0,6.67,3.1,2006,6,Q2,1Fam,0
278000.0,1659,2,3.0,9,2.0,1501.0,8,5664,5,0,499.0,1158.0,343.0,1659,2000.0,212,59,0.0,5,IR1,0,120,40.0,26.11993393300743,50720.0,4.94,4.4,2009,10,Q4,TwnhsE,0
281000.0,1970,3,2.5,0,3.0,1085.0,8,11065,8,850,753.0,0.0,1085.0,1120,2006.0,177,74,788.0,5,IR1,0,60,86.0,30.85894600589856,48130.0,6.365,2.4,2006,10,Q4,1Fam,0
180500.0,1152,3,2.0,46,2.0,1152.0,5,14112,6,0,484.0,1014.0,138.0,1152,1964.0,227,0,86.0,7,IR1,0,80,68.0,25.221608273812684,49020.0,5.07,4.3,2010,4,Q2,1Fam,0
119500.0,1302,3,2.5,37,1.0,630.0,5,1680,6,672,264.0,231.0,399.0,630,1972.0,185,0,268.0,7,Reg,0,160,21.0,26.11993393300743,50720.0,5.115,5.1,2009,2,Q1,Twnhs,0
107500.0,2372,4,2.0,117,1.0,994.0,5,6600,11,994,432.0,0.0,994.0,1378,1985.0,0,287,0.0,4,Reg,0,70,60.0,26.11993393300743,50720.0,4.94,5.1,2009,12,Q4,1Fam,1
162900.0,1664,4,2.5,30,2.0,832.0,7,10140,8,832,528.0,194.0,638.0,832,1976.0,0,28,0.0,5,Reg,259,60,78.0,30.85894600589856,48130.0,6.34,2.7,2006,3,Q1,1Fam,0
115000.0,864,2,2.0,51,2.0,864.0,5,8172,5,0,572.0,167.0,697.0,864,1957.0,0,0,0.0,7,Reg,0,20,60.0,30.85894600589856,48130.0,6.51,2.4,2006,4,Q2,1Fam,1
138500.0,1052,3,2.5,38,1.0,1052.0,5,8400,5,0,288.0,1016.0,36.0,1052,1968.0,356,0,168.0,5,Reg,0,20,70.0,30.85894600589856,48130.0,6.24,2.4,2006,11,Q4,1Fam,0
155000.0,1128,3,3.0,45,2.0,1120.0,5,8700,6,0,525.0,776.0,344.0,1128,1963.0,192,20,148.0,6,Reg,0,20,80.0,27.363846269205577,50140.0,5.19,3.8,2008,12,Q4,1Fam,0
140000.0,1072,2,3.0,1,2.0,547.0,6,3675,5,0,525.0,547.0,0.0,1072,2005.0,0,44,82.0,5,Reg,0,180,35.0,30.85894600589856,48130.0,6.67,3.1,2006,6,Q2,TwnhsE,1
160000.0,5642,3,4.5,0,2.0,6110.0,10,63887,12,950,1418.0,5644.0,466.0,4692,2008.0,214,292,796.0,5,IR3,0,60,313.0,27.363846269205577,50140.0,5.69,3.3,2008,1,Q1,1Fam,0
154000.0,1246,3,2.5,51,1.0,1246.0,5,7500,6,0,305.0,340.0,0.0,1246,1959.0,218,0,0.0,7,Reg,0,20,75.0,25.221608273812684,49020.0,4.885,4.3,2010,5,Q2,1Fam,1
225000.0,1983,3,2.5,10,2.0,978.0,7,10762,9,978,490.0,694.0,284.0,1005,1999.0,0,0,344.0,5,IR1,0,60,68.0,26.11993393300743,50720.0,4.85,5.0,2009,5,Q2,1Fam,0
177500.0,1494,3,1.0,67,1.0,771.0,6,7500,7,741,213.0,547.0,224.0,753,1942.0,0,0,0.0,7,IR1,224,70,68.0,26.11993393300743,50720.0,4.87,4.6,2009,11,Q4,1Fam,1
290000.0,2526,4,3.5,12,3.0,1165.0,8,10120,8,1323,844.0,740.0,425.0,1203,1994.0,309,78,391.0,5,Reg,0,60,92.0,30.85894600589856,48130.0,6.125,2.5,2006,12,Q4,1Fam,0
232000.0,1616,3,2.0,1,3.0,1616.0,7,8688,7,0,834.0,0.0,1616.0,1616,2005.0,208,59,228.0,5,Reg,0,20,73.0,30.85894600589856,48130.0,6.51,2.4,2006,4,Q2,1Fam,0
130000.0,1708,3,2.0,2,2.0,976.0,7,3363,7,732,380.0,0.0,976.0,976,2004.0,0,40,117.0,5,Reg,0,160,32.0,30.85894600589856,48130.0,6.51,2.4,2006,4,Q2,TwnhsE,0
325000.0,1652,2,3.0,3,2.0,1652.0,9,13173,6,0,840.0,1572.0,80.0,1652,2006.0,404,102,300.0,5,IR1,0,20,108.0,26.11993393300743,50720.0,4.87,4.6,2009,11,Q4,1Fam,1
202500.0,1368,2,2.0,1,2.0,1368.0,7,6955,6,0,474.0,0.0,1368.0,1368,2005.0,132,35,94.0,5,IR1,0,120,48.0,30.85894600589856,48130.0,6.415,2.6,2006,9,Q3,TwnhsE,1
138000.0,990,3,2.0,15,2.0,990.0,5,8072,5,0,480.0,746.0,244.0,990,2000.0,0,64,0.0,5,Reg,0,20,60.0,26.11993393300743,50720.0,4.85,5.0,2009,5,Q2,1Fam,1
147000.0,1122,2,2.0,60,2.0,924.0,5,12000,6,0,528.0,144.0,172.0,1122,1948.0,0,36,0.0,7,Reg,0,20,100.0,27.363846269205577,50140.0,6.05,3.0,2008,5,Q2,1Fam,1
179200.0,1294,3,3.0,17,2.0,1278.0,6,7153,6,0,496.0,1200.0,78.0,1294,1991.0,112,51,88.0,5,Reg,0,20,68.0,27.363846269205577,50140.0,6.37,3.7,2008,6,Q2,1Fam,0
335000.0,1902,3,3.0,51,2.0,1902.0,7,17500,7,0,567.0,1406.0,496.0,1902,1959.0,0,207,0.0,8,Reg,0,20,100.0,25.221608273812684,49020.0,4.885,4.3,2010,5,Q2,1Fam,1
203000.0,1274,3,3.0,2,2.0,1274.0,7,8814,6,0,508.0,925.0,349.0,1274,2005.0,264,98,80.0,5,Reg,0,20,68.0,29.102296283256685,48910.0,6.220000000000001,3.0,2007,1,Q1,1Fam,1
302000.0,2810,4,2.5,17,2.0,1453.0,8,9572,9,1357,750.0,482.0,971.0,1453,1990.0,500,0,336.0,5,IR1,0,60,68.0,29.102296283256685,48910.0,6.68,3.4,2007,6,Q2,1Fam,0
333168.0,2599,4,2.5,11,3.0,1393.0,9,14774,10,1177,779.0,0.0,1393.0,1422,1999.0,668,30,165.0,5,IR1,0,60,108.0,25.221608273812684,49020.0,4.885,4.3,2010,5,Q2,1Fam,0
119000.0,948,3,2.0,53,1.0,948.0,4,8190,5,0,280.0,732.0,216.0,948,1956.0,0,36,0.0,6,Reg,0,20,60.0,29.102296283256685,48910.0,6.385,2.6,2007,10,Q4,1Fam,0
206900.0,2112,4,2.5,39,2.0,952.0,6,11075,9,1020,576.0,500.0,176.0,1092,1969.0,280,0,0.0,5,Reg,0,60,85.0,27.363846269205577,50140.0,6.37,3.7,2008,6,Q2,1Fam,0
295493.0,1630,3,3.0,1,3.0,1622.0,8,10226,8,0,860.0,0.0,1622.0,1630,2008.0,172,42,270.0,5,IR1,0,20,61.0,26.11993393300743,50720.0,5.055,5.0,2009,1,Q1,1Fam,0
208900.0,1352,2,2.0,1,2.0,1352.0,7,4230,5,0,466.0,0.0,1352.0,1352,2006.0,0,241,0.0,5,Reg,0,120,47.0,29.102296283256685,48910.0,6.17,2.8,2007,4,Q2,TwnhsE,1
275000.0,1787,3,2.0,5,3.0,1753.0,8,14781,7,0,748.0,0.0,1753.0,1787,2001.0,198,150,178.0,5,IR2,0,20,68.0,30.85894600589856,48130.0,6.52,2.6,2006,8,Q3,1Fam,1
111000.0,948,3,1.0,53,1.0,864.0,4,10215,5,0,248.0,492.0,372.0,948,1954.0,0,0,132.0,5,Reg,0,20,75.0,29.102296283256685,48910.0,6.29,3.0,2007,2,Q1,1Fam,0
156500.0,1478,3,2.5,52,2.0,1478.0,6,8400,6,0,442.0,189.0,628.0,1478,1957.0,114,0,0.0,3,Reg,216,20,70.0,26.11993393300743,50720.0,5.4,6.0,2009,6,Q2,1Fam,0
72500.0,720,2,1.0,59,1.0,0.0,3,6627,4,0,287.0,0.0,0.0,720,1955.0,0,0,0.0,6,IR1,0,20,68.0,27.363846269205577,50140.0,6.37,3.6,2008,7,Q3,1Fam,1
190000.0,1923,3,3.5,18,2.0,750.0,7,10186,8,862,564.0,674.0,76.0,1061,1992.0,240,39,0.0,5,IR1,0,60,107.0,25.221608273812684,49020.0,4.734999999999999,5.0,2010,6,Q2,1Fam,0
82500.0,708,2,1.0,69,0.0,420.0,4,5330,5,0,0.0,280.0,140.0,708,1979.0,164,0,0.0,7,Reg,0,30,50.0,26.11993393300743,50720.0,4.94,5.1,2009,12,Q4,1Fam,1
147000.0,1795,2,2.0,1,3.0,1795.0,8,9986,7,0,895.0,0.0,1795.0,1795,2007.0,0,49,428.0,5,Reg,0,20,75.0,29.102296283256685,48910.0,6.29,3.0,2007,2,Q1,1Fam,1
55000.0,796,2,1.0,86,0.0,796.0,4,3636,5,0,0.0,0.0,796.0,796,1979.0,0,0,0.0,4,Reg,0,30,40.0,27.363846269205577,50140.0,5.69,3.3,2008,1,Q1,1Fam,1
79000.0,774,3,1.0,76,0.0,544.0,3,4270,6,0,0.0,544.0,0.0,774,1979.0,0,0,0.0,6,Reg,0,30,70.0,29.102296283256685,48910.0,6.21,2.8,2007,5,Q2,1Fam,1
130500.0,816,3,1.5,26,1.0,816.0,5,6600,5,0,264.0,641.0,175.0,816,1982.0,0,0,0.0,9,Reg,0,20,60.0,27.363846269205577,50140.0,6.1,2.9,2008,10,Q4,1Fam,1
256000.0,2792,5,2.0,88,2.0,1510.0,6,10440,8,1208,520.0,493.0,1017.0,1584,1920.0,0,547,0.0,7,Reg,480,50,60.0,27.363846269205577,50140.0,6.37,3.7,2008,6,Q2,1Fam,1
176500.0,1632,3,2.5,8,2.0,935.0,7,9084,8,677,462.0,0.0,935.0,955,1998.0,0,28,0.0,5,IR1,0,60,63.0,30.85894600589856,48130.0,6.67,3.1,2006,6,Q2,1Fam,0
227000.0,1588,3,2.0,1,3.0,1588.0,8,10000,7,0,825.0,0.0,1588.0,1588,2006.0,144,45,410.0,5,Reg,0,20,85.0,29.102296283256685,48910.0,6.125,3.0,2007,12,Q4,1Fam,0
132500.0,954,3,1.0,30,2.0,911.0,5,10780,6,0,576.0,483.0,428.0,954,1976.0,0,0,0.0,5,IR1,0,80,55.0,30.85894600589856,48130.0,6.765000000000001,2.8,2006,7,Q3,1Fam,0
100000.0,816,2,2.0,71,1.0,816.0,4,8877,3,0,288.0,690.0,126.0,816,1958.0,0,0,0.0,6,Reg,0,20,67.0,26.11993393300743,50720.0,4.85,5.0,2009,5,Q2,1Fam,1
125500.0,1360,2,1.5,68,1.0,803.0,5,7200,6,557,297.0,0.0,803.0,803,1951.0,0,65,0.0,6,Reg,0,50,60.0,30.85894600589856,48130.0,6.765000000000001,2.8,2006,7,Q3,1Fam,1
125000.0,1365,3,1.5,39,2.0,765.0,5,2368,7,600,440.0,765.0,0.0,765,1970.0,0,36,312.0,6,Reg,0,160,24.0,26.11993393300743,50720.0,4.85,5.0,2009,5,Q2,TwnhsE,0
167900.0,1334,2,2.5,32,2.0,1350.0,6,9650,6,0,630.0,686.0,664.0,1334,1977.0,0,16,360.0,5,Reg,0,20,80.0,26.11993393300743,50720.0,4.8,4.9,2009,4,Q2,1Fam,0
135000.0,1656,4,2.0,35,2.0,1656.0,5,9246,8,0,506.0,0.0,1656.0,1656,1973.0,0,211,564.0,5,IR1,0,90,87.0,27.363846269205577,50140.0,6.09,3.1,2008,11,Q4,Duplex,0
52500.0,693,2,1.0,65,0.0,693.0,4,4118,4,0,0.0,0.0,693.0,693,1979.0,0,20,0.0,4,IR1,0,30,153.0,30.85894600589856,48130.0,6.34,2.7,2006,3,Q1,1Fam,1
200000.0,1861,3,3.5,4,2.0,916.0,7,13450,8,941,492.0,700.0,216.0,920,2002.0,146,91,0.0,5,IR1,0,60,95.0,30.85894600589856,48130.0,6.67,3.1,2006,6,Q2,1Fam,0
128500.0,864,3,1.0,34,1.0,864.0,5,9560,5,0,288.0,360.0,504.0,864,1972.0,0,0,0.0,7,IR1,0,20,120.0,30.85894600589856,48130.0,6.67,3.1,2006,6,Q2,1Fam,0
123000.0,872,3,1.0,36,4.0,858.0,4,8294,5,0,480.0,0.0,858.0,872,1974.0,0,0,0.0,5,Reg,0,20,70.0,29.102296283256685,48910.0,6.68,3.4,2007,6,Q2,1Fam,0
155000.0,1114,3,2.0,5,2.0,1114.0,6,13695,6,0,576.0,814.0,300.0,1114,2004.0,0,78,0.0,5,Reg,0,20,66.0,27.363846269205577,50140.0,6.37,3.6,2008,7,Q3,1Fam,1
228500.0,2169,3,2.5,5,2.0,1284.0,8,9375,7,885,647.0,0.0,1284.0,1284,2002.0,192,87,149.0,5,Reg,0,60,68.0,29.102296283256685,48910.0,6.59,3.0,2007,8,Q3,1Fam,0
177000.0,1913,3,1.5,81,2.0,896.0,6,7558,9,741,342.0,0.0,896.0,1172,1929.0,0,0,0.0,6,Reg,0,50,57.0,26.11993393300743,50720.0,5.005000000000001,5.2,2009,3,Q1,1Fam,1
155835.0,1456,3,2.5,1,2.0,728.0,7,11103,8,728,440.0,0.0,728.0,728,2006.0,0,0,0.0,5,IR1,0,60,85.0,29.102296283256685,48910.0,6.710000000000001,3.0,2007,7,Q3,1Fam,0
108500.0,960,2,1.0,87,1.0,960.0,4,6000,5,0,308.0,250.0,710.0,960,1997.0,0,0,0.0,4,Reg,0,30,50.0,29.102296283256685,48910.0,6.710000000000001,3.0,2007,7,Q3,1Fam,1
262500.0,2156,3,2.0,38,2.0,1568.0,7,20781,9,0,508.0,297.0,1203.0,2156,1968.0,0,80,0.0,7,IR2,0,20,68.0,30.85894600589856,48130.0,6.67,3.1,2006,6,Q2,1Fam,1
283463.0,1776,3,3.0,1,3.0,1732.0,8,15306,7,0,712.0,80.0,1652.0,1776,2006.0,0,0,100.0,5,IR1,0,20,93.0,29.102296283256685,48910.0,6.21,2.8,2007,5,Q2,1Fam,1
215000.0,1494,3,3.0,9,2.0,1482.0,7,16196,5,0,514.0,1443.0,39.0,1494,1998.0,402,25,0.0,5,IR3,0,20,68.0,29.102296283256685,48910.0,6.59,3.0,2007,8,Q3,1Fam,0
122000.0,2358,4,2.0,136,0.0,684.0,8,5250,8,1215,0.0,259.0,425.0,938,1979.0,0,54,0.0,5,Reg,0,70,50.0,27.363846269205577,50140.0,5.19,3.8,2008,12,Q4,1Fam,1
200000.0,2634,6,4.5,40,4.0,1248.0,5,11643,12,1296,968.0,500.0,748.0,1338,1969.0,0,0,368.0,5,Reg,0,90,91.0,26.11993393300743,50720.0,5.18,5.6,2009,8,Q3,Duplex,0
171000.0,1716,4,1.5,46,2.0,858.0,6,9247,8,858,490.0,319.0,539.0,858,1962.0,0,84,318.0,6,IR1,120,60,70.0,27.363846269205577,50140.0,5.95,3.0,2008,3,Q1,1Fam,0
134900.0,1176,2,1.0,72,2.0,698.0,6,6000,4,390,624.0,0.0,698.0,786,1999.0,210,0,0.0,9,Reg,0,50,50.0,26.11993393300743,50720.0,5.2,5.6,2009,7,Q3,1Fam,1
410000.0,3238,4,3.5,15,3.0,2033.0,8,14720,9,1185,666.0,816.0,1217.0,2053,1996.0,283,86,579.0,5,IR1,0,50,56.0,25.221608273812684,49020.0,4.965,5.2,2010,3,Q1,1Fam,1
235000.0,1865,3,3.5,8,3.0,992.0,7,10316,7,873,839.0,735.0,257.0,992,2000.0,0,184,0.0,5,IR1,0,60,68.0,27.363846269205577,50140.0,6.37,3.7,2008,6,Q2,1Fam,0
170000.0,1920,4,3.0,38,2.0,570.0,7,10192,8,698,487.0,0.0,570.0,1222,1968.0,0,98,143.0,6,IR1,0,80,102.0,30.85894600589856,48130.0,6.415,2.6,2006,9,Q3,1Fam,1
110000.0,892,3,1.0,42,1.0,864.0,5,9477,5,0,264.0,340.0,524.0,892,1966.0,0,0,65.0,5,Reg,0,20,68.0,27.363846269205577,50140.0,6.1,2.9,2008,10,Q4,1Fam,0
149900.0,1078,3,2.5,39,2.0,1078.0,5,12537,6,0,500.0,734.0,344.0,1078,1971.0,0,0,0.0,6,IR1,0,20,68.0,25.221608273812684,49020.0,5.07,4.3,2010,4,Q2,1Fam,1
177500.0,1573,3,2.5,10,2.0,756.0,6,2117,5,804,440.0,378.0,378.0,769,2000.0,0,32,216.0,5,Reg,0,160,68.0,25.221608273812684,49020.0,4.734999999999999,5.0,2010,6,Q2,Twnhs,0
315000.0,1980,3,3.0,2,3.0,1980.0,9,16737,8,0,770.0,1447.0,533.0,1980,2004.0,194,45,66.0,5,Reg,0,20,129.0,30.85894600589856,48130.0,6.415,2.6,2006,9,Q3,1Fam,1
189000.0,2601,4,3.5,87,2.0,612.0,5,9842,8,1611,621.0,0.0,612.0,990,1998.0,183,0,0.0,6,Reg,0,70,51.0,27.363846269205577,50140.0,6.05,3.0,2008,5,Q2,1Fam,1
260000.0,1530,3,3.0,4,2.0,1530.0,7,16158,7,0,430.0,1274.0,256.0,1530,2005.0,168,36,16.0,5,IR1,0,20,124.0,26.11993393300743,50720.0,5.4,6.0,2009,6,Q2,1Fam,0
104900.0,1738,4,2.0,89,1.0,715.0,4,12513,7,457,368.0,0.0,715.0,1281,1920.0,55,0,0.0,4,IR1,0,50,68.0,26.11993393300743,50720.0,5.4,6.0,2009,6,Q2,1Fam,1
156932.0,1412,3,2.5,1,2.0,616.0,6,8499,6,796,432.0,0.0,616.0,616,2007.0,0,36,0.0,5,IR1,0,60,73.0,29.102296283256685,48910.0,6.16,2.9,2007,3,Q1,1Fam,1
144152.0,1200,2,2.5,1,2.0,600.0,7,3180,4,600,480.0,0.0,600.0,520,2005.0,0,166,0.0,5,Reg,0,160,30.0,30.85894600589856,48130.0,6.51,2.4,2006,4,Q2,TwnhsE,0
216000.0,1674,3,3.5,10,2.0,814.0,7,7500,7,860,663.0,533.0,281.0,814,2000.0,0,96,0.0,5,Reg,0,60,68.0,25.221608273812684,49020.0,5.025,5.5,2010,1,Q1,1Fam,0
193000.0,1790,3,3.5,9,2.0,873.0,7,9179,7,908,588.0,633.0,240.0,882,1999.0,0,88,158.0,5,IR1,0,60,68.0,27.363846269205577,50140.0,6.37,3.7,2008,6,Q2,1Fam,0
127000.0,1475,4,2.0,29,1.0,757.0,5,2665,6,550,336.0,548.0,36.0,925,1977.0,104,26,0.0,6,Reg,0,160,41.0,30.85894600589856,48130.0,6.765000000000001,2.8,2006,7,Q3,TwnhsE,0
144000.0,848,1,2.0,6,2.0,848.0,6,4435,4,0,420.0,685.0,163.0,848,2003.0,140,0,170.0,5,Reg,0,120,68.0,26.11993393300743,50720.0,5.4,6.0,2009,6,Q2,TwnhsE,1
232000.0,1668,3,3.0,7,2.0,1657.0,8,10635,8,0,502.0,370.0,315.0,1668,2003.0,0,262,171.0,5,IR2,0,20,48.0,25.221608273812684,49020.0,4.885,4.3,2010,5,Q2,1Fam,0
105000.0,1374,2,1.0,89,1.0,840.0,4,5400,6,534,338.0,315.0,420.0,840,1967.0,0,0,0.0,6,Reg,0,50,90.0,26.11993393300743,50720.0,4.94,4.4,2009,10,Q4,1Fam,1
165500.0,1661,3,2.0,53,1.0,992.0,6,9600,8,0,377.0,831.0,161.0,1661,1955.0,0,28,0.0,6,Reg,178,80,80.0,27.363846269205577,50140.0,6.1,2.9,2008,10,Q4,1Fam,1
274300.0,2097,3,3.5,8,2.0,1108.0,7,9750,8,989,583.0,975.0,133.0,1108,1998.0,253,170,0.0,6,Reg,0,60,75.0,30.85894600589856,48130.0,6.67,3.1,2006,6,Q2,1Fam,0
466500.0,2633,2,3.5,6,3.0,2633.0,10,11400,8,0,804.0,1282.0,1351.0,2633,2001.0,314,140,705.0,5,Reg,0,20,68.0,29.102296283256685,48910.0,6.16,2.9,2007,3,Q1,1Fam,1
250000.0,1958,3,2.5,3,3.0,1026.0,7,10625,9,932,936.0,0.0,1026.0,1026,2005.0,154,210,0.0,5,Reg,0,60,85.0,27.363846269205577,50140.0,6.37,3.6,2008,7,Q3,1Fam,0
239000.0,1571,3,2.0,0,3.0,1571.0,8,10991,7,0,722.0,0.0,1571.0,1571,2007.0,100,36,80.0,5,IR1,0,20,89.0,29.102296283256685,48910.0,6.125,3.0,2007,12,Q4,1Fam,0
91000.0,790,2,1.0,78,1.0,768.0,6,6292,4,0,160.0,384.0,384.0,790,1925.0,0,141,0.0,5,Reg,0,30,52.0,27.363846269205577,50140.0,5.88,2.7,2008,4,Q2,1Fam,1
117000.0,1604,3,2.0,68,2.0,984.0,5,10998,6,620,660.0,408.0,156.0,984,1977.0,0,68,0.0,5,Reg,0,50,60.0,26.11993393300743,50720.0,5.2,5.6,2009,7,Q3,1Fam,1
83000.0,987,2,1.5,33,1.0,483.0,6,1953,5,504,264.0,309.0,174.0,483,1973.0,72,0,408.0,5,Reg,0,160,21.0,30.85894600589856,48130.0,6.67,3.1,2006,6,Q2,Twnhs,0
167500.0,1394,3,2.5,2,2.0,384.0,5,9735,7,640,400.0,0.0,384.0,754,2007.0,100,0,0.0,5,Reg,0,80,73.0,27.363846269205577,50140.0,6.05,3.0,2008,5,Q2,1Fam,1
58500.0,864,2,2.0,96,1.0,864.0,3,8212,5,0,200.0,203.0,661.0,864,1938.0,0,0,0.0,3,Reg,0,30,45.0,25.221608273812684,49020.0,4.734999999999999,5.0,2010,6,Q2,1Fam,1
237500.0,2117,4,2.5,38,2.0,1205.0,6,12925,7,0,550.0,865.0,340.0,2117,1970.0,0,42,0.0,7,IR1,0,20,68.0,27.363846269205577,50140.0,6.05,3.0,2008,5,Q2,1Fam,0
157000.0,1762,4,2.5,86,2.0,596.0,7,7200,8,764,576.0,0.0,596.0,998,1989.0,36,0,0.0,7,Reg,0,70,60.0,30.85894600589856,48130.0,6.365,2.4,2006,10,Q4,1Fam,1
112000.0,1416,3,2.0,89,2.0,816.0,5,25339,7,0,576.0,0.0,816.0,1416,2007.0,0,0,0.0,7,Reg,0,30,68.0,29.102296283256685,48910.0,6.59,3.0,2007,8,Q3,1Fam,1
105000.0,1258,2,1.0,70,1.0,560.0,6,9060,6,560,280.0,204.0,356.0,698,1939.0,0,0,0.0,5,Reg,0,50,60.0,26.11993393300743,50720.0,4.94,4.4,2009,10,Q4,1Fam,1
125500.0,1154,3,2.0,88,1.0,796.0,4,5436,7,358,240.0,735.0,61.0,796,1922.0,0,96,0.0,8,Reg,0,50,40.0,25.221608273812684,49020.0,4.885,4.3,2010,5,Q2,1Fam,1
250000.0,2784,5,4.5,28,2.0,1392.0,7,16692,12,1392,564.0,790.0,133.0,1392,1978.0,0,112,184.0,5,IR1,440,60,80.0,30.85894600589856,48130.0,6.765000000000001,2.8,2006,7,Q3,1Fam,0
136000.0,2526,5,2.0,91,1.0,714.0,6,8520,10,862,216.0,168.0,0.0,1664,1916.0,88,15,0.0,7,Reg,0,50,60.0,29.102296283256685,48910.0,6.59,3.0,2007,8,Q3,1Fam,1
377500.0,1746,3,3.0,3,3.0,1746.0,9,14892,7,0,758.0,1320.0,426.0,1746,2006.0,201,39,160.0,5,IR1,0,20,42.0,26.11993393300743,50720.0,4.94,4.4,2009,10,Q4,1Fam,1
131000.0,1218,3,1.5,66,2.0,735.0,6,6000,6,349,440.0,375.0,360.0,869,2003.0,0,0,0.0,6,Reg,0,50,60.0,29.102296283256685,48910.0,6.16,2.9,2007,3,Q1,1Fam,1
235000.0,1525,3,3.0,6,2.0,1525.0,7,9100,6,0,541.0,1400.0,125.0,1525,2000.0,219,36,244.0,5,Reg,0,20,70.0,30.85894600589856,48130.0,6.415,2.6,2006,9,Q3,1Fam,0
124000.0,1584,4,2.0,42,3.0,1584.0,5,8944,8,0,792.0,0.0,1584.0,1584,1967.0,0,152,0.0,5,Reg,0,90,65.0,26.11993393300743,50720.0,4.8,4.9,2009,4,Q2,Duplex,0
123000.0,900,3,2.0,39,1.0,864.0,5,7838,6,0,288.0,769.0,95.0,900,1967.0,175,144,0.0,5,Reg,0,85,68.0,30.85894600589856,48130.0,6.125,2.5,2006,12,Q4,1Fam,0
163000.0,1912,3,2.0,103,2.0,482.0,6,10800,7,691,672.0,0.0,482.0,1221,2003.0,0,25,0.0,7,Reg,0,190,60.0,27.363846269205577,50140.0,5.88,2.7,2008,4,Q2,2fmCon,1
246578.0,1500,2,3.0,0,3.0,1356.0,7,4045,6,0,648.0,1070.0,286.0,1500,2006.0,161,20,45.0,5,Reg,0,120,53.0,30.85894600589856,48130.0,6.365,2.4,2006,10,Q4,TwnhsE,0
281213.0,2482,4,2.5,2,3.0,1094.0,8,12665,9,1349,642.0,0.0,1094.0,1133,2005.0,144,39,245.0,5,IR1,0,60,88.0,29.102296283256685,48910.0,6.29,3.0,2007,2,Q1,1Fam,1
160000.0,1687,3,2.0,62,2.0,747.0,5,57200,7,0,572.0,353.0,60.0,1687,1966.0,0,0,0.0,5,IR1,0,20,68.0,25.221608273812684,49020.0,4.734999999999999,5.0,2010,6,Q2,1Fam,1
137500.0,1513,4,1.5,87,1.0,939.0,5,6120,8,574,180.0,0.0,939.0,939,1933.0,24,0,0.0,8,Reg,0,70,51.0,29.102296283256685,48910.0,6.21,2.8,2007,5,Q2,1Fam,1
138000.0,1904,3,2.5,59,1.0,1208.0,5,7200,7,768,240.0,180.0,676.0,1136,1950.0,0,0,0.0,4,Reg,0,50,60.0,26.11993393300743,50720.0,4.85,5.0,2009,5,Q2,1Fam,1
137450.0,1608,3,2.5,84,1.0,976.0,6,6171,7,448,216.0,264.0,712.0,1160,1925.0,147,16,0.0,6,Reg,0,50,51.0,26.11993393300743,50720.0,4.94,4.4,2009,10,Q4,1Fam,1
120000.0,1158,3,1.0,79,1.0,862.0,6,6000,5,208,208.0,0.0,862.0,950,1929.0,0,0,0.0,7,Reg,0,50,50.0,27.363846269205577,50140.0,6.37,3.6,2008,7,Q3,1Fam,1
193000.0,1593,3,3.5,4,2.0,839.0,6,7415,8,729,398.0,759.0,80.0,864,2004.0,100,75,0.0,5,IR1,0,60,62.0,27.363846269205577,50140.0,5.88,2.7,2008,4,Q2,1Fam,0
193879.0,1294,2,2.0,0,2.0,1286.0,7,6762,6,0,662.0,0.0,1286.0,1294,2006.0,168,55,0.0,5,Reg,0,20,64.0,30.85894600589856,48130.0,6.765000000000001,2.8,2006,7,Q3,1Fam,0
282922.0,1464,3,3.0,0,3.0,1485.0,8,15256,6,0,754.0,929.0,556.0,1464,2007.0,168,160,84.0,5,IR1,0,20,49.0,29.102296283256685,48910.0,6.59,3.0,2007,8,Q3,1Fam,0
105000.0,1214,3,1.0,91,3.0,672.0,3,10410,6,520,936.0,0.0,672.0,694,1998.0,216,0,0.0,4,Reg,0,50,60.0,30.85894600589856,48130.0,6.135,3.1,2006,1,Q1,1Fam,1
275000.0,1646,2,3.5,4,2.0,1594.0,8,3842,5,0,482.0,1373.0,221.0,1646,2004.0,128,53,174.0,5,IR1,155,120,44.0,27.363846269205577,50140.0,5.69,3.3,2008,1,Q1,TwnhsE,1
133000.0,768,2,2.0,37,2.0,768.0,5,8445,5,0,396.0,656.0,112.0,768,1988.0,58,0,0.0,7,Reg,0,85,70.0,26.11993393300743,50720.0,5.005000000000001,5.2,2009,3,Q1,1Fam,1
112000.0,833,3,2.0,24,0.0,833.0,5,8780,5,0,0.0,625.0,208.0,833,1979.0,0,0,0.0,5,IR1,0,20,68.0,26.11993393300743,50720.0,5.005000000000001,5.2,2009,3,Q1,1Fam,0
125500.0,1363,3,1.0,100,2.0,622.0,4,7740,6,622,528.0,0.0,622.0,741,1966.0,0,0,0.0,7,Reg,168,70,60.0,25.221608273812684,49020.0,4.734999999999999,5.0,2010,6,Q2,1Fam,1
215000.0,2093,3,2.5,22,2.0,791.0,7,20544,7,857,542.0,0.0,791.0,1236,1986.0,364,63,123.0,6,IR1,0,60,46.0,27.363846269205577,50140.0,6.09,3.1,2008,11,Q4,1Fam,1
230000.0,1840,3,3.5,8,2.0,944.0,7,12420,6,896,622.0,666.0,278.0,944,2001.0,0,45,0.0,5,Reg,0,60,79.0,26.11993393300743,50720.0,5.4,6.0,2009,6,Q2,1Fam,0
140000.0,1668,3,1.5,59,1.0,856.0,6,9600,6,556,271.0,120.0,736.0,1112,1950.0,0,0,0.0,8,Reg,0,50,80.0,26.11993393300743,50720.0,5.055,4.7,2009,9,Q3,1Fam,1
90000.0,1040,2,2.0,60,2.0,0.0,4,7200,6,0,420.0,0.0,0.0,1040,1956.0,0,0,0.0,5,Reg,0,90,60.0,26.11993393300743,50720.0,5.4,6.0,2009,6,Q2,Duplex,1
257000.0,1844,2,3.0,4,2.0,1844.0,8,10994,7,0,620.0,976.0,868.0,1844,2005.0,165,44,366.0,5,IR1,0,20,88.0,26.11993393300743,50720.0,5.055,4.7,2009,9,Q3,1Fam,1
207000.0,1848,4,1.5,85,2.0,833.0,6,13053,8,795,370.0,0.0,833.0,1053,1922.0,0,0,0.0,7,Reg,220,50,64.0,27.363846269205577,50140.0,6.37,3.7,2008,6,Q2,1Fam,1
175900.0,1569,1,2.5,2,3.0,1386.0,7,3635,7,0,660.0,988.0,398.0,1569,2007.0,143,20,130.0,5,Reg,0,120,51.0,26.11993393300743,50720.0,4.85,5.0,2009,5,Q2,TwnhsE,0
122500.0,2290,4,2.0,125,2.0,777.0,4,11340,11,1044,560.0,0.0,777.0,1246,1971.0,0,0,0.0,6,Reg,0,190,60.0,25.221608273812684,49020.0,5.07,4.3,2010,4,Q2,2fmCon,1
340000.0,2450,3,3.5,11,3.0,1284.0,8,16545,7,1140,1069.0,781.0,503.0,1310,1998.0,0,126,731.0,5,IR1,0,60,68.0,26.11993393300743,50720.0,4.85,5.0,2009,5,Q2,1Fam,0
124000.0,1144,3,2.5,45,1.0,1144.0,5,9204,6,0,336.0,25.0,247.0,1144,1962.0,0,88,0.0,5,Reg,0,20,71.0,27.363846269205577,50140.0,6.494999999999999,3.6,2008,8,Q3,1Fam,0
223000.0,1844,3,3.0,37,2.0,1844.0,6,16381,7,0,540.0,1110.0,734.0,1844,1969.0,0,73,312.0,5,IR1,0,20,68.0,30.85894600589856,48130.0,6.125,2.5,2006,12,Q4,1Fam,0
179900.0,1416,3,2.5,38,2.0,708.0,6,11700,7,708,776.0,404.0,304.0,708,1968.0,0,169,420.0,6,Reg,119,60,90.0,30.85894600589856,48130.0,6.595,2.4,2006,5,Q2,1Fam,0
127500.0,1069,2,2.0,33,2.0,1069.0,6,4043,4,0,440.0,360.0,709.0,1069,1977.0,0,55,0.0,5,Reg,165,120,53.0,25.221608273812684,49020.0,4.57,4.7,2010,7,Q3,TwnhsE,0
136500.0,848,1,2.0,5,2.0,848.0,6,4435,3,0,420.0,686.0,162.0,848,2003.0,140,0,170.0,5,Reg,0,120,37.0,27.363846269205577,50140.0,5.95,3.0,2008,3,Q1,TwnhsE,0
274970.0,2201,4,2.0,40,2.0,697.0,6,19690,8,626,432.0,0.0,697.0,1575,1966.0,586,236,0.0,7,IR1,0,80,68.0,30.85894600589856,48130.0,6.52,2.6,2006,8,Q3,1Fam,0
144000.0,1344,2,2.0,49,1.0,1024.0,5,9503,6,0,484.0,457.0,193.0,1344,1970.0,316,28,0.0,5,Reg,0,20,68.0,29.102296283256685,48910.0,6.68,3.4,2007,6,Q2,1Fam,1
142000.0,1252,3,1.0,49,2.0,1252.0,6,10721,7,0,528.0,0.0,1252.0,1252,1960.0,0,39,243.0,6,IR1,0,20,80.0,27.363846269205577,50140.0,6.1,2.9,2008,10,Q4,1Fam,0
271000.0,2127,3,3.5,14,2.0,1223.0,7,10944,5,904,525.0,1000.0,223.0,1223,1994.0,171,132,448.0,5,IR1,0,60,81.0,27.363846269205577,50140.0,6.494999999999999,3.6,2008,8,Q3,1Fam,0
140000.0,1558,3,2.5,63,1.0,913.0,5,10930,6,510,288.0,580.0,333.0,1048,1962.0,0,0,0.0,6,Reg,0,50,60.0,27.363846269205577,50140.0,5.88,2.7,2008,4,Q2,1Fam,1
119000.0,804,2,2.0,70,1.0,788.0,5,7200,4,0,240.0,510.0,278.0,804,1940.0,0,0,294.0,7,Reg,0,30,60.0,25.221608273812684,49020.0,4.99,5.3,2010,2,Q1,1Fam,1
182900.0,1440,3,2.0,26,2.0,1440.0,6,12546,7,0,467.0,678.0,762.0,1440,1981.0,0,0,310.0,7,IR1,0,20,68.0,29.102296283256685,48910.0,6.17,2.8,2007,4,Q2,1Fam,0
192140.0,1838,4,2.5,1,2.0,732.0,5,21930,7,1104,372.0,0.0,732.0,734,2005.0,100,40,0.0,5,IR3,0,60,60.0,30.85894600589856,48130.0,6.765000000000001,2.8,2006,7,Q3,1Fam,0
143750.0,958,2,2.0,33,2.0,958.0,6,4928,5,0,440.0,958.0,0.0,958,1976.0,0,60,0.0,6,IR1,0,120,68.0,26.11993393300743,50720.0,4.94,4.4,2009,10,Q4,TwnhsE,0
64500.0,968,4,2.0,80,1.0,656.0,4,10800,5,0,216.0,0.0,656.0,968,1928.0,0,0,0.0,6,Reg,0,30,60.0,29.102296283256685,48910.0,6.59,3.0,2007,8,Q3,1Fam,1
186500.0,1792,3,3.5,8,2.0,936.0,6,10261,8,830,451.0,0.0,936.0,962,2000.0,0,0,318.0,5,IR1,0,60,93.0,27.363846269205577,50140.0,6.05,3.0,2008,5,Q2,1Fam,0
160000.0,1126,3,3.0,29,2.0,1126.0,5,17400,5,0,484.0,936.0,190.0,1126,1977.0,295,41,0.0,5,Reg,0,20,80.0,30.85894600589856,48130.0,6.595,2.4,2006,5,Q2,1Fam,0
174000.0,1537,3,2.5,46,2.0,1319.0,6,8400,7,0,462.0,0.0,1319.0,1537,1962.0,0,36,237.0,9,Reg,0,20,80.0,27.363846269205577,50140.0,6.37,3.6,2008,7,Q3,1Fam,1
120500.0,864,3,1.0,36,2.0,864.0,4,9000,5,0,528.0,616.0,248.0,864,1974.0,0,0,0.0,6,Reg,0,20,60.0,29.102296283256685,48910.0,6.21,2.8,2007,5,Q2,1Fam,0
394617.0,1932,2,3.0,0,3.0,1932.0,8,12444,7,0,774.0,1336.0,596.0,1932,2008.0,0,66,426.0,5,Reg,0,20,96.0,27.363846269205577,50140.0,6.09,3.1,2008,11,Q4,1Fam,0
149700.0,1236,2,2.0,53,2.0,912.0,6,7407,6,0,923.0,600.0,312.0,1236,1957.0,0,158,0.0,7,Reg,0,20,90.0,25.221608273812684,49020.0,5.07,4.3,2010,4,Q2,1Fam,1
197000.0,1725,3,2.5,28,2.0,539.0,7,11584,6,685,550.0,315.0,114.0,1040,1979.0,0,88,96.0,6,Reg,0,60,80.0,29.102296283256685,48910.0,6.24,2.6,2007,11,Q4,1Fam,0
191000.0,2555,3,2.0,86,2.0,588.0,6,11526,11,748,672.0,0.0,588.0,1423,1993.0,431,0,0.0,7,IR1,0,70,79.0,27.363846269205577,50140.0,6.01,3.0,2008,9,Q3,1Fam,1
149300.0,848,1,2.0,4,2.0,848.0,6,4426,3,0,420.0,697.0,151.0,848,2004.0,149,0,147.0,5,Reg,0,120,68.0,27.363846269205577,50140.0,6.05,3.0,2008,5,Q2,TwnhsE,0
310000.0,2007,3,3.5,1,3.0,1017.0,10,11003,10,981,812.0,765.0,252.0,1026,2008.0,168,52,160.0,5,Reg,0,60,85.0,26.11993393300743,50720.0,4.8,4.9,2009,4,Q2,1Fam,0
121000.0,952,2,1.0,93,1.0,952.0,6,8854,4,0,192.0,0.0,952.0,952,1916.0,0,98,0.0,6,Reg,40,30,68.0,26.11993393300743,50720.0,4.85,5.0,2009,5,Q2,1Fam,1
179600.0,1422,3,2.0,3,2.0,1422.0,7,8500,7,0,626.0,0.0,1422.0,1422,2004.0,192,60,106.0,5,Reg,0,20,63.0,29.102296283256685,48910.0,6.24,2.6,2007,11,Q4,1Fam,0
129000.0,913,3,2.0,41,1.0,814.0,6,8400,6,0,240.0,187.0,0.0,913,1990.0,0,0,0.0,5,Reg,0,85,70.0,29.102296283256685,48910.0,6.21,2.8,2007,5,Q2,1Fam,0
157900.0,1188,3,1.0,48,1.0,1188.0,5,26142,6,0,312.0,593.0,595.0,1188,1962.0,261,39,189.0,7,IR1,0,20,68.0,25.221608273812684,49020.0,5.07,4.3,2010,4,Q2,1Fam,0
240000.0,2090,3,3.5,12,2.0,1220.0,8,10000,8,870,556.0,1079.0,141.0,1220,1995.0,0,65,438.0,5,Reg,0,60,80.0,29.102296283256685,48910.0,6.125,3.0,2007,12,Q4,1Fam,1
112000.0,1346,2,1.5,97,1.0,560.0,4,11767,6,550,384.0,0.0,560.0,796,1950.0,168,24,0.0,7,Reg,0,50,70.0,29.102296283256685,48910.0,6.21,2.8,2007,5,Q2,1Fam,1
92000.0,630,1,2.0,36,0.0,630.0,5,1533,3,0,0.0,553.0,77.0,630,1979.0,0,0,0.0,7,Reg,0,180,21.0,30.85894600589856,48130.0,6.52,2.6,2006,8,Q3,Twnhs,0
136000.0,1792,4,3.0,35,0.0,896.0,5,9000,8,896,0.0,0.0,896.0,896,1979.0,32,45,0.0,5,Reg,0,90,60.0,26.11993393300743,50720.0,5.055,4.7,2009,9,Q3,Duplex,0
287090.0,1578,3,2.0,1,3.0,1573.0,8,9262,7,0,840.0,0.0,1573.0,1578,2008.0,0,36,194.0,5,Reg,0,20,78.0,26.11993393300743,50720.0,4.85,5.0,2009,5,Q2,1Fam,1
145000.0,1072,2,2.0,1,2.0,547.0,5,3675,5,0,525.0,547.0,0.0,1072,2005.0,0,28,80.0,5,Reg,0,180,35.0,30.85894600589856,48130.0,6.595,2.4,2006,5,Q2,TwnhsE,0
84500.0,1140,3,1.0,0,0.0,1140.0,5,17217,6,0,0.0,0.0,1140.0,1140,1979.0,36,56,0.0,5,Reg,0,20,90.0,30.85894600589856,48130.0,6.765000000000001,2.8,2006,7,Q3,1Fam,0
185000.0,1221,2,3.0,5,2.0,1221.0,7,7500,6,0,400.0,410.0,811.0,1221,2004.0,0,113,0.0,5,Reg,0,20,62.0,26.11993393300743,50720.0,4.94,4.4,2009,10,Q4,1Fam,1
175000.0,1647,3,2.5,8,2.0,953.0,6,7917,7,694,460.0,0.0,953.0,953,1999.0,0,40,0.0,5,Reg,0,60,62.0,29.102296283256685,48910.0,6.59,3.0,2007,8,Q3,1Fam,1
210000.0,2073,3,3.0,32,2.0,1542.0,6,13175,7,0,500.0,790.0,589.0,2073,1978.0,349,0,119.0,6,Reg,0,20,85.0,25.221608273812684,49020.0,4.99,5.3,2010,2,Q1,1Fam,1
266500.0,2340,4,2.0,69,1.0,1152.0,7,9042,9,1152,252.0,275.0,877.0,1188,1941.0,0,60,0.0,9,Reg,0,70,66.0,25.221608273812684,49020.0,4.885,4.3,2010,5,Q2,1Fam,1
142125.0,1078,2,2.0,60,1.0,1078.0,5,9717,5,0,240.0,49.0,0.0,1078,1950.0,366,0,0.0,6,Reg,0,20,68.0,25.221608273812684,49020.0,5.07,4.3,2010,4,Q2,1Fam,1
147500.0,1256,3,2.5,43,1.0,1256.0,5,9937,6,0,276.0,830.0,136.0,1256,1965.0,736,68,0.0,6,Reg,0,20,75.0,27.363846269205577,50140.0,6.37,3.7,2008,6,Q2,1Fam,0
169277.0524984,896,2,1.0,49,1.0,882.0,5,11622,5,0,730.0,468.0,270.0,896,1961.0,140,0,0.0,6,Reg,120,20,80.0,25.221608273812684,49020.0,4.734999999999999,5.0,2010,6,Q2,1Fam,0
187758.393988768,1329,3,1.5,52,1.0,1329.0,6,14267,6,0,312.0,923.0,406.0,1329,1958.0,393,36,108.0,6,IR1,0,20,81.0,25.221608273812684,49020.0,4.734999999999999,5.0,2010,6,Q2,1Fam,0
183583.683569555,1629,3,2.5,13,2.0,928.0,5,13830,6,701,482.0,791.0,137.0,928,1997.0,212,34,0.0,5,IR1,0,60,74.0,25.221608273812684,49020.0,4.965,5.2,2010,3,Q1,1Fam,1
179317.47751083,1604,3,2.5,12,2.0,926.0,6,9978,7,678,470.0,602.0,324.0,926,1998.0,360,36,20.0,6,IR1,0,60,78.0,25.221608273812684,49020.0,4.734999999999999,5.0,2010,6,Q2,1Fam,0
150730.079976501,1280,2,2.0,18,2.0,1280.0,8,5005,5,0,506.0,263.0,1017.0,1280,1992.0,0,82,0.0,5,IR1,144,120,43.0,25.221608273812684,49020.0,5.025,5.5,2010,1,Q1,TwnhsE,0
177150.989247307,1655,3,2.5,17,2.0,763.0,6,10000,7,892,440.0,0.0,763.0,763,1993.0,157,84,0.0,5,IR1,0,60,75.0,25.221608273812684,49020.0,5.07,4.3,2010,4,Q2,1Fam,1
172070.659229164,1187,3,3.0,18,2.0,1168.0,6,7980,6,0,420.0,935.0,233.0,1187,1992.0,483,21,0.0,7,IR1,0,20,68.0,25.221608273812684,49020.0,4.965,5.2,2010,3,Q1,1Fam,1
175110.956519547,1465,3,2.5,12,2.0,789.0,6,8402,7,676,393.0,0.0,789.0,789,1998.0,0,75,0.0,5,IR1,0,60,63.0,25.221608273812684,49020.0,4.885,4.3,2010,5,Q2,1Fam,0
162011.698831665,1341,2,2.5,20,2.0,1300.0,7,10176,5,0,506.0,637.0,663.0,1341,1990.0,192,0,0.0,5,Reg,0,20,85.0,25.221608273812684,49020.0,4.99,5.3,2010,2,Q1,1Fam,0
160726.247831419,882,2,2.0,40,2.0,882.0,4,8400,4,0,525.0,804.0,0.0,882,1970.0,240,0,0.0,5,Reg,0,20,70.0,25.221608273812684,49020.0,5.07,4.3,2010,4,Q2,1Fam,0
157933.279456005,1337,2,3.0,11,2.0,1405.0,7,5858,5,0,511.0,1051.0,354.0,1337,1999.0,203,68,0.0,5,IR1,0,120,26.0,25.221608273812684,49020.0,4.734999999999999,5.0,2010,6,Q2,TwnhsE,0
145291.245020389,987,2,1.5,39,1.0,483.0,6,1680,5,504,264.0,156.0,327.0,483,1971.0,275,0,504.0,5,Reg,0,160,21.0,25.221608273812684,49020.0,4.99,5.3,2010,2,Q1,Twnhs,0
159672.017631819,1092,3,1.5,39,1.0,525.0,5,1680,6,567,320.0,300.0,225.0,525,1997.0,0,0,492.0,5,Reg,0,160,21.0,25.221608273812684,49020.0,4.965,5.2,2010,3,Q1,Twnhs,0
164167.518301885,1456,3,2.5,35,2.0,855.0,6,2280,6,601,440.0,514.0,341.0,855,1975.0,173,0,0.0,6,Reg,0,160,24.0,25.221608273812684,49020.0,4.734999999999999,5.0,2010,6,Q2,Twnhs,0
150891.638244053,836,2,1.0,35,1.0,836.0,7,2280,4,0,308.0,0.0,836.0,836,1975.0,0,30,0.0,6,Reg,0,120,24.0,25.221608273812684,49020.0,4.734999999999999,5.0,2010,6,Q2,Twnhs,0
179460.96518734,2334,3,2.5,1,3.0,1590.0,9,12858,10,707,751.0,0.0,1590.0,1627,2009.0,144,133,162.0,5,IR1,0,60,102.0,25.221608273812684,49020.0,5.025,5.5,2010,1,Q1,1Fam,1
185034.62891405,1544,3,2.0,1,3.0,1544.0,8,12883,7,0,868.0,0.0,1544.0,1544,2009.0,0,35,256.0,5,IR1,0,20,94.0,25.221608273812684,49020.0,4.734999999999999,5.0,2010,6,Q2,1Fam,1
182352.192644656,1698,3,2.0,5,3.0,1698.0,9,11520,7,0,730.0,110.0,1588.0,1698,2005.0,192,74,615.0,5,Reg,0,20,90.0,25.221608273812684,49020.0,4.734999999999999,5.0,2010,6,Q2,1Fam,0
183053.458213802,1822,3,2.0,5,3.0,1822.0,8,14122,8,0,678.0,28.0,1794.0,1822,2005.0,0,119,240.0,5,IR1,0,20,79.0,25.221608273812684,49020.0,4.99,5.3,2010,2,Q1,1Fam,1
187823.339254278,2696,3,3.5,7,3.0,2846.0,9,14300,10,0,958.0,1373.0,1473.0,2696,2003.0,220,150,1095.0,5,Reg,0,20,110.0,25.221608273812684,49020.0,4.734999999999999,5.0,2010,6,Q2,1Fam,1
186544.114327568,2250,3,3.5,8,3.0,1671.0,8,13650,7,563,756.0,578.0,1093.0,1687,2002.0,238,130,232.0,5,Reg,0,60,105.0,25.221608273812684,49020.0,4.734999999999999,5.0,2010,6,Q2,1Fam,0
158230.77520516,1370,2,2.0,4,2.0,1370.0,8,7132,6,0,484.0,24.0,1346.0,1370,2006.0,120,49,178.0,5,IR1,0,120,41.0,25.221608273812684,49020.0,5.07,4.3,2010,4,Q2,TwnhsE,0
190552.829321091,1324,3,2.0,5,2.0,1324.0,6,18494,6,0,430.0,0.0,1324.0,1324,2005.0,36,23,0.0,5,IR1,0,20,100.0,25.221608273812684,49020.0,5.025,5.5,2010,1,Q1,1Fam,0
147183.67487199,1145,2,2.0,4,2.0,1145.0,7,3203,6,0,437.0,16.0,1129.0,1145,2006.0,100,116,14.0,5,Reg,0,120,43.0,25.221608273812684,49020.0,5.025,5.5,2010,1,Q1,TwnhsE,0
185855.300905493,1374,3,3.5,6,2.0,384.0,7,13300,7,630,400.0,326.0,58.0,744,2004.0,100,0,0.0,5,IR1,0,80,67.0,25.221608273812684,49020.0,4.734999999999999,5.0,2010,6,Q2,1Fam,0
174350.470676986,1733,3,2.5,6,2.0,847.0,7,8577,7,886,433.0,0.0,847.0,847,2004.0,144,48,0.0,5,IR1,0,60,63.0,25.221608273812684,49020.0,5.07,4.3,2010,4,Q2,1Fam,0
201740.620690863,2475,4,2.5,12,3.0,1629.0,8,17433,7,830,962.0,0.0,1629.0,1645,1998.0,23,172,114.0,5,IR2,256,60,60.0,25.221608273812684,49020.0,5.025,5.5,2010,1,Q1,1Fam,0
162986.378895754,1595,2,2.0,5,3.0,1595.0,8,8987,6,0,880.0,0.0,1595.0,1595,2005.0,144,0,226.0,5,Reg,0,20,73.0,25.221608273812684,49020.0,4.885,4.3,2010,5,Q2,1Fam,1
162330.199085679,1218,2,2.0,1,2.0,1218.0,7,9215,4,0,676.0,0.0,1218.0,1218,2009.0,0,136,0.0,5,Reg,0,20,92.0,25.221608273812684,49020.0,5.07,4.3,2010,4,Q2,1Fam,1
165845.938616539,1468,2,3.0,5,2.0,1468.0,6,10440,6,0,528.0,1414.0,54.0,1468,2005.0,0,102,0.0,5,Reg,216,20,84.0,25.221608273812684,49020.0,4.885,4.3,2010,5,Q2,1Fam,0
180929.622876974,1659,3,2.5,6,2.0,831.0,7,11920,8,828,484.0,0.0,831.0,831,2004.0,144,68,122.0,5,Reg,0,60,70.0,25.221608273812684,49020.0,5.07,4.3,2010,4,Q2,1Fam,0
163481.501519718,1012,2,1.0,90,1.0,816.0,5,9800,5,0,429.0,0.0,816.0,1012,1920.0,121,0,0.0,5,Reg,0,30,70.0,25.221608273812684,49020.0,5.07,4.3,2010,4,Q2,1Fam,1
187798.076714233,1494,3,3.0,36,2.0,1208.0,6,15410,7,0,461.0,126.0,223.0,1494,1974.0,296,0,250.0,6,IR1,0,20,39.0,25.221608273812684,49020.0,5.07,4.3,2010,4,Q2,1Fam,1
198822.198942566,2349,4,3.5,17,3.0,1231.0,8,13143,9,1098,762.0,250.0,0.0,1251,1993.0,32,130,504.0,5,IR1,0,60,85.0,25.221608273812684,49020.0,4.734999999999999,5.0,2010,6,Q2,1Fam,0
194868.409899858,2225,4,3.5,18,3.0,1390.0,8,11134,7,823,713.0,1129.0,261.0,1402,1992.0,198,30,180.0,5,Reg,0,60,88.0,25.221608273812684,49020.0,4.734999999999999,5.0,2010,6,Q2,1Fam,1
152605.298564403,1488,2,3.0,6,2.0,1488.0,7,4835,6,0,506.0,1298.0,190.0,1488,2004.0,168,50,0.0,5,IR1,0,120,25.0,25.221608273812684,49020.0,4.965,5.2,2010,3,Q1,TwnhsE,1
147797.702836811,1680,2,2.5,6,2.0,840.0,7,3515,3,840,588.0,0.0,840.0,840,2004.0,0,111,0.0,5,Reg,0,160,39.0,25.221608273812684,49020.0,5.025,5.5,2010,1,Q1,TwnhsE,0
150521.96899297,1200,2,2.5,6,2.0,600.0,7,3215,4,600,480.0,280.0,320.0,600,2004.0,0,172,120.0,5,Reg,0,160,30.0,25.221608273812684,49020.0,5.07,4.3,2010,4,Q2,TwnhsE,0
146991.630153739,1200,2,3.5,6,2.0,600.0,7,2544,4,600,480.0,368.0,190.0,600,2004.0,0,172,0.0,5,Reg,0,160,24.0,25.221608273812684,49020.0,4.99,5.3,2010,2,Q1,Twnhs,1
150306.307814534,1236,2,3.5,5,2.0,600.0,6,2544,4,636,480.0,376.0,224.0,600,2005.0,0,166,216.0,5,Reg,0,160,24.0,25.221608273812684,49020.0,4.885,4.3,2010,5,Q2,Twnhs,0
151164.372534604,1512,2,3.5,10,2.0,756.0,6,2980,5,756,440.0,466.0,290.0,756,2000.0,0,32,1159.0,5,Reg,0,160,68.0,25.221608273812684,49020.0,4.885,4.3,2010,5,Q2,TwnhsE,0
151133.706960953,1080,2,2.5,7,2.0,530.0,7,2403,4,550,496.0,244.0,286.0,530,2003.0,0,50,0.0,5,IR1,0,160,68.0,25.221608273812684,49020.0,4.734999999999999,5.0,2010,6,Q2,TwnhsE,0
156214.042540726,1418,1,2.5,0,3.0,1642.0,8,12853,6,0,852.0,1032.0,610.0,1418,2010.0,160,192,0.0,5,IR1,0,20,57.0,25.221608273812684,49020.0,5.07,4.3,2010,4,Q2,1Fam,0
171992.760735142,1848,3,3.5,10,2.0,975.0,8,7379,7,873,592.0,484.0,491.0,975,2000.0,280,184,0.0,5,IR1,0,60,68.0,25.221608273812684,49020.0,5.07,4.3,2010,4,Q2,1Fam,0
173214.912549738,1492,3,3.0,8,2.0,1492.0,7,8000,6,0,596.0,833.0,659.0,1492,2002.0,277,137,0.0,5,Reg,0,20,80.0,25.221608273812684,49020.0,5.07,4.3,2010,4,Q2,1Fam,0
192429.187345783,1829,4,3.0,43,2.0,1829.0,6,10456,8,0,535.0,506.0,1323.0,1829,1967.0,0,76,120.0,6,IR1,0,20,68.0,25.221608273812684,49020.0,4.885,4.3,2010,5,Q2,1Fam,0
190878.69508543,2495,4,3.5,17,2.0,1280.0,6,10791,9,1215,660.0,1137.0,143.0,1280,1993.0,224,32,0.0,5,Reg,0,60,80.0,25.221608273812684,49020.0,4.965,5.2,2010,3,Q1,1Fam,0
194542.544135519,1891,3,3.5,32,2.0,1224.0,6,18837,7,604,678.0,687.0,491.0,1287,1978.0,0,69,0.0,5,IR1,0,50,68.0,25.221608273812684,49020.0,5.07,4.3,2010,4,Q2,1Fam,0
191849.439072822,1645,4,2.0,39,2.0,715.0,6,9600,7,715,441.0,329.0,386.0,930,1971.0,0,78,0.0,6,Reg,0,60,80.0,25.221608273812684,49020.0,4.734999999999999,5.0,2010,6,Q2,1Fam,0
176363.773907793,1232,3,2.5,44,2.0,1232.0,5,9600,6,0,490.0,698.0,534.0,1232,1966.0,0,224,172.0,5,Reg,0,20,80.0,25.221608273812684,49020.0,5.07,4.3,2010,4,Q2,1Fam,0
176954.185412429,1209,3,2.0,44,2.0,1209.0,5,9900,6,0,504.0,1059.0,150.0,1209,1966.0,0,0,0.0,5,Reg,0,20,90.0,25.221608273812684,49020.0,5.07,4.3,2010,4,Q2,1Fam,0
176521.216975696,1510,3,3.0,43,2.0,1510.0,5,9680,6,0,517.0,1010.0,500.0,1510,1967.0,0,40,268.0,6,Reg,204,20,88.0,25.221608273812684,49020.0,5.07,4.3,2010,4,Q2,1Fam,0
179436.704810176,1775,3,2.0,46,2.0,533.0,6,10600,8,644,480.0,0.0,533.0,1131,1964.0,0,172,0.0,5,IR1,0,80,68.0,25.221608273812684,49020.0,4.885,4.3,2010,5,Q2,1Fam,0
220079.756777048,1728,6,4.0,48,0.0,1728.0,5,13260,10,0,0.0,1500.0,228.0,1728,1979.0,0,0,144.0,6,IR1,0,90,98.0,25.221608273812684,49020.0,5.025,5.5,2010,1,Q1,Duplex,1
175502.918109444,2461,3,2.0,58,2.0,1140.0,5,9724,7,532,400.0,670.0,470.0,1929,1994.0,0,0,265.0,7,Reg,0,50,68.0,25.221608273812684,49020.0,4.965,5.2,2010,3,Q1,1Fam,1
188321.073833569,1556,3,2.0,61,2.0,782.0,6,17360,6,537,470.0,300.0,482.0,1019,1949.0,0,0,340.0,6,Reg,0,50,120.0,25.221608273812684,49020.0,5.025,5.5,2010,1,Q1,1Fam,1
163276.324450004,1128,2,2.0,44,1.0,1080.0,6,11380,5,0,315.0,944.0,136.0,1128,1966.0,238,0,216.0,8,IR1,0,85,75.0,25.221608273812684,49020.0,5.025,5.5,2010,1,Q1,1Fam,1
185911.366293097,1604,4,2.0,52,2.0,1604.0,5,8267,8,0,576.0,0.0,1604.0,1604,1958.0,42,0,0.0,5,Reg,0,90,70.0,25.221608273812684,49020.0,4.965,5.2,2010,3,Q1,Duplex,0
171392.830997252,1480,3,3.0,7,2.0,1480.0,7,8197,7,0,620.0,1188.0,292.0,1480,2003.0,252,73,506.0,5,Reg,0,20,70.0,25.221608273812684,49020.0,4.99,5.3,2010,2,Q1,1Fam,1
174418.207020775,1143,3,2.0,51,1.0,1143.0,5,8050,6,0,308.0,856.0,125.0,1143,1959.0,0,0,150.0,5,IR1,0,20,68.0,25.221608273812684,49020.0,4.885,4.3,2010,5,Q2,1Fam,0
179682.709603774,1206,3,1.0,51,1.0,1206.0,5,10725,6,0,312.0,936.0,270.0,1206,1959.0,0,21,91.0,5,IR1,0,20,87.0,25.221608273812684,49020.0,4.885,4.3,2010,5,Q2,1Fam,0
179423.751581665,1580,3,2.5,51,2.0,1244.0,6,10032,6,0,440.0,734.0,510.0,1580,1956.0,0,28,432.0,5,Reg,160,20,80.0,25.221608273812684,49020.0,4.734999999999999,5.0,2010,6,Q2,1Fam,0
171756.918091777,1337,3,1.0,54,1.0,832.0,4,8382,5,505,263.0,0.0,832.0,832,1956.0,0,0,0.0,5,Reg,0,50,60.0,25.221608273812684,49020.0,4.99,5.3,2010,2,Q1,1Fam,0
166849.638174419,1064,2,1.5,58,1.0,864.0,5,10950,4,0,318.0,339.0,525.0,1064,1952.0,0,0,0.0,7,Reg,0,20,60.0,25.221608273812684,49020.0,4.885,4.3,2010,5,Q2,1Fam,0
181122.168676666,972,3,1.0,55,1.0,972.0,5,10895,5,0,305.0,648.0,324.0,972,1955.0,0,0,0.0,6,Reg,0,20,119.0,25.221608273812684,49020.0,4.734999999999999,5.0,2010,6,Q2,1Fam,0
170934.462746566,988,2,2.0,52,1.0,988.0,5,13587,5,0,264.0,532.0,456.0,988,1958.0,0,0,0.0,5,Reg,0,190,70.0,25.221608273812684,49020.0,5.07,4.3,2010,4,Q2,2fmCon,0
159738.292580329,985,2,1.5,90,2.0,576.0,4,7898,4,0,676.0,0.0,576.0,985,1989.0,0,0,0.0,7,Reg,0,30,65.0,25.221608273812684,49020.0,5.07,4.3,2010,4,Q2,1Fam,1
174445.759557658,1224,3,2.0,62,1.0,816.0,6,8064,5,408,280.0,481.0,161.0,816,1950.0,414,0,0.0,8,Reg,0,50,60.0,25.221608273812684,49020.0,4.885,4.3,2010,5,Q2,1Fam,1
174706.363659627,1175,3,1.5,50,2.0,1175.0,5,7635,6,0,484.0,588.0,237.0,1175,1960.0,0,0,0.0,6,IR1,0,20,81.0,25.221608273812684,49020.0,4.734999999999999,5.0,2010,6,Q2,1Fam,0
164507.672539365,1395,2,2.0,47,2.0,1395.0,6,9760,7,0,440.0,717.0,415.0,1395,1963.0,657,0,218.0,7,Reg,240,20,80.0,25.221608273812684,49020.0,4.885,4.3,2010,5,Q2,1Fam,1
163602.512172832,1844,3,2.0,110,1.0,709.0,4,4800,9,687,240.0,48.0,661.0,1157,1900.0,84,0,771.0,5,Reg,0,50,60.0,25.221608273812684,49020.0,5.025,5.5,2010,1,Q1,1Fam,1
154126.270249525,936,2,2.0,90,0.0,936.0,5,4485,5,0,0.0,579.0,357.0,936,1979.0,51,0,0.0,7,Reg,0,30,56.0,25.221608273812684,49020.0,4.885,4.3,2010,5,Q2,1Fam,1
171104.853481351,1347,3,2.5,53,2.0,1347.0,5,5805,6,0,551.0,274.0,0.0,1347,1957.0,0,0,0.0,7,Reg,0,20,69.0,25.221608273812684,49020.0,4.734999999999999,5.0,2010,6,Q2,1Fam,0
167735.39270528,1251,3,1.0,72,1.0,827.0,6,6900,6,424,240.0,0.0,827.0,827,1938.0,0,0,0.0,7,Reg,0,45,50.0,25.221608273812684,49020.0,5.025,5.5,2010,1,Q1,1Fam,1
183003.613338104,1633,3,1.0,62,1.0,1027.0,5,11851,7,606,240.0,780.0,247.0,1027,1948.0,0,100,0.0,7,Reg,0,50,69.0,25.221608273812684,49020.0,4.734999999999999,5.0,2010,6,Q2,1Fam,1
172580.381161499,1245,3,1.0,90,1.0,1008.0,5,8239,6,185,315.0,176.0,832.0,1060,1962.0,0,0,0.0,6,Reg,0,50,68.0,25.221608273812684,49020.0,4.965,5.2,2010,3,Q1,1Fam,1
165407.889104689,832,2,1.0,87,2.0,678.0,2,9656,5,0,780.0,0.0,678.0,832,1928.0,0,0,0.0,2,Reg,0,30,68.0,25.221608273812684,49020.0,4.734999999999999,5.0,2010,6,Q2,1Fam,1
176363.773907793,1566,3,2.0,110,1.0,930.0,8,9600,7,636,288.0,0.0,930.0,930,1930.0,54,228,0.0,9,Reg,0,70,60.0,25.221608273812684,49020.0,5.07,4.3,2010,4,Q2,1Fam,1
175182.950898522,2268,3,3.0,120,2.0,346.0,8,9000,7,1111,624.0,0.0,346.0,1157,2003.0,0,108,0.0,9,Reg,0,70,50.0,25.221608273812684,49020.0,5.07,4.3,2010,4,Q2,1Fam,1
190757.177789246,2256,4,2.0,100,0.0,840.0,5,9045,12,1128,0.0,0.0,840.0,1128,1979.0,0,18,0.0,3,Reg,0,190,100.0,25.221608273812684,49020.0,4.734999999999999,5.0,2010,6,Q2,2fmCon,1
167186.995771991,1470,2,1.5,88,2.0,738.0,6,10560,6,602,624.0,283.0,455.0,868,1970.0,0,0,0.0,7,Reg,0,70,60.0,25.221608273812684,49020.0,4.734999999999999,5.0,2010,6,Q2,1Fam,1
167839.376779276,1612,3,1.5,60,1.0,988.0,5,5830,7,582,363.0,788.0,200.0,1030,1950.0,0,0,0.0,6,Reg,0,50,53.0,25.221608273812684,49020.0,4.965,5.2,2010,3,Q1,1Fam,1
173912.421165137,2068,3,1.5,88,1.0,1108.0,7,7793,8,908,315.0,474.0,634.0,1160,1928.0,0,0,0.0,7,IR1,0,75,68.0,25.221608273812684,49020.0,4.885,4.3,2010,5,Q2,1Fam,1
154034.917445551,765,2,2.0,85,1.0,765.0,4,5000,4,0,200.0,188.0,577.0,765,1926.0,135,0,0.0,7,Reg,0,30,50.0,25.221608273812684,49020.0,5.07,4.3,2010,4,Q2,1Fam,1
156002.955794336,1132,2,2.0,71,1.0,608.0,6,6000,5,524,240.0,452.0,144.0,608,1939.0,0,0,0.0,7,Reg,0,50,50.0,25.221608273812684,49020.0,5.07,4.3,2010,4,Q2,1Fam,1
168173.94329857,1196,3,2.0,70,2.0,572.0,6,6000,6,348,576.0,264.0,308.0,848,1973.0,0,0,0.0,6,Reg,0,50,50.0,25.221608273812684,49020.0,4.965,5.2,2010,3,Q1,1Fam,1
168882.437104132,1453,3,1.5,68,1.0,835.0,5,6360,7,498,240.0,360.0,316.0,955,1942.0,0,0,300.0,6,Reg,148,50,53.0,25.221608273812684,49020.0,4.965,5.2,2010,3,Q1,1Fam,1
168173.94329857,1416,3,1.5,62,1.0,780.0,6,6000,6,636,312.0,300.0,480.0,780,1948.0,221,0,0.0,7,Reg,0,50,50.0,25.221608273812684,49020.0,4.965,5.2,2010,3,Q1,1Fam,1
157580.177551642,1040,2,1.0,74,2.0,528.0,5,6240,5,492,624.0,276.0,252.0,548,1979.0,306,0,0.0,7,Reg,0,50,52.0,25.221608273812684,49020.0,4.885,4.3,2010,5,Q2,1Fam,1
181922.15256011,1536,4,2.0,80,2.0,928.0,5,6240,7,608,480.0,448.0,480.0,928,1930.0,0,10,0.0,5,Reg,0,50,52.0,25.221608273812684,49020.0,4.965,5.2,2010,3,Q1,1Fam,1
155134.227842592,1068,2,2.0,87,1.0,1124.0,6,6120,5,0,288.0,960.0,164.0,1068,1923.0,0,0,0.0,5,Reg,0,30,51.0,25.221608273812684,49020.0,4.965,5.2,2010,3,Q1,1Fam,1
188885.573319552,1962,4,1.5,95,2.0,888.0,4,8094,9,1074,572.0,0.0,888.0,888,1915.0,160,0,0.0,5,Reg,0,50,57.0,25.221608273812684,49020.0,4.734999999999999,5.0,2010,6,Q2,1Fam,1
183963.193012381,1560,3,1.5,98,0.0,780.0,6,12900,7,780,0.0,0.0,780.0,780,1979.0,344,0,0.0,8,Reg,168,70,60.0,25.221608273812684,49020.0,4.885,4.3,2010,5,Q2,1Fam,1
161298.762306335,1324,3,1.5,90,1.0,662.0,6,3068,6,662,180.0,0.0,662.0,662,1920.0,0,0,0.0,8,Reg,0,70,52.0,25.221608273812684,49020.0,4.99,5.3,2010,2,Q1,1Fam,1
188613.66763056,1675,3,2.0,51,1.0,1422.0,5,15263,8,0,365.0,766.0,656.0,1675,1959.0,0,132,90.0,5,IR1,0,20,100.0,25.221608273812684,49020.0,4.885,4.3,2010,5,Q2,1Fam,0
175080.111822945,1224,3,1.5,93,1.0,689.0,5,10632,6,499,180.0,0.0,689.0,725,1917.0,0,0,0.0,3,IR1,0,50,72.0,25.221608273812684,49020.0,5.025,5.5,2010,1,Q1,1Fam,1
174744.400305232,1392,3,2.0,95,0.0,1212.0,5,9900,6,180,0.0,1026.0,186.0,1212,1979.0,0,0,0.0,4,Reg,0,190,60.0,25.221608273812684,49020.0,4.99,5.3,2010,2,Q1,2fmCon,1
168175.911336919,919,3,1.0,70,1.0,600.0,6,6001,5,319,231.0,368.0,232.0,600,1940.0,0,0,0.0,5,IR1,0,50,65.0,25.221608273812684,49020.0,4.965,5.2,2010,3,Q1,1Fam,1
182333.472575006,1884,4,1.5,103,0.0,707.0,4,6449,7,942,0.0,73.0,634.0,942,1979.0,0,0,0.0,1,IR1,0,70,68.0,25.221608273812684,49020.0,4.965,5.2,2010,3,Q1,1Fam,1
158307.206742274,1680,2,3.0,100,2.0,856.0,5,6048,7,744,450.0,736.0,120.0,936,1910.0,56,144,0.0,7,Reg,0,190,60.0,25.221608273812684,49020.0,4.734999999999999,5.0,2010,6,Q2,2fmCon,1
193053.055502348,1832,4,4.0,43,0.0,1832.0,4,10773,8,0,0.0,704.0,1128.0,1832,1979.0,0,58,72.0,3,Reg,0,90,72.0,25.221608273812684,49020.0,4.885,4.3,2010,5,Q2,Duplex,0
175031.089987177,892,3,2.0,44,1.0,864.0,5,7800,5,0,416.0,240.0,150.0,892,1966.0,0,0,47.0,7,Reg,0,20,65.0,25.221608273812684,49020.0,4.734999999999999,5.0,2010,6,Q2,1Fam,1
160713.294602908,864,2,2.0,42,1.0,864.0,5,7832,4,0,280.0,775.0,89.0,864,1969.0,226,0,0.0,5,Reg,0,20,65.0,25.221608273812684,49020.0,4.885,4.3,2010,5,Q2,1Fam,0
173186.215014436,1373,3,2.0,32,2.0,1319.0,5,7424,5,0,591.0,1319.0,0.0,1373,1978.0,0,0,0.0,5,IR1,0,90,68.0,25.221608273812684,49020.0,4.885,4.3,2010,5,Q2,Duplex,0
191736.7598055,1440,4,1.5,42,2.0,720.0,5,11227,7,720,480.0,267.0,0.0,720,1968.0,192,38,0.0,5,Reg,0,60,86.0,25.221608273812684,49020.0,4.965,5.2,2010,3,Q1,1Fam,0
170401.630997116,1483,1,2.5,33,2.0,1420.0,7,20062,4,0,690.0,1092.0,328.0,1483,1977.0,496,0,0.0,7,IR1,0,20,68.0,25.221608273812684,49020.0,5.07,4.3,2010,4,Q2,1Fam,1
164626.577880222,756,2,1.0,83,2.0,660.0,4,9259,4,0,440.0,0.0,660.0,756,1945.0,80,0,0.0,4,Reg,0,30,94.0,25.221608273812684,49020.0,4.734999999999999,5.0,2010,6,Q2,1Fam,1
205469.409444832,1981,4,3.5,32,2.0,1117.0,6,17082,8,864,522.0,964.0,153.0,1117,1978.0,336,104,288.0,5,IR1,0,60,68.0,25.221608273812684,49020.0,4.885,4.3,2010,5,Q2,1Fam,1
209561.784211885,1610,4,2.5,72,1.0,972.0,3,18600,8,558,480.0,288.0,0.0,1052,1938.0,0,0,0.0,4,Reg,0,50,124.0,25.221608273812684,49020.0,4.734999999999999,5.0,2010,6,Q2,1Fam,1
182271.503072356,1074,3,2.0,60,1.0,663.0,6,11479,6,0,467.0,104.0,172.0,1074,1987.0,0,52,0.0,7,Reg,0,20,65.0,25.221608273812684,49020.0,4.734999999999999,5.0,2010,6,Q2,1Fam,1
178081.549427793,1531,3,1.0,63,1.0,756.0,4,9350,8,0,209.0,192.0,564.0,1169,1947.0,0,0,0.0,6,Reg,0,50,50.0,25.221608273812684,49020.0,4.734999999999999,5.0,2010,6,Q2,1Fam,1
178425.956138831,1172,3,2.0,56,1.0,1172.0,5,9525,5,0,366.0,954.0,218.0,1172,1954.0,240,0,0.0,7,Reg,0,20,75.0,25.221608273812684,49020.0,4.734999999999999,5.0,2010,6,Q2,1Fam,1
162015.318511503,1508,1,2.0,1,2.0,1508.0,7,17485,5,0,572.0,1346.0,162.0,1508,2009.0,0,0,96.0,5,IR2,0,20,44.0,25.221608273812684,49020.0,5.025,5.5,2010,1,Q1,1Fam,1
181722.420373045,1298,3,2.0,46,2.0,1250.0,5,11200,5,0,504.0,0.0,1250.0,1298,1964.0,0,144,0.0,3,IR1,0,20,68.0,25.221608273812684,49020.0,4.734999999999999,5.0,2010,6,Q2,1Fam,0
156705.730169433,1433,1,2.5,23,2.0,1433.0,7,11980,4,0,528.0,1433.0,0.0,1433,1987.0,0,278,177.0,5,Reg,266,20,83.0,25.221608273812684,49020.0,4.734999999999999,5.0,2010,6,Q2,1Fam,0
182902.420342386,1802,3,3.0,17,4.0,946.0,6,12361,8,838,1017.0,860.0,86.0,964,2000.0,450,92,85.0,7,IR1,0,60,87.0,25.221608273812684,49020.0,4.885,4.3,2010,5,Q2,1Fam,0
157574.595395085,1222,2,2.0,0,2.0,1222.0,7,7360,6,0,615.0,24.0,1198.0,1222,2009.0,0,54,80.0,5,Reg,0,20,64.0,25.221608273812684,49020.0,4.965,5.2,2010,3,Q1,1Fam,0
184380.739100813,1445,3,2.0,110,2.0,676.0,6,14235,6,614,484.0,0.0,676.0,831,1957.0,0,59,0.0,8,IR1,0,50,82.0,25.221608273812684,49020.0,4.965,5.2,2010,3,Q1,1Fam,1
169364.469225677,965,2,2.0,14,2.0,870.0,5,11105,4,0,580.0,870.0,0.0,965,1998.0,71,0,0.0,5,Reg,0,85,82.0,25.221608273812684,49020.0,4.57,4.7,2010,7,Q3,1Fam,0
175846.179822063,1692,3,2.5,13,2.0,878.0,7,9337,8,800,513.0,353.0,525.0,892,1997.0,0,39,0.0,5,IR1,0,60,68.0,25.221608273812684,49020.0,5.07,4.3,2010,4,Q2,1Fam,1
189673.295302136,1026,3,2.5,33,1.0,1026.0,5,15240,5,0,308.0,198.0,140.0,1026,1977.0,316,85,0.0,8,IR1,0,20,38.0,25.221608273812684,49020.0,4.734999999999999,5.0,2010,6,Q2,1Fam,1
174401.317715566,876,3,2.0,38,2.0,876.0,5,7480,5,0,484.0,480.0,396.0,876,1977.0,0,0,0.0,6,Reg,0,20,68.0,25.221608273812684,49020.0,4.734999999999999,5.0,2010,6,Q2,1Fam,0
179021.448718583,1978,3,3.5,7,3.0,1978.0,8,10389,8,0,850.0,1682.0,296.0,1978,2003.0,188,25,320.0,5,Reg,0,20,80.0,25.221608273812684,49020.0,4.885,4.3,2010,5,Q2,1Fam,0
189196.845337149,2098,4,2.5,13,2.0,1040.0,7,9375,9,1054,621.0,0.0,1040.0,1044,1997.0,331,38,0.0,5,Reg,0,60,75.0,25.221608273812684,49020.0,5.07,4.3,2010,4,Q2,1Fam,0
139647.095720655,848,1,2.0,7,2.0,848.0,6,4435,4,0,420.0,672.0,176.0,848,2003.0,140,0,170.0,5,Reg,0,120,68.0,25.221608273812684,49020.0,5.07,4.3,2010,4,Q2,TwnhsE,0
161468.198288911,640,2,1.0,65,1.0,0.0,3,8777,5,0,240.0,0.0,0.0,640,1945.0,0,0,0.0,6,Reg,0,30,67.0,25.221608273812684,49020.0,5.07,4.3,2010,4,Q2,1Fam,1
171557.32317862,992,3,1.0,56,1.0,381.0,5,8842,6,0,319.0,0.0,381.0,992,1954.0,60,0,0.0,6,Reg,0,20,68.0,25.221608273812684,49020.0,5.025,5.5,2010,1,Q1,1Fam,0
179447.36804185,1196,3,2.0,42,1.0,1196.0,5,10044,6,0,336.0,1070.0,126.0,1196,1968.0,257,0,0.0,6,IR1,0,20,60.0,25.221608273812684,49020.0,4.734999999999999,5.0,2010,6,Q2,1Fam,0
169611.619017694,1120,2,1.0,62,2.0,744.0,4,11792,5,328,480.0,0.0,744.0,792,1956.0,0,0,0.0,5,Reg,160,50,89.0,25.221608273812684,49020.0,4.734999999999999,5.0,2010,6,Q2,1Fam,1
172088.872655744,1096,3,2.0,35,1.0,1008.0,6,6305,5,0,352.0,528.0,480.0,1096,1975.0,0,0,0.0,6,Reg,0,80,65.0,25.221608273812684,49020.0,4.734999999999999,5.0,2010,6,Q2,1Fam,0
171190.624128768,960,3,1.0,52,0.0,960.0,4,6410,5,0,0.0,0.0,960.0,960,1979.0,0,0,0.0,5,Reg,0,20,64.0,25.221608273812684,49020.0,4.885,4.3,2010,5,Q2,1Fam,0
154850.508361878,1296,2,2.0,86,1.0,1107.0,5,4853,5,0,260.0,133.0,974.0,1296,1979.0,0,0,203.0,6,Reg,0,30,67.0,25.221608273812684,49020.0,4.885,4.3,2010,5,Q2,1Fam,1
158617.655719941,856,2,2.0,71,2.0,856.0,6,7890,4,0,399.0,238.0,618.0,856,1939.0,0,0,0.0,6,Reg,166,30,68.0,25.221608273812684,49020.0,4.965,5.2,2010,3,Q1,1Fam,1
209258.33693701,2650,6,3.0,43,0.0,0.0,4,7200,10,1788,0.0,0.0,0.0,862,1979.0,0,0,0.0,6,Reg,0,90,60.0,25.221608273812684,49020.0,4.99,5.3,2010,2,Q1,Duplex,0
177939.027626751,1666,3,2.0,79,0.0,894.0,5,9839,7,772,0.0,0.0,894.0,894,1979.0,0,156,0.0,2,Reg,0,50,51.0,25.221608273812684,49020.0,4.885,4.3,2010,5,Q2,1Fam,1
194631.100299584,2133,4,2.5,69,1.0,1528.0,7,10452,8,908,312.0,426.0,850.0,1225,1941.0,0,0,371.0,6,IR1,0,50,78.0,25.221608273812684,49020.0,4.57,4.7,2010,7,Q3,1Fam,1
213618.871562568,2177,5,2.5,60,2.0,1032.0,5,15600,11,1075,484.0,375.0,657.0,1102,1950.0,0,0,430.0,6,Reg,0,90,78.0,25.221608273812684,49020.0,4.965,5.2,2010,3,Q1,Duplex,1
198342.504228533,1652,3,3.5,16,2.0,423.0,7,19645,6,756,473.0,343.0,80.0,896,1994.0,0,0,44.0,6,IR1,0,80,85.0,25.221608273812684,49020.0,4.734999999999999,5.0,2010,6,Q2,1Fam,1
138607.971472497,1034,1,2.0,21,2.0,982.0,8,3907,4,0,598.0,747.0,235.0,1034,1989.0,141,36,0.0,6,IR1,0,120,35.0,25.221608273812684,49020.0,5.07,4.3,2010,4,Q2,TwnhsE,0
150778.958976731,1191,2,2.0,21,2.0,1191.0,8,3907,5,0,531.0,76.0,1115.0,1191,1989.0,112,81,0.0,5,IR1,0,120,35.0,25.221608273812684,49020.0,4.965,5.2,2010,3,Q1,TwnhsE,0
146966.230339786,540,1,1.0,69,1.0,480.0,2,8154,4,0,200.0,480.0,0.0,540,1951.0,0,0,0.0,5,Reg,0,30,58.0,25.221608273812684,49020.0,5.07,4.3,2010,4,Q2,1Fam,1
162182.59620952,1107,2,1.0,89,1.0,629.0,6,9140,5,380,625.0,308.0,321.0,727,1950.0,0,56,0.0,5,Reg,200,50,50.0,25.221608273812684,49020.0,5.07,4.3,2010,4,Q2,1Fam,1
176825.940961269,952,3,1.0,114,1.0,756.0,4,8712,5,0,330.0,0.0,756.0,952,1896.0,0,0,0.0,7,Reg,0,30,66.0,25.221608273812684,49020.0,4.734999999999999,5.0,2010,6,Q2,1Fam,1
152799.812402444,1646,2,3.5,6,2.0,1594.0,8,3811,5,0,525.0,1373.0,221.0,1646,2004.0,128,53,186.0,5,IR1,155,120,44.0,25.221608273812684,49020.0,4.885,4.3,2010,5,Q2,TwnhsE,1
180322.322067129,1916,3,3.5,12,3.0,1049.0,8,11050,8,880,741.0,615.0,434.0,1036,1998.0,0,70,0.0,5,Reg,0,60,85.0,25.221608273812684,49020.0,4.885,4.3,2010,5,Q2,1Fam,1
177508.027228367,1285,3,2.5,33,2.0,1243.0,6,9620,6,0,473.0,679.0,564.0,1285,1977.0,375,26,0.0,7,Reg,0,80,74.0,25.221608273812684,49020.0,4.885,4.3,2010,5,Q2,1Fam,0
208029.642652019,2048,5,3.0,34,2.0,1958.0,6,12760,9,0,776.0,0.0,1958.0,2048,1976.0,0,0,0.0,5,IR1,0,90,68.0,25.221608273812684,49020.0,4.965,5.2,2010,3,Q1,Duplex,0
181987.282510201,1346,3,3.0,2,3.0,1336.0,7,11896,6,0,660.0,78.0,1258.0,1346,2008.0,100,48,60.0,5,IR1,0,20,88.0,25.221608273812684,49020.0,4.885,4.3,2010,5,Q2,1Fam,0
160172.72797397,1214,2,2.0,1,2.0,1214.0,7,9803,6,0,520.0,0.0,1214.0,1214,2010.0,0,25,0.0,5,Reg,0,20,73.0,25.221608273812684,49020.0,5.025,5.5,2010,1,Q1,1Fam,1
176761.317654248,1444,3,2.5,4,2.0,384.0,5,9802,7,700,400.0,0.0,384.0,744,2007.0,100,0,0.0,5,Reg,0,60,73.0,25.221608273812684,49020.0,5.07,4.3,2010,4,Q2,1Fam,1
176515.497545231,1264,2,2.0,45,2.0,1068.0,5,15300,7,0,528.0,42.0,1026.0,1264,1965.0,0,0,0.0,5,Reg,0,20,85.0,25.221608273812684,49020.0,4.734999999999999,5.0,2010,6,Q2,1Fam,1
176270.453065471,1430,3,2.0,6,2.0,1430.0,5,10114,7,0,624.0,0.0,1430.0,1430,2004.0,0,0,0.0,5,Reg,0,20,93.0,25.221608273812684,49020.0,4.965,5.2,2010,3,Q1,1Fam,1
183050.846258475,1344,3,2.0,11,2.0,1344.0,5,11875,7,0,686.0,0.0,1344.0,1344,2001.0,328,0,0.0,5,Reg,0,20,68.0,25.221608273812684,49020.0,4.734999999999999,5.0,2010,6,Q2,1Fam,0
150011.102062216,945,2,2.5,37,1.0,945.0,5,2394,5,0,253.0,915.0,30.0,945,1973.0,174,0,0.0,6,Reg,108,120,31.0,25.221608273812684,49020.0,4.885,4.3,2010,5,Q2,Twnhs,0
159270.537808667,1092,3,1.5,40,0.0,546.0,4,1476,5,546,0.0,176.0,370.0,546,1979.0,200,26,0.0,7,Reg,0,160,21.0,25.221608273812684,49020.0,4.965,5.2,2010,3,Q1,Twnhs,0
163419.663729346,1092,3,1.5,40,0.0,546.0,4,1900,5,546,0.0,0.0,546.0,546,1979.0,0,0,0.0,4,Reg,0,160,21.0,25.221608273812684,49020.0,4.734999999999999,5.0,2010,6,Q2,TwnhsE,0
163399.983345859,1092,3,1.5,38,1.0,546.0,4,1890,5,546,286.0,294.0,252.0,546,1972.0,0,0,0.0,6,Reg,0,160,21.0,25.221608273812684,49020.0,4.734999999999999,5.0,2010,6,Q2,TwnhsE,0
173364.161505756,874,3,1.0,39,1.0,864.0,5,6953,5,0,352.0,469.0,395.0,874,1971.0,0,0,0.0,7,Reg,0,20,50.0,25.221608273812684,49020.0,4.734999999999999,5.0,2010,6,Q2,1Fam,1
169556.835902417,833,2,2.0,26,2.0,833.0,5,12887,5,0,495.0,207.0,36.0,833,1984.0,431,0,0.0,7,Reg,0,20,76.0,25.221608273812684,49020.0,5.07,4.3,2010,4,Q2,1Fam,0
183690.595995738,2432,4,5.0,25,2.0,1216.0,5,7700,10,1216,616.0,0.0,1216.0,1216,1985.0,200,0,0.0,2,Reg,0,90,70.0,25.221608273812684,49020.0,4.99,5.3,2010,2,Q1,Duplex,1
176980.914909382,1274,3,1.5,19,2.0,624.0,5,10475,6,650,576.0,458.0,166.0,624,1993.0,22,0,0.0,5,Reg,0,60,63.0,25.221608273812684,49020.0,4.965,5.2,2010,3,Q1,1Fam,0
204773.36222471,1479,5,2.0,41,1.0,864.0,5,10544,8,615,275.0,476.0,388.0,864,1969.0,287,0,0.0,5,IR1,0,50,68.0,25.221608273812684,49020.0,5.07,4.3,2010,4,Q2,1Fam,0
174728.655998442,1803,3,4.0,16,2.0,1679.0,8,9892,6,0,482.0,1341.0,54.0,1803,1994.0,129,64,0.0,5,Reg,0,20,76.0,25.221608273812684,49020.0,4.99,5.3,2010,2,Q1,1Fam,1
181873.458244461,1797,3,3.5,17,2.0,1152.0,6,12961,7,645,616.0,944.0,208.0,1152,1993.0,162,312,0.0,5,Reg,0,60,74.0,25.221608273812684,49020.0,4.965,5.2,2010,3,Q1,1Fam,1
177322.000823979,882,2,1.0,53,1.0,882.0,6,13008,5,0,502.0,564.0,318.0,882,1956.0,0,0,0.0,5,IR1,0,20,74.0,26.11993393300743,50720.0,4.94,4.4,2009,10,Q4,1Fam,0
193927.939041863,1434,4,3.0,35,2.0,1434.0,6,10200,7,0,528.0,844.0,590.0,1434,1974.0,80,21,440.0,5,Reg,0,20,85.0,26.11993393300743,50720.0,5.4,6.0,2009,6,Q2,1Fam,0
181715.622732304,1608,3,2.5,12,2.0,945.0,6,10179,7,663,470.0,847.0,98.0,945,1997.0,252,30,0.0,5,IR1,0,60,88.0,26.11993393300743,50720.0,5.2,5.6,2009,7,Q3,1Fam,0
199270.841200324,2283,4,2.5,6,3.0,1008.0,8,11792,9,1275,632.0,850.0,158.0,1008,2003.0,120,46,188.0,5,IR1,0,60,68.0,26.11993393300743,50720.0,5.18,5.6,2009,8,Q3,1Fam,0
177109.589956218,1628,3,2.5,13,2.0,384.0,7,8400,7,670,390.0,284.0,100.0,958,1996.0,48,72,32.0,5,Reg,0,80,60.0,26.11993393300743,50720.0,5.4,6.0,2009,6,Q2,1Fam,1
153909.578271486,2522,1,3.0,5,2.0,2208.0,8,7296,8,0,564.0,1965.0,243.0,2522,2004.0,182,57,0.0,5,IR1,0,120,28.0,26.11993393300743,50720.0,4.87,4.6,2009,11,Q4,TwnhsE,1
162931.203336223,1478,2,3.0,11,2.0,1418.0,8,7380,5,0,495.0,341.0,1077.0,1478,1998.0,168,43,0.0,5,IR1,0,120,61.0,26.11993393300743,50720.0,5.2,5.6,2009,7,Q3,1Fam,0
166386.7567182,1734,2,3.0,14,2.0,1587.0,8,8013,6,0,528.0,741.0,846.0,1734,1995.0,52,50,0.0,5,IR1,0,120,57.0,26.11993393300743,50720.0,5.055,4.7,2009,9,Q3,TwnhsE,1
173719.30379824,1382,3,2.5,11,2.0,384.0,7,8923,7,631,396.0,189.0,195.0,751,1998.0,256,0,0.0,5,IR1,0,80,57.0,26.11993393300743,50720.0,5.115,5.1,2009,2,Q1,1Fam,0
179757.925656704,1636,3,3.5,11,2.0,952.0,6,7500,7,684,440.0,476.0,476.0,952,1998.0,0,84,0.0,5,Reg,0,60,60.0,26.11993393300743,50720.0,4.94,4.4,2009,10,Q4,1Fam,1
179007.601964376,1516,3,3.5,15,2.0,707.0,6,8803,7,809,409.0,600.0,107.0,707,1994.0,0,46,0.0,5,IR1,0,60,68.0,26.11993393300743,50720.0,5.2,5.6,2009,7,Q3,1Fam,1
180370.808623106,1190,3,2.0,16,2.0,1181.0,6,7250,6,0,430.0,0.0,1181.0,1190,1993.0,0,21,45.0,5,Reg,0,20,58.0,26.11993393300743,50720.0,4.87,4.6,2009,11,Q4,1Fam,0
185102.616730563,1934,3,3.5,32,2.0,1122.0,5,11900,6,988,567.0,400.0,722.0,946,1977.0,0,176,157.0,6,Reg,200,60,85.0,26.11993393300743,50720.0,5.2,5.6,2009,7,Q3,1Fam,0
198825.563452058,2050,4,2.5,31,2.0,832.0,7,13250,8,896,529.0,0.0,832.0,1154,1978.0,192,192,256.0,6,IR1,0,60,68.0,26.11993393300743,50720.0,4.85,5.0,2009,5,Q2,1Fam,0
184294.576009142,1671,3,2.0,31,2.0,1427.0,6,10928,7,0,484.0,363.0,1064.0,1671,1978.0,252,55,101.0,6,Reg,0,20,80.0,26.11993393300743,50720.0,5.18,5.6,2009,8,Q3,1Fam,1
200443.7920562,2673,4,2.5,29,2.0,1043.0,7,12388,9,1134,441.0,602.0,441.0,1539,1980.0,178,84,229.0,7,IR1,0,60,68.0,26.11993393300743,50720.0,5.18,5.6,2009,8,Q3,1Fam,1
181294.784484153,1707,3,2.0,31,2.0,1140.0,6,11088,7,0,479.0,832.0,308.0,1707,1978.0,0,0,144.0,5,Reg,0,20,80.0,26.11993393300743,50720.0,4.85,5.0,2009,5,Q2,1Fam,1
174354.336267919,1884,3,3.5,6,2.0,926.0,7,7000,7,868,581.0,622.0,304.0,1016,2003.0,0,35,0.0,5,Reg,0,60,70.0,26.11993393300743,50720.0,5.4,6.0,2009,6,Q2,1Fam,0
172023.677781517,1874,3,2.5,9,2.0,1058.0,8,7500,7,816,588.0,0.0,1058.0,1058,2000.0,0,134,0.0,5,Reg,0,60,68.0,26.11993393300743,50720.0,5.005000000000001,5.2,2009,3,Q1,1Fam,1
181666.922855025,1811,3,2.5,7,2.0,972.0,8,8470,7,839,565.0,225.0,471.0,972,2002.0,225,48,0.0,5,Reg,0,60,68.0,26.11993393300743,50720.0,4.94,4.4,2009,10,Q4,1Fam,0
179024.491269586,1621,3,3.0,34,2.0,1621.0,5,9373,7,0,478.0,1333.0,120.0,1621,1975.0,0,0,161.0,7,IR1,490,20,68.0,26.11993393300743,50720.0,5.4,6.0,2009,6,Q2,1Fam,0
178324.191575907,1116,3,3.0,35,2.0,1116.0,6,10140,6,0,528.0,888.0,228.0,1116,1974.0,0,0,196.0,6,Reg,0,20,78.0,26.11993393300743,50720.0,4.8,4.9,2009,4,Q2,1Fam,0
184534.676687694,1193,3,2.0,34,2.0,1176.0,7,11050,5,0,506.0,636.0,540.0,1193,1975.0,40,0,0.0,5,IR1,0,20,85.0,26.11993393300743,50720.0,5.18,5.6,2009,8,Q3,1Fam,0
159397.250378784,1180,2,1.5,39,2.0,1180.0,5,7830,6,0,477.0,0.0,1180.0,1180,1970.0,0,45,0.0,5,IR1,0,20,68.0,26.11993393300743,50720.0,5.005000000000001,5.2,2009,3,Q1,1Fam,0
178430.966728182,1050,3,2.5,38,1.0,1043.0,5,8510,6,0,336.0,500.0,543.0,1050,1971.0,0,0,178.0,7,IR1,0,20,68.0,26.11993393300743,50720.0,5.2,5.6,2009,7,Q3,1Fam,0
177743.799385967,864,3,2.0,39,2.0,864.0,4,7038,5,0,576.0,726.0,138.0,864,2001.0,210,0,0.0,6,Reg,0,20,60.0,26.11993393300743,50720.0,5.055,4.7,2009,9,Q3,1Fam,0
179395.305519087,864,3,1.0,38,2.0,864.0,4,9000,5,0,576.0,240.0,624.0,864,1986.0,200,0,0.0,7,Reg,0,20,60.0,26.11993393300743,50720.0,5.2,5.6,2009,7,Q3,1Fam,1
151713.38474815,987,2,2.5,36,1.0,483.0,6,1680,5,504,264.0,254.0,229.0,483,1973.0,0,0,504.0,5,Reg,0,160,21.0,26.11993393300743,50720.0,5.2,5.6,2009,7,Q3,Twnhs,0
151713.38474815,987,2,2.5,37,1.0,483.0,6,1680,5,504,288.0,110.0,79.0,483,1972.0,0,0,425.0,6,Reg,0,160,21.0,26.11993393300743,50720.0,5.2,5.6,2009,7,Q3,Twnhs,0
168434.977996215,1548,3,2.5,33,2.0,804.0,6,2308,7,744,440.0,306.0,498.0,804,1976.0,108,0,0.0,5,Reg,0,160,24.0,26.11993393300743,50720.0,5.055,4.7,2009,9,Q3,TwnhsE,0
153999.100311019,1055,2,2.5,34,2.0,1057.0,7,2280,4,0,440.0,435.0,0.0,1055,1975.0,0,27,0.0,5,Reg,0,120,24.0,26.11993393300743,50720.0,5.18,5.6,2009,8,Q3,Twnhs,0
164096.097354123,1456,3,2.5,32,2.0,855.0,6,2349,6,601,440.0,389.0,466.0,855,1977.0,0,28,0.0,5,Reg,0,160,24.0,26.11993393300743,50720.0,4.85,5.0,2009,5,Q2,Twnhs,0
166335.403036551,1548,3,3.0,31,2.0,804.0,6,2364,7,744,440.0,320.0,484.0,804,1978.0,108,0,0.0,5,Reg,0,160,24.0,26.11993393300743,50720.0,5.2,5.6,2009,7,Q3,TwnhsE,0
163020.725375757,1456,3,2.5,31,2.0,855.0,6,2364,6,601,440.0,279.0,576.0,855,1978.0,147,0,0.0,5,Reg,0,160,24.0,26.11993393300743,50720.0,4.8,4.9,2009,4,Q2,TwnhsE,0
155862.510668829,836,2,1.5,33,1.0,836.0,7,2104,5,0,345.0,536.0,300.0,836,1976.0,150,20,0.0,6,Reg,0,120,24.0,26.11993393300743,50720.0,4.94,4.4,2009,10,Q4,TwnhsE,0
182760.651095509,1120,3,1.5,43,2.0,864.0,5,10710,5,0,656.0,644.0,220.0,1120,1966.0,0,162,165.0,7,Reg,0,20,68.0,26.11993393300743,50720.0,5.2,5.6,2009,7,Q3,1Fam,1
201912.270622883,2772,4,4.5,2,3.0,1776.0,9,14257,10,978,754.0,1360.0,416.0,1794,2007.0,135,64,726.0,5,Reg,0,60,110.0,26.11993393300743,50720.0,5.4,6.0,2009,6,Q2,1Fam,0
185988.233987516,2690,3,3.5,0,3.0,1365.0,9,12350,8,1325,864.0,986.0,379.0,1365,2009.0,0,197,0.0,5,Reg,0,60,95.0,26.11993393300743,50720.0,5.2,5.6,2009,7,Q3,1Fam,0
183778.44888032,2020,3,3.0,1,3.0,2020.0,9,12350,7,0,896.0,1232.0,788.0,2020,2008.0,192,98,450.0,5,Reg,0,20,95.0,26.11993393300743,50720.0,4.85,5.0,2009,5,Q2,1Fam,0
170935.85921771,2674,2,4.5,2,3.0,2630.0,10,13693,8,0,762.0,2288.0,342.0,2674,2007.0,360,50,472.0,5,Reg,0,20,105.0,26.11993393300743,50720.0,5.005000000000001,5.2,2009,3,Q1,1Fam,0
184468.908382254,1736,3,2.0,1,3.0,1736.0,9,11578,7,0,834.0,0.0,1736.0,1736,2008.0,319,90,302.0,5,Reg,0,20,95.0,26.11993393300743,50720.0,5.2,5.6,2009,7,Q3,1Fam,0
191569.089663229,1782,3,3.0,5,3.0,1782.0,8,16870,7,0,932.0,1531.0,251.0,1782,2004.0,99,82,238.0,5,IR1,0,20,129.0,26.11993393300743,50720.0,4.8,4.9,2009,4,Q2,1Fam,1
232991.025583822,2520,5,3.5,2,3.0,1508.0,8,23303,10,1012,640.0,1230.0,278.0,1508,2007.0,192,273,20.0,5,IR3,0,60,59.0,26.11993393300743,50720.0,5.4,6.0,2009,6,Q2,1Fam,0
180980.721388278,1743,3,3.0,1,3.0,1739.0,9,10367,8,0,927.0,1015.0,724.0,1743,2008.0,168,45,284.0,5,IR1,0,20,87.0,26.11993393300743,50720.0,5.4,6.0,2009,6,Q2,1Fam,0
164279.13048219,1531,2,3.0,3,3.0,1504.0,9,10872,6,0,700.0,1037.0,467.0,1531,2006.0,184,52,122.0,5,IR1,0,20,77.0,26.11993393300743,50720.0,5.115,5.1,2009,2,Q1,1Fam,0
183859.460411109,1808,3,3.0,1,3.0,1774.0,9,13514,7,0,850.0,1142.0,632.0,1808,2008.0,200,26,285.0,5,IR1,0,20,102.0,26.11993393300743,50720.0,5.005000000000001,5.2,2009,3,Q1,1Fam,0
185922.465682076,1760,3,3.0,6,2.0,1760.0,7,12878,8,0,583.0,1262.0,498.0,1760,2003.0,165,190,418.0,5,IR1,0,20,90.0,26.11993393300743,50720.0,5.4,6.0,2009,6,Q2,1Fam,1
191742.778119363,2452,3,4.0,6,3.0,2452.0,9,15274,10,0,886.0,1972.0,480.0,2452,2003.0,0,116,724.0,5,IR1,0,20,110.0,26.11993393300743,50720.0,5.2,5.6,2009,7,Q3,1Fam,0
199954.072465842,2400,4,3.5,6,3.0,1082.0,8,13262,10,1295,730.0,0.0,1082.0,1105,2003.0,114,40,186.0,5,IR1,0,60,96.0,26.11993393300743,50720.0,5.4,6.0,2009,6,Q2,1Fam,1
180690.274752587,1606,3,2.0,3,3.0,1598.0,8,9658,6,0,871.0,0.0,1598.0,1606,2006.0,230,60,383.0,5,IR1,0,20,70.0,26.11993393300743,50720.0,5.2,5.6,2009,7,Q3,1Fam,0
163099.3096358,1358,2,2.0,4,2.0,1358.0,6,6904,6,0,484.0,836.0,522.0,1358,2005.0,192,36,240.0,5,IR1,0,120,47.0,26.11993393300743,50720.0,5.18,5.6,2009,8,Q3,TwnhsE,0
140791.922472443,1306,1,3.0,4,2.0,1306.0,6,5122,5,0,624.0,881.0,425.0,1306,2005.0,170,63,135.0,5,IR1,0,120,34.0,26.11993393300743,50720.0,5.005000000000001,5.2,2009,3,Q1,Twnhs,0
166481.86647592,1358,2,3.0,2,2.0,1350.0,7,10307,6,0,484.0,876.0,474.0,1358,2008.0,192,26,176.0,5,IR1,0,120,80.0,26.11993393300743,50720.0,4.85,5.0,2009,5,Q2,TwnhsE,1
172080.434496773,2492,2,3.5,5,3.0,2492.0,10,14836,8,0,949.0,2146.0,346.0,2492,2004.0,226,235,730.0,5,IR1,0,20,100.0,26.11993393300743,50720.0,5.115,5.1,2009,2,Q1,1Fam,1
191719.161659178,2200,3,3.5,6,3.0,2200.0,8,15262,8,0,685.0,1557.0,643.0,2200,2003.0,208,55,470.0,5,IR1,0,20,117.0,26.11993393300743,50720.0,5.2,5.6,2009,7,Q3,1Fam,1
160741.098612515,1884,2,3.0,1,2.0,1884.0,9,7390,6,0,649.0,800.0,1084.0,1884,2008.0,231,90,308.0,5,IR1,0,120,44.0,26.11993393300743,50720.0,4.85,5.0,2009,5,Q2,TwnhsE,1
157829.546854733,1456,2,2.0,1,2.0,1451.0,9,6472,6,0,539.0,0.0,1451.0,1456,2008.0,192,42,500.0,5,Reg,0,120,48.0,26.11993393300743,50720.0,4.8,4.9,2009,4,Q2,TwnhsE,0
196896.748596341,1712,3,3.0,7,3.0,1712.0,8,16770,8,0,701.0,1196.0,516.0,1712,2002.0,218,183,270.0,5,Reg,0,20,129.0,26.11993393300743,50720.0,5.055,4.7,2009,9,Q3,1Fam,1
159675.423990355,1405,2,2.0,6,2.0,1405.0,7,3480,6,0,478.0,0.0,1405.0,1405,2003.0,148,36,163.0,5,Reg,0,120,48.0,26.11993393300743,50720.0,4.87,4.6,2009,11,Q4,TwnhsE,0
182084.790901946,1456,3,2.5,4,2.0,728.0,7,10928,8,728,390.0,0.0,728.0,728,2005.0,100,0,0.0,5,Reg,0,60,63.0,26.11993393300743,50720.0,5.4,6.0,2009,6,Q2,1Fam,0
179233.926374487,1490,3,2.5,4,2.0,745.0,6,8918,7,745,392.0,0.0,745.0,745,2005.0,36,20,0.0,5,IR1,0,60,57.0,26.11993393300743,50720.0,5.2,5.6,2009,7,Q3,1Fam,1
155774.270901623,1220,2,2.0,4,2.0,1220.0,7,3182,5,0,397.0,16.0,1204.0,1220,2005.0,100,16,16.0,5,Reg,0,120,43.0,26.11993393300743,50720.0,5.18,5.6,2009,8,Q3,TwnhsE,1
181354.326716058,1374,3,2.5,5,2.0,384.0,7,9434,6,630,400.0,0.0,384.0,744,2004.0,100,0,0.0,5,IR1,0,80,59.0,26.11993393300743,50720.0,5.18,5.6,2009,8,Q3,1Fam,1
179605.563663918,1630,3,2.5,5,2.0,868.0,7,7984,7,762,436.0,0.0,868.0,868,2004.0,120,48,200.0,5,IR1,0,60,62.0,26.11993393300743,50720.0,5.055,4.7,2009,9,Q3,1Fam,1
181609.34866147,1594,3,2.5,5,2.0,846.0,7,10125,7,748,434.0,0.0,846.0,846,2004.0,300,48,0.0,5,IR1,0,60,61.0,26.11993393300743,50720.0,5.2,5.6,2009,7,Q3,1Fam,0
178221.531623281,1489,3,3.5,6,2.0,782.0,7,8965,8,683,400.0,652.0,130.0,806,2003.0,0,75,0.0,5,IR1,0,60,68.0,26.11993393300743,50720.0,5.4,6.0,2009,6,Q2,1Fam,0
175559.920735795,1342,3,3.5,6,2.0,698.0,7,8174,7,644,393.0,494.0,204.0,698,2003.0,100,56,0.0,5,IR1,0,60,68.0,26.11993393300743,50720.0,4.85,5.0,2009,5,Q2,1Fam,0
200328.822792041,2004,4,3.5,7,3.0,870.0,8,12891,8,1126,644.0,651.0,219.0,878,2002.0,0,48,0.0,5,IR1,0,60,68.0,26.11993393300743,50720.0,5.2,5.6,2009,7,Q3,1Fam,0
178630.060559899,1374,3,2.5,5,2.0,384.0,7,9734,7,630,400.0,241.0,30.0,744,2004.0,0,0,0.0,5,IR1,0,80,61.0,26.11993393300743,50720.0,4.85,5.0,2009,5,Q2,1Fam,0
177174.535221728,1514,3,3.5,9,2.0,794.0,6,8433,7,695,394.0,683.0,111.0,819,2000.0,0,72,0.0,5,IR1,0,60,42.0,26.11993393300743,50720.0,5.4,6.0,2009,6,Q2,1Fam,0
172515.687368714,1430,3,2.5,10,2.0,384.0,7,7750,7,656,400.0,0.0,384.0,774,1999.0,0,0,0.0,5,Reg,0,80,62.0,26.11993393300743,50720.0,5.005000000000001,5.2,2009,3,Q1,1Fam,1
204032.992922943,2312,4,3.5,10,3.0,1177.0,7,15896,8,1089,658.0,913.0,264.0,1223,1999.0,298,0,210.0,5,IR2,0,60,68.0,26.11993393300743,50720.0,4.85,5.0,2009,5,Q2,1Fam,0
176023.232787689,1430,3,2.5,10,2.0,384.0,7,7848,7,656,410.0,0.0,384.0,774,1999.0,0,0,0.0,6,IR1,0,80,64.0,26.11993393300743,50720.0,5.4,6.0,2009,6,Q2,1Fam,0
202202.073341595,2687,4,3.5,9,3.0,1455.0,8,12720,10,1221,810.0,1173.0,282.0,1466,2000.0,252,30,150.0,5,Reg,0,60,106.0,26.11993393300743,50720.0,5.055,4.7,2009,9,Q3,1Fam,0
181734.480075862,2063,3,3.0,15,3.0,2024.0,8,10750,7,0,815.0,236.0,262.0,2063,1994.0,182,56,634.0,5,IR1,0,20,68.0,26.11993393300743,50720.0,5.4,6.0,2009,6,Q2,1Fam,1
183982.158993126,2061,3,3.5,14,2.0,1070.0,7,9085,7,967,647.0,816.0,254.0,1094,1995.0,296,102,286.0,5,Reg,0,60,79.0,26.11993393300743,50720.0,4.87,4.6,2009,11,Q4,1Fam,1
188007.94241481,2232,3,3.5,16,2.0,1173.0,8,11692,8,1017,623.0,624.0,549.0,1215,1993.0,173,165,372.0,5,IR1,0,60,68.0,26.11993393300743,50720.0,4.94,4.4,2009,10,Q4,1Fam,1
185922.966763517,1696,3,2.0,1,3.0,1696.0,8,11194,7,0,972.0,0.0,1696.0,1696,2008.0,120,56,240.0,5,IR1,0,20,86.0,26.11993393300743,50720.0,5.055,4.7,2009,9,Q3,1Fam,0
183978.544874918,1658,3,2.5,1,3.0,1614.0,8,10206,7,0,726.0,0.0,1614.0,1658,2008.0,144,44,294.0,5,Reg,0,20,78.0,26.11993393300743,50720.0,5.055,4.7,2009,9,Q3,1Fam,0
177199.618638821,1702,3,3.0,2,3.0,1702.0,8,10130,7,0,844.0,1294.0,408.0,1702,2007.0,0,69,260.0,5,Reg,0,20,85.0,26.11993393300743,50720.0,5.005000000000001,5.2,2009,3,Q1,1Fam,0
181878.647956764,1432,3,2.0,3,2.0,1422.0,8,9139,7,0,492.0,379.0,1043.0,1432,2006.0,297,50,206.0,5,IR1,0,20,76.0,26.11993393300743,50720.0,5.055,4.7,2009,9,Q3,1Fam,0
173622.088728263,2490,2,3.0,4,3.0,2458.0,9,11128,9,0,795.0,2158.0,300.0,2490,2005.0,70,226,198.0,5,Reg,0,20,85.0,26.11993393300743,50720.0,4.94,4.4,2009,10,Q4,1Fam,1
180728.168562655,1436,3,2.0,1,2.0,1436.0,7,7993,6,0,529.0,0.0,1436.0,1436,2008.0,0,121,0.0,5,IR1,0,20,90.0,26.11993393300743,50720.0,4.94,4.4,2009,10,Q4,1Fam,1
176477.026606328,1402,3,2.0,1,2.0,1402.0,7,8640,7,0,625.0,0.0,1402.0,1402,2008.0,205,126,0.0,5,Reg,0,20,72.0,26.11993393300743,50720.0,4.85,5.0,2009,5,Q2,1Fam,0
184282.266697609,1530,3,2.0,2,3.0,1530.0,9,12606,7,0,984.0,0.0,1530.0,1530,2008.0,212,136,120.0,5,IR1,0,20,112.0,26.11993393300743,50720.0,4.85,5.0,2009,5,Q2,1Fam,1
162062.47538448,1448,2,2.0,3,2.0,1372.0,8,7500,6,0,692.0,24.0,1348.0,1448,2006.0,0,140,238.0,5,Reg,0,20,75.0,26.11993393300743,50720.0,5.4,6.0,2009,6,Q2,1Fam,1
182550.070992189,1795,3,3.5,3,3.0,900.0,8,10603,8,886,782.0,682.0,218.0,909,2006.0,168,45,121.0,5,Reg,0,60,84.0,26.11993393300743,50720.0,5.2,5.6,2009,7,Q3,1Fam,0
180987.949624695,1836,3,2.0,1,2.0,1836.0,8,8125,8,0,517.0,0.0,1836.0,1836,2009.0,0,175,288.0,5,Reg,0,20,65.0,26.11993393300743,50720.0,4.94,4.4,2009,10,Q4,1Fam,1
178173.79762147,1662,3,3.0,3,3.0,1652.0,7,10625,8,0,711.0,1430.0,222.0,1662,2006.0,168,120,0.0,5,Reg,0,20,85.0,26.11993393300743,50720.0,5.005000000000001,5.2,2009,3,Q1,1Fam,1
179980.635948606,1553,3,3.0,6,2.0,1553.0,7,8736,6,0,588.0,771.0,422.0,1553,2003.0,192,88,0.0,5,IR1,0,20,68.0,26.11993393300743,50720.0,5.18,5.6,2009,8,Q3,1Fam,1
173257.637826205,1653,3,3.5,6,2.0,812.0,7,8127,6,841,628.0,410.0,402.0,812,2003.0,0,45,0.0,5,IR1,0,60,65.0,26.11993393300743,50720.0,5.005000000000001,5.2,2009,3,Q1,1Fam,0
177271.291059307,1218,3,1.5,2,2.0,1218.0,7,9605,6,0,576.0,0.0,1218.0,1218,2007.0,0,178,0.0,6,Reg,0,20,80.0,26.11993393300743,50720.0,4.8,4.9,2009,4,Q2,1Fam,0
175338.355442312,1141,3,2.5,3,2.0,1141.0,7,7500,6,0,484.0,54.0,1087.0,1141,2006.0,182,0,0.0,5,Reg,0,20,63.0,26.11993393300743,50720.0,5.4,6.0,2009,6,Q2,1Fam,0
177548.140549508,1158,3,1.5,5,0.0,1158.0,6,7500,5,0,0.0,0.0,1158.0,1158,1979.0,0,50,0.0,5,Reg,0,20,63.0,26.11993393300743,50720.0,5.18,5.6,2009,8,Q3,1Fam,0
175969.91662932,1812,3,2.5,5,2.0,835.0,7,10628,8,941,478.0,0.0,835.0,871,2004.0,146,91,0.0,5,IR1,0,60,96.0,26.11993393300743,50720.0,5.055,5.0,2009,1,Q1,1Fam,0
175011.481953462,1512,3,2.0,5,3.0,1512.0,8,10141,6,0,845.0,516.0,222.0,1512,2004.0,210,36,264.0,5,IR1,0,20,76.0,26.11993393300743,50720.0,5.055,5.0,2009,1,Q1,1Fam,0
185199.372568143,1114,3,1.5,5,2.0,1114.0,7,13072,6,0,576.0,0.0,1114.0,1114,2005.0,248,102,0.0,5,Reg,0,20,63.0,26.11993393300743,50720.0,4.85,5.0,2009,5,Q2,1Fam,1
188514.050228937,1114,3,1.5,5,0.0,1114.0,5,13072,6,0,0.0,0.0,1114.0,1114,1979.0,0,39,0.0,5,Reg,0,20,63.0,26.11993393300743,50720.0,5.18,5.6,2009,8,Q3,1Fam,0
185080.145268797,1114,3,3.0,6,2.0,1114.0,5,12450,6,0,576.0,836.0,278.0,1114,2004.0,0,42,0.0,5,Reg,0,20,60.0,26.11993393300743,50720.0,5.4,6.0,2009,6,Q2,1Fam,1
157304.402574096,1450,2,2.0,1,3.0,1450.0,7,7328,6,0,788.0,0.0,1450.0,1450,2008.0,0,93,140.0,5,Reg,0,20,61.0,26.11993393300743,50720.0,5.115,5.1,2009,2,Q1,1Fam,1
194260.859481297,2122,4,3.5,13,2.0,913.0,7,11492,8,1209,559.0,637.0,276.0,913,1997.0,0,74,132.0,5,IR1,0,60,43.0,26.11993393300743,50720.0,4.8,4.9,2009,4,Q2,1Fam,1
181262.329995106,1730,3,2.5,17,2.0,816.0,6,7703,6,897,528.0,52.0,400.0,833,1992.0,0,91,0.0,6,Reg,168,60,70.0,26.11993393300743,50720.0,4.87,4.6,2009,11,Q4,1Fam,0
157003.292706732,1332,2,2.0,19,2.0,1332.0,6,7175,5,0,542.0,0.0,1332.0,1332,1990.0,0,60,0.0,5,Reg,0,120,50.0,26.11993393300743,50720.0,5.115,5.1,2009,2,Q1,TwnhsE,1
182924.499359899,1540,3,3.5,15,2.0,754.0,7,9109,6,786,495.0,36.0,122.0,754,1994.0,140,32,0.0,5,Reg,0,60,70.0,26.11993393300743,50720.0,4.94,4.4,2009,10,Q4,1Fam,0
181902.586375439,1400,3,2.5,23,2.0,676.0,6,10274,6,702,465.0,331.0,345.0,698,1986.0,0,48,141.0,7,IR1,0,60,68.0,26.11993393300743,50720.0,5.2,5.6,2009,7,Q3,1Fam,0
188985.371708134,1882,4,2.0,28,2.0,0.0,6,8250,8,918,612.0,0.0,0.0,964,1981.0,0,0,0.0,7,Reg,0,90,75.0,26.11993393300743,50720.0,4.85,5.0,2009,5,Q2,Duplex,0
185290.904495068,980,3,2.0,47,2.0,980.0,5,9750,5,0,400.0,68.0,28.0,980,1969.0,0,28,0.0,5,IR1,0,20,63.0,26.11993393300743,50720.0,4.87,4.6,2009,11,Q4,1Fam,0
177304.425752748,864,3,2.0,48,2.0,864.0,5,8499,5,0,732.0,660.0,204.0,864,1982.0,0,312,0.0,6,IR1,0,20,68.0,26.11993393300743,50720.0,5.4,6.0,2009,6,Q2,1Fam,0
166274.900490809,864,2,1.0,48,1.0,864.0,5,9079,5,0,440.0,864.0,0.0,864,1961.0,158,0,0.0,5,IR1,0,20,68.0,26.11993393300743,50720.0,5.2,5.6,2009,7,Q3,1Fam,0
177807.420530107,1020,3,2.0,44,1.0,1024.0,5,9316,5,0,288.0,544.0,480.0,1020,1965.0,171,0,0.0,5,IR1,0,20,68.0,26.11993393300743,50720.0,4.85,5.0,2009,5,Q2,1Fam,0
180330.624816201,912,3,2.0,46,1.0,912.0,5,7791,6,0,300.0,624.0,288.0,912,1963.0,0,0,0.0,8,IR1,0,20,68.0,26.11993393300743,50720.0,4.94,4.4,2009,10,Q4,1Fam,1
179069.112234629,912,3,1.5,47,1.0,912.0,5,7150,6,0,252.0,140.0,182.0,912,1962.0,0,0,60.0,6,Reg,0,20,65.0,26.11993393300743,50720.0,4.94,4.4,2009,10,Q4,1Fam,0
175943.371816948,2014,2,3.0,29,3.0,2014.0,8,15676,6,0,864.0,1733.0,189.0,2014,1980.0,462,0,115.0,8,IR1,0,20,68.0,26.11993393300743,50720.0,4.8,4.9,2009,4,Q2,1Fam,0
185199.050609653,1755,3,3.0,18,2.0,975.0,7,11949,7,780,524.0,601.0,158.0,975,1991.0,502,60,196.0,8,Reg,0,60,68.0,26.11993393300743,50720.0,5.2,5.6,2009,7,Q3,1Fam,1
167350.910824524,3005,3,2.5,5,3.0,1376.0,7,2880,9,1629,704.0,0.0,1376.0,1376,2004.0,0,177,0.0,5,Reg,0,160,32.0,26.11993393300743,50720.0,5.2,5.6,2009,7,Q3,Twnhs,1
149315.311876449,1726,2,2.5,1,2.0,1726.0,6,3830,6,0,561.0,0.0,1726.0,1726,2008.0,0,254,280.0,5,IR1,0,120,68.0,26.11993393300743,50720.0,5.055,5.0,2009,1,Q1,TwnhsE,0
139010.847766793,1256,1,2.5,1,2.0,1145.0,6,4217,5,0,641.0,962.0,183.0,1256,2008.0,0,169,252.0,5,IR1,0,120,68.0,26.11993393300743,50720.0,5.005000000000001,5.2,2009,3,Q1,TwnhsE,0
155412.151845447,1512,2,3.5,9,2.0,756.0,6,2998,4,756,440.0,507.0,249.0,756,2000.0,0,32,513.0,5,Reg,0,160,34.0,26.11993393300743,50720.0,5.18,5.6,2009,8,Q3,TwnhsE,0
171308.313985441,1452,3,3.5,10,2.0,691.0,7,3768,6,739,506.0,549.0,142.0,713,1999.0,0,34,218.0,5,Reg,0,160,35.0,26.11993393300743,50720.0,5.055,4.7,2009,9,Q3,TwnhsE,0
176220.543265638,1694,2,3.0,32,2.0,1694.0,8,14694,5,0,642.0,1252.0,306.0,1694,1977.0,501,120,450.0,9,IR1,0,20,68.0,26.11993393300743,50720.0,5.4,6.0,2009,6,Q2,1Fam,1
177643.434991809,1740,2,1.5,28,2.0,1740.0,7,15417,7,0,540.0,121.0,1619.0,1740,1981.0,228,20,0.0,5,Reg,0,20,110.0,26.11993393300743,50720.0,5.4,6.0,2009,6,Q2,1Fam,0
187222.653264601,2499,4,2.5,33,2.0,392.0,8,9600,5,1012,527.0,0.0,392.0,1487,1976.0,0,64,200.0,5,Reg,0,80,80.0,26.11993393300743,50720.0,5.055,5.0,2009,1,Q1,1Fam,0
185635.132083154,2067,3,2.5,35,2.0,752.0,7,12732,7,782,784.0,560.0,150.0,1285,1974.0,297,40,0.0,6,IR1,0,60,68.0,26.11993393300743,50720.0,5.4,6.0,2009,6,Q2,1Fam,0
206492.534215854,2640,5,2.5,42,2.0,932.0,6,10400,8,1369,515.0,0.0,932.0,1271,1967.0,0,120,256.0,7,Reg,168,60,80.0,26.11993393300743,50720.0,4.85,5.0,2009,5,Q2,1Fam,1
181681.021081956,1336,3,2.5,40,2.0,1288.0,5,9600,6,0,502.0,553.0,588.0,1336,1969.0,312,11,128.0,5,Reg,0,20,80.0,26.11993393300743,50720.0,5.18,5.6,2009,8,Q3,1Fam,0
180500.198072685,1216,3,2.0,40,1.0,1216.0,6,9000,5,0,336.0,955.0,261.0,1216,1969.0,0,0,200.0,5,Reg,0,20,75.0,26.11993393300743,50720.0,5.18,5.6,2009,8,Q3,1Fam,0
206486.17086841,2288,4,2.0,32,2.0,908.0,7,13774,8,972,520.0,432.0,476.0,1316,1977.0,321,72,283.0,7,IR1,156,60,68.0,26.11993393300743,50720.0,4.87,4.6,2009,11,Q4,1Fam,1
161334.301195429,864,2,1.5,42,1.0,864.0,5,7130,5,0,312.0,648.0,216.0,864,1967.0,0,0,0.0,6,Reg,0,20,62.0,26.11993393300743,50720.0,5.4,6.0,2009,6,Q2,1Fam,0
176156.558313965,1568,3,1.5,42,2.0,1568.0,5,9600,7,0,440.0,0.0,1568.0,1568,1967.0,160,40,0.0,5,Reg,0,20,80.0,26.11993393300743,50720.0,5.005000000000001,5.2,2009,3,Q1,1Fam,0
191642.223478994,2061,4,3.0,35,2.0,1165.0,7,9600,8,896,498.0,698.0,467.0,1165,1974.0,0,77,252.0,5,Reg,196,60,80.0,26.11993393300743,50720.0,4.85,5.0,2009,5,Q2,1Fam,0
191945.808027777,1320,3,2.5,38,2.0,1232.0,6,16500,5,0,495.0,962.0,270.0,1320,1971.0,0,20,509.0,5,Reg,0,85,68.0,26.11993393300743,50720.0,4.85,5.0,2009,5,Q2,1Fam,0
164146.306037354,894,2,2.0,49,2.0,894.0,4,7436,5,0,396.0,734.0,160.0,894,1988.0,0,0,0.0,7,Reg,0,20,60.0,26.11993393300743,50720.0,5.18,5.6,2009,8,Q3,1Fam,0
179883.057071096,864,3,1.0,50,1.0,864.0,5,8125,5,0,308.0,403.0,461.0,864,1960.0,0,0,0.0,7,Reg,0,20,65.0,26.11993393300743,50720.0,5.055,4.7,2009,9,Q3,1Fam,0
178071.137668844,1362,3,2.0,52,3.0,1040.0,4,9450,6,0,768.0,775.0,265.0,1362,1982.0,0,0,160.0,5,IR1,0,20,68.0,26.11993393300743,50720.0,4.85,5.0,2009,5,Q2,1Fam,0
188241.637896875,1728,3,3.0,53,2.0,1048.0,5,13495,7,0,576.0,625.0,222.0,1728,1956.0,0,99,70.0,6,IR1,0,20,68.0,26.11993393300743,50720.0,5.2,5.6,2009,7,Q3,1Fam,0
174559.656173171,1313,3,2.5,48,2.0,1313.0,5,9350,6,0,610.0,310.0,491.0,1313,1961.0,172,28,217.0,6,Reg,121,20,85.0,26.11993393300743,50720.0,5.115,5.1,2009,2,Q1,1Fam,1
182347.363042264,1292,3,2.5,45,2.0,1292.0,5,10500,6,0,520.0,998.0,294.0,1292,1964.0,0,32,144.0,5,IR1,92,20,115.0,26.11993393300743,50720.0,5.2,5.6,2009,7,Q3,1Fam,0
191507.251872857,2140,4,2.5,44,2.0,744.0,5,8970,7,1315,549.0,388.0,356.0,825,1965.0,0,40,0.0,6,IR1,0,60,68.0,26.11993393300743,50720.0,5.4,6.0,2009,6,Q2,1Fam,0
199751.865597358,1576,4,2.0,48,2.0,1208.0,6,11475,7,0,368.0,568.0,640.0,1576,1961.0,85,0,90.0,6,Reg,0,80,85.0,26.11993393300743,50720.0,5.055,4.7,2009,9,Q3,1Fam,0
162106.416145131,960,2,2.0,54,1.0,960.0,5,9768,5,0,330.0,100.0,613.0,960,1955.0,0,70,0.0,5,Reg,0,20,68.0,26.11993393300743,50720.0,5.115,5.1,2009,2,Q1,1Fam,0
164575.982314367,1691,2,2.0,42,2.0,1680.0,6,9900,5,0,550.0,1173.0,507.0,1691,1967.0,0,67,0.0,5,Reg,0,20,90.0,26.11993393300743,50720.0,4.8,4.9,2009,4,Q2,1Fam,0
179176.352180931,1453,3,3.0,48,2.0,1453.0,6,10573,6,0,530.0,1312.0,141.0,1453,1961.0,0,49,3.0,6,IR1,288,20,92.0,26.11993393300743,50720.0,4.8,4.9,2009,4,Q2,1Fam,0
177327.403857584,1567,2,3.0,43,2.0,1562.0,6,14695,5,0,542.0,1387.0,175.0,1567,1966.0,0,110,210.0,8,IR1,342,20,80.0,26.11993393300743,50720.0,5.2,5.6,2009,7,Q3,1Fam,1
177818.083761781,1144,3,2.0,53,1.0,1169.0,5,8760,6,0,286.0,856.0,313.0,1144,1956.0,257,0,164.0,7,Reg,0,20,73.0,26.11993393300743,50720.0,5.4,6.0,2009,6,Q2,1Fam,0
186965.204048443,1329,3,1.5,49,2.0,1329.0,7,12285,5,0,441.0,544.0,785.0,1329,1960.0,0,0,128.0,6,IR1,0,20,68.0,26.11993393300743,50720.0,5.18,5.6,2009,8,Q3,1Fam,0
178762.742169197,988,3,3.0,50,1.0,988.0,6,9240,6,0,297.0,708.0,280.0,988,1959.0,156,0,0.0,8,IR1,0,20,66.0,26.11993393300743,50720.0,5.4,6.0,2009,6,Q2,1Fam,1
183322.866146283,1202,3,1.5,53,1.0,1202.0,5,8750,6,0,304.0,435.0,565.0,1202,1956.0,0,35,0.0,5,Reg,0,20,70.0,26.11993393300743,50720.0,4.87,4.6,2009,11,Q4,1Fam,0
178903.295931891,1382,3,1.5,54,1.0,1382.0,5,8750,6,0,350.0,172.0,727.0,1382,1955.0,280,0,0.0,5,Reg,0,20,70.0,26.11993393300743,50720.0,5.2,5.6,2009,7,Q3,1Fam,0
186570.129421778,1200,3,2.0,53,1.0,1200.0,4,10400,6,0,294.0,155.0,295.0,1200,1956.0,0,189,0.0,5,Reg,0,20,80.0,26.11993393300743,50720.0,4.87,4.6,2009,11,Q4,1Fam,0
199144.242829024,1866,4,2.0,51,2.0,1866.0,5,9482,8,0,495.0,0.0,1866.0,1866,1958.0,0,0,657.0,4,Reg,0,90,76.0,26.11993393300743,50720.0,4.94,5.1,2009,12,Q4,Duplex,0
172154.713310956,1062,3,2.0,55,1.0,1062.0,6,8128,6,0,297.0,490.0,572.0,1062,1954.0,0,0,80.0,7,IR1,0,20,53.0,26.11993393300743,50720.0,5.115,5.1,2009,2,Q1,1Fam,0
177444.019201603,1112,2,1.0,58,2.0,631.0,5,13070,5,0,480.0,308.0,323.0,1112,1951.0,0,0,0.0,5,Reg,255,20,67.0,26.11993393300743,50720.0,4.94,4.4,2009,10,Q4,1Fam,0
166200.938073485,793,2,2.0,64,1.0,793.0,5,8480,4,0,240.0,700.0,93.0,793,1945.0,0,0,0.0,6,Reg,0,30,80.0,26.11993393300743,50720.0,5.18,5.6,2009,8,Q3,1Fam,1
158995.770555632,1031,2,2.0,57,1.0,1031.0,5,7626,5,0,230.0,931.0,100.0,1031,1952.0,0,0,0.0,8,Reg,0,20,60.0,26.11993393300743,50720.0,5.005000000000001,5.2,2009,3,Q1,1Fam,1
168273.282454755,1210,2,1.5,56,1.0,0.0,5,9533,7,0,616.0,0.0,0.0,1210,1953.0,208,0,140.0,5,Reg,0,20,75.0,26.11993393300743,50720.0,5.18,5.6,2009,8,Q3,1Fam,0
189680.453052788,1527,3,2.5,61,2.0,699.0,7,11419,6,726,410.0,699.0,0.0,801,1948.0,0,0,0.0,7,Reg,0,60,78.0,26.11993393300743,50720.0,4.94,5.1,2009,12,Q4,1Fam,1
181681.021081956,1200,3,1.0,59,1.0,1200.0,5,9600,6,0,246.0,390.0,810.0,1200,1950.0,126,0,0.0,6,Reg,0,20,60.0,26.11993393300743,50720.0,5.18,5.6,2009,8,Q3,1Fam,0
160277.142643643,792,2,1.0,51,1.0,792.0,3,5470,4,0,366.0,0.0,792.0,792,1958.0,0,90,0.0,5,Reg,0,20,53.0,26.11993393300743,50720.0,5.18,5.6,2009,8,Q3,1Fam,0
197318.54715833,1352,4,2.5,70,2.0,676.0,5,10800,7,676,720.0,0.0,676.0,676,1939.0,187,0,0.0,7,Reg,0,60,60.0,26.11993393300743,50720.0,5.18,5.6,2009,8,Q3,1Fam,1
162228.935604196,1039,2,1.0,109,1.0,405.0,4,8146,6,322,281.0,0.0,405.0,717,1940.0,0,0,0.0,8,Reg,111,70,80.0,26.11993393300743,50720.0,4.85,5.0,2009,5,Q2,1Fam,1
187340.455456083,1078,3,1.0,84,1.0,1054.0,5,10230,6,0,264.0,0.0,1054.0,1078,1987.0,0,0,0.0,7,Reg,112,30,60.0,26.11993393300743,50720.0,4.94,5.1,2009,12,Q4,1Fam,1
181065.347037275,2377,3,2.0,94,2.0,1313.0,4,10410,8,0,528.0,0.0,1313.0,1313,1954.0,0,0,0.0,5,Reg,0,50,60.0,26.11993393300743,50720.0,5.4,6.0,2009,6,Q2,1Fam,1
190233.609102705,1690,4,2.0,99,2.0,560.0,7,7200,5,760,624.0,0.0,560.0,930,2008.0,0,0,0.0,9,Reg,0,70,60.0,26.11993393300743,50720.0,5.18,5.6,2009,8,Q3,1Fam,1
157929.594852031,599,2,2.0,69,0.0,416.0,2,5400,4,0,0.0,0.0,416.0,599,1979.0,0,81,0.0,5,Reg,0,30,90.0,26.11993393300743,50720.0,5.4,6.0,2009,6,Q2,1Fam,1
168557.001935469,846,2,1.0,89,2.0,720.0,5,10800,4,0,576.0,0.0,720.0,846,1980.0,0,0,0.0,7,Reg,0,30,60.0,26.11993393300743,50720.0,5.4,6.0,2009,6,Q2,1Fam,1
160805.584645628,725,1,1.5,119,1.0,630.0,3,10800,4,0,320.0,0.0,630.0,725,1959.0,0,30,0.0,5,Reg,0,30,60.0,26.11993393300743,50720.0,4.87,4.6,2009,11,Q4,1Fam,1
221648.391978216,2544,6,3.0,40,3.0,1248.0,6,9671,12,1296,907.0,0.0,1248.0,1248,1969.0,0,0,480.0,5,Reg,0,90,81.0,26.11993393300743,50720.0,5.18,5.6,2009,8,Q3,Duplex,0
180539.88079815,1380,3,1.5,46,1.0,1380.0,6,10143,6,0,364.0,384.0,996.0,1380,1963.0,0,0,295.0,7,Reg,216,20,83.0,26.11993393300743,50720.0,5.4,6.0,2009,6,Q2,1Fam,0
182105.616283853,1040,3,2.0,42,2.0,1040.0,6,11500,6,0,480.0,872.0,108.0,1040,1967.0,0,0,0.0,4,IR1,0,20,77.0,26.11993393300743,50720.0,4.85,5.0,2009,5,Q2,1Fam,0
166380.852603154,951,2,2.0,51,2.0,951.0,6,8010,6,0,480.0,745.0,206.0,951,1985.0,0,0,0.0,9,Reg,0,20,62.0,26.11993393300743,50720.0,5.055,4.7,2009,9,Q3,1Fam,1
178942.155617426,1105,3,1.0,52,1.0,1105.0,6,10454,5,0,308.0,546.0,559.0,1105,1957.0,0,0,143.0,6,IR1,0,20,90.0,26.11993393300743,50720.0,4.8,4.9,2009,4,Q2,1Fam,0
162804.747800461,1142,2,1.0,51,1.0,160.0,6,9000,5,0,384.0,0.0,160.0,1142,1958.0,0,28,82.0,6,IR1,0,20,80.0,26.11993393300743,50720.0,4.8,4.9,2009,4,Q2,1Fam,0
183077.684392615,1133,3,1.0,59,2.0,795.0,6,8064,5,368,900.0,621.0,174.0,765,1989.0,0,0,0.0,5,Reg,231,50,60.0,26.11993393300743,50720.0,4.94,5.1,2009,12,Q4,1Fam,0
171728.4720292,1041,3,1.0,51,1.0,1041.0,5,7350,6,0,294.0,0.0,1041.0,1041,1958.0,0,0,0.0,6,Reg,0,20,71.0,26.11993393300743,50720.0,5.005000000000001,5.2,2009,3,Q1,1Fam,0
164786.741540638,732,2,2.0,57,1.0,732.0,5,7200,4,0,240.0,630.0,0.0,732,1952.0,0,68,0.0,7,Reg,0,20,60.0,26.11993393300743,50720.0,5.055,4.7,2009,9,Q3,1Fam,0
177427.267170302,1183,3,2.0,50,1.0,528.0,5,8000,6,0,288.0,433.0,0.0,1183,1959.0,0,0,0.0,5,Reg,0,80,80.0,26.11993393300743,50720.0,5.2,5.6,2009,7,Q3,1Fam,0
197318.54715833,1461,4,2.0,60,1.0,832.0,4,10800,6,629,384.0,0.0,832.0,832,1949.0,0,204,0.0,7,Reg,0,50,60.0,26.11993393300743,50720.0,5.18,5.6,2009,8,Q3,1Fam,1
178658.114178223,1495,3,1.0,61,2.0,864.0,6,8064,6,0,576.0,120.0,744.0,1064,1994.0,180,36,0.0,7,Reg,0,50,60.0,26.11993393300743,50720.0,5.18,5.6,2009,8,Q3,1Fam,1
185437.320523764,1806,4,1.5,45,2.0,780.0,6,7570,8,813,483.0,0.0,780.0,993,1964.0,0,55,420.0,5,Reg,0,60,76.0,26.11993393300743,50720.0,5.005000000000001,5.2,2009,3,Q1,1Fam,0
169759.652489529,941,2,2.0,31,2.0,941.0,5,8604,4,0,564.0,941.0,0.0,941,1978.0,0,40,124.0,7,IR1,0,90,75.0,26.11993393300743,50720.0,4.87,4.6,2009,11,Q4,Duplex,0
173986.635055186,1045,3,2.0,46,1.0,1045.0,6,7936,6,0,264.0,826.0,219.0,1045,1963.0,0,0,0.0,6,Reg,0,20,80.0,26.11993393300743,50720.0,4.8,4.9,2009,4,Q2,1Fam,0
168607.664289468,1378,3,1.0,74,1.0,901.0,6,4080,6,517,162.0,0.0,901.0,861,1920.0,54,0,0.0,8,Reg,0,50,68.0,26.11993393300743,50720.0,5.4,6.0,2009,6,Q2,1Fam,1
194138.519145183,1944,4,3.0,99,2.0,972.0,6,10307,12,972,324.0,633.0,339.0,972,1920.0,0,28,0.0,5,Reg,0,90,57.0,26.11993393300743,50720.0,5.4,6.0,2009,6,Q2,Duplex,1
192502.440921994,1306,3,1.5,99,2.0,240.0,5,15660,6,496,472.0,0.0,240.0,810,1959.0,0,0,0.0,8,Reg,0,50,90.0,26.11993393300743,50720.0,5.2,5.6,2009,7,Q3,1Fam,1
176746.969818601,1464,3,2.0,99,0.0,504.0,5,9900,7,700,0.0,0.0,504.0,764,1979.0,0,0,0.0,8,Reg,0,70,90.0,26.11993393300743,50720.0,5.005000000000001,5.2,2009,3,Q1,1Fam,1
177604.891703134,1558,3,1.5,70,2.0,690.0,5,6406,7,690,400.0,421.0,269.0,868,1939.0,0,36,0.0,6,Reg,182,70,57.0,26.11993393300743,50720.0,4.94,4.4,2009,10,Q4,1Fam,1
193283.746584832,1701,4,2.0,89,0.0,600.0,4,7627,8,600,0.0,0.0,600.0,1101,1979.0,0,0,0.0,6,Reg,0,190,63.0,26.11993393300743,50720.0,4.94,4.4,2009,10,Q4,2fmCon,1
181627.061006609,1447,3,1.0,99,0.0,801.0,5,10134,6,646,0.0,0.0,801.0,801,1979.0,80,0,0.0,5,Reg,0,50,56.0,26.11993393300743,50720.0,5.2,5.6,2009,7,Q3,1Fam,1
169071.62025834,1328,3,1.5,59,1.0,768.0,5,6000,6,560,308.0,384.0,384.0,768,1950.0,0,12,0.0,7,Reg,0,50,50.0,26.11993393300743,50720.0,5.005000000000001,5.2,2009,3,Q1,1Fam,1
167398.006470987,861,2,1.0,89,2.0,861.0,4,7404,5,0,288.0,0.0,861.0,861,1920.0,0,0,0.0,6,Reg,0,30,62.0,26.11993393300743,50720.0,4.87,4.6,2009,11,Q4,1Fam,1
150106.505141704,612,1,1.0,69,1.0,0.0,2,5925,4,0,308.0,0.0,0.0,612,1965.0,0,0,0.0,4,Reg,0,30,50.0,26.11993393300743,50720.0,4.94,4.4,2009,10,Q4,1Fam,1
159650.304285848,792,2,1.0,86,1.0,624.0,5,8520,5,0,287.0,0.0,624.0,792,1963.0,0,0,0.0,8,Reg,0,30,60.0,26.11993393300743,50720.0,5.115,5.1,2009,2,Q1,1Fam,1
179471.23597476,1510,3,2.0,99,2.0,677.0,4,9600,7,677,720.0,0.0,677.0,833,1974.0,0,0,0.0,4,Reg,0,70,60.0,26.11993393300743,50720.0,5.4,6.0,2009,6,Q2,1Fam,1
177109.589956218,2007,3,2.0,109,1.0,917.0,6,8400,8,917,357.0,0.0,917.0,1090,1930.0,0,235,0.0,7,Reg,0,70,70.0,26.11993393300743,50720.0,5.4,6.0,2009,6,Q2,1Fam,1
166558.113328453,1288,3,2.0,92,1.0,624.0,6,3600,5,624,280.0,0.0,624.0,664,1917.0,0,103,0.0,7,Reg,0,70,60.0,26.11993393300743,50720.0,4.85,5.0,2009,5,Q2,1Fam,1
153796.714319583,816,2,1.0,99,0.0,624.0,4,3300,5,0,0.0,0.0,624.0,816,1979.0,0,33,0.0,3,Reg,0,30,68.0,26.11993393300743,50720.0,5.4,6.0,2009,6,Q2,1Fam,1
174520.152570658,1480,3,1.0,89,1.0,972.0,6,5400,6,0,207.0,0.0,972.0,1044,1920.0,0,0,0.0,6,Reg,0,50,60.0,26.11993393300743,50720.0,5.055,4.7,2009,9,Q3,1Fam,1
196297.95829524,1521,4,1.0,99,3.0,741.0,6,9720,8,741,640.0,0.0,741.0,780,1950.0,0,0,0.0,7,Reg,0,70,60.0,26.11993393300743,50720.0,5.055,4.7,2009,9,Q3,1Fam,1
169100.681601175,797,2,1.0,109,0.0,245.0,3,9392,5,0,0.0,0.0,245.0,797,1979.0,0,36,0.0,3,Reg,0,30,72.0,26.11993393300743,50720.0,5.055,4.7,2009,9,Q3,1Fam,1
176911.319164431,1432,3,1.0,86,1.0,1022.0,6,6615,6,0,216.0,0.0,1022.0,1432,1923.0,266,61,0.0,6,Reg,0,30,68.0,26.11993393300743,50720.0,5.055,4.7,2009,9,Q3,1Fam,1
169234.6454828,1654,3,2.0,79,1.0,297.0,5,4960,7,653,336.0,0.0,297.0,1001,1955.0,244,60,0.0,7,Reg,0,70,50.0,26.11993393300743,50720.0,4.85,5.0,2009,5,Q2,1Fam,1
172386.297919134,1142,3,1.0,85,1.0,468.0,5,6000,6,320,320.0,220.0,248.0,822,1924.0,0,0,444.0,5,Reg,0,50,60.0,26.11993393300743,50720.0,5.4,6.0,2009,6,Q2,1Fam,1
156031.904802362,995,2,1.0,84,1.0,960.0,5,6120,5,0,264.0,0.0,960.0,995,1926.0,0,15,0.0,6,Reg,0,30,51.0,26.11993393300743,50720.0,5.005000000000001,5.2,2009,3,Q1,1Fam,1
168202.892306596,1582,3,2.0,71,1.0,952.0,5,6120,6,588,250.0,273.0,679.0,994,1938.0,189,0,0.0,6,Reg,0,50,51.0,26.11993393300743,50720.0,5.115,5.1,2009,2,Q1,1Fam,1
166505.984017547,1072,2,2.0,84,5.0,1072.0,5,8635,5,0,1184.0,134.0,938.0,1072,1982.0,0,0,0.0,5,Reg,0,30,50.0,26.11993393300743,50720.0,5.18,5.6,2009,8,Q3,1Fam,1
176507.37022149,1768,3,2.0,94,2.0,1048.0,6,8094,8,720,576.0,0.0,1048.0,1048,1930.0,0,0,0.0,6,Reg,0,70,57.0,26.11993393300743,50720.0,5.4,6.0,2009,6,Q2,1Fam,1
180116.752553161,1944,3,2.0,94,1.0,672.0,7,9928,8,672,216.0,0.0,672.0,1272,1915.0,24,28,0.0,8,Reg,0,70,68.0,26.11993393300743,50720.0,5.4,6.0,2009,6,Q2,1Fam,1
183072.740591406,2128,4,2.0,87,0.0,1040.0,5,3000,11,1040,0.0,0.0,1040.0,1088,1979.0,0,56,0.0,1,Reg,0,90,50.0,26.11993393300743,50720.0,5.055,4.7,2009,9,Q3,Duplex,1
189595.964677698,1930,4,3.0,82,1.0,720.0,6,6876,8,784,316.0,522.0,198.0,1146,1927.0,0,0,0.0,5,Reg,0,70,57.0,26.11993393300743,50720.0,5.18,5.6,2009,8,Q3,1Fam,1
167523.919076265,1427,3,1.0,94,1.0,483.0,6,5775,7,686,379.0,0.0,483.0,741,1915.0,0,24,0.0,7,IR2,0,70,68.0,26.11993393300743,50720.0,5.115,5.1,2009,2,Q1,1Fam,1
210817.775863413,1864,6,2.5,107,0.0,1020.0,7,5852,9,886,0.0,169.0,851.0,978,1979.0,0,188,188.0,5,IR3,0,190,41.0,26.11993393300743,50720.0,4.85,5.0,2009,5,Q2,2fmCon,1
172942.930813351,1666,3,1.0,82,1.0,1204.0,6,5160,4,462,384.0,0.0,1204.0,1204,1927.0,0,0,0.0,6,Reg,0,50,60.0,26.11993393300743,50720.0,5.18,5.6,2009,8,Q3,1Fam,1
145286.278144089,892,1,2.0,86,0.0,858.0,4,5160,5,0,0.0,749.0,46.0,892,1979.0,0,0,0.0,6,Reg,160,85,86.0,26.11993393300743,50720.0,5.2,5.6,2009,7,Q3,1Fam,1
176468.653371492,1403,3,2.5,94,1.0,698.0,6,10320,7,649,308.0,276.0,160.0,754,1915.0,0,0,0.0,7,Reg,0,190,60.0,26.11993393300743,50720.0,5.115,5.1,2009,2,Q1,2fmCon,1
159040.069562187,704,2,1.5,63,1.0,560.0,4,4280,4,0,220.0,0.0,560.0,704,1946.0,0,0,0.0,9,IR1,0,20,50.0,26.11993393300743,50720.0,5.055,4.7,2009,9,Q3,1Fam,1
178518.204332507,1200,3,6.0,22,0.0,1200.0,5,10800,5,0,0.0,1200.0,0.0,1200,1979.0,120,0,0.0,5,Reg,0,90,60.0,26.11993393300743,50720.0,5.005000000000001,5.2,2009,3,Q1,Duplex,1
169163.980786825,1152,2,4.0,31,1.0,1152.0,5,10547,6,0,252.0,1152.0,0.0,1152,1960.0,0,0,0.0,5,IR1,0,90,68.0,26.11993393300743,50720.0,5.2,5.6,2009,7,Q3,Duplex,0
189786.685274579,1112,4,3.0,75,1.0,585.0,5,9780,6,425,226.0,0.0,585.0,687,1934.0,0,0,0.0,3,Reg,0,50,60.0,26.11993393300743,50720.0,5.005000000000001,5.2,2009,3,Q1,1Fam,1
181246.728523853,1052,3,1.5,42,1.0,1052.0,5,11625,6,0,668.0,527.0,525.0,1052,1984.0,0,215,172.0,6,Reg,0,20,75.0,26.11993393300743,50720.0,4.8,4.9,2009,4,Q2,1Fam,0
176349.927153587,1034,3,1.5,31,2.0,456.0,6,8014,5,0,504.0,456.0,0.0,1034,1978.0,0,0,23.0,5,IR1,0,85,68.0,26.11993393300743,50720.0,5.4,6.0,2009,6,Q2,1Fam,0
205266.631009142,1774,4,2.0,48,1.0,552.0,5,15400,8,611,384.0,0.0,552.0,904,1961.0,290,40,0.0,5,Reg,0,80,88.0,26.11993393300743,50720.0,5.2,5.6,2009,7,Q3,1Fam,0
187397.993362224,1138,3,1.5,49,2.0,1138.0,6,15312,6,0,480.0,588.0,550.0,1138,1960.0,0,0,54.0,5,Reg,140,80,88.0,26.11993393300743,50720.0,5.005000000000001,5.2,2009,3,Q1,1Fam,0
208943.427726113,2071,4,2.0,53,1.0,825.0,5,15584,9,0,336.0,0.0,825.0,2071,1956.0,131,28,366.0,5,Reg,0,80,68.0,26.11993393300743,50720.0,4.94,4.4,2009,10,Q4,1Fam,0
165014.532907657,660,2,1.0,62,0.0,0.0,2,9000,5,0,0.0,0.0,0.0,660,1979.0,0,0,0.0,2,Reg,0,20,68.0,26.11993393300743,50720.0,5.4,6.0,2009,6,Q2,1Fam,1
182492.037566236,1383,2,1.0,55,2.0,0.0,4,15635,6,0,498.0,0.0,0.0,1383,1980.0,0,0,0.0,5,IR1,110,20,68.0,26.11993393300743,50720.0,4.94,4.4,2009,10,Q4,1Fam,0
161718.71259042,1073,2,2.0,53,1.0,1073.0,5,9571,5,0,340.0,257.0,816.0,1073,1956.0,0,0,0.0,5,Reg,0,20,68.0,26.11993393300743,50720.0,5.115,5.1,2009,2,Q1,1Fam,0
180084.118941162,1639,3,1.5,63,1.0,747.0,6,9350,6,747,240.0,342.0,405.0,892,1946.0,0,50,0.0,7,Reg,0,60,50.0,26.11993393300743,50720.0,5.2,5.6,2009,7,Q3,1Fam,1
178534.950802179,1089,3,2.0,55,1.0,1089.0,5,7440,5,0,252.0,173.0,916.0,1089,1954.0,328,0,0.0,6,Reg,0,20,62.0,26.11993393300743,50720.0,5.055,4.7,2009,9,Q3,1Fam,0
151217.259961305,1049,2,3.0,25,1.0,1049.0,5,4235,5,0,266.0,552.0,104.0,1049,1984.0,0,105,149.0,5,Reg,0,120,42.0,26.11993393300743,50720.0,5.115,5.1,2009,2,Q1,TwnhsE,0
156342.717587562,1061,1,2.5,19,2.0,1054.0,7,10778,4,0,462.0,460.0,308.0,1061,1990.0,114,36,0.0,6,IR1,0,80,74.0,26.11993393300743,50720.0,5.2,5.6,2009,7,Q3,1Fam,1
188511.443835239,1338,2,1.5,26,2.0,520.0,6,19255,5,0,576.0,70.0,0.0,1338,1983.0,0,0,100.0,5,IR1,0,80,66.0,26.11993393300743,50720.0,5.055,4.7,2009,9,Q3,1Fam,0
183570.337896789,1879,3,3.5,16,2.0,1079.0,7,10560,8,800,473.0,474.0,605.0,1079,1993.0,400,100,0.0,5,Reg,0,60,85.0,26.11993393300743,50720.0,5.18,5.6,2009,8,Q3,1Fam,1
225810.160292177,2016,4,1.0,129,2.0,0.0,5,26400,7,728,576.0,0.0,0.0,1288,1900.0,0,0,0.0,7,Reg,0,70,120.0,26.11993393300743,50720.0,5.4,6.0,2009,6,Q2,1Fam,1
214217.401131694,2228,6,2.0,30,2.0,0.0,5,7018,8,1114,720.0,0.0,0.0,1114,1979.0,73,0,0.0,5,Reg,0,90,64.0,26.11993393300743,50720.0,5.4,6.0,2009,6,Q2,Duplex,0
187665.64101603,1535,4,2.0,30,2.0,0.0,5,7018,8,0,400.0,0.0,0.0,1535,1979.0,0,0,0.0,5,Reg,0,90,64.0,26.11993393300743,50720.0,5.4,6.0,2009,6,Q2,Duplex,0
161157.177744039,1229,2,3.0,30,2.0,1094.0,5,7040,6,0,672.0,1094.0,0.0,1229,1979.0,120,0,216.0,5,Reg,0,90,64.0,26.11993393300743,50720.0,5.4,6.0,2009,6,Q2,Duplex,0
187643.992594193,1513,4,2.0,30,2.0,0.0,5,7007,8,0,400.0,0.0,0.0,1513,1979.0,0,0,0.0,5,Reg,0,90,64.0,26.11993393300743,50720.0,5.4,6.0,2009,6,Q2,Duplex,0
228156.372839158,2787,6,7.0,9,4.0,1168.0,7,11855,8,1619,820.0,820.0,348.0,1168,2000.0,312,0,23.0,5,Reg,0,90,68.0,26.11993393300743,50720.0,4.94,4.4,2009,10,Q4,Duplex,0
220449.534665317,2787,6,7.0,9,4.0,1168.0,7,7939,8,1619,820.0,820.0,348.0,1168,2000.0,312,0,23.0,5,Reg,0,90,68.0,26.11993393300743,50720.0,4.94,4.4,2009,10,Q4,Duplex,0
220522.352084222,2787,6,7.0,9,4.0,1168.0,7,7976,8,1619,820.0,820.0,348.0,1168,2000.0,312,0,23.0,5,Reg,0,90,68.0,26.11993393300743,50720.0,4.94,4.4,2009,10,Q4,Duplex,0
156647.763531624,1680,1,2.5,0,3.0,1555.0,9,10933,8,0,1138.0,1021.0,534.0,1680,2009.0,185,24,242.0,5,Reg,0,20,84.0,26.11993393300743,50720.0,5.2,5.6,2009,7,Q3,1Fam,0
187388.833374873,1720,3,3.0,1,3.0,1720.0,9,10816,8,0,846.0,1104.0,616.0,1720,2008.0,208,104,364.0,5,IR1,0,20,65.0,26.11993393300743,50720.0,4.87,4.6,2009,11,Q4,1Fam,0
178640.723791573,1468,3,2.0,1,3.0,1468.0,8,9178,6,0,904.0,0.0,1468.0,1468,2008.0,192,142,0.0,5,Reg,0,20,71.0,26.11993393300743,50720.0,5.4,6.0,2009,6,Q2,1Fam,0
180847.216739049,1838,3,3.0,2,2.0,1838.0,8,11422,7,0,524.0,1359.0,479.0,1838,2007.0,154,222,352.0,5,IR1,0,20,77.0,26.11993393300743,50720.0,4.8,4.9,2009,4,Q2,1Fam,1
159505.170529478,1290,2,3.0,2,2.0,1282.0,7,6762,6,0,662.0,902.0,380.0,1290,2007.0,168,0,0.0,5,Reg,0,20,64.0,26.11993393300743,50720.0,4.85,5.0,2009,5,Q2,1Fam,0
164305.538020654,1254,2,3.0,1,3.0,1254.0,8,10324,5,0,810.0,872.0,382.0,1254,2008.0,168,92,140.0,5,IR1,0,20,95.0,26.11993393300743,50720.0,5.005000000000001,5.2,2009,3,Q1,1Fam,0
180181.19673723,1498,3,2.0,4,3.0,1498.0,8,11645,7,0,844.0,24.0,1474.0,1498,2005.0,144,98,76.0,5,Reg,0,20,78.0,26.11993393300743,50720.0,5.005000000000001,5.2,2009,3,Q1,1Fam,1
184602.734989972,1422,3,2.5,4,2.0,704.0,6,11646,7,718,440.0,0.0,704.0,704,2005.0,36,28,0.0,5,IR1,0,60,79.0,26.11993393300743,50720.0,5.2,5.6,2009,7,Q3,1Fam,1
193440.372174434,1759,3,3.5,17,2.0,1449.0,7,16698,7,815,525.0,800.0,649.0,944,1992.0,150,193,0.0,5,IR1,0,60,68.0,26.11993393300743,50720.0,5.4,6.0,2009,6,Q2,1Fam,1
184199.788209911,990,3,2.0,15,1.0,990.0,5,9757,5,0,440.0,755.0,235.0,990,1995.0,66,0,0.0,7,Reg,92,20,65.0,26.11993393300743,50720.0,4.94,4.4,2009,10,Q4,1Fam,0
196241.892907637,1463,3,3.0,11,2.0,1463.0,7,14753,5,0,539.0,950.0,513.0,1463,1998.0,0,81,0.0,5,IR2,0,20,65.0,26.11993393300743,50720.0,4.94,5.1,2009,12,Q4,1Fam,0
175588.618271096,1772,3,3.5,11,2.0,928.0,6,8750,7,844,492.0,606.0,322.0,928,1998.0,150,96,120.0,5,Reg,0,60,70.0,26.11993393300743,50720.0,4.8,4.9,2009,4,Q2,1Fam,0
179503.046546829,1444,3,3.0,7,2.0,1431.0,7,10739,6,0,577.0,1259.0,172.0,1444,2002.0,144,40,68.0,5,IR1,0,20,65.0,26.11993393300743,50720.0,4.8,4.9,2009,4,Q2,1Fam,1
183658.076582555,1492,3,2.0,8,2.0,1492.0,7,11166,6,0,608.0,24.0,1468.0,1492,2001.0,0,114,180.0,5,Reg,168,20,75.0,26.11993393300743,50720.0,5.2,5.6,2009,7,Q3,1Fam,0
193700.976276404,907,3,1.0,31,1.0,907.0,5,16269,5,0,343.0,625.0,282.0,907,1978.0,72,0,76.0,5,IR1,0,20,68.0,26.11993393300743,50720.0,5.2,5.6,2009,7,Q3,1Fam,0
165399.62450704,914,2,2.0,30,2.0,914.0,5,6950,5,0,444.0,710.0,132.0,914,1979.0,0,0,40.0,7,IR1,0,20,76.0,26.11993393300743,50720.0,4.94,4.4,2009,10,Q4,1Fam,0
186847.944787446,1611,3,3.0,7,3.0,1569.0,7,11664,6,0,1231.0,1234.0,335.0,1611,2002.0,262,93,0.0,5,Reg,0,20,90.0,26.11993393300743,50720.0,5.055,4.7,2009,9,Q3,1Fam,0
198127.73287817,2184,4,2.5,6,2.0,1068.0,8,12334,8,1116,570.0,0.0,1068.0,1068,2003.0,192,132,198.0,5,IR1,0,60,68.0,26.11993393300743,50720.0,5.4,6.0,2009,6,Q2,1Fam,0
183320.898107934,1725,3,2.5,7,2.0,840.0,7,8749,6,885,550.0,0.0,840.0,840,2002.0,0,48,0.0,5,Reg,0,60,70.0,26.11993393300743,50720.0,4.87,4.6,2009,11,Q4,1Fam,0
181613.606696657,1870,3,2.5,8,2.0,944.0,7,11250,6,926,608.0,0.0,944.0,944,2001.0,256,43,0.0,5,Reg,0,60,68.0,26.11993393300743,50720.0,4.85,5.0,2009,5,Q2,1Fam,0
178298.791761954,1513,2,3.0,10,2.0,1462.0,8,15750,5,0,521.0,1246.0,216.0,1513,1999.0,135,34,260.0,5,Reg,0,20,90.0,26.11993393300743,50720.0,5.4,6.0,2009,6,Q2,1Fam,1
185733.534000593,1828,3,3.0,7,2.0,1822.0,8,12782,7,0,523.0,1360.0,462.0,1828,2002.0,194,144,164.0,5,Reg,0,20,68.0,26.11993393300743,50720.0,5.4,6.0,2009,6,Q2,1Fam,1
180008.188485489,1417,3,3.0,12,2.0,1417.0,7,8750,7,0,511.0,1111.0,306.0,1417,1997.0,60,0,209.0,5,Reg,117,20,70.0,26.11993393300743,50720.0,5.18,5.6,2009,8,Q3,1Fam,1
175127.59621604,1602,3,3.0,2,3.0,1578.0,8,10200,7,0,810.0,1478.0,100.0,1602,2007.0,0,48,180.0,5,Reg,195,20,85.0,26.11993393300743,50720.0,5.055,5.0,2009,1,Q1,1Fam,0
183467.176862723,1396,3,2.5,2,2.0,608.0,6,11069,6,788,440.0,0.0,608.0,608,2007.0,100,36,0.0,5,Reg,0,60,85.0,26.11993393300743,50720.0,5.2,5.6,2009,7,Q3,1Fam,0
182705.546021743,1149,3,2.0,49,1.0,1014.0,4,10682,7,0,544.0,399.0,615.0,1149,1968.0,0,240,0.0,6,Reg,0,20,80.0,26.11993393300743,50720.0,5.2,5.6,2009,7,Q3,1Fam,1
152324.943593181,1072,2,2.0,4,2.0,547.0,6,3675,5,0,525.0,547.0,0.0,1072,2005.0,0,28,80.0,5,Reg,0,180,35.0,26.11993393300743,50720.0,4.8,4.9,2009,4,Q2,TwnhsE,1
169878.515981342,876,3,1.0,50,1.0,876.0,4,6410,5,0,320.0,332.0,301.0,876,1959.0,0,0,0.0,5,Reg,0,20,64.0,26.11993393300743,50720.0,5.005000000000001,5.2,2009,3,Q1,1Fam,0
183735.975076576,1368,3,2.0,59,1.0,1078.0,5,11767,6,0,195.0,1078.0,0.0,1368,1950.0,0,41,0.0,5,Reg,0,20,70.0,26.11993393300743,50720.0,5.4,6.0,2009,6,Q2,1Fam,0
224118.280105941,1678,6,2.0,50,0.0,1678.0,5,10926,10,0,0.0,0.0,1678.0,1678,1979.0,0,0,74.0,5,Reg,0,90,65.0,26.11993393300743,50720.0,5.18,5.6,2009,8,Q3,Duplex,0
169355.202465146,1560,2,1.0,53,1.0,1150.0,5,11767,7,0,313.0,546.0,604.0,1560,1956.0,0,0,259.0,5,Reg,0,20,70.0,26.11993393300743,50720.0,4.85,5.0,2009,5,Q2,1Fam,0
180054.276407441,1298,3,1.0,68,1.0,720.0,5,8212,6,444,256.0,626.0,94.0,854,1940.0,84,0,0.0,6,Reg,0,50,45.0,26.11993393300743,50720.0,5.055,4.7,2009,9,Q3,1Fam,1
174081.601977368,1268,3,1.5,71,1.0,832.0,5,6300,7,436,250.0,832.0,0.0,832,1938.0,0,0,88.0,4,Reg,0,50,70.0,26.11993393300743,50720.0,5.2,5.6,2009,7,Q3,1Fam,1
168494.985022146,1242,3,1.5,74,1.0,583.0,6,5707,6,595,180.0,0.0,583.0,647,1926.0,329,96,0.0,6,Reg,0,70,43.0,26.11993393300743,50720.0,5.005000000000001,5.2,2009,3,Q1,1Fam,1
181871.598843299,1232,3,1.0,93,2.0,816.0,6,8574,6,0,440.0,0.0,816.0,1232,1916.0,0,0,0.0,8,Reg,0,30,64.0,26.11993393300743,50720.0,4.94,4.4,2009,10,Q4,1Fam,1
173554.489658383,1228,3,1.0,91,1.0,600.0,7,7155,6,600,215.0,0.0,600.0,628,1918.0,0,113,0.0,8,Reg,195,70,53.0,26.11993393300743,50720.0,4.85,5.0,2009,5,Q2,1Fam,1
169805.382165577,1567,2,2.5,69,2.0,840.0,5,13680,6,727,440.0,728.0,112.0,840,1961.0,0,21,0.0,6,Reg,0,50,60.0,26.11993393300743,50720.0,5.115,5.1,2009,2,Q1,1Fam,1
176192.990728755,1273,2,1.0,49,1.0,1273.0,5,14680,5,0,307.0,793.0,480.0,1273,1960.0,483,0,0.0,4,IR1,115,20,80.0,26.11993393300743,50720.0,5.4,6.0,2009,6,Q2,1Fam,0
204264.39284654,2480,5,2.5,69,2.0,920.0,7,8145,13,1240,400.0,246.0,674.0,1240,1940.0,0,0,0.0,6,IR1,0,90,68.0,26.11993393300743,50720.0,5.2,5.6,2009,7,Q3,Duplex,1
169630.906956928,1112,2,2.0,55,1.0,1112.0,5,9100,6,0,390.0,154.0,264.0,1112,1954.0,0,0,0.0,6,Reg,0,20,70.0,26.11993393300743,50720.0,4.94,4.4,2009,10,Q4,1Fam,0
185724.838807268,1561,3,3.0,49,2.0,1561.0,6,13339,6,0,463.0,65.0,621.0,1561,1960.0,0,148,132.0,6,IR1,120,20,90.0,26.11993393300743,50720.0,4.85,5.0,2009,5,Q2,1Fam,0
195699.036281861,1523,3,3.0,60,1.0,1067.0,5,15600,7,537,295.0,312.0,248.0,986,1949.0,0,0,0.0,7,Reg,0,50,78.0,26.11993393300743,50720.0,4.94,4.4,2009,10,Q4,1Fam,1
189494.276162169,1906,3,2.5,55,2.0,1310.0,6,17500,6,0,576.0,784.0,91.0,1906,1954.0,0,201,420.0,5,Reg,0,20,100.0,26.11993393300743,50720.0,5.055,5.0,2009,1,Q1,1Fam,0
149607.905673439,1032,2,1.0,29,2.0,516.0,6,1733,5,516,452.0,0.0,516.0,516,1980.0,279,0,0.0,6,Reg,0,160,24.0,26.11993393300743,50720.0,4.85,5.0,2009,5,Q2,Twnhs,0
154650.199045978,1229,2,2.5,29,2.0,561.0,6,1488,5,668,462.0,471.0,90.0,561,1980.0,176,0,0.0,6,Reg,0,160,24.0,26.11993393300743,50720.0,4.94,4.4,2009,10,Q4,TwnhsE,1
151579.558140433,1229,2,1.5,29,2.0,561.0,6,1612,5,668,462.0,0.0,561.0,561,1980.0,154,0,0.0,6,Reg,0,160,24.0,26.11993393300743,50720.0,5.2,5.6,2009,7,Q3,Twnhs,0
185147.380531144,1982,3,3.5,23,2.0,572.0,6,13607,6,800,501.0,454.0,118.0,1182,1986.0,400,112,242.0,6,IR1,0,80,68.0,26.11993393300743,50720.0,4.8,4.9,2009,4,Q2,1Fam,0
196314.53120359,2365,3,3.0,38,2.0,1803.0,7,17597,7,0,551.0,803.0,581.0,2365,1971.0,200,144,0.0,9,Reg,0,20,68.0,26.11993393300743,50720.0,5.2,5.6,2009,7,Q3,1Fam,1
210802.395364155,2168,5,2.0,109,2.0,760.0,5,8660,11,928,576.0,0.0,760.0,928,1998.0,467,160,0.0,6,Reg,0,70,50.0,26.11993393300743,50720.0,4.94,5.1,2009,12,Q4,1Fam,1
166271.2863726,572,2,1.0,84,1.0,572.0,4,10200,4,0,200.0,0.0,572.0,572,1940.0,0,0,0.0,6,Reg,0,30,60.0,26.11993393300743,50720.0,4.85,5.0,2009,5,Q2,1Fam,1
154865.359142973,1648,2,3.5,2,2.0,1596.0,8,3843,5,0,482.0,1476.0,120.0,1648,2007.0,162,53,174.0,5,IR1,0,120,44.0,26.11993393300743,50720.0,5.4,6.0,2009,6,Q2,TwnhsE,1
173575.5052865,810,1,1.0,99,1.0,0.0,2,21780,4,0,280.0,0.0,0.0,810,1975.0,119,24,0.0,4,Reg,0,30,109.0,26.11993393300743,50720.0,5.005000000000001,5.2,2009,3,Q1,1Fam,1
179399.563554274,2052,3,2.5,9,3.0,1107.0,8,10125,7,1012,642.0,445.0,412.0,1040,2000.0,210,91,0.0,5,Reg,0,60,75.0,26.11993393300743,50720.0,4.85,5.0,2009,5,Q2,1Fam,1
164280.776562049,926,2,2.0,32,1.0,902.0,6,9750,5,0,351.0,767.0,135.0,926,1977.0,319,0,0.0,6,Reg,0,85,75.0,26.11993393300743,50720.0,4.8,4.9,2009,4,Q2,1Fam,0
171247.48948121,1287,2,2.5,32,2.0,957.0,6,9360,5,0,541.0,841.0,0.0,1287,1977.0,302,39,0.0,7,Reg,120,85,72.0,26.11993393300743,50720.0,4.87,4.6,2009,11,Q4,1Fam,0
166878.587182445,1595,2,3.0,18,2.0,1582.0,5,11070,5,0,672.0,55.0,1527.0,1595,1991.0,0,0,0.0,5,Reg,0,20,82.0,26.11993393300743,50720.0,4.8,4.9,2009,4,Q2,1Fam,0
188129.459710994,2036,3,3.0,1,3.0,2190.0,9,13438,9,0,780.0,1758.0,432.0,2036,2008.0,90,154,246.0,5,IR1,0,20,113.0,26.11993393300743,50720.0,5.2,5.6,2009,7,Q3,1Fam,0
183517.34369691,1641,3,3.0,1,3.0,1641.0,9,14463,7,0,885.0,1115.0,526.0,1641,2008.0,0,95,406.0,5,IR1,0,20,79.0,26.11993393300743,50720.0,5.055,5.0,2009,1,Q1,1Fam,0
175522.026925727,2237,3,2.5,29,2.0,712.0,6,9839,7,862,440.0,462.0,250.0,1375,1980.0,305,24,0.0,8,IR1,0,60,68.0,26.11993393300743,50720.0,5.115,5.1,2009,2,Q1,1Fam,1
190060.105331152,1479,3,4.5,22,2.0,1645.0,7,14419,7,0,578.0,904.0,117.0,1479,1987.0,224,238,310.0,5,IR1,0,80,125.0,26.11993393300743,50720.0,5.2,5.6,2009,7,Q3,1Fam,1
174179.824771856,2014,3,2.5,6,2.0,912.0,7,9157,9,942,486.0,0.0,912.0,1072,2003.0,124,114,0.0,5,IR1,0,60,75.0,26.11993393300743,50720.0,5.115,5.1,2009,2,Q1,1Fam,0
171059.523675194,1978,2,3.0,2,3.0,1978.0,9,12633,7,0,920.0,1640.0,338.0,1978,2007.0,308,52,290.0,5,IR1,0,20,85.0,26.11993393300743,50720.0,4.85,5.0,2009,5,Q2,1Fam,0
183004.186769318,1008,3,1.0,41,1.0,1008.0,5,12518,6,0,384.0,532.0,476.0,1008,1968.0,144,0,182.0,7,IR1,0,20,75.0,26.11993393300743,50720.0,4.8,4.9,2009,4,Q2,1Fam,0
183601.647387418,1404,3,2.0,40,2.0,1188.0,5,13383,7,0,504.0,594.0,594.0,1404,1969.0,0,16,176.0,5,IR1,0,20,83.0,26.11993393300743,50720.0,5.005000000000001,5.2,2009,3,Q1,1Fam,1
163539.327185998,796,2,1.5,37,1.0,796.0,5,7689,4,0,336.0,720.0,0.0,796,1998.0,138,0,0.0,8,IR1,0,85,50.0,26.11993393300743,50720.0,5.2,5.6,2009,7,Q3,1Fam,0
164677.676391525,1091,2,1.5,16,1.0,384.0,6,7706,5,0,429.0,114.0,0.0,1091,1993.0,280,0,0.0,5,Reg,0,80,62.0,26.11993393300743,50720.0,5.18,5.6,2009,8,Q3,1Fam,1
162395.073865424,883,2,2.0,17,2.0,828.0,5,7669,5,0,698.0,718.0,0.0,883,1998.0,100,32,0.0,6,Reg,0,85,70.0,26.11993393300743,50720.0,5.4,6.0,2009,6,Q2,1Fam,1
182207.6323195,1287,3,1.5,17,2.0,624.0,5,10429,6,663,440.0,330.0,294.0,624,2001.0,150,0,0.0,5,Reg,0,60,62.0,26.11993393300743,50720.0,5.2,5.6,2009,7,Q3,1Fam,0
192223.939790304,1632,4,1.5,40,2.0,784.0,5,10457,7,848,898.0,496.0,0.0,784,1969.0,0,173,178.0,7,IR1,0,60,70.0,26.11993393300743,50720.0,4.8,4.9,2009,4,Q2,1Fam,0
176391.829390125,1604,3,2.5,11,2.0,926.0,6,8702,7,678,470.0,706.0,220.0,926,1997.0,0,36,0.0,5,IR1,0,60,72.0,27.363846269205577,50140.0,5.88,2.7,2008,4,Q2,1Fam,1
181913.179121348,1470,3,2.5,13,2.0,680.0,6,8139,7,790,420.0,476.0,204.0,680,1995.0,192,49,119.0,5,Reg,0,60,65.0,27.363846269205577,50140.0,6.1,2.9,2008,10,Q4,1Fam,1
179136.097888261,1604,3,2.5,10,2.0,926.0,6,9535,7,678,472.0,851.0,75.0,926,1998.0,100,82,0.0,5,IR1,0,60,59.0,27.363846269205577,50140.0,6.05,3.0,2008,5,Q2,1Fam,0
196595.568243212,1636,3,2.5,12,2.0,916.0,6,15038,7,720,386.0,138.0,778.0,916,1996.0,168,84,0.0,5,IR2,0,60,68.0,27.363846269205577,50140.0,6.09,3.1,2008,11,Q4,1Fam,0
194822.365690957,1384,3,3.0,12,2.0,1348.0,5,14137,7,0,404.0,450.0,898.0,1384,1996.0,0,39,0.0,5,IR1,0,20,53.0,27.363846269205577,50140.0,6.09,3.1,2008,11,Q4,1Fam,1
148356.669440918,1682,1,2.5,11,2.0,1664.0,8,6264,6,0,528.0,656.0,1008.0,1682,1997.0,0,0,0.0,5,IR1,0,120,45.0,27.363846269205577,50140.0,6.37,3.6,2008,7,Q3,1Fam,0
160387.604263899,1280,2,2.0,16,2.0,1280.0,8,5070,5,0,506.0,0.0,1280.0,1280,1992.0,0,82,0.0,5,IR1,144,120,39.0,27.363846269205577,50140.0,6.494999999999999,3.6,2008,8,Q3,TwnhsE,0
181276.500571809,1633,3,2.5,10,2.0,932.0,6,11184,7,701,460.0,0.0,932.0,932,1998.0,0,39,0.0,5,IR1,0,60,73.0,27.363846269205577,50140.0,5.88,2.7,2008,4,Q2,1Fam,0
192474.817899346,1709,3,3.5,17,2.0,836.0,6,14067,7,858,416.0,504.0,332.0,851,1991.0,0,40,194.0,5,Reg,0,60,68.0,27.363846269205577,50140.0,6.01,3.0,2008,9,Q3,1Fam,0
157699.907796437,1337,2,3.0,19,2.0,1337.0,8,5950,5,0,462.0,319.0,1018.0,1337,1989.0,0,73,0.0,5,IR1,0,120,65.0,27.363846269205577,50140.0,5.88,2.7,2008,4,Q2,TwnhsE,0
215785.540813051,2500,5,3.5,3,3.0,1168.0,8,13543,9,1332,683.0,16.0,1152.0,1168,2005.0,192,32,130.0,5,IR1,0,60,101.0,27.363846269205577,50140.0,6.37,3.6,2008,7,Q3,1Fam,0
181824.300998793,1884,2,3.0,4,3.0,1884.0,9,15401,7,0,670.0,1337.0,547.0,1884,2004.0,214,76,296.0,5,IR1,0,20,53.0,27.363846269205577,50140.0,6.01,3.0,2008,9,Q3,1Fam,0
221813.00948166,1474,3,1.0,56,2.0,1632.0,6,31220,7,0,495.0,0.0,1632.0,1474,1952.0,0,0,0.0,2,IR1,0,20,68.0,27.363846269205577,50140.0,6.05,3.0,2008,5,Q2,1Fam,0
165281.292597397,1710,2,3.0,1,2.0,1710.0,9,8118,6,0,557.0,1034.0,676.0,1710,2007.0,156,48,178.0,5,Reg,0,120,60.0,27.363846269205577,50140.0,6.37,3.6,2008,7,Q3,TwnhsE,0
255629.49047034,1488,3,2.5,58,2.0,1488.0,6,47280,6,0,738.0,0.0,1488.0,1488,1950.0,0,0,44.0,5,IR1,0,20,68.0,27.363846269205577,50140.0,6.37,3.6,2008,7,Q3,1Fam,0
173154.590990955,1688,2,3.0,20,2.0,1675.0,7,12680,6,0,528.0,983.0,692.0,1688,1988.0,0,48,102.0,6,IR1,141,20,63.0,27.363846269205577,50140.0,6.37,3.7,2008,6,Q2,1Fam,0
183884.65246539,1260,3,3.0,25,2.0,1260.0,7,10825,6,0,598.0,747.0,513.0,1260,1983.0,152,0,174.0,7,IR1,0,20,68.0,27.363846269205577,50140.0,6.37,3.6,2008,7,Q3,1Fam,0
200210.353608489,2064,3,3.0,30,2.0,2048.0,7,18559,7,0,550.0,1206.0,656.0,2064,1978.0,200,0,383.0,5,IR1,0,20,56.0,27.363846269205577,50140.0,6.494999999999999,3.6,2008,8,Q3,1Fam,0
186599.221265342,1782,3,2.5,29,2.0,1782.0,7,14450,6,0,551.0,864.0,469.0,1782,1979.0,467,0,194.0,5,Reg,0,20,85.0,27.363846269205577,50140.0,5.95,3.0,2008,3,Q1,1Fam,0
192718.532696106,1211,3,3.0,32,2.0,1211.0,6,13068,6,0,461.0,890.0,273.0,1211,1976.0,0,0,621.0,5,Reg,0,20,90.0,27.363846269205577,50140.0,6.09,3.1,2008,11,Q4,1Fam,0
178628.665952764,2044,3,2.5,28,2.0,738.0,7,10400,7,767,489.0,0.0,738.0,1277,1980.0,28,73,280.0,6,Reg,0,60,80.0,27.363846269205577,50140.0,5.95,3.0,2008,3,Q1,1Fam,1
180650.342418406,1308,3,1.5,39,2.0,720.0,5,9743,7,588,484.0,280.0,440.0,720,1969.0,0,0,0.0,6,Reg,0,60,75.0,27.363846269205577,50140.0,6.37,3.7,2008,6,Q2,1Fam,0
206003.107947263,2840,4,3.0,30,4.0,1420.0,7,12511,8,1420,1314.0,988.0,432.0,1420,1978.0,0,16,168.0,7,IR1,208,60,68.0,27.363846269205577,50140.0,5.19,3.8,2008,12,Q4,1Fam,0
166457.67844853,1444,2,2.0,32,2.0,1444.0,6,10400,5,0,473.0,0.0,1444.0,1444,1976.0,0,24,120.0,5,Reg,0,20,80.0,27.363846269205577,50140.0,5.88,2.7,2008,4,Q2,1Fam,0
202916.221653487,2340,4,3.5,12,3.0,1236.0,8,14311,9,1104,787.0,1023.0,213.0,1236,1996.0,192,180,402.0,5,IR1,0,60,68.0,27.363846269205577,50140.0,6.37,3.7,2008,6,Q2,1Fam,0
192463.969983091,1792,4,3.0,34,2.0,896.0,5,9000,8,896,480.0,0.0,896.0,896,1982.0,0,45,0.0,5,Reg,0,90,60.0,27.363846269205577,50140.0,6.37,3.7,2008,6,Q2,Duplex,0
171775.497189898,936,2,1.0,39,1.0,936.0,4,10295,4,0,288.0,252.0,684.0,936,1969.0,16,0,72.0,6,Reg,0,20,68.0,27.363846269205577,50140.0,6.01,3.0,2008,9,Q3,1Fam,0
175249.222149411,864,3,2.0,37,2.0,864.0,5,7560,5,0,576.0,119.0,132.0,864,1977.0,0,0,0.0,5,Reg,0,20,63.0,27.363846269205577,50140.0,6.05,3.0,2008,5,Q2,1Fam,0
147086.59893993,987,2,2.0,35,1.0,483.0,6,1680,5,504,264.0,458.0,25.0,483,1973.0,52,0,359.0,5,Reg,0,160,21.0,27.363846269205577,50140.0,5.88,3.1,2008,2,Q1,Twnhs,0
149709.672100371,987,2,1.5,36,1.0,483.0,6,1890,5,504,352.0,483.0,0.0,483,1975.0,411,0,422.0,6,Reg,0,160,21.0,27.363846269205577,50140.0,5.88,2.7,2008,4,Q2,Twnhs,0
171411.404533743,1302,3,2.5,36,1.0,630.0,5,1680,6,672,264.0,350.0,280.0,630,1972.0,0,0,356.0,5,Reg,0,160,21.0,27.363846269205577,50140.0,5.19,3.8,2008,12,Q4,Twnhs,0
178188.964799425,1456,4,2.5,33,2.0,855.0,6,2308,7,601,460.0,286.0,275.0,855,1975.0,0,0,0.0,6,Reg,0,160,24.0,27.363846269205577,50140.0,6.05,3.0,2008,5,Q2,TwnhsE,0
156491.711373235,1055,2,2.0,31,2.0,1055.0,7,2529,4,0,440.0,378.0,677.0,1055,1977.0,0,38,0.0,6,Reg,0,120,24.0,27.363846269205577,50140.0,6.01,3.0,2008,9,Q3,Twnhs,0
180953.241201168,1582,3,3.0,1,3.0,1582.0,8,12704,7,0,905.0,1012.0,570.0,1582,2007.0,209,95,302.0,5,Reg,0,20,98.0,27.363846269205577,50140.0,5.69,3.3,2008,1,Q1,1Fam,0
203909.759061135,2464,4,3.5,1,3.0,2418.0,8,13693,9,0,650.0,1728.0,195.0,2464,2007.0,358,78,554.0,5,Reg,0,20,105.0,27.363846269205577,50140.0,6.494999999999999,3.6,2008,8,Q3,1Fam,0
175470.149087545,1950,2,3.0,1,3.0,1950.0,9,14418,7,0,706.0,1375.0,575.0,1950,2007.0,156,207,480.0,5,IR1,0,20,104.0,27.363846269205577,50140.0,6.05,3.0,2008,5,Q2,1Fam,0
205578.333622415,2748,4,3.5,2,3.0,1850.0,9,13418,9,898,850.0,1420.0,430.0,1850,2006.0,212,182,270.0,5,Reg,0,60,108.0,27.363846269205577,50140.0,6.1,2.9,2008,10,Q4,1Fam,0
199428.857699441,2790,4,3.5,3,4.0,1620.0,10,12539,10,1158,1150.0,1082.0,538.0,1632,2005.0,30,200,468.0,5,Reg,192,60,96.0,27.363846269205577,50140.0,6.37,3.7,2008,6,Q2,1Fam,1
187599.163869476,2331,3,3.5,3,3.0,1414.0,9,12151,9,917,1003.0,1249.0,165.0,1414,2005.0,192,63,368.0,5,IR1,0,60,102.0,27.363846269205577,50140.0,6.494999999999999,3.6,2008,8,Q3,1Fam,0
192265.198109864,2088,4,2.5,1,3.0,948.0,8,8899,10,1140,656.0,40.0,908.0,948,2007.0,100,24,108.0,5,Reg,0,60,74.0,27.363846269205577,50140.0,6.37,3.7,2008,6,Q2,1Fam,0
196666.554897677,2332,4,3.5,4,3.0,1148.0,8,10574,9,1162,756.0,856.0,292.0,1170,2004.0,224,142,126.0,5,IR1,0,60,85.0,27.363846269205577,50140.0,6.37,3.6,2008,7,Q3,1Fam,0
155537.862252682,2470,1,3.5,5,3.0,2535.0,10,12720,7,0,789.0,2257.0,278.0,2470,2003.0,154,65,680.0,5,Reg,216,20,106.0,27.363846269205577,50140.0,5.88,3.1,2008,2,Q1,1Fam,0
169543.240620935,1575,2,3.0,5,3.0,1603.0,8,10845,7,0,732.0,1149.0,454.0,1575,2003.0,216,28,504.0,5,IR1,0,20,92.0,27.363846269205577,50140.0,6.37,3.7,2008,6,Q2,1Fam,1
202487.010170501,2649,4,3.5,7,3.0,1479.0,8,16900,10,1134,746.0,1075.0,404.0,1515,2001.0,0,60,1110.0,5,Reg,0,60,130.0,27.363846269205577,50140.0,5.69,3.3,2008,1,Q1,1Fam,1
208232.716273485,2690,4,2.5,5,3.0,1765.0,8,16451,9,886,795.0,0.0,1765.0,1804,2003.0,268,58,221.0,5,IR1,0,60,112.0,27.363846269205577,50140.0,6.37,3.6,2008,7,Q3,1Fam,0
173621.195202569,1866,2,3.0,0,3.0,1858.0,9,10110,7,0,870.0,372.0,1486.0,1866,2008.0,0,48,492.0,5,IR1,0,120,58.0,27.363846269205577,50140.0,6.09,3.1,2008,11,Q4,TwnhsE,0
172414.608571812,1367,2,2.0,3,2.0,1367.0,7,12304,6,0,484.0,20.0,1347.0,1367,2005.0,0,33,144.0,5,IR3,0,120,135.0,27.363846269205577,50140.0,6.37,3.7,2008,6,Q2,TwnhsE,0
164400.75641556,1800,2,3.0,1,3.0,1800.0,9,8232,6,0,944.0,1204.0,596.0,1800,2008.0,210,0,714.0,5,IR1,0,120,89.0,27.363846269205577,50140.0,6.37,3.7,2008,6,Q2,TwnhsE,1
160480.424024781,1342,2,3.0,2,2.0,1342.0,8,6240,6,0,550.0,846.0,496.0,1342,2007.0,0,35,176.0,5,Reg,0,120,48.0,27.363846269205577,50140.0,6.37,3.7,2008,6,Q2,TwnhsE,1
156060.853810389,1342,2,2.0,2,2.0,1342.0,8,6240,6,0,550.0,24.0,1318.0,1342,2007.0,0,35,196.0,5,Reg,0,120,48.0,27.363846269205577,50140.0,5.88,3.1,2008,2,Q1,TwnhsE,1
157437.192820581,1626,2,2.5,5,2.0,764.0,7,2448,6,862,474.0,0.0,764.0,764,2003.0,0,27,106.0,5,Reg,0,160,36.0,27.363846269205577,50140.0,6.1,2.9,2008,10,Q4,Twnhs,1
158163.720929772,1455,2,3.0,5,3.0,1415.0,7,3940,6,0,644.0,1073.0,342.0,1455,2003.0,156,20,143.0,5,Reg,144,120,68.0,27.363846269205577,50140.0,6.494999999999999,3.6,2008,8,Q3,TwnhsE,0
154849.043268978,1576,2,3.0,4,3.0,1393.0,7,3940,7,0,668.0,1087.0,306.0,1576,2004.0,143,20,24.0,5,Reg,0,120,68.0,27.363846269205577,50140.0,6.05,3.0,2008,5,Q2,TwnhsE,0
152186.609341561,1246,2,2.0,1,2.0,1146.0,7,3710,5,0,428.0,0.0,1146.0,1246,2007.0,100,24,20.0,5,Reg,0,20,53.0,27.363846269205577,50140.0,5.95,3.0,2008,3,Q1,1Fam,1
180340.215399228,1515,3,2.5,4,2.0,789.0,6,9024,8,702,393.0,0.0,789.0,813,2004.0,0,75,0.0,5,IR1,0,60,80.0,27.363846269205577,50140.0,6.37,3.6,2008,7,Q3,1Fam,0
178344.62451356,1720,3,2.5,6,2.0,840.0,7,8010,7,880,400.0,0.0,840.0,840,2002.0,138,48,0.0,5,IR1,0,60,68.0,27.363846269205577,50140.0,6.37,3.6,2008,7,Q3,1Fam,1
190170.382266827,1986,4,2.5,5,2.0,847.0,7,8396,9,1139,434.0,0.0,847.0,847,2003.0,120,48,196.0,5,IR1,0,60,68.0,27.363846269205577,50140.0,6.05,3.0,2008,5,Q2,1Fam,0
168092.975480832,1358,2,3.0,1,2.0,1350.0,7,7301,6,0,484.0,876.0,474.0,1358,2008.0,192,26,176.0,6,IR1,0,120,55.0,27.363846269205577,50140.0,6.09,3.1,2008,11,Q4,TwnhsE,1
178757.912566805,1892,3,2.5,8,2.0,982.0,7,8220,8,884,431.0,544.0,438.0,1008,2000.0,108,0,647.0,5,IR1,0,60,71.0,27.363846269205577,50140.0,6.37,3.6,2008,7,Q3,1Fam,1
174518.256882082,1414,3,2.5,6,2.0,707.0,7,7750,6,707,403.0,0.0,707.0,707,2002.0,100,35,0.0,5,Reg,0,60,68.0,27.363846269205577,50140.0,5.88,2.7,2008,4,Q2,1Fam,0
198168.490116289,2322,4,2.5,9,2.0,1037.0,7,12460,8,1285,400.0,870.0,167.0,1037,1999.0,144,44,0.0,5,IR1,0,60,41.0,27.363846269205577,50140.0,6.05,3.0,2008,5,Q2,1Fam,1
176882.693978902,1651,3,2.5,9,2.0,831.0,7,8390,7,778,450.0,0.0,831.0,873,1999.0,0,103,0.0,5,IR1,0,60,77.0,27.363846269205577,50140.0,6.05,3.0,2008,5,Q2,1Fam,0
183801.672896251,2199,3,2.5,11,2.0,1173.0,8,9660,9,1017,516.0,0.0,1173.0,1182,1997.0,0,131,1290.0,5,Reg,0,75,84.0,27.363846269205577,50140.0,6.01,3.0,2008,9,Q3,1Fam,0
196400.046680661,2172,4,2.5,8,3.0,1519.0,9,11000,8,639,687.0,0.0,1519.0,1533,2000.0,162,153,295.0,5,Reg,0,60,68.0,27.363846269205577,50140.0,6.37,3.7,2008,6,Q2,1Fam,0
172281.605004025,2006,2,3.0,10,3.0,1982.0,8,11675,5,0,938.0,1660.0,322.0,2006,1998.0,144,33,495.0,5,IR1,0,20,136.0,27.363846269205577,50140.0,6.37,3.6,2008,7,Q3,1Fam,0
196380.366297173,2125,4,3.5,12,2.0,1064.0,7,10990,12,1061,576.0,851.0,213.0,1064,1996.0,168,0,0.0,5,IR1,0,60,97.0,27.363846269205577,50140.0,6.37,3.7,2008,6,Q2,1Fam,1
198228.354306682,2501,4,2.5,13,3.0,1242.0,8,11929,9,1250,751.0,0.0,1242.0,1251,1995.0,192,87,466.0,7,IR1,0,60,68.0,27.363846269205577,50140.0,6.37,3.7,2008,6,Q2,1Fam,0
195556.581268962,2197,4,3.5,15,3.0,1080.0,7,10010,9,1089,783.0,228.0,0.0,1108,1993.0,385,99,320.0,5,Reg,0,60,91.0,27.363846269205577,50140.0,6.37,3.6,2008,7,Q3,1Fam,1
186453.264469043,1578,3,3.0,2,3.0,1578.0,7,13253,7,0,642.0,1096.0,482.0,1578,2006.0,0,26,128.0,5,IR1,0,20,74.0,27.363846269205577,50140.0,6.05,3.0,2008,5,Q2,1Fam,0
181869.381196234,1861,3,3.0,1,3.0,1341.0,8,9801,7,520,851.0,0.0,1341.0,1341,2007.0,144,60,156.0,5,Reg,0,60,73.0,27.363846269205577,50140.0,6.37,3.6,2008,7,Q3,1Fam,0
175610.840124147,1874,3,3.5,1,3.0,955.0,8,9428,8,919,880.0,729.0,226.0,955,2007.0,168,108,310.0,5,Reg,0,60,80.0,27.363846269205577,50140.0,5.88,3.1,2008,2,Q1,1Fam,1
183438.730800145,1460,3,2.0,2,2.0,1460.0,8,10037,6,0,480.0,666.0,794.0,1460,2006.0,0,20,0.0,5,Reg,0,20,87.0,27.363846269205577,50140.0,6.494999999999999,3.6,2008,8,Q3,1Fam,1
179584.488673295,1372,3,2.0,1,2.0,1363.0,8,8640,6,0,588.0,24.0,1339.0,1372,2008.0,192,113,0.0,5,Reg,0,20,72.0,27.363846269205577,50140.0,6.37,3.6,2008,7,Q3,1Fam,1
182386.152242034,1660,3,2.0,1,3.0,1660.0,8,10625,7,0,660.0,0.0,1660.0,1660,2007.0,133,120,292.0,5,Reg,0,20,85.0,27.363846269205577,50140.0,6.37,3.7,2008,6,Q2,1Fam,0
160750.367237054,1218,2,3.0,1,2.0,1218.0,7,7500,6,0,462.0,902.0,316.0,1218,2008.0,168,168,210.0,5,Reg,0,20,62.0,27.363846269205577,50140.0,5.88,2.7,2008,4,Q2,1Fam,1
182477.505046008,1696,3,3.5,5,2.0,835.0,6,10110,7,861,542.0,80.0,200.0,835,2003.0,143,66,0.0,5,Reg,0,60,68.0,27.363846269205577,50140.0,6.37,3.6,2008,7,Q3,1Fam,0
187720.359207171,1663,3,2.5,5,2.0,835.0,7,12774,8,828,478.0,0.0,835.0,835,2003.0,168,68,95.0,5,Reg,0,60,67.0,27.363846269205577,50140.0,6.37,3.6,2008,7,Q3,1Fam,1
187201.942081511,1175,3,2.0,3,0.0,1175.0,6,13072,6,0,0.0,80.0,1095.0,1175,1979.0,0,90,126.0,5,Reg,0,20,63.0,27.363846269205577,50140.0,6.37,3.7,2008,6,Q2,1Fam,1
176385.102235149,1162,3,2.0,1,2.0,1162.0,7,9260,6,0,483.0,0.0,1162.0,1162,2007.0,0,32,0.0,5,Reg,0,20,81.0,27.363846269205577,50140.0,5.95,3.0,2008,3,Q1,1Fam,0
175901.787841278,1609,3,2.5,13,2.0,754.0,6,8453,6,855,525.0,362.0,392.0,754,1995.0,0,70,38.0,5,IR1,0,60,65.0,27.363846269205577,50140.0,5.88,2.7,2008,4,Q2,1Fam,0
182584.280198283,1680,3,3.0,15,2.0,886.0,6,8480,7,794,474.0,602.0,284.0,886,1993.0,144,96,120.0,5,IR1,0,60,50.0,27.363846269205577,50140.0,6.1,2.9,2008,10,Q4,1Fam,1
195664.686104237,1657,3,2.5,14,2.0,832.0,7,14565,6,825,483.0,537.0,295.0,832,1994.0,144,74,145.0,5,IR2,0,60,43.0,27.363846269205577,50140.0,6.09,3.1,2008,11,Q4,1Fam,1
181420.346494222,1677,3,3.5,7,2.0,827.0,6,8450,7,850,627.0,472.0,355.0,827,2001.0,0,68,0.0,5,Reg,0,60,65.0,27.363846269205577,50140.0,6.01,3.0,2008,9,Q3,1Fam,0
176676.04995228,1737,3,3.0,16,2.0,836.0,7,8285,7,893,506.0,397.0,439.0,844,1992.0,192,85,0.0,5,Reg,0,60,75.0,27.363846269205577,50140.0,6.05,3.0,2008,5,Q2,1Fam,0
181594.678867334,984,3,2.0,45,1.0,984.0,5,9100,5,0,384.0,53.0,132.0,984,1963.0,145,56,0.0,5,Reg,0,20,70.0,27.363846269205577,50140.0,6.494999999999999,3.6,2008,8,Q3,1Fam,0
178521.747964951,864,3,2.0,47,1.0,864.0,5,8100,5,0,420.0,764.0,100.0,864,1962.0,132,0,0.0,8,Reg,0,20,75.0,27.363846269205577,50140.0,6.37,3.6,2008,7,Q3,1Fam,1
175895.883726231,890,3,2.0,40,1.0,890.0,5,8450,5,0,308.0,890.0,0.0,890,1970.0,0,0,0.0,5,Reg,0,190,65.0,27.363846269205577,50140.0,5.88,2.7,2008,4,Q2,2fmCon,0
168468.005916477,864,3,1.0,45,1.0,864.0,5,6360,5,0,276.0,489.0,375.0,864,1963.0,0,0,0.0,5,Reg,0,20,60.0,27.363846269205577,50140.0,5.69,3.3,2008,1,Q1,1Fam,0
200973.129447888,1430,3,2.5,34,2.0,1430.0,6,19508,6,0,484.0,800.0,630.0,1430,1974.0,117,108,144.0,5,Reg,0,20,95.0,27.363846269205577,50140.0,6.37,3.6,2008,7,Q3,1Fam,0
197030.641992202,1641,4,2.0,36,2.0,1001.0,5,10759,5,640,490.0,190.0,0.0,1001,1972.0,0,0,0.0,4,Reg,0,50,70.0,27.363846269205577,50140.0,6.37,3.6,2008,7,Q3,1Fam,0
192867.417844592,2683,4,3.5,18,2.0,930.0,6,9205,9,1319,473.0,704.0,226.0,1364,1990.0,237,251,304.0,5,IR1,196,60,68.0,27.363846269205577,50140.0,6.37,3.7,2008,6,Q2,1Fam,1
196449.247639381,2786,4,3.5,15,2.0,1848.0,9,11025,10,959,636.0,520.0,1328.0,1827,1993.0,294,49,568.0,5,Reg,0,60,105.0,27.363846269205577,50140.0,6.37,3.7,2008,6,Q2,1Fam,1
141684.196398607,1245,1,2.0,4,2.0,1235.0,7,3435,5,0,495.0,24.0,1211.0,1245,2004.0,0,100,0.0,5,IR1,0,120,37.0,27.363846269205577,50140.0,6.37,3.7,2008,6,Q2,TwnhsE,1
153353.334123901,1200,2,3.5,3,2.0,600.0,6,3180,5,600,480.0,390.0,210.0,600,2005.0,0,166,0.0,5,Reg,0,160,30.0,27.363846269205577,50140.0,6.05,3.0,2008,5,Q2,TwnhsE,0
151143.549016705,1392,2,2.0,1,2.0,689.0,7,3180,5,689,540.0,0.0,689.0,703,2007.0,0,102,0.0,5,Reg,0,160,30.0,27.363846269205577,50140.0,5.95,3.0,2008,3,Q1,TwnhsE,0
163753.087114229,1549,3,3.5,9,2.0,744.0,6,2280,6,792,440.0,550.0,194.0,757,1999.0,0,32,216.0,5,Reg,0,160,24.0,27.363846269205577,50140.0,5.88,2.7,2008,4,Q2,Twnhs,0
158682.460013921,1638,2,3.0,8,2.0,1614.0,9,4765,5,0,495.0,1027.0,587.0,1638,2000.0,230,68,260.0,5,IR1,0,120,68.0,27.363846269205577,50140.0,6.37,3.6,2008,7,Q3,TwnhsE,0
144959.835250915,1310,1,2.5,7,2.0,1310.0,9,4538,5,0,545.0,1004.0,306.0,1310,2001.0,277,45,179.0,5,IR1,0,120,68.0,27.363846269205577,50140.0,6.37,3.6,2008,7,Q3,TwnhsE,0
160144.390548579,1419,2,2.5,7,2.0,1419.0,9,4385,5,0,588.0,964.0,455.0,1419,2001.0,155,58,0.0,5,IR1,0,120,42.0,27.363846269205577,50140.0,6.01,3.0,2008,9,Q3,TwnhsE,0
156286.534303521,1557,2,3.0,9,2.0,1557.0,9,4109,5,0,484.0,1141.0,416.0,1557,1999.0,124,113,260.0,5,IR1,0,120,35.0,27.363846269205577,50140.0,6.37,3.7,2008,6,Q2,TwnhsE,1
165726.707619571,1404,3,3.5,9,2.0,672.0,7,2160,5,720,462.0,600.0,72.0,684,1999.0,20,0,216.0,5,Reg,0,160,24.0,27.363846269205577,50140.0,6.37,3.7,2008,6,Q2,Twnhs,1
182427.481047359,1789,3,3.5,7,2.0,858.0,7,10646,7,917,546.0,681.0,177.0,872,2001.0,0,0,513.0,5,IR1,0,60,79.0,27.363846269205577,50140.0,6.37,3.7,2008,6,Q2,1Fam,0
173310.56154032,1586,3,3.5,9,2.0,960.0,8,2645,7,624,480.0,612.0,348.0,962,1999.0,169,0,466.0,5,Reg,0,160,24.0,27.363846269205577,50140.0,5.19,3.8,2008,12,Q4,Twnhs,0
173310.56154032,1607,3,3.5,9,2.0,960.0,8,2645,7,645,480.0,813.0,147.0,962,2000.0,169,0,456.0,5,Reg,0,160,24.0,27.363846269205577,50140.0,5.19,3.8,2008,12,Q4,Twnhs,1
151556.01403002,2393,2,3.5,10,2.0,970.0,10,3951,7,924,846.0,128.0,0.0,1469,1998.0,0,90,0.0,5,IR1,94,160,36.0,27.363846269205577,50140.0,5.88,3.1,2008,2,Q1,TwnhsE,1
158908.146068683,1239,1,2.5,13,2.0,1230.0,8,11064,4,0,477.0,560.0,0.0,1239,1995.0,172,24,0.0,5,IR2,0,120,22.0,27.363846269205577,50140.0,6.494999999999999,3.6,2008,8,Q3,TwnhsE,0
209834.383092536,2944,3,3.0,31,3.0,994.0,9,24572,9,1345,864.0,410.0,584.0,1599,1977.0,140,70,1050.0,3,IR1,0,60,68.0,27.363846269205577,50140.0,6.37,3.7,2008,6,Q2,1Fam,0
192410.516550815,1671,3,4.0,32,2.0,1426.0,8,16280,6,0,550.0,1044.0,0.0,1671,1976.0,280,90,0.0,9,Reg,0,20,103.0,27.363846269205577,50140.0,6.05,3.0,2008,5,Q2,1Fam,1
174026.247294886,1812,3,2.5,6,2.0,952.0,7,7500,7,860,469.0,0.0,952.0,952,2002.0,144,112,0.0,5,Reg,0,60,68.0,27.363846269205577,50140.0,5.88,2.7,2008,4,Q2,1Fam,0
195499.830115336,1427,4,2.5,39,2.0,1427.0,6,11104,7,0,516.0,828.0,599.0,1427,1969.0,0,0,0.0,6,IR1,216,80,68.0,27.363846269205577,50140.0,6.05,3.0,2008,5,Q2,1Fam,0
200918.018812493,1740,4,1.5,40,2.0,1740.0,6,11050,8,0,512.0,301.0,1439.0,1740,1968.0,25,0,0.0,5,Reg,192,20,85.0,27.363846269205577,50140.0,6.1,2.9,2008,10,Q4,1Fam,0
207243.616023976,1620,4,2.0,41,2.0,1620.0,7,15387,8,0,578.0,603.0,723.0,1620,1967.0,0,62,0.0,7,IR1,0,20,68.0,27.363846269205577,50140.0,6.494999999999999,3.6,2008,8,Q3,1Fam,0
196149.783851876,1625,4,2.0,43,2.0,1625.0,5,9750,8,0,484.0,0.0,1625.0,1625,1965.0,0,0,0.0,6,Reg,0,90,75.0,27.363846269205577,50140.0,6.494999999999999,3.6,2008,8,Q3,Duplex,0
192097.914850217,1464,4,1.5,40,2.0,732.0,5,8814,7,732,470.0,732.0,0.0,732,1968.0,0,40,0.0,6,Reg,0,60,73.0,27.363846269205577,50140.0,6.37,3.7,2008,6,Q2,1Fam,0
178570.948923671,925,3,2.0,43,2.0,912.0,5,8125,5,0,576.0,260.0,196.0,925,1978.0,233,0,0.0,7,Reg,0,20,65.0,27.363846269205577,50140.0,6.37,3.6,2008,7,Q3,1Fam,1
228617.968325428,1728,6,2.0,43,2.0,1728.0,5,11072,10,0,576.0,0.0,1728.0,1728,1987.0,0,0,0.0,5,IR1,0,90,72.0,27.363846269205577,50140.0,6.09,3.1,2008,11,Q4,Duplex,0
199929.884438451,1670,4,1.5,37,2.0,825.0,7,13355,7,825,464.0,583.0,242.0,845,1971.0,0,0,0.0,6,IR1,0,60,68.0,27.363846269205577,50140.0,6.05,3.0,2008,5,Q2,1Fam,0
160206.365612859,1014,2,1.0,52,1.0,0.0,5,7785,6,0,267.0,0.0,0.0,1014,1956.0,0,0,0.0,5,IR1,200,20,74.0,27.363846269205577,50140.0,5.95,3.0,2008,3,Q1,1Fam,0
179854.431885567,1114,3,2.0,47,2.0,1114.0,5,9900,5,0,451.0,0.0,1114.0,1114,1961.0,0,0,0.0,5,Reg,164,20,90.0,27.363846269205577,50140.0,6.05,3.0,2008,5,Q2,1Fam,0
185987.340461822,1118,3,2.0,48,1.0,1118.0,5,11332,6,0,264.0,528.0,590.0,1118,1960.0,290,0,0.0,7,IR1,0,20,68.0,27.363846269205577,50140.0,6.494999999999999,3.6,2008,8,Q3,1Fam,1
161122.505607926,906,2,1.0,71,1.0,348.0,4,4882,5,453,231.0,120.0,228.0,453,1937.0,0,0,0.0,7,IR1,0,70,50.0,27.363846269205577,50140.0,6.01,3.0,2008,9,Q3,1Fam,1
175949.342720138,1496,3,2.0,48,2.0,1296.0,5,9600,6,0,450.0,658.0,638.0,1496,1960.0,0,22,203.0,6,Reg,0,20,80.0,27.363846269205577,50140.0,5.88,3.1,2008,2,Q1,1Fam,0
183683.590595324,1337,3,2.0,58,1.0,572.0,5,9600,7,0,264.0,32.0,232.0,1337,1950.0,0,192,0.0,8,Reg,0,20,80.0,27.363846269205577,50140.0,6.01,3.0,2008,9,Q3,1Fam,1
176401.34762338,1036,3,1.0,55,1.0,1036.0,5,7584,5,0,312.0,531.0,505.0,1036,1953.0,120,24,88.0,5,Reg,0,20,63.0,27.363846269205577,50140.0,6.37,3.7,2008,6,Q2,1Fam,0
205832.532527897,1988,4,2.5,42,2.0,1104.0,6,14670,9,884,480.0,575.0,529.0,1104,1966.0,0,230,410.0,7,Reg,0,60,90.0,27.363846269205577,50140.0,6.494999999999999,3.6,2008,8,Q3,1Fam,1
177799.799849436,1176,3,2.0,51,1.0,1176.0,5,8856,6,0,292.0,621.0,503.0,1176,1957.0,0,88,143.0,4,Reg,95,20,74.0,27.363846269205577,50140.0,6.05,3.0,2008,5,Q2,1Fam,0
167565.362080406,1440,2,3.0,49,1.0,1248.0,5,9840,7,0,480.0,1053.0,195.0,1440,1959.0,150,0,0.0,7,Reg,256,20,82.0,27.363846269205577,50140.0,6.37,3.7,2008,6,Q2,1Fam,1
186348.958436557,1570,3,2.0,50,2.0,1395.0,6,13200,5,0,441.0,958.0,437.0,1570,1958.0,490,0,187.0,6,IR1,0,20,90.0,27.363846269205577,50140.0,6.05,3.0,2008,5,Q2,1Fam,0
179782.759465081,1104,3,2.0,52,1.0,1104.0,5,10425,5,0,384.0,774.0,330.0,1104,1956.0,0,0,0.0,5,Reg,0,20,75.0,27.363846269205577,50140.0,5.88,2.7,2008,4,Q2,1Fam,1
169837.623333323,882,2,2.0,56,1.0,720.0,5,11556,4,0,240.0,148.0,572.0,882,1952.0,0,0,52.0,6,Reg,0,20,60.0,27.363846269205577,50140.0,6.05,3.0,2008,5,Q2,1Fam,0
178817.275675758,1152,3,1.5,55,2.0,1152.0,5,9373,6,0,636.0,500.0,456.0,1152,1971.0,0,0,84.0,6,IR1,0,20,102.0,27.363846269205577,50140.0,6.05,3.0,2008,5,Q2,1Fam,0
174444.479149339,950,2,1.0,55,2.0,984.0,5,12774,5,0,400.0,624.0,232.0,950,1953.0,0,32,0.0,5,Reg,0,20,68.0,27.363846269205577,50140.0,6.37,3.6,2008,7,Q3,1Fam,0
192834.968917174,1790,3,2.0,51,2.0,998.0,6,14250,6,0,540.0,0.0,998.0,1790,1957.0,0,40,360.0,5,Reg,0,20,95.0,27.363846269205577,50140.0,6.01,3.0,2008,9,Q3,1Fam,0
196564.717984981,1764,4,2.5,51,1.0,0.0,5,8838,7,0,301.0,0.0,0.0,1764,1957.0,0,72,0.0,3,Reg,0,20,71.0,27.363846269205577,50140.0,6.1,2.9,2008,10,Q4,1Fam,1
206977.567039357,1824,5,2.0,51,2.0,1824.0,5,12436,9,0,484.0,0.0,1824.0,1824,1958.0,0,0,0.0,5,Reg,0,90,76.0,27.363846269205577,50140.0,5.69,3.3,2008,1,Q1,Duplex,0
157054.253944128,869,1,1.0,60,1.0,0.0,4,10122,3,0,390.0,0.0,0.0,869,1948.0,0,0,0.0,6,Reg,0,20,60.0,27.363846269205577,50140.0,6.494999999999999,3.6,2008,8,Q3,1Fam,1
175142.948078577,1159,3,1.0,83,1.0,747.0,5,7506,5,412,288.0,0.0,747.0,747,1932.0,84,0,0.0,8,Reg,0,50,45.0,27.363846269205577,50140.0,6.05,3.0,2008,5,Q2,1Fam,1
159932.1643654,672,2,1.0,68,1.0,672.0,4,5400,4,0,308.0,0.0,672.0,672,1997.0,88,108,0.0,7,Reg,0,30,60.0,27.363846269205577,50140.0,6.37,3.6,2008,7,Q3,1Fam,1
182801.408333628,1436,3,1.5,86,4.0,892.0,5,10836,7,182,1488.0,0.0,892.0,1254,1968.0,0,0,0.0,5,Reg,0,50,60.0,27.363846269205577,50140.0,6.37,3.7,2008,6,Q2,1Fam,1
181510.375176825,1044,3,2.0,40,2.0,912.0,5,10180,5,0,372.0,744.0,168.0,1044,1990.0,200,48,0.0,6,IR1,0,20,78.0,27.363846269205577,50140.0,6.37,3.7,2008,6,Q2,1Fam,0
181613.035129451,1312,3,1.5,50,2.0,1312.0,7,11355,6,0,495.0,637.0,675.0,1312,1958.0,0,304,125.0,7,IR1,0,20,76.0,27.363846269205577,50140.0,5.88,2.7,2008,4,Q2,1Fam,1
186920.512597635,1081,3,2.0,48,1.0,1081.0,6,12929,5,0,401.0,697.0,384.0,1081,1960.0,36,82,276.0,6,IR1,0,20,68.0,27.363846269205577,50140.0,6.37,3.7,2008,6,Q2,1Fam,1
157950.170625222,876,2,1.0,57,2.0,876.0,5,7200,5,0,576.0,432.0,444.0,876,1972.0,0,0,0.0,7,Reg,0,20,60.0,27.363846269205577,50140.0,5.88,3.1,2008,2,Q1,1Fam,0
176115.159022876,1256,3,2.5,49,1.0,1256.0,5,8000,6,0,311.0,476.0,292.0,1256,1959.0,0,240,0.0,6,Reg,0,20,80.0,27.363846269205577,50140.0,6.05,3.0,2008,5,Q2,1Fam,0
182744.514344465,1027,3,1.5,46,1.0,1027.0,5,8000,6,0,299.0,520.0,188.0,1027,1962.0,0,0,0.0,5,Reg,0,20,80.0,27.363846269205577,50140.0,6.09,3.1,2008,11,Q4,1Fam,0
180660.683691591,1320,3,2.0,60,2.0,768.0,6,8064,5,501,576.0,315.0,453.0,819,1994.0,108,0,0.0,6,Reg,0,50,60.0,27.363846269205577,50140.0,6.01,3.0,2008,9,Q3,1Fam,1
160775.629777099,984,2,2.0,54,1.0,936.0,6,6390,4,0,280.0,0.0,936.0,984,1954.0,0,0,0.0,7,Reg,0,45,64.0,27.363846269205577,50140.0,6.37,3.7,2008,6,Q2,1Fam,0
186711.715848082,1278,4,1.0,54,1.0,854.0,6,7200,6,424,240.0,673.0,181.0,854,1954.0,0,0,0.0,5,Reg,0,50,60.0,27.363846269205577,50140.0,5.88,2.7,2008,4,Q2,1Fam,0
223581.758190888,1800,6,2.0,47,0.0,1800.0,5,8513,10,0,0.0,0.0,1800.0,1800,1979.0,0,0,0.0,5,Reg,0,90,113.0,27.363846269205577,50140.0,6.09,3.1,2008,11,Q4,Duplex,0
172330.943236652,1588,3,1.5,53,2.0,768.0,5,7200,6,564,480.0,370.0,398.0,1024,1955.0,0,0,0.0,6,Reg,0,50,60.0,27.363846269205577,50140.0,5.95,3.0,2008,3,Q1,1Fam,1
163474.633393212,825,2,1.5,54,1.0,825.0,5,7200,4,0,350.0,0.0,825.0,825,1954.0,0,0,0.0,7,Reg,0,20,60.0,27.363846269205577,50140.0,6.37,3.6,2008,7,Q3,1Fam,0
175308.263299874,1117,3,1.0,45,1.0,1117.0,5,7590,6,0,264.0,0.0,1117.0,1117,1963.0,0,0,0.0,5,Reg,0,20,69.0,27.363846269205577,50140.0,6.05,3.0,2008,5,Q2,1Fam,0
187462.725306432,1133,3,2.0,0,1.0,192.0,6,9836,7,0,308.0,96.0,96.0,1133,2008.0,0,175,0.0,5,Reg,0,20,56.0,27.363846269205577,50140.0,5.19,3.8,2008,12,Q4,1Fam,0
180655.101535034,1323,3,1.0,60,2.0,780.0,5,9184,6,375,400.0,0.0,780.0,948,1948.0,0,0,0.0,7,Reg,0,50,57.0,27.363846269205577,50140.0,6.37,3.6,2008,7,Q3,1Fam,1
152121.98603454,1360,2,1.0,98,1.0,680.0,5,4800,6,680,330.0,0.0,680.0,680,1910.0,192,50,0.0,5,Reg,0,70,80.0,27.363846269205577,50140.0,5.69,3.3,2008,1,Q1,1Fam,1
159856.233909727,672,2,1.0,68,1.0,672.0,5,4800,4,0,256.0,0.0,672.0,672,1950.0,0,0,0.0,4,Reg,0,30,60.0,27.363846269205577,50140.0,6.494999999999999,3.6,2008,8,Q3,1Fam,1
186559.854936737,1456,4,1.5,93,1.0,728.0,6,6000,7,728,308.0,0.0,728.0,728,1915.0,0,0,0.0,7,Reg,0,75,60.0,27.363846269205577,50140.0,6.37,3.7,2008,6,Q2,1Fam,1
183962.550959411,1594,3,2.0,98,0.0,828.0,4,11426,9,658,0.0,0.0,828.0,828,1979.0,0,172,0.0,6,Reg,0,190,63.0,27.363846269205577,50140.0,6.37,3.7,2008,6,Q2,2fmCon,1
162107.168699296,1656,2,2.0,68,2.0,801.0,4,7628,8,561,440.0,0.0,801.0,1095,1958.0,187,0,0.0,6,Reg,0,50,63.0,27.363846269205577,50140.0,6.05,3.0,2008,5,Q2,1Fam,1
162582.288981283,1740,2,1.0,88,1.0,936.0,5,7308,6,780,225.0,360.0,576.0,960,1920.0,0,0,0.0,5,Reg,0,50,81.0,27.363846269205577,50140.0,6.37,3.7,2008,6,Q2,1Fam,1
154407.701597409,1027,2,1.5,88,0.0,931.0,7,5400,5,0,0.0,0.0,931.0,1027,1979.0,0,28,0.0,6,Reg,0,30,60.0,27.363846269205577,50140.0,5.88,3.1,2008,2,Q1,1Fam,1
181625.666399474,1436,3,2.0,68,2.0,884.0,6,10800,8,552,828.0,590.0,294.0,884,1940.0,0,0,0.0,6,Reg,0,190,60.0,27.363846269205577,50140.0,6.05,3.0,2008,5,Q2,2fmCon,1
164810.609473548,899,2,1.0,98,1.0,481.0,5,6756,5,0,200.0,0.0,481.0,899,1930.0,0,0,0.0,6,Reg,0,30,60.0,27.363846269205577,50140.0,6.01,3.0,2008,9,Q3,1Fam,1
176429.401241704,1080,3,1.0,118,0.0,684.0,5,5914,5,396,0.0,0.0,684.0,684,1979.0,0,165,0.0,9,Reg,0,50,44.0,27.363846269205577,50140.0,6.01,3.0,2008,9,Q3,1Fam,1
179188.089925259,1499,3,1.0,62,3.0,904.0,5,9000,5,595,869.0,445.0,459.0,904,1959.0,0,20,0.0,6,Reg,0,50,75.0,27.363846269205577,50140.0,6.37,3.7,2008,6,Q2,1Fam,1
145997.635377703,407,1,1.0,62,1.0,407.0,2,7311,3,0,297.0,0.0,407.0,407,1949.0,76,0,0.0,5,Reg,0,20,62.0,27.363846269205577,50140.0,5.95,3.0,2008,3,Q1,1Fam,1
218676.768270367,1588,5,2.0,59,0.0,448.0,3,12205,6,0,0.0,0.0,448.0,1588,1979.0,0,0,0.0,1,Reg,0,20,103.0,27.363846269205577,50140.0,5.19,3.8,2008,12,Q4,1Fam,1
188323.861214226,1627,4,2.0,108,2.0,797.0,5,9142,10,797,420.0,0.0,797.0,830,1950.0,192,0,0.0,5,Reg,0,190,69.0,27.363846269205577,50140.0,5.88,3.1,2008,2,Q1,2fmCon,1
168690.0722914,1450,3,1.0,88,1.0,624.0,7,5350,7,720,288.0,116.0,508.0,730,1935.0,0,192,0.0,8,Reg,0,75,53.0,27.363846269205577,50140.0,5.95,3.0,2008,3,Q1,1Fam,1
165088.746797705,1017,2,1.0,108,1.0,346.0,5,9143,5,308,308.0,0.0,346.0,709,1961.0,0,0,0.0,7,Reg,0,50,69.0,27.363846269205577,50140.0,6.05,3.0,2008,5,Q2,1Fam,1
191435.007885166,2350,4,2.0,88,2.0,973.0,5,9600,10,973,393.0,234.0,739.0,1377,1930.0,0,0,0.0,5,Reg,0,190,60.0,27.363846269205577,50140.0,5.88,2.7,2008,4,Q2,2fmCon,1
168864.404664512,1540,3,1.5,103,0.0,572.0,5,6000,7,656,0.0,0.0,572.0,884,1979.0,240,77,0.0,9,Reg,0,70,60.0,27.363846269205577,50140.0,5.88,3.1,2008,2,Q1,1Fam,1
176041.882371574,1086,2,1.0,88,2.0,723.0,2,11340,5,363,400.0,0.0,723.0,723,1920.0,0,24,0.0,1,Reg,0,70,60.0,27.363846269205577,50140.0,6.09,3.1,2008,11,Q4,1Fam,1
215911.674390325,2495,5,2.0,118,2.0,1313.0,7,10800,10,1182,342.0,0.0,1313.0,1313,1950.0,0,299,0.0,7,Reg,0,70,60.0,27.363846269205577,50140.0,5.19,3.8,2008,12,Q4,1Fam,1
167388.238629016,984,2,2.0,49,1.0,984.0,5,9750,5,0,308.0,200.0,784.0,984,1959.0,0,0,164.0,6,Reg,0,20,65.0,27.363846269205577,50140.0,6.37,3.7,2008,6,Q2,1Fam,0
163854.786753017,1093,2,1.0,50,1.0,869.0,4,8516,5,0,308.0,0.0,869.0,1093,1959.0,0,0,0.0,6,Reg,0,20,52.0,27.363846269205577,50140.0,6.05,3.0,2008,5,Q2,1Fam,1
163299.477980171,1143,2,1.0,80,1.0,1008.0,5,7111,5,0,288.0,406.0,329.0,1143,1992.0,265,0,0.0,7,IR1,0,30,55.0,27.363846269205577,50140.0,6.37,3.6,2008,7,Q3,1Fam,1
178298.214633119,1668,3,1.5,63,1.0,672.0,7,7425,8,473,252.0,0.0,672.0,1195,1945.0,210,0,0.0,7,IR1,0,50,68.0,27.363846269205577,50140.0,6.494999999999999,3.6,2008,8,Q3,1Fam,1
176376.586164775,1738,3,2.0,73,1.0,1024.0,5,7010,6,594,240.0,175.0,849.0,1144,1950.0,0,30,0.0,5,Reg,0,50,68.0,27.363846269205577,50140.0,6.37,3.6,2008,7,Q3,1Fam,1
170211.043976522,1210,3,1.0,67,1.0,672.0,5,5000,6,378,240.0,600.0,72.0,832,1941.0,0,0,0.0,7,Reg,0,50,50.0,27.363846269205577,50140.0,6.05,3.0,2008,5,Q2,1Fam,1
170818.344786366,1290,3,1.5,108,1.0,554.0,6,5870,6,554,200.0,0.0,554.0,736,1926.0,38,112,0.0,9,Reg,0,70,59.0,27.363846269205577,50140.0,5.88,2.7,2008,4,Q2,1Fam,1
174388.867432503,1672,3,1.5,68,1.0,981.0,6,6000,6,658,240.0,521.0,460.0,1014,1940.0,0,11,0.0,7,Reg,0,50,50.0,27.363846269205577,50140.0,6.37,3.6,2008,7,Q3,1Fam,1
161112.987374671,949,2,1.0,84,2.0,949.0,5,6000,5,0,370.0,0.0,949.0,949,1924.0,0,0,0.0,7,Reg,0,30,50.0,27.363846269205577,50140.0,6.37,3.6,2008,7,Q3,1Fam,1
172179.082325307,1497,3,2.0,71,1.0,825.0,6,6000,5,672,672.0,201.0,462.0,825,2004.0,272,0,0.0,7,Reg,0,50,50.0,27.363846269205577,50140.0,6.05,3.0,2008,5,Q2,1Fam,1
157798.309713876,1342,2,2.0,69,1.0,739.0,6,6000,7,468,240.0,264.0,475.0,874,1939.0,0,0,0.0,5,Reg,0,50,50.0,27.363846269205577,50140.0,5.88,2.7,2008,4,Q2,1Fam,1
169106.151422924,1013,3,1.0,82,1.0,992.0,6,5000,6,0,160.0,0.0,992.0,1013,1926.0,0,0,0.0,7,Reg,0,45,50.0,27.363846269205577,50140.0,5.88,2.7,2008,4,Q2,1Fam,1
170129.531364292,1216,3,2.0,88,1.0,565.0,5,5520,6,651,355.0,68.0,497.0,565,1920.0,0,0,0.0,7,IR1,0,50,60.0,27.363846269205577,50140.0,5.88,2.7,2008,4,Q2,1Fam,1
157680.227412949,896,2,1.0,62,1.0,989.5,4,5940,4,0,280.0,368.5,467.0,896,1946.0,0,0,0.0,7,IR1,0,20,99.0,27.363846269205577,50140.0,5.88,2.7,2008,4,Q2,1Fam,1
162690.209131977,1136,2,1.5,79,1.0,704.0,4,6240,6,512,336.0,80.0,624.0,624,1990.0,0,365,0.0,7,Reg,0,50,52.0,27.363846269205577,50140.0,6.494999999999999,3.6,2008,8,Q3,1Fam,1
146968.379365095,808,1,1.0,63,1.0,0.0,5,6120,6,0,164.0,0.0,0.0,808,1925.0,0,48,0.0,6,Reg,0,30,68.0,27.363846269205577,50140.0,6.37,3.7,2008,6,Q2,1Fam,1
181507.721372455,2009,4,2.0,69,2.0,989.0,7,6240,7,764,400.0,300.0,449.0,1245,1939.0,0,20,0.0,5,Reg,0,50,52.0,27.363846269205577,50140.0,5.69,3.3,2008,1,Q1,1Fam,1
191215.589752983,1902,4,2.0,85,2.0,1100.0,5,6120,7,676,576.0,203.0,897.0,1226,1960.0,0,139,0.0,5,Reg,0,70,51.0,27.363846269205577,50140.0,6.1,2.9,2008,10,Q4,1Fam,1
189432.689844522,1716,4,2.0,93,2.0,810.0,6,9144,8,546,672.0,0.0,810.0,1170,1970.0,0,195,0.0,4,Reg,0,50,60.0,27.363846269205577,50140.0,5.95,3.0,2008,3,Q1,1Fam,1
207271.484957719,1984,5,2.0,98,1.0,1242.0,6,8094,8,742,360.0,196.0,1046.0,1242,1979.0,64,0,0.0,8,Reg,0,60,57.0,27.363846269205577,50140.0,6.01,3.0,2008,9,Q3,2fmCon,1
170030.807488363,1609,3,1.0,98,1.0,796.0,6,4347,7,784,228.0,0.0,796.0,825,1910.0,0,182,0.0,8,Reg,0,50,63.0,27.363846269205577,50140.0,6.37,3.7,2008,6,Q2,1Fam,1
148409.806476335,768,1,1.0,78,2.0,768.0,6,6291,4,0,440.0,0.0,768.0,768,1930.0,0,0,0.0,6,IR1,0,30,68.0,27.363846269205577,50140.0,6.37,3.6,2008,7,Q3,1Fam,1
193850.613979055,1536,4,1.5,56,1.0,768.0,6,10266,7,768,308.0,372.0,396.0,768,1952.0,0,216,0.0,6,Reg,0,70,60.0,27.363846269205577,50140.0,6.05,3.0,2008,5,Q2,1Fam,0
193808.319298263,1969,4,2.0,70,2.0,1272.0,6,6876,9,0,400.0,0.0,1272.0,1272,1938.0,0,34,0.0,6,Reg,0,50,60.0,27.363846269205577,50140.0,6.09,3.1,2008,11,Q4,1Fam,1
166300.235380627,1308,2,2.0,93,2.0,880.0,5,10320,6,428,400.0,0.0,880.0,880,1950.0,0,0,0.0,6,Reg,0,50,68.0,27.363846269205577,50140.0,5.88,2.7,2008,4,Q2,1Fam,1
163474.633393212,1040,2,1.0,83,2.0,1040.0,6,7200,5,0,320.0,0.0,1040.0,1040,1993.0,0,132,0.0,7,Reg,0,30,60.0,27.363846269205577,50140.0,6.37,3.6,2008,7,Q3,1Fam,1
177473.606564978,1236,3,3.0,83,1.0,768.0,6,7006,6,448,384.0,121.0,647.0,788,1985.0,0,0,0.0,6,Reg,0,50,62.0,27.363846269205577,50140.0,6.494999999999999,3.6,2008,8,Q3,1Fam,1
157443.925537187,759,1,1.0,96,2.0,451.0,5,10320,5,0,576.0,0.0,451.0,759,1997.0,40,0,0.0,8,Reg,0,30,60.0,27.363846269205577,50140.0,6.494999999999999,3.6,2008,8,Q3,1Fam,1
180681.007992057,1344,3,2.0,93,0.0,536.0,3,10320,8,536,0.0,0.0,536.0,808,1979.0,42,0,0.0,3,Reg,0,190,60.0,27.363846269205577,50140.0,6.05,3.0,2008,5,Q2,2fmCon,1
183463.17030026,1054,3,1.0,61,1.0,1046.0,5,9488,6,0,240.0,0.0,1046.0,1054,1947.0,0,60,0.0,6,Reg,0,20,82.0,27.363846269205577,50140.0,6.01,3.0,2008,9,Q3,1Fam,1
182481.763081195,1075,3,2.0,45,2.0,981.0,5,11235,6,0,440.0,784.0,197.0,1075,1996.0,64,0,0.0,6,Reg,64,85,68.0,27.363846269205577,50140.0,6.05,3.0,2008,5,Q2,1Fam,0
193717.15117887,1096,3,2.0,30,2.0,1008.0,6,13014,6,0,484.0,528.0,480.0,1096,1978.0,168,0,39.0,5,Reg,0,80,80.0,27.363846269205577,50140.0,5.19,3.8,2008,12,Q4,1Fam,0
182782.55099007,992,3,2.0,41,1.0,992.0,5,10265,6,0,294.0,758.0,234.0,992,1967.0,204,0,0.0,7,IR1,0,20,68.0,27.363846269205577,50140.0,6.37,3.6,2008,7,Q3,1Fam,1
175530.651633287,1034,3,1.5,30,2.0,450.0,6,7703,6,0,504.0,450.0,0.0,1034,1978.0,311,0,40.0,8,IR1,0,85,68.0,27.363846269205577,50140.0,6.05,3.0,2008,5,Q2,1Fam,0
177804.057884623,1073,3,1.0,41,1.0,1073.0,5,9981,6,0,270.0,221.0,852.0,1073,1967.0,0,90,340.0,5,IR1,0,20,68.0,27.363846269205577,50140.0,5.95,3.0,2008,3,Q1,1Fam,0
159448.670848577,1126,2,2.0,24,2.0,1060.0,5,7400,5,0,506.0,104.0,0.0,1126,1984.0,178,0,0.0,5,IR1,0,85,68.0,27.363846269205577,50140.0,5.95,3.0,2008,3,Q1,1Fam,0
181338.976717529,1140,3,2.0,88,2.0,1300.0,5,12900,6,0,400.0,1300.0,0.0,1140,1920.0,0,0,0.0,4,Reg,0,190,60.0,27.363846269205577,50140.0,5.69,3.3,2008,1,Q1,2fmCon,1
178553.558537021,960,3,2.0,45,1.0,960.0,5,9239,6,0,300.0,634.0,326.0,960,1963.0,168,0,0.0,8,Reg,0,20,94.0,27.363846269205577,50140.0,6.05,3.0,2008,5,Q2,1Fam,1
162820.928264556,1188,1,2.0,52,2.0,988.0,6,14175,4,0,621.0,776.0,212.0,1188,1956.0,102,89,0.0,8,Reg,0,20,88.0,27.363846269205577,50140.0,6.37,3.7,2008,6,Q2,1Fam,0
188832.479997186,1721,3,3.0,48,2.0,988.0,5,10532,7,0,626.0,988.0,0.0,1721,1960.0,50,84,275.0,3,Reg,0,190,68.0,27.363846269205577,50140.0,5.19,3.8,2008,12,Q4,1Fam,0
164682.185899437,1350,2,2.5,67,3.0,576.0,5,8375,6,486,627.0,336.0,240.0,864,1973.0,0,0,0.0,7,Reg,0,50,63.0,27.363846269205577,50140.0,6.37,3.7,2008,6,Q2,1Fam,1
181549.735943801,904,3,1.0,38,3.0,864.0,5,10200,5,0,912.0,704.0,160.0,904,1979.0,143,0,0.0,8,Reg,0,80,68.0,27.363846269205577,50140.0,6.37,3.7,2008,6,Q2,1Fam,0
199158.097008868,1524,3,3.0,29,2.0,1524.0,7,20270,7,0,478.0,599.0,925.0,1524,1979.0,140,0,0.0,6,IR1,0,20,82.0,27.363846269205577,50140.0,5.88,2.7,2008,4,Q2,1Fam,0
152889.520990566,1079,2,1.0,60,1.0,570.0,7,5190,5,462,249.0,0.0,570.0,617,1948.0,135,0,0.0,5,Reg,0,50,50.0,27.363846269205577,50140.0,5.69,3.3,2008,1,Q1,1Fam,1
181150.551679116,1518,2,2.0,68,0.0,1580.0,5,19550,5,0,0.0,1035.0,545.0,1518,1979.0,0,39,0.0,7,Reg,0,30,85.0,27.363846269205577,50140.0,5.69,3.3,2008,1,Q1,1Fam,1
181416.732376013,1509,3,2.0,52,1.0,1509.0,5,9571,6,0,322.0,870.0,639.0,1509,1956.0,158,0,0.0,6,Reg,576,20,68.0,27.363846269205577,50140.0,6.37,3.6,2008,7,Q3,1Fam,0
164391.238182305,864,2,2.0,33,0.0,864.0,5,9350,4,0,0.0,864.0,0.0,864,1979.0,0,0,0.0,5,Reg,0,90,50.0,27.363846269205577,50140.0,5.88,2.7,2008,4,Q2,Duplex,0
185421.046498812,1269,3,1.5,46,1.0,621.0,6,9360,7,648,280.0,324.0,297.0,621,1962.0,0,236,216.0,8,Reg,0,60,50.0,27.363846269205577,50140.0,6.09,3.1,2008,11,Q4,1Fam,1
193981.327550004,2814,4,3.0,13,2.0,1077.0,6,9771,9,1721,614.0,779.0,298.0,1093,1995.0,48,32,190.0,5,IR3,216,60,68.0,27.363846269205577,50140.0,6.37,3.7,2008,6,Q2,1Fam,1
178824.324789223,1626,3,3.5,14,2.0,1602.0,7,9938,7,0,534.0,1271.0,331.0,1626,1994.0,424,40,251.0,5,Reg,0,20,80.0,27.363846269205577,50140.0,5.88,2.7,2008,4,Q2,1Fam,0
209270.051606246,2200,4,2.5,15,2.0,812.0,7,14171,9,1099,453.0,355.0,457.0,1101,1993.0,168,98,0.0,5,IR2,0,60,68.0,27.363846269205577,50140.0,5.19,3.8,2008,12,Q4,1Fam,1
177801.266806344,2037,3,2.5,12,2.0,672.0,7,10541,8,735,472.0,0.0,672.0,1302,1996.0,100,33,0.0,5,IR1,0,80,85.0,27.363846269205577,50140.0,5.88,3.1,2008,2,Q1,1Fam,0
179053.762236101,1356,3,2.5,1,2.0,628.0,7,10616,6,728,484.0,0.0,628.0,628,2007.0,100,24,0.0,5,IR1,0,60,65.0,27.363846269205577,50140.0,5.95,3.0,2008,3,Q1,1Fam,0
178762.170601992,1615,3,2.0,1,3.0,1615.0,8,9345,7,0,864.0,0.0,1615.0,1615,2007.0,168,30,156.0,5,IR1,0,20,65.0,27.363846269205577,50140.0,6.05,3.0,2008,5,Q2,1Fam,0
184655.300458183,2276,3,3.0,0,3.0,2271.0,9,11778,7,0,1348.0,2085.0,186.0,2276,2008.0,0,0,554.0,5,Reg,255,20,91.0,27.363846269205577,50140.0,6.37,3.7,2008,6,Q2,1Fam,0
191284.655779772,1766,3,3.5,0,3.0,1751.0,9,11778,8,0,874.0,1153.0,598.0,1766,2008.0,216,36,402.0,5,Reg,0,20,91.0,27.363846269205577,50140.0,5.19,3.8,2008,12,Q4,1Fam,0
179598.085818785,1511,3,3.0,13,3.0,1401.0,8,11454,6,0,811.0,770.0,631.0,1511,1995.0,168,42,302.0,5,IR2,0,80,68.0,27.363846269205577,50140.0,5.88,3.1,2008,2,Q1,1Fam,0
167517.628078595,1643,2,3.0,42,2.0,1182.0,6,11500,6,0,438.0,262.0,197.0,1643,1966.0,339,0,0.0,6,IR1,0,20,68.0,27.363846269205577,50140.0,5.95,3.0,2008,3,Q1,1Fam,0
182873.903794044,990,3,2.0,14,2.0,990.0,5,9750,5,0,528.0,722.0,268.0,990,1997.0,168,0,0.0,7,Reg,0,20,65.0,27.363846269205577,50140.0,6.494999999999999,3.6,2008,8,Q3,1Fam,0
177484.91371363,1418,3,3.0,11,2.0,1418.0,7,8696,5,0,558.0,1308.0,110.0,1418,1997.0,208,110,150.0,5,IR1,0,20,68.0,27.363846269205577,50140.0,6.05,3.0,2008,5,Q2,1Fam,1
188444.597319524,1771,3,3.5,11,2.0,864.0,6,13142,6,899,600.0,688.0,176.0,872,1997.0,0,96,128.0,5,IR1,0,60,68.0,27.363846269205577,50140.0,6.37,3.6,2008,7,Q3,1Fam,0
179184.153848562,1652,3,2.5,8,2.0,782.0,7,8998,6,870,532.0,527.0,255.0,782,2000.0,0,70,120.0,5,IR1,0,60,68.0,27.363846269205577,50140.0,6.37,3.7,2008,6,Q2,1Fam,0
184365.175780982,1823,3,3.5,8,2.0,928.0,7,12192,6,895,626.0,663.0,265.0,928,2000.0,192,36,0.0,5,IR1,0,60,75.0,27.363846269205577,50140.0,6.05,3.0,2008,5,Q2,1Fam,1
184479.322005212,1174,3,2.0,30,2.0,864.0,5,12250,5,0,528.0,781.0,83.0,1174,1978.0,211,0,180.0,6,IR1,0,20,68.0,27.363846269205577,50140.0,6.05,3.0,2008,5,Q2,1Fam,0
182927.863869391,1076,3,1.5,33,2.0,1076.0,5,9216,5,0,576.0,294.0,782.0,1076,1985.0,0,0,176.0,6,IR1,0,20,68.0,27.363846269205577,50140.0,6.01,3.0,2008,9,Q3,1Fam,0
178611.639373646,1558,2,3.0,33,2.0,864.0,5,14330,5,0,440.0,88.0,180.0,1558,1975.0,140,0,0.0,6,IR1,227,20,40.0,27.363846269205577,50140.0,6.494999999999999,3.6,2008,8,Q3,1Fam,1
181943.343613558,2161,3,2.5,7,2.0,1257.0,7,10400,8,871,570.0,0.0,1257.0,1290,2001.0,0,84,227.0,5,Reg,0,60,68.0,27.363846269205577,50140.0,6.37,3.7,2008,6,Q2,1Fam,0
175080.614768394,1947,3,3.5,7,3.0,1357.0,9,9720,7,581,725.0,1194.0,163.0,1366,2001.0,168,116,134.0,5,IR1,0,60,68.0,27.363846269205577,50140.0,5.69,3.3,2008,1,Q1,1Fam,1
190720.794649138,1786,3,3.0,6,3.0,1778.0,8,14860,6,0,715.0,1538.0,240.0,1786,2002.0,182,35,240.0,5,IR2,0,20,68.0,27.363846269205577,50140.0,6.37,3.7,2008,6,Q2,1Fam,1
198422.868144723,2327,4,2.5,5,2.0,1129.0,7,10905,9,1198,596.0,0.0,1129.0,1129,2003.0,0,57,0.0,5,IR2,0,60,41.0,27.363846269205577,50140.0,6.494999999999999,3.6,2008,8,Q3,1Fam,0
184482.11308349,1764,3,2.5,9,2.0,850.0,8,11690,7,878,560.0,0.0,850.0,886,1999.0,120,29,192.0,5,IR1,0,60,96.0,27.363846269205577,50140.0,6.37,3.7,2008,6,Q2,1Fam,1
139214.952187861,848,1,2.0,4,2.0,848.0,6,4426,3,0,420.0,662.0,186.0,848,2004.0,140,0,205.0,5,Reg,0,120,68.0,27.363846269205577,50140.0,5.88,3.1,2008,2,Q1,TwnhsE,0
169233.113601757,1838,2,4.0,11,3.0,1838.0,6,10126,8,0,721.0,1593.0,83.0,1838,1998.0,160,67,0.0,5,Reg,0,90,83.0,27.363846269205577,50140.0,6.37,3.6,2008,7,Q3,Duplex,1
180664.118686848,1445,3,2.0,4,2.0,1445.0,7,9750,6,0,470.0,24.0,1421.0,1445,2004.0,0,35,50.0,5,Reg,0,20,75.0,27.363846269205577,50140.0,6.37,3.7,2008,6,Q2,1Fam,0
178818.742632666,1564,3,2.0,1,3.0,1564.0,7,11058,6,0,814.0,56.0,1508.0,1564,2007.0,0,24,212.0,6,Reg,0,20,85.0,27.363846269205577,50140.0,5.88,3.1,2008,2,Q1,1Fam,0
180422.049969947,1361,3,2.0,1,2.0,1351.0,7,9627,6,0,610.0,24.0,1327.0,1361,2007.0,0,50,0.0,5,Reg,0,20,74.0,27.363846269205577,50140.0,6.37,3.7,2008,6,Q2,1Fam,0
178601.93645581,1092,3,1.0,42,1.0,1092.0,5,9825,6,0,264.0,609.0,483.0,1092,1966.0,259,0,0.0,5,Reg,161,20,75.0,27.363846269205577,50140.0,5.88,2.7,2008,4,Q2,1Fam,0
183083.159775993,1033,3,1.5,32,2.0,456.0,5,12102,6,0,504.0,456.0,0.0,1033,1976.0,224,0,222.0,5,Reg,0,85,64.0,27.363846269205577,50140.0,5.88,2.7,2008,4,Q2,1Fam,0
173163.101499699,1127,3,2.0,32,2.0,1127.0,6,6500,6,0,480.0,1033.0,94.0,1127,1991.0,0,0,84.0,6,Reg,0,20,65.0,27.363846269205577,50140.0,6.05,3.0,2008,5,Q2,1Fam,0
185968.161159774,1117,3,2.0,31,2.0,1029.0,6,9638,6,0,542.0,368.0,541.0,1117,1977.0,292,0,0.0,6,IR1,0,80,68.0,27.363846269205577,50140.0,6.09,3.1,2008,11,Q4,1Fam,0
171226.050683054,1398,3,1.5,32,2.0,684.0,6,7200,6,714,440.0,288.0,396.0,684,1976.0,0,0,0.0,7,Reg,0,60,72.0,27.363846269205577,50140.0,5.88,3.1,2008,2,Q1,1Fam,1
281643.976116786,3820,5,3.5,49,2.0,0.0,5,47007,11,0,624.0,0.0,0.0,3820,1959.0,0,372,0.0,7,IR1,0,20,123.0,27.363846269205577,50140.0,6.37,3.6,2008,7,Q3,1Fam,1
160031.711281258,1152,2,2.0,53,0.0,0.0,4,6012,6,0,0.0,0.0,0.0,1152,1979.0,0,0,0.0,5,Reg,0,90,65.0,27.363846269205577,50140.0,6.37,3.7,2008,6,Q2,Duplex,0
162775.979779394,1152,2,2.0,53,0.0,0.0,4,6845,6,0,0.0,0.0,0.0,1152,1979.0,0,0,58.0,5,Reg,0,90,74.0,27.363846269205577,50140.0,6.37,3.6,2008,7,Q3,Duplex,0
160735.445970193,784,2,2.0,53,0.0,784.0,4,6931,4,0,0.0,784.0,0.0,784,1979.0,112,0,0.0,5,Reg,0,190,56.0,27.363846269205577,50140.0,6.05,3.0,2008,5,Q2,2fmCon,0
166646.109048572,1053,2,1.5,70,0.0,585.0,5,12180,5,468,0.0,0.0,585.0,585,1979.0,42,0,0.0,7,Reg,0,50,60.0,27.363846269205577,50140.0,5.69,3.3,2008,1,Q1,1Fam,1
188384.548444549,1137,4,1.5,61,0.0,0.0,5,8050,8,208,0.0,0.0,0.0,929,1979.0,0,0,0.0,8,Reg,0,50,57.0,27.363846269205577,50140.0,5.88,2.7,2008,4,Q2,1Fam,1
165830.697255197,930,2,1.0,55,1.0,911.0,4,9520,5,0,286.0,767.0,144.0,930,1953.0,134,0,115.0,5,Reg,0,20,68.0,27.363846269205577,50140.0,6.05,3.0,2008,5,Q2,1Fam,0
182138.358533039,1204,3,1.0,54,1.0,416.0,4,7692,6,0,312.0,0.0,416.0,1204,1954.0,0,0,0.0,6,Reg,0,80,62.0,27.363846269205577,50140.0,6.09,3.1,2008,11,Q4,1Fam,0
171595.397975647,1292,3,1.5,85,1.0,949.0,4,5142,6,343,205.0,224.0,725.0,949,1923.0,0,0,0.0,7,Reg,0,30,67.0,27.363846269205577,50140.0,6.37,3.7,2008,6,Q2,1Fam,1
160337.079183809,1424,2,2.0,87,1.0,1228.0,7,7290,7,0,312.0,0.0,1228.0,1424,1921.0,0,0,174.0,8,Reg,0,30,60.0,27.363846269205577,50140.0,5.88,2.7,2008,4,Q2,1Fam,1
191215.088671543,1920,4,5.0,78,2.0,960.0,6,7804,10,960,480.0,281.0,0.0,960,1930.0,248,0,0.0,7,Reg,0,90,64.0,27.363846269205577,50140.0,6.37,3.6,2008,7,Q3,Duplex,1
166956.093232213,1316,2,2.0,82,1.0,644.0,6,8969,6,644,369.0,379.0,265.0,672,2001.0,0,0,0.0,6,Reg,192,70,66.0,27.363846269205577,50140.0,6.37,3.6,2008,7,Q3,1Fam,1
186581.830878692,1264,3,1.0,94,2.0,676.0,6,15564,6,588,400.0,0.0,676.0,676,1994.0,424,0,0.0,6,Reg,0,50,63.0,27.363846269205577,50140.0,5.69,3.3,2008,1,Q1,1Fam,1
176450.548582099,1512,3,3.0,83,1.0,798.0,8,7609,7,714,180.0,406.0,392.0,798,1925.0,85,16,0.0,9,Reg,0,70,54.0,27.363846269205577,50140.0,6.37,3.7,2008,6,Q2,1Fam,1
193743.194909801,1603,4,1.0,85,2.0,784.0,6,9650,7,784,599.0,0.0,784.0,819,1980.0,0,217,0.0,3,IR1,0,70,68.0,27.363846269205577,50140.0,6.37,3.7,2008,6,Q2,1Fam,1
198882.566078408,1938,4,2.0,71,1.0,942.0,5,11700,7,673,240.0,606.0,336.0,1265,1937.0,0,40,0.0,6,IR1,0,50,68.0,27.363846269205577,50140.0,6.37,3.6,2008,7,Q3,1Fam,1
176385.102235149,1374,3,1.0,70,1.0,884.0,5,9260,6,442,225.0,0.0,884.0,932,1938.0,64,0,0.0,4,IR1,100,50,68.0,27.363846269205577,50140.0,5.95,3.0,2008,3,Q1,1Fam,1
162447.639333636,1091,2,1.5,57,1.0,1091.0,6,7801,5,0,344.0,500.0,591.0,1091,1951.0,66,105,88.0,5,IR1,221,20,79.0,27.363846269205577,50140.0,6.05,3.0,2008,5,Q2,1Fam,0
193782.555676777,1873,4,1.5,73,2.0,608.0,8,9670,9,890,786.0,210.0,398.0,983,1935.0,0,0,40.0,6,IR1,0,70,100.0,27.363846269205577,50140.0,6.37,3.7,2008,6,Q2,1Fam,1
183653.890897141,2161,3,3.5,58,2.0,832.0,7,12392,8,943,506.0,435.0,397.0,1218,1994.0,0,96,0.0,9,Reg,0,50,70.0,27.363846269205577,50140.0,5.88,2.7,2008,4,Q2,1Fam,1
210578.623546866,1898,3,2.5,52,2.0,1898.0,5,26073,7,0,484.0,1116.0,782.0,1898,1956.0,0,51,0.0,5,IR1,0,20,56.0,27.363846269205577,50140.0,5.88,2.7,2008,4,Q2,1Fam,0
158527.164107319,1032,2,1.0,28,2.0,516.0,6,1879,5,516,462.0,366.0,150.0,516,1980.0,213,0,0.0,6,Reg,0,160,24.0,27.363846269205577,50140.0,5.19,3.8,2008,12,Q4,Twnhs,0
163081.025723456,919,2,2.0,82,1.0,894.0,6,7000,5,0,195.0,299.0,555.0,919,1926.0,0,0,0.0,8,Reg,0,30,50.0,27.363846269205577,50140.0,6.37,3.6,2008,7,Q3,1Fam,1
174388.867432503,1090,3,1.0,68,1.0,720.0,6,6000,5,330,240.0,0.0,720.0,760,1940.0,0,0,0.0,8,Reg,0,50,60.0,27.363846269205577,50140.0,6.37,3.6,2008,7,Q3,1Fam,1
191905.870131966,1200,4,1.0,78,0.0,780.0,5,8155,7,420,0.0,0.0,780.0,780,1979.0,0,0,0.0,7,Reg,0,50,58.0,27.363846269205577,50140.0,6.37,3.6,2008,7,Q3,1Fam,1
174388.867432503,1656,3,1.5,41,1.0,624.0,5,6000,7,564,288.0,257.0,367.0,1092,1967.0,0,180,0.0,5,Reg,100,80,75.0,27.363846269205577,50140.0,6.37,3.6,2008,7,Q3,1Fam,0
161642.711648983,912,2,1.0,78,1.0,520.0,5,7392,5,0,360.0,0.0,520.0,912,1934.0,0,90,0.0,7,Reg,0,30,60.0,27.363846269205577,50140.0,6.05,3.0,2008,5,Q2,1Fam,1
186939.507215101,1955,4,2.0,50,1.0,1151.0,5,9000,7,804,356.0,330.0,821.0,1151,1958.0,0,0,162.0,5,Reg,0,50,75.0,27.363846269205577,50140.0,5.69,3.3,2008,1,Q1,1Fam,0
172482.165792649,733,2,1.0,56,2.0,0.0,1,14584,4,0,487.0,0.0,0.0,733,1952.0,0,0,0.0,5,Reg,0,20,80.0,27.363846269205577,50140.0,5.88,3.1,2008,2,Q1,1Fam,0
159695.999763546,1361,2,1.0,113,1.0,173.0,4,5280,6,536,185.0,0.0,173.0,825,1895.0,0,123,0.0,7,Reg,0,70,60.0,27.363846269205577,50140.0,6.37,3.6,2008,7,Q3,1Fam,1
157230.369671007,1049,2,1.0,98,1.0,356.0,4,5150,5,378,195.0,0.0,356.0,671,1910.0,0,0,0.0,7,Reg,0,50,52.0,27.363846269205577,50140.0,6.05,3.0,2008,5,Q2,1Fam,1
179188.089925259,864,3,1.5,88,1.0,592.0,4,9000,5,432,216.0,0.0,592.0,432,1920.0,0,30,0.0,6,Reg,0,70,60.0,27.363846269205577,50140.0,6.37,3.7,2008,6,Q2,1Fam,1
157972.82120994,1648,2,3.5,1,2.0,1596.0,8,3843,5,0,525.0,1476.0,120.0,1648,2007.0,162,53,186.0,5,IR1,0,120,44.0,27.363846269205577,50140.0,6.494999999999999,3.6,2008,8,Q3,TwnhsE,1
156804.951429181,1646,2,3.5,4,2.0,1594.0,7,3811,5,0,482.0,1474.0,120.0,1646,2004.0,128,53,174.0,5,IR1,155,120,44.0,27.363846269205577,50140.0,6.37,3.6,2008,7,Q3,TwnhsE,1
211491.972463654,2032,3,4.0,12,3.0,1840.0,7,23730,7,0,786.0,700.0,1140.0,2032,1996.0,0,46,668.0,5,IR2,0,20,68.0,27.363846269205577,50140.0,6.01,3.0,2008,9,Q3,1Fam,1
186537.246201062,1820,3,2.5,12,3.0,910.0,7,11050,8,910,816.0,0.0,910.0,910,1996.0,318,32,0.0,5,Reg,0,60,68.0,27.363846269205577,50140.0,6.01,3.0,2008,9,Q3,1Fam,1
200468.161070551,1872,4,3.0,32,2.0,0.0,5,10260,8,936,484.0,0.0,0.0,936,1976.0,0,0,0.0,4,Reg,0,90,76.0,27.363846269205577,50140.0,6.09,3.1,2008,11,Q4,Duplex,0
182241.340444154,1689,3,3.0,17,2.0,1680.0,4,9990,6,0,432.0,1383.0,297.0,1689,1991.0,428,120,0.0,5,Reg,0,20,74.0,27.363846269205577,50140.0,6.37,3.6,2008,7,Q3,1Fam,0
157342.225898399,1501,2,3.0,22,2.0,1277.0,7,4084,6,0,512.0,893.0,384.0,1501,1986.0,240,0,340.0,6,IR1,0,120,42.0,27.363846269205577,50140.0,6.37,3.6,2008,7,Q3,TwnhsE,0
182022.387105998,1537,3,3.0,2,3.0,1518.0,8,11563,8,0,788.0,1036.0,482.0,1537,2007.0,0,26,258.0,5,IR1,0,20,74.0,27.363846269205577,50140.0,5.88,2.7,2008,4,Q2,1Fam,1
181244.510876788,1780,3,3.5,1,2.0,920.0,8,12852,6,860,612.0,770.0,150.0,920,2007.0,0,192,0.0,5,IR1,0,60,107.0,27.363846269205577,50140.0,5.69,3.3,2008,1,Q1,1Fam,0
178556.671573788,1442,3,2.5,2,2.0,352.0,5,9802,6,730,400.0,0.0,352.0,712,2007.0,100,0,0.0,5,Reg,0,80,73.0,27.363846269205577,50140.0,5.88,2.7,2008,4,Q2,1Fam,1
189547.199876284,1612,3,2.5,0,3.0,796.0,7,12018,6,816,666.0,0.0,796.0,796,2008.0,0,64,60.0,5,IR1,0,60,81.0,27.363846269205577,50140.0,6.1,2.9,2008,10,Q4,1Fam,0
187948.65165563,1495,3,2.0,19,2.0,1495.0,6,12890,8,0,438.0,0.0,1495.0,1495,1989.0,252,0,128.0,5,IR1,0,20,75.0,27.363846269205577,50140.0,6.37,3.6,2008,7,Q3,1Fam,0
194107.287565956,1256,3,2.0,22,2.0,1256.0,6,18265,6,0,578.0,920.0,276.0,1256,1986.0,282,0,228.0,5,Reg,0,20,93.0,27.363846269205577,50140.0,5.95,3.0,2008,3,Q1,1Fam,0
183521.710369283,1440,3,3.0,5,2.0,1432.0,8,11202,7,0,467.0,1029.0,403.0,1440,2003.0,185,95,206.0,5,IR1,0,20,82.0,27.363846269205577,50140.0,6.37,3.7,2008,6,Q2,1Fam,0
183682.123638416,1675,3,3.0,9,2.0,1666.0,6,7915,6,0,435.0,1223.0,443.0,1675,1999.0,165,52,0.0,5,IR1,0,20,68.0,27.363846269205577,50140.0,5.19,3.8,2008,12,Q4,1Fam,1
178483.353073443,1728,3,3.0,1,2.0,1884.0,8,11449,7,0,520.0,1011.0,873.0,1728,2007.0,0,276,0.0,5,IR1,0,20,79.0,27.363846269205577,50140.0,5.69,3.3,2008,1,Q1,1Fam,0
184003.879764736,1964,3,3.5,3,3.0,1964.0,8,11447,7,0,892.0,1571.0,393.0,1964,2005.0,0,265,674.0,5,IR1,0,20,85.0,27.363846269205577,50140.0,6.37,3.7,2008,6,Q2,1Fam,1
171318.59033449,1344,2,4.0,11,4.0,1344.0,7,8940,8,0,784.0,1309.0,35.0,1344,1997.0,0,0,200.0,5,IR1,0,90,97.0,27.363846269205577,50140.0,6.09,3.1,2008,11,Q4,Duplex,1
162039.754313997,1092,2,1.0,1,0.0,1092.0,5,9278,5,0,0.0,0.0,1092.0,1092,1979.0,0,52,0.0,5,Reg,0,20,77.0,27.363846269205577,50140.0,5.88,3.1,2008,2,Q1,1Fam,1
154846.252190699,1189,2,3.0,11,2.0,1189.0,6,4500,4,0,392.0,864.0,325.0,1189,1997.0,0,122,197.0,5,Reg,0,120,32.0,27.363846269205577,50140.0,5.88,2.7,2008,4,Q2,TwnhsE,0
194822.365690957,1200,3,2.0,44,3.0,1200.0,4,14137,6,0,850.0,865.0,88.0,1200,1964.0,0,119,98.0,5,Reg,171,85,150.0,27.363846269205577,50140.0,6.09,3.1,2008,11,Q4,1Fam,0
169788.738771463,1040,3,1.0,33,2.0,1040.0,5,4224,6,0,499.0,769.0,271.0,1040,1975.0,0,100,0.0,6,Reg,0,120,68.0,27.363846269205577,50140.0,6.37,3.7,2008,6,Q2,TwnhsE,0
178891.554489941,1475,4,2.0,32,1.0,550.0,5,2665,6,550,336.0,318.0,232.0,925,1976.0,92,26,0.0,7,Reg,0,160,41.0,27.363846269205577,50140.0,6.05,3.0,2008,5,Q2,TwnhsE,0
152084.772428865,988,2,2.0,35,1.0,526.0,4,1974,5,462,297.0,501.0,25.0,526,1973.0,120,101,0.0,7,Reg,0,180,21.0,27.363846269205577,50140.0,6.37,3.7,2008,6,Q2,Twnhs,1
139169.86642879,988,1,2.0,35,1.0,462.0,4,1596,4,462,297.0,437.0,25.0,526,1973.0,0,101,0.0,6,Reg,0,180,21.0,27.363846269205577,50140.0,6.37,3.6,2008,7,Q3,Twnhs,0
192439.536044606,1160,3,2.0,40,1.0,1113.0,5,17979,6,0,257.0,785.0,328.0,1160,1968.0,81,0,0.0,6,IR1,0,20,68.0,27.363846269205577,50140.0,5.88,3.1,2008,2,Q1,1Fam,0
161067.859766557,1092,3,2.5,38,0.0,546.0,6,1477,6,546,0.0,358.0,188.0,546,1979.0,187,0,0.0,9,Reg,0,160,21.0,27.363846269205577,50140.0,5.95,3.0,2008,3,Q1,Twnhs,1
158762.648504781,816,2,1.5,25,1.0,816.0,5,6490,4,0,264.0,534.0,282.0,816,1983.0,315,0,0.0,7,Reg,0,20,59.0,27.363846269205577,50140.0,5.88,2.7,2008,4,Q2,1Fam,0
175569.690441774,845,3,1.0,26,1.0,845.0,5,6600,6,0,264.0,638.0,207.0,845,1982.0,0,0,0.0,6,Reg,0,20,60.0,27.363846269205577,50140.0,6.37,3.6,2008,7,Q3,1Fam,1
183659.795012187,889,3,1.0,24,2.0,864.0,5,12395,6,0,484.0,647.0,217.0,889,1984.0,0,0,0.0,6,Reg,0,20,74.0,27.363846269205577,50140.0,5.88,2.7,2008,4,Q2,1Fam,0
280618.132617258,1836,4,2.0,108,1.0,686.0,5,56600,7,686,288.0,0.0,686.0,1150,1900.0,0,0,0.0,1,IR1,0,70,68.0,27.363846269205577,50140.0,5.69,3.3,2008,1,Q1,1Fam,1
180051.809151659,1587,3,2.0,36,2.0,1587.0,6,10667,7,0,525.0,838.0,749.0,1587,1971.0,0,44,302.0,6,Reg,0,20,85.0,29.102296283256685,48910.0,6.16,2.9,2007,3,Q1,1Fam,0
176519.18031559,1384,3,2.5,10,2.0,384.0,6,8872,7,630,390.0,0.0,384.0,754,1997.0,0,0,0.0,5,IR1,0,80,56.0,29.102296283256685,48910.0,6.16,2.9,2007,3,Q1,1Fam,0
179028.429210291,1694,3,2.5,13,2.0,392.0,6,10147,7,770,398.0,186.0,206.0,924,1994.0,256,64,32.0,5,IR1,0,80,68.0,29.102296283256685,48910.0,6.16,2.9,2007,3,Q1,1Fam,0
177161.583857224,1714,3,3.5,8,2.0,923.0,6,8637,7,767,451.0,871.0,52.0,947,2000.0,256,48,0.0,5,IR1,0,60,68.0,29.102296283256685,48910.0,6.17,2.8,2007,4,Q2,1Fam,1
180081.508849842,1553,3,2.5,11,2.0,691.0,7,7875,6,862,420.0,414.0,277.0,691,1996.0,0,44,0.0,5,Reg,0,60,63.0,29.102296283256685,48910.0,6.59,3.0,2007,8,Q3,1Fam,0
205895.254584712,2299,5,3.5,8,2.0,938.0,6,7500,7,1342,482.0,0.0,938.0,957,1999.0,188,30,0.0,5,Reg,0,60,60.0,29.102296283256685,48910.0,6.59,3.0,2007,8,Q3,1Fam,1
183389.78131415,1187,3,2.0,15,2.0,1168.0,7,9556,6,0,420.0,0.0,1168.0,1187,1992.0,0,21,52.0,5,IR1,0,20,68.0,29.102296283256685,48910.0,6.59,3.0,2007,8,Q3,1Fam,1
178543.647859512,1642,3,2.5,14,2.0,903.0,6,7655,7,732,392.0,0.0,903.0,910,1993.0,290,84,0.0,5,IR1,0,60,68.0,29.102296283256685,48910.0,6.710000000000001,3.0,2007,7,Q3,1Fam,1
194798.320499104,1128,3,2.0,43,2.0,1302.0,6,18160,6,0,480.0,550.0,752.0,1128,1964.0,0,108,138.0,6,Reg,0,20,160.0,29.102296283256685,48910.0,6.16,2.9,2007,3,Q1,1Fam,0
162845.613675766,1179,2,3.0,19,2.0,1166.0,8,4740,5,0,480.0,248.0,918.0,1179,1988.0,0,108,0.0,5,IR1,135,120,38.0,29.102296283256685,48910.0,6.385,2.6,2007,10,Q4,TwnhsE,0
148103.867006579,1321,1,2.0,17,2.0,1312.0,8,5118,4,0,484.0,926.0,386.0,1321,1990.0,0,64,0.0,5,IR1,0,120,35.0,29.102296283256685,48910.0,6.59,3.0,2007,8,Q3,TwnhsE,0
201016.171121215,2541,4,4.5,2,3.0,1149.0,8,12328,10,1377,729.0,986.0,163.0,1164,2005.0,120,32,146.0,5,IR1,0,60,98.0,29.102296283256685,48910.0,6.710000000000001,3.0,2007,7,Q3,1Fam,0
277936.12694354,2338,4,3.5,1,3.0,2660.0,9,51974,8,0,1110.0,1101.0,1559.0,2338,2005.0,0,135,710.0,5,IR1,322,20,52.0,29.102296283256685,48910.0,6.68,3.4,2007,6,Q2,1Fam,1
249768.279823405,1424,3,2.5,38,3.0,1100.0,5,41600,7,0,828.0,1047.0,53.0,1424,1969.0,144,0,0.0,5,IR1,0,190,195.0,29.102296283256685,48910.0,6.24,2.6,2007,11,Q4,2fmCon,1
161596.052159825,1612,2,3.0,1,2.0,1612.0,9,8035,6,0,556.0,797.0,815.0,1612,2006.0,0,164,165.0,5,IR1,0,120,61.0,29.102296283256685,48910.0,6.16,2.9,2007,3,Q1,TwnhsE,0
158011.114889899,2234,1,2.5,1,2.0,2220.0,8,14082,7,0,724.0,1558.0,662.0,2234,2006.0,390,80,945.0,5,IR1,0,20,85.0,29.102296283256685,48910.0,6.220000000000001,3.0,2007,1,Q1,1Fam,0
194089.683858004,2042,3,3.0,1,3.0,1742.0,10,13870,8,0,724.0,1152.0,590.0,2042,2007.0,240,52,250.0,5,IR1,174,20,81.0,29.102296283256685,48910.0,6.385,2.6,2007,10,Q4,1Fam,1
181733.336941451,1284,3,3.0,23,2.0,1284.0,6,10960,5,0,480.0,256.0,1028.0,1284,1984.0,0,0,0.0,5,IR1,0,20,68.0,29.102296283256685,48910.0,6.17,2.8,2007,4,Q2,1Fam,0
182852.32772198,1479,3,2.5,26,2.0,725.0,7,12090,6,754,484.0,321.0,404.0,725,1981.0,167,72,306.0,7,Reg,0,60,78.0,29.102296283256685,48910.0,6.16,2.9,2007,3,Q1,1Fam,1
189893.003058465,1664,3,3.0,29,2.0,1529.0,7,12299,7,0,663.0,1328.0,201.0,1664,1978.0,0,0,67.0,6,Reg,0,20,93.0,29.102296283256685,48910.0,6.38,2.8,2007,9,Q3,1Fam,1
194650.210979875,1930,4,3.5,28,2.0,780.0,7,11339,9,845,481.0,758.0,22.0,1085,1979.0,192,72,549.0,5,IR1,0,60,61.0,29.102296283256685,48910.0,6.16,2.9,2007,3,Q1,1Fam,0
187904.461286262,1177,3,2.0,23,2.0,1153.0,6,11850,6,0,495.0,781.0,372.0,1177,1984.0,204,103,98.0,6,Reg,0,20,79.0,29.102296283256685,48910.0,6.59,3.0,2007,8,Q3,1Fam,0
171774.925622692,1353,2,3.0,28,2.0,1259.0,6,10400,5,0,478.0,903.0,356.0,1353,1979.0,240,141,253.0,5,Reg,0,20,80.0,29.102296283256685,48910.0,6.59,3.0,2007,8,Q3,1Fam,1
177998.685921479,1220,2,2.5,36,2.0,1625.0,6,13001,6,0,944.0,492.0,1012.0,1220,1971.0,0,0,176.0,5,IR1,0,20,128.0,29.102296283256685,48910.0,6.38,2.8,2007,9,Q3,1Fam,0
175648.484325498,1324,3,2.5,31,2.0,1228.0,7,8991,5,0,585.0,624.0,0.0,1324,1976.0,407,36,130.0,6,IR1,0,80,64.0,29.102296283256685,48910.0,6.29,3.0,2007,2,Q1,1Fam,0
196918.071362067,1877,4,3.5,33,2.0,1084.0,6,8000,8,793,488.0,931.0,0.0,1084,1974.0,0,96,0.0,6,Reg,0,60,80.0,29.102296283256685,48910.0,6.24,2.6,2007,11,Q4,1Fam,0
184299.838071218,1422,3,2.0,37,2.0,925.0,5,9457,7,0,576.0,566.0,359.0,1422,1988.0,252,0,0.0,6,Reg,0,20,63.0,29.102296283256685,48910.0,6.38,2.8,2007,9,Q3,1Fam,1
182379.855682734,914,3,1.0,37,1.0,914.0,5,7920,5,0,368.0,81.0,214.0,914,1970.0,120,0,32.0,5,Reg,0,20,66.0,29.102296283256685,48910.0,6.385,2.6,2007,10,Q4,1Fam,1
184050.725802482,914,2,1.0,46,1.0,914.0,4,17199,4,0,270.0,314.0,600.0,914,1961.0,140,0,0.0,7,Reg,0,20,68.0,29.102296283256685,48910.0,6.710000000000001,3.0,2007,7,Q3,1Fam,0
158296.975970284,1337,2,2.0,6,2.0,1337.0,6,4113,5,0,511.0,0.0,1337.0,1337,2001.0,136,68,0.0,5,IR1,0,120,33.0,29.102296283256685,48910.0,6.710000000000001,3.0,2007,7,Q3,TwnhsE,0
175053.355553278,1337,2,3.0,10,2.0,1405.0,6,10943,5,0,522.0,930.0,475.0,1337,1997.0,0,68,0.0,5,IR2,0,120,26.0,29.102296283256685,48910.0,6.385,2.6,2007,10,Q4,TwnhsE,1
162293.376090644,1092,3,1.5,34,1.0,525.0,6,2205,6,567,264.0,312.0,213.0,525,1973.0,144,0,567.0,6,Reg,0,160,21.0,29.102296283256685,48910.0,6.29,3.0,2007,2,Q1,Twnhs,0
186328.880047186,1218,4,1.5,34,1.0,672.0,6,2058,7,546,264.0,0.0,672.0,672,1973.0,0,28,265.0,5,Reg,0,160,21.0,29.102296283256685,48910.0,6.125,3.0,2007,12,Q4,Twnhs,0
151422.116936538,1055,2,2.0,29,1.0,1061.0,7,2304,4,0,319.0,632.0,423.0,1055,1978.0,108,32,0.0,7,Reg,0,120,24.0,29.102296283256685,48910.0,6.17,2.8,2007,4,Q2,Twnhs,0
181969.358707768,988,3,2.0,41,1.0,988.0,5,7150,5,0,360.0,725.0,263.0,988,1974.0,0,0,52.0,6,Reg,0,20,65.0,29.102296283256685,48910.0,6.24,2.6,2007,11,Q4,1Fam,0
189122.67702416,1816,3,3.0,1,3.0,1790.0,9,12469,7,0,730.0,1151.0,639.0,1816,2007.0,186,36,378.0,5,Reg,0,20,96.0,29.102296283256685,48910.0,6.59,3.0,2007,8,Q3,1Fam,1
185645.475220346,1694,3,2.0,1,3.0,1694.0,8,11825,7,0,856.0,0.0,1694.0,1694,2006.0,0,112,302.0,5,Reg,0,20,91.0,29.102296283256685,48910.0,6.68,3.4,2007,6,Q2,1Fam,1
182829.898109257,2122,2,3.5,0,3.0,2108.0,8,14333,7,0,938.0,1518.0,590.0,2122,2007.0,130,142,0.0,5,Reg,0,20,110.0,29.102296283256685,48910.0,6.24,2.6,2007,11,Q4,1Fam,0
195848.788183328,2656,3,3.5,0,3.0,1934.0,9,13641,8,713,1040.0,1304.0,630.0,1943,2007.0,268,58,456.0,5,Reg,0,60,107.0,29.102296283256685,48910.0,6.125,3.0,2007,12,Q4,1Fam,0
198785.059550672,2550,4,2.5,1,3.0,1108.0,8,13440,11,1402,670.0,0.0,1108.0,1148,2006.0,120,39,190.0,5,Reg,0,60,110.0,29.102296283256685,48910.0,6.16,2.9,2007,3,Q1,1Fam,1
181676.126555428,2046,2,3.5,2,3.0,1994.0,10,15431,7,0,878.0,1430.0,564.0,2046,2005.0,188,65,400.0,5,Reg,175,20,105.0,29.102296283256685,48910.0,6.59,3.0,2007,8,Q3,1Fam,1
194131.012663328,2552,3,3.0,0,3.0,2552.0,9,13891,8,0,932.0,1812.0,740.0,2552,2007.0,130,28,456.0,5,Reg,0,20,107.0,29.102296283256685,48910.0,6.385,2.6,2007,10,Q4,1Fam,0
201416.004864508,2758,4,2.5,2,3.0,1704.0,9,13654,9,1036,814.0,0.0,1704.0,1722,2005.0,282,55,365.0,5,IR1,0,60,118.0,29.102296283256685,48910.0,6.21,2.8,2007,5,Q2,1Fam,1
185096.577205616,2290,2,4.5,0,3.0,2320.0,10,17169,7,0,1174.0,1684.0,636.0,2290,2007.0,192,30,970.0,5,IR2,0,20,59.0,29.102296283256685,48910.0,6.59,3.0,2007,8,Q3,1Fam,0
195158.972598372,2152,3,2.5,0,2.0,1582.0,8,16659,7,570,728.0,0.0,1582.0,1582,2007.0,0,368,0.0,5,IR1,0,60,134.0,29.102296283256685,48910.0,6.68,3.4,2007,6,Q2,1Fam,1
184795.783735112,2100,3,3.5,0,3.0,918.0,8,9709,8,1142,786.0,778.0,140.0,958,2007.0,172,104,120.0,5,IR1,0,60,82.0,29.102296283256685,48910.0,6.38,2.8,2007,9,Q3,1Fam,0
189168.263864671,1802,3,2.5,1,3.0,1802.0,9,13615,7,0,843.0,0.0,1802.0,1802,2006.0,158,105,510.0,5,IR1,0,20,94.0,29.102296283256685,48910.0,6.68,3.4,2007,6,Q2,1Fam,0
216855.260149095,2956,5,2.5,3,3.0,1706.0,8,13069,11,1238,916.0,0.0,1706.0,1718,2004.0,194,50,502.0,5,IR1,0,60,99.0,29.102296283256685,48910.0,6.59,3.0,2007,8,Q3,1Fam,0
184946.642483576,2385,3,3.5,4,3.0,1317.0,8,14277,7,1168,818.0,938.0,379.0,1217,2003.0,192,228,280.0,5,Reg,0,60,110.0,29.102296283256685,48910.0,6.220000000000001,3.0,2007,1,Q1,1Fam,0
189317.51282069,1818,3,3.5,0,3.0,895.0,8,12568,8,923,774.0,669.0,226.0,895,2007.0,196,104,246.0,5,Reg,0,60,68.0,29.102296283256685,48910.0,6.59,3.0,2007,8,Q3,1Fam,0
180803.277842406,1614,3,3.0,2,3.0,1614.0,7,9926,7,0,878.0,1178.0,436.0,1614,2005.0,100,38,210.0,5,IR1,0,20,70.0,29.102296283256685,48910.0,6.21,2.8,2007,5,Q2,1Fam,1
175061.18585763,1721,3,3.0,2,2.0,1721.0,8,9254,7,0,554.0,119.0,1602.0,1721,2005.0,168,27,210.0,5,IR1,0,20,71.0,29.102296283256685,48910.0,6.220000000000001,3.0,2007,1,Q1,1Fam,0
179074.839090732,1828,3,2.5,1,3.0,1298.0,8,10732,7,530,876.0,0.0,1298.0,1298,2006.0,0,40,0.0,5,IR1,0,60,92.0,29.102296283256685,48910.0,6.29,3.0,2007,2,Q1,1Fam,1
145708.764336107,1302,1,2.5,2,2.0,1302.0,6,3901,5,0,631.0,866.0,436.0,1302,2005.0,110,50,182.0,5,Reg,0,120,34.0,29.102296283256685,48910.0,6.59,3.0,2007,8,Q3,Twnhs,1
142398.022752011,1302,1,2.5,2,2.0,1302.0,6,3903,5,0,631.0,1030.0,272.0,1302,2005.0,110,50,182.0,5,Reg,0,120,34.0,29.102296283256685,48910.0,6.21,2.8,2007,5,Q2,Twnhs,1
161474.534863641,1362,2,3.0,2,2.0,1362.0,6,6289,6,0,460.0,762.0,600.0,1362,2005.0,192,28,256.0,5,IR1,0,120,41.0,29.102296283256685,48910.0,6.68,3.4,2007,6,Q2,TwnhsE,1
157025.945155458,1554,2,2.0,1,2.0,1554.0,8,4590,6,0,627.0,24.0,1530.0,1554,2006.0,156,73,108.0,5,Reg,0,120,34.0,29.102296283256685,48910.0,6.21,2.8,2007,5,Q2,Twnhs,0
163424.037827357,1577,2,3.0,2,2.0,1577.0,9,7841,6,0,564.0,848.0,729.0,1577,2005.0,203,39,394.0,5,IR1,0,120,48.0,29.102296283256685,48910.0,6.21,2.8,2007,5,Q2,TwnhsE,0
164692.778645345,1324,2,2.0,1,2.0,1324.0,8,6240,6,0,550.0,24.0,1300.0,1324,2006.0,0,38,176.0,5,Reg,0,120,48.0,29.102296283256685,48910.0,6.38,2.8,2007,9,Q3,TwnhsE,0
152163.2443541,1405,2,3.0,4,2.0,1405.0,7,3242,6,0,478.0,1000.0,405.0,1405,2003.0,136,36,235.0,5,Reg,0,120,48.0,29.102296283256685,48910.0,6.16,2.9,2007,3,Q1,TwnhsE,0
192383.215486656,1496,3,3.0,0,2.0,768.0,6,15810,7,728,572.0,0.0,768.0,768,2007.0,100,0,0.0,5,IR1,0,60,59.0,29.102296283256685,48910.0,6.21,2.8,2007,5,Q2,1Fam,0
182520.230322476,1536,3,2.5,2,2.0,768.0,6,10237,6,768,400.0,0.0,768.0,768,2005.0,100,38,0.0,5,Reg,0,60,65.0,29.102296283256685,48910.0,6.68,3.4,2007,6,Q2,1Fam,1
187254.507549722,1458,3,2.0,1,2.0,608.0,7,13204,6,850,454.0,0.0,608.0,608,2007.0,100,33,44.0,5,IR1,0,60,58.0,29.102296283256685,48910.0,6.21,2.8,2007,5,Q2,1Fam,1
176489.659740359,1495,3,2.5,1,2.0,738.0,6,8857,7,757,440.0,0.0,738.0,738,2006.0,100,30,0.0,5,IR1,0,60,62.0,29.102296283256685,48910.0,6.16,2.9,2007,3,Q1,1Fam,0
181520.466841293,1746,3,3.5,1,3.0,698.0,6,9729,6,1048,350.0,0.0,698.0,698,2007.0,0,34,0.0,5,IR1,0,60,63.0,29.102296283256685,48910.0,6.68,3.4,2007,6,Q2,1Fam,1
186414.978214721,1326,3,3.0,2,2.0,1326.0,6,12216,6,0,388.0,918.0,408.0,1326,2005.0,120,23,0.0,5,IR1,0,20,88.0,29.102296283256685,48910.0,6.68,3.4,2007,6,Q2,1Fam,0
185197.764639705,1504,3,2.5,0,2.0,752.0,6,8229,6,752,440.0,0.0,752.0,752,2007.0,100,32,22.0,5,IR1,0,60,72.0,29.102296283256685,48910.0,6.125,3.0,2007,12,Q4,1Fam,0
178657.794083741,1456,3,2.5,0,2.0,728.0,7,7713,7,728,400.0,0.0,728.0,728,2007.0,100,24,16.0,5,Reg,0,60,64.0,29.102296283256685,48910.0,6.710000000000001,3.0,2007,7,Q3,1Fam,0
179731.198023759,1258,3,2.0,0,2.0,1246.0,7,7697,6,0,462.0,0.0,1246.0,1258,2007.0,0,0,0.0,6,Reg,0,20,64.0,29.102296283256685,48910.0,6.59,3.0,2007,8,Q3,1Fam,0
161748.271317074,1589,2,3.0,4,3.0,1406.0,8,3621,7,0,630.0,1084.0,322.0,1589,2003.0,143,20,72.0,5,Reg,0,120,68.0,29.102296283256685,48910.0,6.24,2.6,2007,11,Q4,TwnhsE,0
158608.749069322,1266,2,2.0,0,2.0,1266.0,7,3710,6,0,388.0,0.0,1266.0,1266,2007.0,100,16,16.0,5,Reg,0,20,53.0,29.102296283256685,48910.0,6.59,3.0,2007,8,Q3,1Fam,0
178807.370559878,1119,2,3.0,3,2.0,835.0,7,16219,5,0,437.0,779.0,56.0,1119,2004.0,100,24,0.0,5,IR2,0,80,65.0,29.102296283256685,48910.0,6.17,2.8,2007,4,Q2,1Fam,1
184187.158803897,1374,3,3.5,3,2.0,384.0,7,11084,8,630,400.0,192.0,192.0,744,2004.0,100,0,0.0,5,IR1,0,80,87.0,29.102296283256685,48910.0,6.68,3.4,2007,6,Q2,1Fam,0
181686.10402108,1525,3,2.5,1,2.0,1510.0,7,10936,6,0,534.0,0.0,1510.0,1525,2006.0,100,18,0.0,5,IR1,0,20,59.0,29.102296283256685,48910.0,6.17,2.8,2007,4,Q2,1Fam,0
190311.050228337,1394,3,2.5,4,2.0,384.0,7,11950,7,640,400.0,0.0,384.0,754,2003.0,100,0,0.0,5,IR1,0,80,68.0,29.102296283256685,48910.0,6.385,2.6,2007,10,Q4,1Fam,0
192252.496354076,1948,4,2.5,4,2.0,847.0,7,7875,8,1101,434.0,0.0,847.0,847,2003.0,0,48,16.0,5,Reg,0,60,63.0,29.102296283256685,48910.0,6.710000000000001,3.0,2007,7,Q3,1Fam,0
193954.849525775,1995,4,2.5,5,2.0,854.0,7,8740,8,1131,435.0,574.0,280.0,864,2002.0,264,48,0.0,5,IR1,0,60,68.0,29.102296283256685,48910.0,6.710000000000001,3.0,2007,7,Q3,1Fam,0
181044.201560887,1690,3,3.5,7,2.0,915.0,6,9487,7,750,442.0,520.0,395.0,940,2000.0,0,50,0.0,5,IR1,0,60,58.0,29.102296283256685,48910.0,6.68,3.4,2007,6,Q2,1Fam,0
180258.131219792,1644,3,2.5,8,2.0,941.0,6,9649,7,683,460.0,0.0,941.0,961,1999.0,460,42,0.0,5,IR1,0,60,59.0,29.102296283256685,48910.0,6.21,2.8,2007,5,Q2,1Fam,1
199641.657313834,2551,4,3.5,10,3.0,1779.0,8,12191,8,772,925.0,1181.0,598.0,1779,1998.0,76,61,515.0,5,IR1,0,60,100.0,29.102296283256685,48910.0,6.68,3.4,2007,6,Q2,1Fam,1
197530.775205517,3078,4,3.5,9,3.0,1408.0,9,10557,9,1407,806.0,672.0,736.0,1671,1998.0,108,87,422.0,5,IR1,0,60,89.0,29.102296283256685,48910.0,6.710000000000001,3.0,2007,7,Q3,1Fam,0
191777.196949138,2582,4,3.5,9,3.0,1389.0,8,11002,9,1171,758.0,1048.0,341.0,1411,1998.0,286,60,0.0,5,IR1,0,60,74.0,29.102296283256685,48910.0,6.220000000000001,3.0,2007,1,Q1,1Fam,1
195779.543033588,2385,4,2.5,9,3.0,1066.0,7,10790,8,1277,600.0,0.0,1066.0,1108,1998.0,120,38,275.0,5,Reg,0,60,83.0,29.102296283256685,48910.0,6.21,2.8,2007,5,Q2,1Fam,0
202112.046522999,2202,4,3.5,15,2.0,1105.0,8,11762,9,1097,517.0,335.0,770.0,1105,1992.0,0,65,309.0,5,Reg,144,60,88.0,29.102296283256685,48910.0,6.38,2.8,2007,9,Q3,1Fam,1
192343.34807661,2538,4,2.5,11,3.0,1325.0,8,9044,8,1203,933.0,1225.0,100.0,1335,1996.0,198,92,526.0,5,IR1,0,60,82.0,29.102296283256685,48910.0,6.21,2.8,2007,5,Q2,1Fam,1
185191.359443218,1369,3,2.0,0,2.0,1369.0,7,9910,5,0,605.0,0.0,1369.0,1369,2007.0,0,203,0.0,6,Reg,0,20,75.0,29.102296283256685,48910.0,6.38,2.8,2007,9,Q3,1Fam,0
186760.207965688,1542,3,3.0,0,3.0,1542.0,8,11830,6,0,852.0,1220.0,322.0,1542,2007.0,168,110,164.0,5,Reg,0,20,91.0,29.102296283256685,48910.0,6.710000000000001,3.0,2007,7,Q3,1Fam,0
177733.78193528,1534,3,2.0,1,2.0,1524.0,8,10612,7,0,484.0,28.0,1496.0,1534,2006.0,168,46,248.0,5,Reg,0,20,76.0,29.102296283256685,48910.0,6.220000000000001,3.0,2007,1,Q1,1Fam,0
164430.391189608,1966,1,3.0,0,3.0,1966.0,10,12291,6,0,1092.0,1572.0,394.0,1966,2007.0,76,52,754.0,5,IR1,0,20,98.0,29.102296283256685,48910.0,6.385,2.6,2007,10,Q4,1Fam,0
185299.601552401,1528,3,4.0,0,2.0,1528.0,7,9965,6,0,480.0,0.0,1528.0,1528,2007.0,0,228,0.0,5,Reg,0,20,85.0,29.102296283256685,48910.0,6.38,2.8,2007,9,Q3,1Fam,0
186414.012339254,1538,3,3.0,2,2.0,1538.0,8,8847,7,0,484.0,769.0,769.0,1538,2005.0,146,40,148.0,5,Reg,0,20,74.0,29.102296283256685,48910.0,6.125,3.0,2007,12,Q4,1Fam,0
176401.921054593,1506,3,3.0,2,2.0,1494.0,7,8251,7,0,672.0,778.0,716.0,1506,2005.0,192,35,143.0,5,Reg,0,20,70.0,29.102296283256685,48910.0,6.17,2.8,2007,4,Q2,1Fam,1
182381.322639642,1977,3,2.5,1,3.0,982.0,7,9605,7,995,574.0,0.0,982.0,982,2006.0,240,53,0.0,5,Reg,0,60,70.0,29.102296283256685,48910.0,6.710000000000001,3.0,2007,7,Q3,1Fam,0
176334.184710805,1830,3,2.5,1,3.0,1302.0,8,8778,7,528,859.0,0.0,1302.0,1302,2006.0,0,40,0.0,5,Reg,0,60,75.0,29.102296283256685,48910.0,6.16,2.9,2007,3,Q1,1Fam,0
184901.735847457,1338,3,2.0,0,2.0,1338.0,8,8640,6,0,598.0,24.0,1314.0,1338,2007.0,0,141,0.0,5,Reg,0,20,72.0,29.102296283256685,48910.0,6.24,2.6,2007,11,Q4,1Fam,0
180085.766885029,1335,3,2.0,1,2.0,1335.0,7,9000,6,0,575.0,0.0,1335.0,1335,2007.0,0,210,0.0,5,Reg,0,20,75.0,29.102296283256685,48910.0,6.68,3.4,2007,6,Q2,1Fam,1
184901.735847457,1792,3,2.5,0,2.0,896.0,8,8640,8,896,590.0,350.0,546.0,896,2007.0,184,96,0.0,5,Reg,0,60,72.0,29.102296283256685,48910.0,6.24,2.6,2007,11,Q4,1Fam,0
183967.561548763,1588,3,3.0,0,2.0,725.0,5,10411,8,863,561.0,0.0,725.0,725,2007.0,0,0,0.0,5,Reg,0,60,81.0,29.102296283256685,48910.0,6.710000000000001,3.0,2007,7,Q3,1Fam,0
193046.301574659,1880,3,3.5,0,3.0,955.0,8,12217,8,925,880.0,745.0,210.0,955,2007.0,168,127,0.0,5,IR1,0,60,112.0,29.102296283256685,48910.0,6.125,3.0,2007,12,Q4,1Fam,0
168538.969495849,1584,2,2.0,0,2.0,1574.0,8,10440,6,0,594.0,0.0,1574.0,1584,2007.0,0,256,0.0,5,Reg,0,20,84.0,29.102296283256685,48910.0,6.21,2.8,2007,5,Q2,1Fam,0
170157.842016969,1685,2,2.0,1,3.0,1685.0,8,11824,5,0,658.0,0.0,1685.0,1685,2006.0,112,63,298.0,5,IR1,0,20,100.0,29.102296283256685,48910.0,6.17,2.8,2007,4,Q2,1Fam,0
196559.709259637,2443,4,2.5,3,3.0,1158.0,6,10625,9,1285,744.0,0.0,1158.0,1158,2004.0,193,127,353.0,5,Reg,0,60,85.0,29.102296283256685,48910.0,6.68,3.4,2007,6,Q2,1Fam,0
177133.709361852,1100,3,1.5,1,0.0,1100.0,6,7500,6,0,0.0,0.0,1100.0,1100,1979.0,0,136,0.0,5,Reg,0,20,63.0,29.102296283256685,48910.0,6.68,3.4,2007,6,Q2,1Fam,1
181553.279576244,1143,3,1.5,1,0.0,1143.0,7,7500,5,0,0.0,0.0,1143.0,1143,1979.0,0,55,0.0,5,Reg,0,20,63.0,29.102296283256685,48910.0,6.385,2.6,2007,10,Q4,1Fam,0
185770.606634739,1094,3,2.0,4,2.0,1094.0,5,12450,6,0,576.0,729.0,365.0,1094,2004.0,0,0,126.0,5,Reg,0,20,60.0,29.102296283256685,48910.0,6.21,2.8,2007,5,Q2,1Fam,1
177017.595099274,1486,3,2.0,1,2.0,1461.0,7,7441,7,0,566.0,0.0,1461.0,1486,2006.0,0,32,170.0,5,IR1,0,20,65.0,29.102296283256685,48910.0,6.68,3.4,2007,6,Q2,1Fam,0
184123.358536806,1820,3,2.5,14,2.0,864.0,6,11613,7,900,492.0,480.0,384.0,920,1993.0,144,85,0.0,5,IR2,0,60,68.0,29.102296283256685,48910.0,6.21,2.8,2007,5,Q2,1Fam,1
165970.357492196,1266,2,1.5,27,1.0,630.0,6,8012,5,636,283.0,0.0,630.0,630,1980.0,340,0,0.0,5,Reg,0,160,50.0,29.102296283256685,48910.0,6.710000000000001,3.0,2007,7,Q3,TwnhsE,0
158151.985049452,894,2,2.0,30,1.0,894.0,5,6285,5,0,308.0,138.0,405.0,894,1979.0,192,0,0.0,5,Reg,0,20,64.0,29.102296283256685,48910.0,6.16,2.9,2007,3,Q1,1Fam,0
177086.476441481,1040,3,2.5,39,2.0,1040.0,5,7476,5,0,686.0,812.0,228.0,1040,1991.0,188,0,0.0,7,Reg,0,20,84.0,29.102296283256685,48910.0,6.68,3.4,2007,6,Q2,1Fam,0
196373.896176551,2503,3,3.5,17,2.0,1223.0,7,19522,7,1232,564.0,727.0,496.0,1271,1990.0,0,99,272.0,5,IR1,182,60,68.0,29.102296283256685,48910.0,6.29,3.0,2007,2,Q1,1Fam,0
172465.707083115,1037,2,2.0,33,2.0,1037.0,5,10751,5,0,431.0,787.0,250.0,1037,1974.0,136,47,44.0,5,IR1,0,20,44.0,29.102296283256685,48910.0,6.59,3.0,2007,8,Q3,1Fam,0
168590.782409896,1055,2,2.0,34,2.0,1044.0,6,12712,5,0,542.0,968.0,76.0,1055,1973.0,455,0,0.0,7,IR1,0,20,43.0,29.102296283256685,48910.0,6.220000000000001,3.0,2007,1,Q1,1Fam,1
158820.474171061,1378,2,3.0,3,2.0,1378.0,8,4379,6,0,540.0,851.0,527.0,1378,2004.0,160,56,0.0,5,IR1,0,120,45.0,29.102296283256685,48910.0,6.710000000000001,3.0,2007,7,Q3,TwnhsE,0
151611.37057651,1151,2,3.0,1,2.0,1141.0,8,3523,5,0,484.0,60.0,1081.0,1151,2006.0,0,60,30.0,5,IR1,0,120,80.0,29.102296283256685,48910.0,6.29,3.0,2007,2,Q1,TwnhsE,1
152125.028585543,1565,2,3.0,1,2.0,1511.0,8,3784,5,0,476.0,60.0,1451.0,1565,2006.0,0,120,36.0,5,IR1,0,120,32.0,29.102296283256685,48910.0,6.29,3.0,2007,2,Q1,TwnhsE,1
158404.073081048,1352,2,3.0,1,2.0,1352.0,7,3606,5,0,466.0,937.0,415.0,1352,2006.0,0,241,0.0,5,Reg,0,120,40.0,29.102296283256685,48910.0,6.59,3.0,2007,8,Q3,TwnhsE,1
160692.078640755,1550,2,2.5,1,2.0,1550.0,8,5330,5,0,528.0,0.0,1550.0,1550,2007.0,0,102,0.0,5,IR2,0,120,30.0,29.102296283256685,48910.0,6.710000000000001,3.0,2007,7,Q3,TwnhsE,1
170175.22684199,1501,3,3.5,8,2.0,744.0,6,2280,6,744,440.0,565.0,179.0,757,1999.0,0,0,342.0,5,Reg,0,160,24.0,29.102296283256685,48910.0,6.38,2.8,2007,9,Q3,Twnhs,0
169854.436591138,1573,3,2.5,7,2.0,756.0,6,2117,4,804,440.0,417.0,339.0,769,2000.0,0,32,216.0,5,Reg,0,160,24.0,29.102296283256685,48910.0,6.38,2.8,2007,9,Q3,Twnhs,0
183410.785819008,1358,3,2.0,8,2.0,1339.0,7,7321,5,0,625.0,0.0,1339.0,1358,1999.0,176,174,0.0,5,IR1,0,20,73.0,29.102296283256685,48910.0,6.125,3.0,2007,12,Q4,1Fam,1
180347.194026928,2048,3,3.5,4,2.0,1054.0,8,8010,8,976,552.0,964.0,90.0,1072,2003.0,0,48,0.0,5,IR1,180,60,68.0,29.102296283256685,48910.0,6.59,3.0,2007,8,Q3,1Fam,1
178930.528374292,2362,3,3.5,9,2.0,1220.0,8,8413,8,1142,1105.0,901.0,319.0,1220,1998.0,147,0,0.0,5,IR1,144,60,106.0,29.102296283256685,48910.0,6.68,3.4,2007,6,Q2,1Fam,0
153346.220086301,1494,1,2.5,13,2.0,1494.0,8,9466,5,0,478.0,457.0,0.0,1494,1994.0,0,30,0.0,5,IR2,217,120,50.0,29.102296283256685,48910.0,6.21,2.8,2007,5,Q2,TwnhsE,1
182675.204270589,2362,3,3.5,27,2.0,2002.0,7,12000,8,0,546.0,1732.0,270.0,2362,1980.0,180,16,600.0,6,Reg,0,20,80.0,29.102296283256685,48910.0,6.16,2.9,2007,3,Q1,1Fam,0
180770.649792036,2497,2,3.0,26,2.0,2461.0,8,17778,7,0,676.0,1632.0,0.0,2497,1981.0,266,0,0.0,5,IR1,0,20,94.0,29.102296283256685,48910.0,6.16,2.9,2007,3,Q1,1Fam,0
188714.148087543,1152,3,2.5,39,2.0,912.0,6,11700,7,0,412.0,0.0,912.0,1152,1968.0,0,126,41.0,6,Reg,0,20,78.0,29.102296283256685,48910.0,6.38,2.8,2007,9,Q3,1Fam,0
191393.608594076,2411,4,3.5,37,2.0,1008.0,6,8000,8,1008,570.0,915.0,93.0,1403,1970.0,0,192,525.0,6,Reg,0,60,80.0,29.102296283256685,48910.0,6.68,3.4,2007,6,Q2,1Fam,0
174016.157494425,1082,3,2.0,38,2.0,973.0,6,8723,6,0,480.0,973.0,0.0,1082,1969.0,160,0,0.0,6,IR1,0,85,68.0,29.102296283256685,48910.0,6.220000000000001,3.0,2007,1,Q1,1Fam,0
183189.685319552,1295,3,2.5,39,2.0,1295.0,6,11700,6,0,528.0,910.0,385.0,1295,1968.0,0,194,196.0,5,Reg,200,20,130.0,29.102296283256685,48910.0,6.17,2.8,2007,4,Q2,1Fam,0
183621.508757866,1610,3,2.0,35,2.0,1124.0,7,11358,8,0,515.0,346.0,778.0,1610,1972.0,202,0,0.0,7,IR1,256,20,108.0,29.102296283256685,48910.0,6.21,2.8,2007,5,Q2,1Fam,1
168991.29635758,1594,2,2.0,14,2.0,1594.0,7,9547,6,0,472.0,0.0,1594.0,1594,1993.0,190,80,112.0,6,Reg,0,20,80.0,29.102296283256685,48910.0,6.710000000000001,3.0,2007,7,Q3,1Fam,0
185306.650665866,2075,3,3.5,14,2.0,1148.0,7,10530,8,984,473.0,819.0,329.0,1091,1993.0,235,86,194.0,6,Reg,0,60,78.0,29.102296283256685,48910.0,6.59,3.0,2007,8,Q3,1Fam,0
189030.680303208,1093,3,3.0,41,2.0,1093.0,6,10738,6,0,484.0,792.0,301.0,1093,1966.0,224,0,0.0,7,IR1,0,20,88.0,29.102296283256685,48910.0,6.24,2.6,2007,11,Q4,1Fam,0
179208.665698449,1052,3,2.0,44,1.0,1052.0,6,10800,6,0,311.0,617.0,171.0,1052,1963.0,0,133,203.0,5,Reg,0,20,80.0,29.102296283256685,48910.0,6.29,3.0,2007,2,Q1,1Fam,0
174901.452792889,1107,3,2.0,40,1.0,949.0,5,8050,5,0,308.0,474.0,437.0,1107,1967.0,88,64,0.0,6,Reg,0,20,70.0,29.102296283256685,48910.0,6.16,2.9,2007,3,Q1,1Fam,1
168337.406544343,1224,2,2.0,43,3.0,0.0,4,10899,8,0,530.0,0.0,0.0,1224,1964.0,0,0,0.0,5,IR1,0,90,68.0,29.102296283256685,48910.0,6.17,2.8,2007,4,Q2,Duplex,0
158234.96461859,1074,2,1.0,51,2.0,894.0,5,7450,6,0,396.0,438.0,250.0,1074,1966.0,0,72,0.0,5,IR1,0,20,74.0,29.102296283256685,48910.0,6.220000000000001,3.0,2007,1,Q1,1Fam,0
179562.453368834,1187,2,2.0,46,2.0,864.0,5,14357,6,0,440.0,311.0,386.0,1187,1961.0,128,0,0.0,5,IR1,0,20,68.0,29.102296283256685,48910.0,6.59,3.0,2007,8,Q3,1Fam,0
174176.391640607,964,3,1.0,46,2.0,964.0,5,8243,5,0,784.0,700.0,264.0,964,1985.0,170,0,56.0,7,IR1,0,20,76.0,29.102296283256685,48910.0,6.29,3.0,2007,2,Q1,1Fam,0
173931.531845427,894,3,1.0,47,1.0,894.0,5,8680,5,0,312.0,0.0,894.0,894,1965.0,0,0,0.0,7,Reg,0,20,70.0,29.102296283256685,48910.0,6.220000000000001,3.0,2007,1,Q1,1Fam,0
184111.729429665,1200,3,2.5,41,2.0,1174.0,7,8800,6,0,440.0,654.0,520.0,1200,1966.0,0,0,202.0,6,Reg,0,20,80.0,29.102296283256685,48910.0,6.385,2.6,2007,10,Q4,1Fam,0
179374.482001188,1042,3,2.0,42,2.0,1042.0,6,9200,5,0,440.0,494.0,548.0,1042,1965.0,192,0,98.0,5,Reg,0,80,80.0,29.102296283256685,48910.0,6.21,2.8,2007,5,Q2,1Fam,0
207348.811884535,2154,5,2.5,43,2.0,845.0,6,8800,8,1309,539.0,414.0,431.0,845,1964.0,0,0,306.0,7,Reg,161,60,80.0,29.102296283256685,48910.0,6.710000000000001,3.0,2007,7,Q3,1Fam,1
186983.419339031,1374,3,1.5,43,1.0,1130.0,6,11382,7,0,286.0,54.0,533.0,1374,1964.0,0,28,212.0,5,IR1,0,20,68.0,29.102296283256685,48910.0,6.59,3.0,2007,8,Q3,1Fam,0
206779.094049527,1652,3,2.5,48,2.0,1592.0,6,22002,6,0,510.0,1386.0,206.0,1652,1959.0,0,0,136.0,7,Reg,201,20,68.0,29.102296283256685,48910.0,6.710000000000001,3.0,2007,7,Q3,1Fam,1
177472.074683935,908,2,1.0,67,2.0,822.0,5,12172,4,0,512.0,130.0,433.0,908,1975.0,284,24,0.0,7,Reg,192,45,85.0,29.102296283256685,48910.0,6.385,2.6,2007,10,Q4,1Fam,1
156727.948324862,666,2,1.5,61,0.0,666.0,3,5000,4,0,0.0,299.0,367.0,666,1979.0,0,52,0.0,3,Reg,0,20,50.0,29.102296283256685,48910.0,6.17,2.8,2007,4,Q2,1Fam,1
157090.568462479,670,2,2.0,62,0.0,370.0,3,3500,4,228,0.0,144.0,226.0,442,1979.0,0,21,0.0,5,Reg,0,50,51.0,29.102296283256685,48910.0,6.710000000000001,3.0,2007,7,Q3,1Fam,1
160387.032696693,808,2,1.0,49,1.0,808.0,5,5175,5,0,308.0,150.0,254.0,808,1963.0,143,0,0.0,8,Reg,0,20,50.0,29.102296283256685,48910.0,6.710000000000001,3.0,2007,7,Q3,1Fam,1
172410.28005086,1150,2,2.0,52,1.0,1078.0,5,9600,6,0,288.0,368.0,710.0,1150,1955.0,0,0,176.0,6,Reg,175,20,80.0,29.102296283256685,48910.0,6.385,2.6,2007,10,Q4,1Fam,0
191603.365657467,1560,4,2.0,39,3.0,1560.0,5,8668,8,0,792.0,0.0,1560.0,1560,1968.0,0,0,0.0,5,Reg,0,90,63.0,29.102296283256685,48910.0,6.21,2.8,2007,5,Q2,Duplex,0
182152.207151253,1280,3,2.5,41,2.0,793.0,5,10050,6,0,432.0,602.0,191.0,1280,1966.0,140,40,87.0,6,IR1,0,85,68.0,29.102296283256685,48910.0,6.68,3.4,2007,6,Q2,1Fam,0
180161.697340702,1254,3,2.0,46,2.0,1218.0,6,9600,6,0,525.0,600.0,618.0,1254,1961.0,0,0,291.0,5,IR1,168,80,100.0,29.102296283256685,48910.0,6.21,2.8,2007,5,Q2,1Fam,0
169652.235284283,936,2,2.0,50,1.0,936.0,6,8760,4,0,315.0,873.0,63.0,936,1957.0,0,0,0.0,7,Reg,0,20,73.0,29.102296283256685,48910.0,6.38,2.8,2007,9,Q3,1Fam,1
182503.520140218,1008,3,2.0,51,1.0,1008.0,5,6860,6,0,308.0,908.0,100.0,1008,1964.0,0,0,54.0,6,IR1,0,20,65.0,29.102296283256685,48910.0,6.125,3.0,2007,12,Q4,1Fam,0
179714.630677039,1053,3,2.0,44,2.0,1053.0,5,8250,6,0,692.0,288.0,765.0,1053,1994.0,240,0,0.0,7,Reg,109,20,60.0,29.102296283256685,48910.0,6.710000000000001,3.0,2007,7,Q3,1Fam,0
180282.570719908,1144,3,1.0,47,1.0,1144.0,5,9100,6,0,336.0,0.0,1144.0,1144,1960.0,0,0,69.0,5,Reg,0,20,70.0,29.102296283256685,48910.0,6.68,3.4,2007,6,Q2,1Fam,0
192600.338060371,1721,4,1.0,50,2.0,1331.0,6,9736,8,0,464.0,668.0,525.0,1721,1957.0,0,0,289.0,6,Reg,0,20,80.0,29.102296283256685,48910.0,6.17,2.8,2007,4,Q2,1Fam,1
166115.491248565,922,2,2.0,50,1.0,922.0,5,9770,5,0,308.0,512.0,410.0,922,1957.0,0,34,0.0,5,Reg,0,20,72.0,29.102296283256685,48910.0,6.17,2.8,2007,4,Q2,1Fam,0
186379.553524443,1411,3,1.0,52,1.0,1204.0,5,12198,7,0,310.0,780.0,424.0,1411,1955.0,278,82,0.0,6,IR1,0,20,70.0,29.102296283256685,48910.0,6.68,3.4,2007,6,Q2,1Fam,1
184361.992258449,1216,3,2.0,52,1.0,1216.0,5,10050,5,0,336.0,288.0,928.0,1216,1955.0,0,0,0.0,5,Reg,0,20,75.0,29.102296283256685,48910.0,6.59,3.0,2007,8,Q3,1Fam,0
186220.965458121,1154,3,1.5,54,1.0,864.0,5,11556,6,0,336.0,408.0,456.0,1154,1962.0,63,0,0.0,9,Reg,0,20,60.0,29.102296283256685,48910.0,6.710000000000001,3.0,2007,7,Q3,1Fam,1
198176.47090687,1560,4,2.0,49,2.0,1560.0,5,8078,8,0,484.0,0.0,1560.0,1560,1958.0,0,0,260.0,5,Reg,0,90,70.0,29.102296283256685,48910.0,6.125,3.0,2007,12,Q4,Duplex,0
168437.776500131,948,2,1.0,55,2.0,948.0,6,10950,5,0,410.0,441.0,507.0,948,1952.0,0,48,0.0,6,Reg,0,20,60.0,29.102296283256685,48910.0,6.17,2.8,2007,4,Q2,1Fam,0
178003.582312015,1040,3,1.5,54,1.0,1040.0,6,7942,6,0,293.0,85.0,0.0,1040,1953.0,0,0,0.0,7,Reg,0,20,68.0,29.102296283256685,48910.0,6.68,3.4,2007,6,Q2,1Fam,0
179180.469244588,925,3,2.0,51,1.0,925.0,5,8540,5,0,252.0,114.0,120.0,925,1956.0,152,0,0.0,8,Reg,0,20,71.0,29.102296283256685,48910.0,6.68,3.4,2007,6,Q2,1Fam,1
191930.561104806,1540,4,2.0,52,1.0,1190.0,4,7150,7,500,352.0,150.0,1040.0,1040,2002.0,0,0,0.0,4,Reg,0,50,55.0,29.102296283256685,48910.0,6.59,3.0,2007,8,Q3,1Fam,0
175590.266214964,925,3,2.0,52,1.0,923.0,5,8400,5,0,390.0,793.0,130.0,925,1955.0,81,0,0.0,5,Reg,0,20,70.0,29.102296283256685,48910.0,6.16,2.9,2007,3,Q1,1Fam,0
176713.19307219,1647,3,2.0,54,1.0,1105.0,4,9532,6,0,280.0,595.0,156.0,1647,1953.0,225,0,0.0,6,Reg,0,20,75.0,29.102296283256685,48910.0,6.29,3.0,2007,2,Q1,1Fam,0
180159.090947005,924,2,1.0,55,1.0,924.0,5,15783,6,0,420.0,292.0,632.0,924,1952.0,0,324,0.0,5,Reg,0,20,68.0,29.102296283256685,48910.0,6.68,3.4,2007,6,Q2,1Fam,0
188090.100808026,1544,3,2.0,117,0.0,925.0,4,14190,7,544,0.0,0.0,925.0,1000,1979.0,231,0,0.0,7,Reg,0,50,60.0,29.102296283256685,48910.0,6.17,2.8,2007,4,Q2,1Fam,1
186184.717727913,1728,3,2.0,54,1.0,1216.0,5,12099,7,0,371.0,198.0,1018.0,1216,1953.0,200,0,0.0,6,IR1,0,50,68.0,29.102296283256685,48910.0,6.68,3.4,2007,6,Q2,1Fam,1
223055.588672278,3086,4,3.5,72,3.0,666.0,5,21281,9,1778,1200.0,0.0,666.0,1308,2007.0,0,208,0.0,4,Reg,156,70,113.0,29.102296283256685,48910.0,6.24,2.6,2007,11,Q4,1Fam,1
158270.753116401,1281,1,3.0,82,2.0,1151.0,4,10284,6,436,580.0,1030.0,55.0,845,1978.0,0,0,0.0,7,Reg,0,50,60.0,29.102296283256685,48910.0,6.59,3.0,2007,8,Q3,1Fam,1
184733.12846644,1534,3,1.5,112,0.0,736.0,5,10800,6,783,0.0,0.0,736.0,751,1979.0,0,112,0.0,9,Reg,0,70,60.0,29.102296283256685,48910.0,6.710000000000001,3.0,2007,7,Q3,1Fam,1
199926.378957429,1651,4,2.5,44,1.0,725.0,7,10090,6,616,276.0,242.0,0.0,1035,1963.0,460,46,364.0,5,IR1,165,80,93.0,29.102296283256685,48910.0,6.385,2.6,2007,10,Q4,1Fam,1
175075.785166001,888,3,1.5,46,1.0,920.0,5,8700,5,0,240.0,192.0,728.0,888,1961.0,0,0,53.0,7,IR1,0,20,75.0,29.102296283256685,48910.0,6.29,3.0,2007,2,Q1,1Fam,0
180917.925148076,952,3,2.0,39,1.0,952.0,6,8300,5,0,288.0,952.0,0.0,952,1968.0,0,0,86.0,6,IR1,0,20,66.0,29.102296283256685,48910.0,6.59,3.0,2007,8,Q3,1Fam,0
182067.760625207,1238,3,1.5,57,1.0,864.0,5,7200,6,0,357.0,432.0,432.0,1238,1950.0,0,171,0.0,3,Reg,0,20,60.0,29.102296283256685,48910.0,6.24,2.6,2007,11,Q4,1Fam,0
178238.60191545,1040,3,2.0,48,1.0,1040.0,5,7500,6,0,286.0,574.0,466.0,1040,1959.0,0,0,0.0,7,Reg,0,20,68.0,29.102296283256685,48910.0,6.710000000000001,3.0,2007,7,Q3,1Fam,1
173454.944606532,1170,3,1.5,49,1.0,1170.0,5,7315,6,0,338.0,625.0,545.0,1170,1958.0,0,0,0.0,6,Reg,225,20,70.0,29.102296283256685,48910.0,6.16,2.9,2007,3,Q1,1Fam,0
176821.936262814,1242,3,2.5,47,1.0,1242.0,5,7903,6,0,324.0,739.0,503.0,1242,1960.0,0,0,0.0,5,Reg,0,20,70.0,29.102296283256685,48910.0,6.21,2.8,2007,5,Q2,1Fam,0
183642.191304235,1377,3,2.0,47,1.0,1377.0,5,8000,6,0,351.0,1098.0,125.0,1377,1965.0,0,0,0.0,5,Reg,0,20,80.0,29.102296283256685,48910.0,6.24,2.6,2007,11,Q4,1Fam,0
177254.582741058,925,3,1.0,46,1.0,0.0,5,7000,7,0,300.0,0.0,0.0,925,1961.0,0,0,0.0,6,Reg,0,20,70.0,29.102296283256685,48910.0,6.710000000000001,3.0,2007,7,Q3,1Fam,0
168715.950111702,864,2,1.0,45,1.0,864.0,5,6600,5,0,294.0,110.0,312.0,864,1962.0,58,0,0.0,5,Reg,0,20,60.0,29.102296283256685,48910.0,6.125,3.0,2007,12,Q4,1Fam,0
180096.931198144,936,3,2.0,45,1.0,896.0,5,6760,6,0,288.0,734.0,162.0,936,1962.0,24,90,0.0,5,Reg,0,85,66.0,29.102296283256685,48910.0,6.385,2.6,2007,10,Q4,1Fam,0
160620.728178758,960,2,1.0,81,2.0,850.0,5,6978,5,0,576.0,0.0,850.0,960,1981.0,0,0,0.0,7,Reg,0,30,60.0,29.102296283256685,48910.0,6.17,2.8,2007,4,Q2,1Fam,1
175286.544392273,1296,3,1.0,80,2.0,845.0,6,6000,6,430,576.0,276.0,569.0,866,1980.0,0,0,0.0,6,Reg,0,50,50.0,29.102296283256685,48910.0,6.710000000000001,3.0,2007,7,Q3,1Fam,1
153494.783276297,1022,2,2.0,85,1.0,1022.0,5,4480,4,0,184.0,782.0,240.0,1022,1922.0,0,122,0.0,5,Reg,0,30,56.0,29.102296283256685,48910.0,6.29,3.0,2007,2,Q1,1Fam,1
156407.65915545,967,2,1.0,87,1.0,967.0,5,3153,5,0,180.0,0.0,967.0,967,1920.0,0,0,0.0,6,Reg,0,30,56.0,29.102296283256685,48910.0,6.710000000000001,3.0,2007,7,Q3,1Fam,1
162162.525245786,1072,2,1.0,67,2.0,808.0,5,7200,5,0,379.0,0.0,808.0,1072,1940.0,0,0,279.0,8,Reg,0,30,60.0,29.102296283256685,48910.0,6.21,2.8,2007,5,Q2,1Fam,1
166809.886827197,1174,2,1.0,107,2.0,680.0,5,9000,6,494,576.0,130.0,550.0,680,2000.0,116,26,0.0,8,Reg,0,50,120.0,29.102296283256685,48910.0,6.68,3.4,2007,6,Q2,1Fam,1
172929.156408918,1141,3,1.0,107,1.0,570.0,4,5925,6,380,252.0,122.0,0.0,761,1930.0,0,0,0.0,6,Reg,0,50,50.0,29.102296283256685,48910.0,6.21,2.8,2007,5,Q2,1Fam,1
193514.330894137,1798,4,2.5,107,2.0,1075.0,4,9639,7,642,342.0,0.0,1075.0,1156,1935.0,0,0,0.0,8,Reg,0,70,57.0,29.102296283256685,48910.0,6.21,2.8,2007,5,Q2,1Fam,1
181612.141603756,1772,3,2.5,97,2.0,725.0,8,10337,7,863,816.0,0.0,725.0,909,1992.0,0,0,0.0,9,IR1,0,70,68.0,29.102296283256685,48910.0,6.21,2.8,2007,5,Q2,1Fam,1
191745.386377068,1642,4,2.0,80,1.0,728.0,6,9863,9,728,374.0,196.0,322.0,914,1927.0,0,0,0.0,6,Reg,0,70,53.0,29.102296283256685,48910.0,6.16,2.9,2007,3,Q1,1Fam,1
171369.325038261,1232,3,1.0,97,2.0,616.0,5,4571,6,616,480.0,168.0,448.0,616,1920.0,280,0,0.0,7,Reg,0,70,35.0,29.102296283256685,48910.0,6.68,3.4,2007,6,Q2,1Fam,1
184425.470567051,1650,3,2.0,97,2.0,926.0,6,8398,6,659,468.0,259.0,667.0,991,1979.0,128,103,0.0,8,Reg,0,50,56.0,29.102296283256685,48910.0,6.24,2.6,2007,11,Q4,1Fam,1
170563.252355189,1358,3,1.5,77,1.0,687.0,5,3600,6,671,336.0,316.0,371.0,687,2004.0,0,32,0.0,7,Reg,0,70,60.0,29.102296283256685,48910.0,6.710000000000001,3.0,2007,7,Q3,1Fam,1
184522.369240168,2454,3,2.0,128,2.0,819.0,7,13500,8,1142,576.0,0.0,819.0,1312,1950.0,0,148,0.0,8,Reg,0,75,75.0,29.102296283256685,48910.0,6.29,3.0,2007,2,Q1,1Fam,1
164968.947931153,968,2,1.0,51,1.0,0.0,4,8626,5,0,331.0,0.0,0.0,968,1956.0,0,0,1.0,6,Reg,0,20,52.0,29.102296283256685,48910.0,6.21,2.8,2007,5,Q2,1Fam,0
157939.621592364,1382,1,2.0,58,1.0,0.0,4,11800,6,0,384.0,0.0,0.0,1382,1957.0,0,40,0.0,7,Reg,0,80,76.0,29.102296283256685,48910.0,6.21,2.8,2007,5,Q2,1Fam,1
151520.381580069,1060,1,2.0,82,1.0,756.0,5,6854,6,144,308.0,317.0,212.0,916,1969.0,0,65,0.0,7,Reg,150,40,55.0,29.102296283256685,48910.0,6.59,3.0,2007,8,Q3,1Fam,1
176129.508722531,1435,3,2.0,57,1.0,910.0,5,8674,6,525,308.0,910.0,0.0,910,1950.0,0,33,0.0,6,Reg,0,50,55.0,29.102296283256685,48910.0,6.16,2.9,2007,3,Q1,1Fam,0
171112.978971478,1274,3,2.0,68,1.0,728.0,5,6125,6,546,224.0,306.0,422.0,728,1939.0,0,0,0.0,7,Reg,0,50,50.0,29.102296283256685,48910.0,6.16,2.9,2007,3,Q1,1Fam,1
169762.081624282,1232,3,1.5,68,1.0,600.0,6,6000,6,624,217.0,276.0,324.0,608,1939.0,0,0,0.0,6,Reg,0,70,50.0,29.102296283256685,48910.0,6.29,3.0,2007,2,Q1,1Fam,1
162246.828936295,884,2,1.0,68,1.0,884.0,5,6120,5,0,240.0,0.0,884.0,884,1939.0,0,0,0.0,7,Reg,0,45,51.0,29.102296283256685,48910.0,6.710000000000001,3.0,2007,7,Q3,1Fam,1
171339.303381589,1409,3,2.5,69,2.0,861.0,6,6240,6,548,528.0,52.0,809.0,861,1968.0,225,0,0.0,5,Reg,0,50,68.0,29.102296283256685,48910.0,6.16,2.9,2007,3,Q1,1Fam,1
189034.753653813,1322,4,2.0,68,1.0,672.0,5,6240,7,423,280.0,48.0,624.0,899,1939.0,0,0,0.0,8,Reg,0,50,52.0,29.102296283256685,48910.0,6.710000000000001,3.0,2007,7,Q3,1Fam,1
175758.873595981,1426,3,1.0,77,1.0,966.0,5,6240,6,412,230.0,0.0,966.0,1014,1930.0,174,0,0.0,7,Reg,0,50,52.0,29.102296283256685,48910.0,6.710000000000001,3.0,2007,7,Q3,1Fam,1
163351.721489893,1281,2,2.0,81,2.0,756.0,5,6120,6,378,379.0,351.0,405.0,903,1926.0,25,0,0.0,6,Reg,0,50,51.0,29.102296283256685,48910.0,6.59,3.0,2007,8,Q3,1Fam,1
189806.546645026,2264,4,2.5,89,1.0,1100.0,6,7755,8,1164,408.0,0.0,1100.0,1100,1950.0,0,152,0.0,8,Reg,0,70,47.0,29.102296283256685,48910.0,6.21,2.8,2007,5,Q2,1Fam,1
175370.990918319,1376,3,1.0,87,2.0,768.0,6,8850,7,624,576.0,0.0,768.0,752,1977.0,0,54,0.0,7,Reg,0,50,60.0,29.102296283256685,48910.0,6.29,3.0,2007,2,Q1,1Fam,1
196895.599900301,1316,4,1.0,81,2.0,750.0,5,8550,7,356,576.0,0.0,750.0,960,1965.0,0,0,0.0,5,Reg,0,50,60.0,29.102296283256685,48910.0,6.385,2.6,2007,10,Q4,1Fam,1
176905.917994834,1344,3,2.5,78,2.0,672.0,7,5700,6,672,456.0,336.0,336.0,672,1979.0,0,0,0.0,6,IR1,0,70,68.0,29.102296283256685,48910.0,6.38,2.8,2007,9,Q3,1Fam,1
176866.557227858,1173,3,2.0,106,1.0,592.0,5,5680,7,240,240.0,0.0,592.0,933,1920.0,0,25,0.0,4,Reg,0,45,40.0,29.102296283256685,48910.0,6.38,2.8,2007,9,Q3,1Fam,1
163590.677170026,1214,2,1.0,106,1.0,969.0,5,5680,6,245,216.0,0.0,969.0,969,1920.0,0,0,0.0,3,Reg,0,50,40.0,29.102296283256685,48910.0,6.38,2.8,2007,9,Q3,1Fam,1
212693.502958393,2294,5,3.0,44,2.0,741.0,6,13200,9,797,658.0,375.0,366.0,1497,1963.0,0,110,234.0,6,Reg,0,80,120.0,29.102296283256685,48910.0,6.17,2.8,2007,4,Q2,1Fam,0
192686.931747717,1952,4,1.5,57,1.0,976.0,7,9780,8,976,299.0,354.0,224.0,976,1950.0,285,0,0.0,9,Reg,216,60,60.0,29.102296283256685,48910.0,6.17,2.8,2007,4,Q2,1Fam,1
181578.684951827,2180,3,1.5,92,2.0,1138.0,6,10320,7,1042,720.0,375.0,763.0,1138,2006.0,0,0,0.0,5,Reg,0,50,60.0,29.102296283256685,48910.0,6.21,2.8,2007,5,Q2,1Fam,1
166475.457581812,1315,3,3.0,49,2.0,808.0,4,4330,5,477,436.0,681.0,0.0,838,1958.0,0,0,0.0,6,Reg,0,190,52.0,29.102296283256685,48910.0,6.29,3.0,2007,2,Q1,2fmCon,0
185998.255166219,1484,3,2.0,97,1.0,771.0,4,10320,6,504,264.0,0.0,771.0,866,1910.0,14,211,0.0,1,Reg,84,50,60.0,29.102296283256685,48910.0,6.38,2.8,2007,9,Q3,1Fam,1
185527.714877908,2267,3,2.5,70,2.0,1005.0,7,12888,7,1005,498.0,288.0,717.0,1262,1937.0,521,0,0.0,8,Reg,0,70,107.0,29.102296283256685,48910.0,6.17,2.8,2007,4,Q2,1Fam,1
159027.118197683,1282,2,2.0,65,1.0,672.0,5,4484,4,504,240.0,485.0,187.0,778,1942.0,0,88,0.0,6,IR1,0,190,59.0,29.102296283256685,48910.0,6.710000000000001,3.0,2007,7,Q3,2fmCon,1
181169.654933769,999,3,2.0,44,1.0,925.0,5,11235,6,0,308.0,925.0,0.0,999,1963.0,40,176,0.0,5,Reg,0,190,75.0,29.102296283256685,48910.0,6.16,2.9,2007,3,Q1,2fmCon,0
176732.915304722,1452,2,2.0,43,2.0,1420.0,5,11235,6,0,572.0,785.0,635.0,1452,1964.0,92,0,30.0,5,Reg,0,85,75.0,29.102296283256685,48910.0,6.24,2.6,2007,11,Q4,1Fam,1
191619.294648838,1005,3,2.0,43,2.0,1005.0,4,14299,5,0,440.0,513.0,348.0,1005,1964.0,0,0,0.0,3,Reg,0,20,62.0,29.102296283256685,48910.0,6.710000000000001,3.0,2007,7,Q3,1Fam,0
189114.303789324,1020,3,2.5,43,2.0,980.0,5,14149,5,0,528.0,68.0,190.0,1020,1970.0,0,0,50.0,8,IR1,0,80,65.0,29.102296283256685,48910.0,6.21,2.8,2007,5,Q2,1Fam,1
180934.635330334,1040,3,2.0,41,1.0,1040.0,5,11677,6,0,264.0,249.0,30.0,1040,1966.0,0,90,442.0,4,IR1,0,20,68.0,29.102296283256685,48910.0,6.29,3.0,2007,2,Q1,1Fam,0
164573.372223048,868,2,2.0,36,2.0,768.0,5,8425,6,0,576.0,748.0,20.0,868,1989.0,138,0,0.0,6,Reg,0,190,70.0,29.102296283256685,48910.0,6.21,2.8,2007,5,Q2,2fmCon,1
173902.011270196,897,3,1.0,39,1.0,876.0,5,8665,5,0,264.0,168.0,420.0,897,1968.0,0,0,89.0,5,IR1,0,20,86.0,29.102296283256685,48910.0,6.220000000000001,3.0,2007,1,Q1,1Fam,0
165625.127741229,943,2,2.0,40,2.0,943.0,5,8398,5,0,528.0,114.0,300.0,943,1972.0,132,0,323.0,5,IR1,0,20,68.0,29.102296283256685,48910.0,6.68,3.4,2007,6,Q2,1Fam,0
179555.219570787,912,3,2.0,41,1.0,912.0,5,8169,6,0,315.0,216.0,261.0,912,1966.0,204,0,0.0,7,Reg,0,20,68.0,29.102296283256685,48910.0,6.710000000000001,3.0,2007,7,Q3,1Fam,0
196899.720661579,1375,3,2.0,51,1.0,1240.0,5,14175,6,0,323.0,386.0,332.0,1375,1956.0,0,0,0.0,5,Reg,0,20,81.0,29.102296283256685,48910.0,6.125,3.0,2007,12,Q4,1Fam,1
207566.12470446,2654,4,3.0,87,2.0,671.0,5,16779,11,1087,638.0,267.0,404.0,1567,1946.0,128,570,356.0,4,Reg,0,60,99.0,29.102296283256685,48910.0,6.21,2.8,2007,5,Q2,1Fam,1
163899.981149274,1302,2,1.5,67,1.0,680.0,7,6960,6,504,224.0,258.0,422.0,798,1940.0,0,0,0.0,8,Reg,126,50,70.0,29.102296283256685,48910.0,6.710000000000001,3.0,2007,7,Q3,1Fam,1
189179.428177786,1299,3,1.0,53,2.0,967.0,6,11375,6,0,494.0,736.0,231.0,1299,1954.0,81,0,0.0,5,Reg,0,20,91.0,29.102296283256685,48910.0,6.385,2.6,2007,10,Q4,1Fam,1
193892.880023125,1176,3,2.0,49,1.0,1158.0,5,13770,6,0,303.0,190.0,95.0,1176,1958.0,0,0,340.0,6,Reg,0,20,85.0,29.102296283256685,48910.0,6.385,2.6,2007,10,Q4,1Fam,1
178980.874331431,998,3,1.0,62,2.0,0.0,4,9000,5,0,460.0,0.0,0.0,998,1952.0,0,0,0.0,7,Reg,0,20,68.0,29.102296283256685,48910.0,6.21,2.8,2007,5,Q2,1Fam,1
179749.876244365,1522,3,2.0,23,2.0,1190.0,6,11075,7,0,552.0,299.0,0.0,1522,1984.0,0,77,136.0,5,Reg,168,20,68.0,29.102296283256685,48910.0,6.29,3.0,2007,2,Q1,1Fam,0
197999.674975598,1325,3,2.0,59,2.0,409.0,5,17541,6,0,576.0,300.0,109.0,1325,1996.0,0,42,0.0,7,IR1,0,20,68.0,29.102296283256685,48910.0,6.710000000000001,3.0,2007,7,Q3,1Fam,1
203717.470295797,1630,3,2.0,54,2.0,1073.0,5,22692,6,0,649.0,587.0,486.0,1630,1953.0,0,64,0.0,5,IR1,0,20,68.0,29.102296283256685,48910.0,6.16,2.9,2007,3,Q1,1Fam,0
185249.261156892,1242,2,1.0,61,1.0,484.0,4,17808,4,0,336.0,0.0,484.0,1242,1946.0,0,0,0.0,5,Reg,0,20,84.0,29.102296283256685,48910.0,6.710000000000001,3.0,2007,7,Q3,1Fam,1
201691.208274848,2422,4,3.0,53,2.0,1288.0,6,12671,6,0,527.0,353.0,935.0,2422,1954.0,0,63,300.0,7,IR1,144,20,102.0,29.102296283256685,48910.0,6.710000000000001,3.0,2007,7,Q3,1Fam,1
181956.548314794,1626,3,1.5,53,1.0,988.0,6,10512,6,638,332.0,491.0,497.0,988,1954.0,366,0,0.0,6,Reg,0,50,70.0,29.102296283256685,48910.0,6.21,2.8,2007,5,Q2,1Fam,0
171895.936275806,864,3,1.5,49,1.0,864.0,5,5400,6,0,399.0,453.0,411.0,864,1958.0,0,0,0.0,5,Reg,0,20,60.0,29.102296283256685,48910.0,6.21,2.8,2007,5,Q2,1Fam,0
187245.168439419,943,3,1.0,49,1.0,0.0,4,11515,5,0,308.0,0.0,0.0,943,1958.0,0,0,0.0,5,IR1,0,30,68.0,29.102296283256685,48910.0,6.59,3.0,2007,8,Q3,1Fam,1
157816.77461318,1038,2,2.0,23,1.0,1038.0,5,3869,5,0,264.0,283.0,0.0,1038,1984.0,0,105,149.0,6,Reg,0,120,39.0,29.102296283256685,48910.0,6.710000000000001,3.0,2007,7,Q3,TwnhsE,0
191702.912573325,1342,4,2.0,56,1.0,1342.0,5,9280,7,0,256.0,557.0,785.0,1342,1951.0,0,0,0.0,6,Reg,0,20,58.0,29.102296283256685,48910.0,6.17,2.8,2007,4,Q2,1Fam,0
198599.420028908,1480,4,2.0,56,1.0,1080.0,5,11100,7,400,253.0,1080.0,0.0,1080,1951.0,0,0,0.0,6,Reg,0,50,60.0,29.102296283256685,48910.0,6.710000000000001,3.0,2007,7,Q3,1Fam,1
187193.313676329,1362,4,2.0,87,1.0,951.0,4,7550,7,376,280.0,0.0,951.0,986,1920.0,0,0,0.0,5,Reg,0,50,50.0,29.102296283256685,48910.0,6.16,2.9,2007,3,Q1,1Fam,1
220514.993999535,1822,4,2.0,23,2.0,1105.0,6,23920,7,717,515.0,0.0,1105.0,1105,1984.0,0,195,0.0,5,Reg,0,50,104.0,29.102296283256685,48910.0,6.17,2.8,2007,4,Q2,1Fam,0
181814.527595192,1958,3,3.5,13,2.0,779.0,7,9317,7,929,499.0,497.0,282.0,1029,1994.0,202,93,0.0,5,Reg,0,60,75.0,29.102296283256685,48910.0,6.710000000000001,3.0,2007,7,Q3,1Fam,1
183750.755371907,1651,3,2.0,0,3.0,1643.0,8,9178,7,0,870.0,0.0,1643.0,1651,2007.0,204,64,306.0,5,Reg,0,20,71.0,29.102296283256685,48910.0,6.38,2.8,2007,9,Q3,1Fam,0
183000.431679579,2140,3,2.5,1,3.0,2140.0,8,10481,8,0,894.0,0.0,2140.0,2140,2006.0,136,32,0.0,5,IR1,0,20,93.0,29.102296283256685,48910.0,6.68,3.4,2007,6,Q2,1Fam,1
185830.971906573,1651,3,2.0,0,3.0,1643.0,8,10235,7,0,870.0,0.0,1643.0,1651,2007.0,192,64,306.0,5,IR1,0,20,66.0,29.102296283256685,48910.0,6.38,2.8,2007,9,Q3,1Fam,0
185497.872344187,1546,3,2.0,2,3.0,1546.0,7,11750,7,0,796.0,20.0,1526.0,1546,2005.0,144,42,204.0,5,IR1,0,20,75.0,29.102296283256685,48910.0,6.68,3.4,2007,6,Q2,1Fam,1
179613.437681321,1500,3,2.0,1,2.0,1489.0,8,8760,7,0,674.0,36.0,1453.0,1500,2005.0,144,38,132.0,5,Reg,0,20,73.0,29.102296283256685,48910.0,6.68,3.4,2007,6,Q2,1Fam,0
164454.967963631,1270,2,2.0,2,2.0,1270.0,7,7242,6,0,524.0,0.0,1270.0,1270,2005.0,0,96,0.0,5,Reg,0,20,64.0,29.102296283256685,48910.0,6.710000000000001,3.0,2007,7,Q3,1Fam,1
185127.237217638,1795,3,2.5,2,2.0,879.0,7,9316,7,916,578.0,0.0,879.0,879,2005.0,164,111,0.0,5,Reg,0,60,78.0,29.102296283256685,48910.0,6.385,2.6,2007,10,Q4,1Fam,1
178750.613844623,1873,3,3.5,19,2.0,929.0,7,8883,7,927,619.0,608.0,0.0,946,1988.0,108,48,360.0,5,IR1,144,60,68.0,29.102296283256685,48910.0,6.21,2.8,2007,5,Q2,1Fam,0
160927.61044889,1743,0,2.5,31,2.0,966.0,8,20064,5,0,529.0,51.0,0.0,1743,1976.0,646,0,0.0,6,IR1,0,20,155.0,29.102296283256685,48910.0,6.21,2.8,2007,5,Q2,1Fam,0
192562.808057836,1022,3,1.5,13,2.0,1022.0,5,14217,6,0,747.0,550.0,472.0,1022,1995.0,0,0,0.0,5,IR2,0,20,68.0,29.102296283256685,48910.0,6.59,3.0,2007,8,Q3,1Fam,0
180990.24148554,1308,3,3.5,10,2.0,635.0,6,10021,6,662,497.0,539.0,96.0,646,1997.0,142,54,0.0,6,IR1,0,60,57.0,29.102296283256685,48910.0,6.21,2.8,2007,5,Q2,1Fam,1
180064.941503122,990,3,2.0,13,1.0,990.0,5,8428,5,0,384.0,420.0,570.0,990,1995.0,256,0,0.0,7,IR2,0,20,60.0,29.102296283256685,48910.0,6.710000000000001,3.0,2007,7,Q3,1Fam,0
196070.997393789,1097,3,2.5,11,1.0,1097.0,5,16561,6,0,242.0,549.0,548.0,1097,1996.0,306,0,0.0,5,IR2,0,20,70.0,29.102296283256685,48910.0,6.710000000000001,3.0,2007,7,Q3,1Fam,0
180352.919019023,1873,3,2.5,8,2.0,988.0,7,10820,7,885,597.0,342.0,646.0,988,1999.0,202,123,0.0,5,IR2,0,60,47.0,29.102296283256685,48910.0,6.16,2.9,2007,3,Q1,1Fam,0
183367.953769362,1753,3,3.5,9,2.0,853.0,7,12352,7,900,534.0,638.0,215.0,853,1998.0,0,74,290.0,5,IR2,0,60,43.0,29.102296283256685,48910.0,6.16,2.9,2007,3,Q1,1Fam,1
176734.841494027,1690,3,2.5,6,2.0,845.0,7,9543,7,845,517.0,0.0,845.0,845,2001.0,0,103,0.0,5,IR1,0,60,68.0,29.102296283256685,48910.0,6.29,3.0,2007,2,Q1,1Fam,0
180848.220765939,1842,3,3.5,7,2.0,985.0,7,8826,7,857,486.0,841.0,144.0,985,2000.0,193,96,144.0,5,Reg,0,60,68.0,29.102296283256685,48910.0,6.710000000000001,3.0,2007,7,Q3,1Fam,0
187806.059368823,894,3,1.0,33,2.0,864.0,5,11800,5,0,440.0,663.0,201.0,894,1974.0,0,0,0.0,5,IR1,0,20,97.0,29.102296283256685,48910.0,6.59,3.0,2007,8,Q3,1Fam,0
180521.52640004,1025,3,2.0,31,2.0,1015.0,5,8660,6,0,370.0,502.0,513.0,1025,1979.0,127,0,113.0,5,IR1,0,80,59.0,29.102296283256685,48910.0,6.710000000000001,3.0,2007,7,Q3,1Fam,0
181502.754496154,1009,3,2.0,30,2.0,995.0,5,9720,6,0,576.0,755.0,240.0,1009,1977.0,0,0,51.0,7,Reg,0,80,72.0,29.102296283256685,48910.0,6.68,3.4,2007,6,Q2,1Fam,0
174525.87942676,1040,3,1.5,30,2.0,1040.0,5,8982,5,0,748.0,539.0,501.0,1040,1977.0,0,0,0.0,5,IR1,0,20,45.0,29.102296283256685,48910.0,6.220000000000001,3.0,2007,1,Q1,1Fam,0
188927.984063168,907,3,2.0,30,1.0,876.0,5,16300,5,0,308.0,60.0,399.0,907,1977.0,0,0,0.0,4,IR1,0,20,39.0,29.102296283256685,48910.0,6.220000000000001,3.0,2007,1,Q1,1Fam,0
184728.870431253,879,3,1.0,32,2.0,864.0,5,9675,5,0,440.0,330.0,102.0,879,1975.0,0,80,0.0,6,Reg,0,20,75.0,29.102296283256685,48910.0,6.38,2.8,2007,9,Q3,1Fam,0
179857.975518011,864,3,2.0,35,2.0,864.0,5,7200,5,0,576.0,671.0,193.0,864,1977.0,155,0,0.0,5,Reg,0,20,60.0,29.102296283256685,48910.0,6.38,2.8,2007,9,Q3,1Fam,1
180962.868071609,875,3,1.0,35,2.0,385.0,4,7200,5,0,728.0,385.0,0.0,875,1975.0,352,0,0.0,8,Reg,0,20,60.0,29.102296283256685,48910.0,6.385,2.6,2007,10,Q4,1Fam,1
179194.066390078,1673,3,3.0,7,2.0,1673.0,7,11354,7,0,583.0,1412.0,261.0,1673,2000.0,306,113,0.0,5,Reg,116,20,68.0,29.102296283256685,48910.0,6.220000000000001,3.0,2007,1,Q1,1Fam,0
179591.789259484,1932,3,3.5,4,2.0,979.0,7,8749,7,940,610.0,654.0,325.0,992,2003.0,0,120,0.0,5,Reg,0,60,70.0,29.102296283256685,48910.0,6.68,3.4,2007,6,Q2,1Fam,0
180638.463702549,1729,3,2.5,5,2.0,860.0,7,8158,7,869,542.0,0.0,860.0,860,2002.0,386,63,214.0,5,Reg,0,60,65.0,29.102296283256685,48910.0,6.59,3.0,2007,8,Q3,1Fam,0
185846.215131922,1592,3,2.0,13,2.0,1556.0,8,11927,7,0,484.0,408.0,683.0,1592,1994.0,120,35,519.0,5,Reg,0,20,73.0,29.102296283256685,48910.0,6.68,3.4,2007,6,Q2,1Fam,1
195174.031139141,2439,4,3.5,6,2.0,1531.0,8,12728,7,908,560.0,1198.0,333.0,1531,2001.0,184,121,256.0,5,Reg,0,60,68.0,29.102296283256685,48910.0,6.220000000000001,3.0,2007,1,Q1,1Fam,0
192474.56829063,1992,3,3.5,11,2.0,860.0,7,15295,7,780,608.0,762.0,98.0,1212,1996.0,225,32,254.0,5,IR3,0,60,68.0,29.102296283256685,48910.0,6.68,3.4,2007,6,Q2,1Fam,1
164200.595496827,1341,1,2.5,8,2.0,1341.0,8,17227,5,0,482.0,915.0,426.0,1341,1999.0,240,84,158.0,5,IR2,0,20,73.0,29.102296283256685,48910.0,6.220000000000001,3.0,2007,1,Q1,1Fam,1
178403.094096818,1476,3,2.5,0,2.0,738.0,7,8145,7,738,552.0,0.0,738.0,738,2007.0,0,35,0.0,5,IR1,0,60,70.0,29.102296283256685,48910.0,6.68,3.4,2007,6,Q2,1Fam,0
170774.84018302,1190,2,3.0,2,2.0,1169.0,7,8769,5,0,578.0,709.0,460.0,1190,2005.0,100,41,0.0,5,Reg,0,20,65.0,29.102296283256685,48910.0,6.385,2.6,2007,10,Q4,1Fam,0
179879.945898337,1330,3,2.0,1,2.0,1330.0,6,8334,6,0,437.0,0.0,1330.0,1330,2006.0,0,23,0.0,5,Reg,0,20,64.0,29.102296283256685,48910.0,6.710000000000001,3.0,2007,7,Q3,1Fam,1
177668.192752792,1491,3,2.5,1,2.0,738.0,7,8333,7,753,484.0,0.0,738.0,738,2006.0,100,30,0.0,5,Reg,0,60,64.0,29.102296283256685,48910.0,6.21,2.8,2007,5,Q2,1Fam,0
180174.328610725,1536,3,2.5,2,2.0,768.0,5,9045,6,768,400.0,0.0,768.0,768,2005.0,0,40,0.0,5,IR1,0,60,64.0,29.102296283256685,48910.0,6.68,3.4,2007,6,Q2,1Fam,0
170643.303572141,936,2,2.0,40,1.0,936.0,5,9825,4,0,384.0,936.0,0.0,936,1967.0,405,0,162.0,5,Reg,0,85,75.0,29.102296283256685,48910.0,6.59,3.0,2007,8,Q3,1Fam,0
165448.004289838,1088,2,1.0,44,2.0,1088.0,4,8308,4,0,520.0,132.0,115.0,1088,2002.0,0,0,20.0,6,Reg,0,20,67.0,29.102296283256685,48910.0,6.68,3.4,2007,6,Q2,1Fam,0
195531.754886222,1351,3,2.0,82,2.0,901.0,5,16287,7,450,576.0,130.0,666.0,901,1975.0,0,0,0.0,6,Reg,100,50,74.0,29.102296283256685,48910.0,6.710000000000001,3.0,2007,7,Q3,1Fam,1
165314.177682121,1179,2,1.0,47,2.0,1179.0,6,8240,5,0,622.0,0.0,1179.0,1179,1960.0,0,0,198.0,6,Reg,0,20,80.0,29.102296283256685,48910.0,6.68,3.4,2007,6,Q2,1Fam,0
172532.757660882,1044,3,2.0,31,2.0,960.0,6,6285,7,0,528.0,504.0,456.0,1044,1976.0,228,0,0.0,6,Reg,0,80,65.0,29.102296283256685,48910.0,6.17,2.8,2007,4,Q2,1Fam,0
203310.218069877,2233,5,2.5,28,2.0,0.0,5,9555,11,1133,579.0,0.0,0.0,1100,1979.0,0,0,0.0,6,IR1,0,90,68.0,29.102296283256685,48910.0,6.29,3.0,2007,2,Q1,Duplex,0
175090.062515883,1408,3,3.5,2,2.0,734.0,5,7023,6,674,489.0,611.0,123.0,734,2005.0,0,85,0.0,5,Reg,0,60,60.0,29.102296283256685,48910.0,6.21,2.8,2007,5,Q2,1Fam,1
230841.338626282,5095,2,4.0,-1,3.0,5095.0,10,39290,15,0,1154.0,4010.0,1085.0,5095,2008.0,546,484,1224.0,5,IR1,0,20,128.0,29.102296283256685,48910.0,6.385,2.6,2007,10,Q4,1Fam,1
155225.19006632,1072,2,2.0,2,2.0,547.0,6,3675,5,0,525.0,467.0,80.0,1072,2005.0,0,44,76.0,5,Reg,0,180,35.0,29.102296283256685,48910.0,6.21,2.8,2007,5,Q2,TwnhsE,0
168322.342441945,960,2,2.0,48,1.0,960.0,5,6400,4,0,392.0,77.0,52.0,960,1959.0,144,0,0.0,7,Reg,0,20,64.0,29.102296283256685,48910.0,6.125,3.0,2007,12,Q4,1Fam,1
165956.259265265,1152,2,2.0,52,0.0,0.0,4,6882,6,0,0.0,0.0,0.0,1152,1979.0,0,0,128.0,3,Reg,0,90,74.0,29.102296283256685,48910.0,6.38,2.8,2007,9,Q3,Duplex,0
193956.817564124,1195,4,2.0,61,0.0,1195.0,5,8741,8,0,0.0,0.0,1195.0,1195,1979.0,118,0,0.0,6,Reg,0,90,52.0,29.102296283256685,48910.0,6.710000000000001,3.0,2007,7,Q3,Duplex,1
171070.367893827,865,2,2.0,87,1.0,660.0,6,10042,4,125,216.0,144.0,238.0,740,1920.0,0,0,0.0,8,Reg,0,40,62.0,29.102296283256685,48910.0,6.59,3.0,2007,8,Q3,1Fam,1
166285.243628001,768,2,1.0,52,1.0,768.0,4,8172,4,0,355.0,544.0,224.0,768,1959.0,0,0,0.0,5,Reg,0,20,60.0,29.102296283256685,48910.0,6.710000000000001,3.0,2007,7,Q3,1Fam,0
182875.801346628,864,3,2.0,52,2.0,864.0,4,8172,5,0,528.0,682.0,182.0,864,1996.0,196,0,0.0,5,Reg,0,20,60.0,29.102296283256685,48910.0,6.385,2.6,2007,10,Q4,1Fam,0
218108.536769738,2592,6,4.0,84,0.0,1296.0,5,10890,12,1296,0.0,371.0,925.0,1296,1979.0,0,742,0.0,6,Reg,0,90,60.0,29.102296283256685,48910.0,6.220000000000001,3.0,2007,1,Q1,Duplex,1
174378.777632042,1422,3,1.0,81,1.0,1290.0,5,7223,6,0,352.0,319.0,971.0,1422,1973.0,0,0,0.0,5,Reg,0,30,54.0,29.102296283256685,48910.0,6.17,2.8,2007,4,Q2,1Fam,1
164731.316372391,1298,2,2.0,86,1.0,651.0,6,6821,8,539,240.0,113.0,538.0,759,1994.0,216,0,0.0,7,Reg,0,50,51.0,29.102296283256685,48910.0,6.59,3.0,2007,8,Q3,1Fam,1
156969.695083273,1098,2,2.0,77,1.0,531.0,7,4000,5,531,216.0,246.0,285.0,567,1930.0,0,0,0.0,8,Reg,0,70,63.0,29.102296283256685,48910.0,6.68,3.4,2007,6,Q2,1Fam,1
173388.854342604,1436,3,1.0,86,1.0,585.0,6,6720,7,585,228.0,0.0,585.0,851,1992.0,184,0,0.0,7,Reg,0,70,53.0,29.102296283256685,48910.0,6.17,2.8,2007,4,Q2,1Fam,1
177559.628685119,1461,3,1.0,81,1.0,686.0,6,7155,6,775,225.0,0.0,686.0,686,1926.0,0,0,0.0,8,Reg,0,70,53.0,29.102296283256685,48910.0,6.710000000000001,3.0,2007,7,Q3,1Fam,1
194297.789279905,1718,4,2.5,80,2.0,851.0,7,7230,8,851,264.0,0.0,851.0,867,1927.0,291,0,0.0,7,Reg,153,70,60.0,29.102296283256685,48910.0,6.385,2.6,2007,10,Q4,1Fam,1
174894.588364005,1226,2,1.5,56,2.0,0.0,5,13108,7,0,400.0,0.0,0.0,1226,1951.0,174,24,0.0,5,IR2,228,20,126.0,29.102296283256685,48910.0,6.68,3.4,2007,6,Q2,1Fam,0
196544.144075798,1755,4,2.0,77,1.0,930.0,4,7810,7,525,231.0,189.0,741.0,1230,1930.0,0,40,0.0,6,IR1,0,50,110.0,29.102296283256685,48910.0,6.24,2.6,2007,11,Q4,1Fam,1
179036.158528149,1355,3,2.0,66,2.0,728.0,5,6221,5,595,528.0,533.0,195.0,760,1966.0,0,0,0.0,5,IR1,144,190,79.0,29.102296283256685,48910.0,6.385,2.6,2007,10,Q4,2fmCon,1
211423.986511149,1560,3,1.5,47,2.0,1560.0,6,25485,6,0,580.0,540.0,0.0,1560,1960.0,0,75,423.0,4,IR1,0,20,68.0,29.102296283256685,48910.0,6.21,2.8,2007,5,Q2,1Fam,0
208156.398935188,1488,3,2.5,39,2.0,1488.0,6,21579,7,0,552.0,813.0,675.0,1488,1968.0,0,0,0.0,6,IR1,0,20,68.0,29.102296283256685,48910.0,6.38,2.8,2007,9,Q3,1Fam,0
159233.941347257,1045,2,1.0,27,2.0,516.0,6,1782,5,516,462.0,330.0,186.0,529,1980.0,180,0,0.0,6,Reg,0,160,24.0,29.102296283256685,48910.0,6.125,3.0,2007,12,Q4,Twnhs,0
210820.115134931,1680,4,2.0,12,2.0,1680.0,4,17871,7,0,628.0,0.0,1680.0,1680,1996.0,152,0,0.0,5,IR2,0,20,68.0,29.102296283256685,48910.0,6.68,3.4,2007,6,Q2,1Fam,1
140196.10979821,1020,1,2.0,19,2.0,1004.0,8,3907,4,0,509.0,577.0,427.0,1020,1988.0,135,0,0.0,5,IR1,0,120,35.0,29.102296283256685,48910.0,6.16,2.9,2007,3,Q1,TwnhsE,0
198678.469082978,1696,3,2.0,36,2.0,1696.0,7,20693,7,0,625.0,434.0,1262.0,1696,1971.0,0,146,652.0,5,IR1,0,20,68.0,29.102296283256685,48910.0,6.29,3.0,2007,2,Q1,1Fam,0
186818.610760803,2726,2,2.5,21,2.0,279.0,8,18044,6,0,691.0,0.0,279.0,2726,1986.0,216,64,0.0,5,IR1,0,20,70.0,29.102296283256685,48910.0,6.59,3.0,2007,8,Q3,1Fam,0
175044.797633861,1215,3,1.0,67,2.0,720.0,6,7000,6,495,720.0,375.0,345.0,720,1965.0,0,0,0.0,7,Reg,0,50,50.0,29.102296283256685,48910.0,6.21,2.8,2007,5,Q2,1Fam,1
180031.162892704,1601,3,2.0,82,0.0,936.0,5,7288,6,665,0.0,0.0,936.0,936,1979.0,0,0,0.0,7,Reg,0,50,50.0,29.102296283256685,48910.0,6.38,2.8,2007,9,Q3,1Fam,1
176889.171525162,1828,3,2.0,84,2.0,859.0,5,9060,6,886,480.0,548.0,311.0,942,1979.0,174,0,0.0,6,Reg,0,70,50.0,29.102296283256685,48910.0,6.16,2.9,2007,3,Q1,1Fam,1
159638.856165666,816,2,1.0,85,1.0,816.0,5,3672,5,0,100.0,0.0,816.0,816,1922.0,0,0,0.0,7,Reg,0,30,46.0,29.102296283256685,48910.0,6.38,2.8,2007,9,Q3,1Fam,1
154287.264375509,845,1,1.0,68,1.0,0.0,2,11067,4,0,256.0,0.0,0.0,640,1950.0,48,0,0.0,4,Reg,0,50,64.0,29.102296283256685,48910.0,6.16,2.9,2007,3,Q1,1Fam,1
191885.618181273,1991,4,2.0,112,0.0,957.0,5,8250,9,957,0.0,0.0,957.0,1034,1979.0,0,0,0.0,6,Reg,0,190,75.0,29.102296283256685,48910.0,6.68,3.4,2007,6,Q2,2fmCon,1
177503.378612934,1073,3,2.0,50,2.0,1073.0,4,6565,6,0,720.0,967.0,106.0,1073,1985.0,0,444,0.0,6,Reg,0,20,65.0,29.102296283256685,48910.0,6.59,3.0,2007,8,Q3,1Fam,1
166548.31684976,1001,2,1.0,77,1.0,837.0,5,6060,5,0,216.0,737.0,100.0,1001,1930.0,154,0,0.0,9,Reg,0,30,60.0,29.102296283256685,48910.0,6.24,2.6,2007,11,Q4,1Fam,1
164475.14942856,1625,2,3.5,1,2.0,1573.0,8,5568,5,0,495.0,1573.0,0.0,1625,2006.0,123,0,473.0,5,IR1,153,120,59.0,29.102296283256685,48910.0,6.385,2.6,2007,10,Q4,TwnhsE,1
167484.744857879,1299,2,3.0,28,2.0,1001.0,6,12150,5,0,486.0,1001.0,0.0,1299,1979.0,84,0,0.0,6,IR1,0,85,68.0,29.102296283256685,48910.0,6.220000000000001,3.0,2007,1,Q1,1Fam,0
188683.160555403,1392,3,2.0,5,3.0,1441.0,5,10000,6,0,650.0,585.0,856.0,1392,2002.0,168,49,166.0,5,Reg,0,20,80.0,29.102296283256685,48910.0,6.125,3.0,2007,12,Q4,1Fam,0
162243.399502668,1409,1,2.5,5,2.0,1409.0,7,12864,4,0,576.0,1392.0,17.0,1409,2002.0,0,144,0.0,5,IR1,145,20,44.0,29.102296283256685,48910.0,6.710000000000001,3.0,2007,7,Q3,1Fam,0
180807.213919103,1478,3,3.0,16,2.0,1454.0,7,9928,6,0,506.0,1239.0,215.0,1478,1991.0,114,22,0.0,5,IR1,0,20,68.0,29.102296283256685,48910.0,6.21,2.8,2007,5,Q2,1Fam,1
176279.079637039,918,3,1.5,32,1.0,852.0,7,8750,4,0,360.0,224.0,98.0,918,1975.0,192,84,50.0,6,IR1,0,80,68.0,29.102296283256685,48910.0,6.16,2.9,2007,3,Q1,1Fam,0
163438.959094218,1026,2,2.0,33,2.0,970.0,6,8410,5,0,528.0,924.0,46.0,1026,1974.0,193,0,0.0,6,IR1,0,85,82.0,29.102296283256685,48910.0,6.17,2.8,2007,4,Q2,1Fam,0
161495.5393685,1501,2,3.0,20,2.0,1501.0,7,4054,5,0,512.0,949.0,552.0,1501,1987.0,240,0,352.0,6,IR1,0,120,46.0,29.102296283256685,48910.0,6.385,2.6,2007,10,Q4,TwnhsE,0
216032.303722443,2279,4,2.5,49,2.0,585.0,6,19958,7,0,461.0,0.0,585.0,2279,1958.0,274,0,1224.0,8,Reg,138,20,149.0,29.102296283256685,48910.0,6.710000000000001,3.0,2007,7,Q3,1Fam,1
176632.181541401,1689,3,2.0,1,2.0,1689.0,7,8368,7,0,433.0,0.0,1689.0,1689,2007.0,100,39,0.0,5,IR1,0,20,67.0,29.102296283256685,48910.0,6.17,2.8,2007,4,Q2,1Fam,1
168743.001567144,1564,2,2.0,1,2.0,1546.0,8,8298,6,0,502.0,583.0,963.0,1564,2207.0,132,0,0.0,5,IR1,0,20,68.0,29.102296283256685,48910.0,6.38,2.8,2007,9,Q3,1Fam,1
183810.11848086,1240,3,2.5,22,2.0,1265.0,7,10331,6,0,528.0,215.0,970.0,1240,1985.0,232,0,0.0,7,Reg,0,20,42.0,29.102296283256685,48910.0,6.710000000000001,3.0,2007,7,Q3,1Fam,0
156794.36054728,1312,2,2.0,6,2.0,1267.0,8,6718,5,0,471.0,250.0,1017.0,1312,2001.0,256,28,86.0,5,IR1,0,20,68.0,29.102296283256685,48910.0,6.220000000000001,3.0,2007,1,Q1,1Fam,0
169136.43011395,1922,2,3.0,5,3.0,1922.0,8,11305,6,0,692.0,1329.0,593.0,1922,2002.0,201,64,886.0,5,Reg,0,20,80.0,29.102296283256685,48910.0,6.17,2.8,2007,4,Q2,1Fam,0
183203.318752456,1491,3,2.0,11,2.0,1491.0,6,7777,7,0,571.0,0.0,1491.0,1491,1996.0,0,35,203.0,5,IR1,0,20,68.0,29.102296283256685,48910.0,6.24,2.6,2007,11,Q4,1Fam,0
213252.926930889,2486,5,4.5,4,2.0,1122.0,7,11800,10,1340,452.0,766.0,356.0,1146,2003.0,143,32,94.0,5,IR1,0,60,68.0,29.102296283256685,48910.0,6.710000000000001,3.0,2007,7,Q3,1Fam,1
190550.327866959,1824,3,2.0,1,3.0,1824.0,10,12633,8,0,932.0,0.0,1824.0,1824,2006.0,160,36,242.0,5,IR1,108,20,85.0,29.102296283256685,48910.0,6.38,2.8,2007,9,Q3,1Fam,1
234707.209860273,2034,2,1.0,54,4.0,0.0,3,43500,9,0,1041.0,0.0,0.0,2034,1953.0,483,266,0.0,5,Reg,0,20,200.0,29.102296283256685,48910.0,6.68,3.4,2007,6,Q2,1Fam,0
135751.318892816,936,0,2.5,11,2.0,920.0,6,6710,3,0,460.0,16.0,0.0,936,1996.0,0,40,134.0,5,IR1,0,120,62.0,29.102296283256685,48910.0,6.68,3.4,2007,6,Q2,TwnhsE,1
164228.45886894,1092,3,1.5,35,1.0,546.0,4,1504,5,546,253.0,252.0,294.0,546,1972.0,0,0,0.0,4,Reg,0,160,21.0,29.102296283256685,48910.0,6.21,2.8,2007,5,Q2,Twnhs,0
153219.437030419,992,2,2.0,37,1.0,530.0,4,1533,4,462,297.0,503.0,27.0,530,1970.0,112,97,0.0,5,Reg,0,180,68.0,29.102296283256685,48910.0,6.710000000000001,3.0,2007,7,Q3,Twnhs,0
164210.746523801,1092,3,1.5,37,0.0,546.0,4,1495,5,546,0.0,384.0,162.0,546,1979.0,0,64,189.0,6,Reg,0,160,21.0,29.102296283256685,48910.0,6.21,2.8,2007,5,Q2,TwnhsE,0
163883.229117973,1092,3,1.5,31,1.0,546.0,4,1890,6,546,286.0,0.0,546.0,546,1976.0,0,0,0.0,3,Reg,0,160,21.0,29.102296283256685,48910.0,6.17,2.8,2007,4,Q2,Twnhs,0
154892.776269956,1008,1,2.0,30,2.0,923.0,5,9129,4,0,678.0,923.0,0.0,1008,1977.0,201,66,144.0,5,Reg,0,85,72.0,29.102296283256685,48910.0,6.710000000000001,3.0,2007,7,Q3,1Fam,0
197092.08733832,1356,3,4.0,30,2.0,1244.0,6,15957,6,0,528.0,1148.0,96.0,1356,1977.0,1424,0,0.0,6,IR1,0,80,68.0,29.102296283256685,48910.0,6.38,2.8,2007,9,Q3,1Fam,0
228148.376399122,1676,3,2.5,30,2.0,1160.0,5,33983,6,0,672.0,1112.0,48.0,1676,1977.0,690,90,0.0,6,IR1,0,20,61.0,29.102296283256685,48910.0,6.21,2.8,2007,5,Q2,1Fam,1
178680.587503997,1432,3,2.5,30,2.0,716.0,5,8286,6,716,531.0,531.0,185.0,716,1977.0,0,136,0.0,7,IR1,240,60,68.0,29.102296283256685,48910.0,6.68,3.4,2007,6,Q2,1Fam,0
165643.341167808,796,2,1.5,36,0.0,796.0,5,6723,5,0,0.0,796.0,0.0,796,1979.0,129,0,0.0,7,Reg,0,85,50.0,29.102296283256685,48910.0,6.38,2.8,2007,9,Q3,1Fam,0
222406.642660249,1608,3,1.0,46,1.0,1396.0,4,27697,6,0,444.0,811.0,585.0,1608,1961.0,152,38,198.0,3,Reg,0,20,124.0,29.102296283256685,48910.0,6.24,2.6,2007,11,Q4,1Fam,0
184021.843582599,1178,3,2.5,31,2.0,1090.0,5,11000,6,0,502.0,1090.0,0.0,1178,1976.0,0,44,0.0,6,IR2,88,20,68.0,29.102296283256685,48910.0,6.68,3.4,2007,6,Q2,1Fam,1
170871.094939159,816,2,2.0,24,1.0,816.0,5,11625,4,0,264.0,596.0,220.0,816,1983.0,330,0,0.0,7,IR1,0,20,65.0,29.102296283256685,48910.0,6.21,2.8,2007,5,Q2,1Fam,0
189562.873697309,887,3,1.5,23,1.0,864.0,5,10447,5,0,288.0,516.0,348.0,887,1984.0,140,0,0.0,6,Reg,0,20,62.0,29.102296283256685,48910.0,6.125,3.0,2007,12,Q4,1Fam,0
170591.884966356,1293,2,3.0,52,2.0,1178.0,6,11027,5,0,452.0,468.0,171.0,1293,1954.0,280,0,28.0,5,IR1,0,20,68.0,30.85894600589856,48130.0,6.595,2.4,2006,5,Q2,1Fam,0
172934.351682851,1024,2,2.0,50,1.0,1008.0,6,10533,5,0,313.0,773.0,235.0,1024,1956.0,0,0,244.0,6,IR1,280,20,85.0,30.85894600589856,48130.0,6.52,2.6,2006,8,Q3,1Fam,0
186425.069879189,1797,3,1.5,49,3.0,1617.0,5,11765,7,0,963.0,1127.0,490.0,1797,1957.0,0,0,302.0,5,IR1,0,20,68.0,30.85894600589856,48130.0,6.67,3.1,2006,6,Q2,1Fam,0
218648.131133006,1390,1,2.5,49,2.0,1705.0,6,39384,4,0,550.0,1110.0,595.0,1390,1957.0,0,189,902.0,6,IR1,0,20,68.0,30.85894600589856,48130.0,6.365,2.4,2006,10,Q4,1Fam,0
183035.606761141,1851,3,2.0,37,2.0,1851.0,7,11727,8,0,506.0,0.0,1851.0,1851,1969.0,0,146,434.0,6,Reg,0,20,90.0,30.85894600589856,48130.0,6.34,2.7,2006,3,Q1,1Fam,0
178378.906069427,1525,3,3.5,9,2.0,813.0,6,8238,6,712,400.0,700.0,113.0,813,1997.0,421,72,0.0,5,IR1,0,60,60.0,30.85894600589856,48130.0,6.595,2.4,2006,5,Q2,1Fam,1
184516.716597846,1671,3,2.5,11,2.0,781.0,6,13041,7,890,423.0,0.0,781.0,781,1995.0,0,84,0.0,5,IR2,0,60,68.0,30.85894600589856,48130.0,6.25,3.0,2006,2,Q1,1Fam,0
181419.5253183,1776,3,2.5,10,2.0,821.0,6,9783,7,955,443.0,0.0,821.0,821,1996.0,286,116,0.0,5,IR1,0,60,54.0,30.85894600589856,48130.0,6.595,2.4,2006,5,Q2,1Fam,0
196858.923438425,2064,4,2.5,1,2.0,1074.0,8,13128,7,990,527.0,0.0,1074.0,1074,2005.0,0,119,216.0,5,IR1,0,60,50.0,30.85894600589856,48130.0,6.135,3.1,2006,1,Q1,1Fam,0
189228.701486278,2212,3,3.5,1,3.0,1700.0,7,13751,9,512,773.0,60.0,1640.0,1700,2006.0,237,38,248.0,5,IR1,115,60,42.0,30.85894600589856,48130.0,6.595,2.4,2006,5,Q2,1Fam,1
208973.380761028,2687,4,2.5,12,2.0,2062.0,8,13108,9,608,618.0,0.0,2062.0,2079,1994.0,168,12,0.0,5,IR1,0,160,68.0,30.85894600589856,48130.0,6.125,2.5,2006,12,Q4,1Fam,0
180269.86896412,1169,3,2.5,13,2.0,1160.0,6,8076,6,0,402.0,705.0,455.0,1169,1993.0,0,26,112.0,6,IR1,144,20,68.0,30.85894600589856,48130.0,6.765000000000001,2.8,2006,7,Q3,1Fam,1
159488.713683953,1204,2,2.0,19,2.0,1191.0,8,3701,5,0,461.0,0.0,1191.0,1204,1987.0,120,70,0.0,5,IR1,0,120,30.0,30.85894600589856,48130.0,6.52,2.6,2006,8,Q3,TwnhsE,0
191490.299507521,2798,3,4.5,1,3.0,1398.0,9,16023,11,1384,670.0,1218.0,180.0,1414,2005.0,182,37,600.0,5,IR1,0,60,59.0,30.85894600589856,48130.0,6.34,2.7,2006,3,Q1,1Fam,1
228684.245137946,3390,5,3.5,0,3.0,1528.0,10,18062,10,1862,758.0,0.0,1528.0,1528,2006.0,204,34,662.0,5,IR1,0,60,60.0,30.85894600589856,48130.0,6.415,2.6,2006,9,Q3,1Fam,0
201842.998700429,2473,4,2.5,0,3.0,1094.0,9,12292,11,1371,675.0,205.0,889.0,1102,2006.0,246,39,184.0,5,IR1,0,60,63.0,30.85894600589856,48130.0,6.765000000000001,2.8,2006,7,Q3,1Fam,0
209242.82289186,2698,4,3.5,0,3.0,1850.0,10,16052,11,848,736.0,1206.0,644.0,1850,2006.0,250,0,734.0,5,IR1,0,60,82.0,30.85894600589856,48130.0,6.765000000000001,2.8,2006,7,Q3,1Fam,0
202357.62258493,2795,4,3.5,1,3.0,1390.0,9,15922,10,1405,660.0,0.0,1390.0,1390,2005.0,272,102,550.0,5,IR1,0,60,92.0,30.85894600589856,48130.0,6.135,3.1,2006,1,Q1,1Fam,1
168238.61218265,1714,2,3.0,1,2.0,1714.0,9,8147,7,0,517.0,1191.0,523.0,1714,2005.0,156,55,230.0,5,Reg,0,120,60.0,30.85894600589856,48130.0,6.52,2.6,2006,8,Q3,TwnhsE,0
202524.12465369,2000,3,3.5,1,3.0,1910.0,9,18261,8,0,722.0,1416.0,494.0,2000,2005.0,351,102,420.0,5,IR1,123,20,90.0,30.85894600589856,48130.0,6.415,2.6,2006,9,Q3,1Fam,0
170588.771929588,1102,2,2.0,26,2.0,988.0,6,10464,5,0,582.0,850.0,138.0,1102,1980.0,140,22,130.0,6,IR1,0,85,68.0,30.85894600589856,48130.0,6.67,3.1,2006,6,Q2,1Fam,0
198375.31512987,1857,4,2.5,28,2.0,945.0,7,10530,8,912,482.0,0.0,945.0,945,1978.0,400,105,68.0,5,Reg,0,60,81.0,30.85894600589856,48130.0,6.765000000000001,2.8,2006,7,Q3,1Fam,0
170636.827889889,1083,2,2.0,30,2.0,1047.0,7,9927,5,0,596.0,1005.0,42.0,1083,1976.0,444,0,252.0,5,IR1,0,85,68.0,30.85894600589856,48130.0,6.765000000000001,2.8,2006,7,Q3,1Fam,0
181991.079479377,2318,3,3.5,1,2.0,960.0,7,9512,8,1358,541.0,788.0,172.0,960,2005.0,0,246,0.0,5,IR1,0,60,75.0,30.85894600589856,48130.0,6.67,3.1,2006,6,Q2,1Fam,1
183994.54251844,1875,3,3.0,31,2.0,675.0,6,10530,8,766,485.0,548.0,127.0,1109,1975.0,48,28,248.0,6,Reg,0,80,81.0,30.85894600589856,48130.0,6.67,3.1,2006,6,Q2,1Fam,1
182951.482193584,1103,3,2.0,32,2.0,1103.0,6,10000,6,0,462.0,755.0,348.0,1103,1974.0,295,84,176.0,6,Reg,0,20,80.0,30.85894600589856,48130.0,6.67,3.1,2006,6,Q2,1Fam,0
174126.297156192,874,3,1.5,35,2.0,864.0,4,7200,5,0,576.0,20.0,224.0,874,1995.0,63,0,0.0,4,Reg,0,20,60.0,30.85894600589856,48130.0,6.34,2.7,2006,3,Q1,1Fam,0
170575.496742588,1419,2,3.0,4,2.0,1487.0,6,8773,4,0,543.0,951.0,536.0,1419,2002.0,196,68,0.0,5,IR2,0,120,26.0,30.85894600589856,48130.0,6.415,2.6,2006,9,Q3,TwnhsE,0
175332.239869971,1092,3,1.5,33,2.0,525.0,6,2760,6,567,440.0,0.0,525.0,525,1973.0,0,0,514.0,5,Reg,0,160,24.0,30.85894600589856,48130.0,6.125,2.5,2006,12,Q4,TwnhsE,0
167522.061539111,1365,3,1.5,33,2.0,765.0,5,2160,7,600,440.0,402.0,363.0,765,1973.0,0,36,200.0,6,Reg,0,160,24.0,30.85894600589856,48130.0,6.67,3.1,2006,6,Q2,TwnhsE,0
168095.583738538,1030,3,1.5,34,1.0,494.0,6,1890,6,536,264.0,282.0,212.0,494,1973.0,0,0,380.0,7,Reg,0,160,21.0,30.85894600589856,48130.0,6.765000000000001,2.8,2006,7,Q3,Twnhs,0
154406.415627461,948,2,1.5,34,1.0,483.0,6,1680,5,465,264.0,276.0,207.0,483,1972.0,0,0,504.0,5,Reg,0,160,21.0,30.85894600589856,48130.0,6.765000000000001,2.8,2006,7,Q3,Twnhs,0
170996.973346087,1092,3,1.5,34,1.0,525.0,6,1680,6,567,264.0,382.0,143.0,525,1972.0,352,0,504.0,5,Reg,0,160,21.0,30.85894600589856,48130.0,6.365,2.4,2006,10,Q4,Twnhs,0
159056.890245639,1069,2,2.5,31,2.0,1069.0,6,4043,4,0,440.0,727.0,186.0,1069,1975.0,0,55,0.0,5,Reg,225,120,53.0,30.85894600589856,48130.0,6.765000000000001,2.8,2006,7,Q3,TwnhsE,0
181373.6165193,1387,3,2.0,39,1.0,943.0,5,7514,6,0,300.0,373.0,462.0,1387,1974.0,0,0,0.0,7,Reg,0,20,65.0,30.85894600589856,48130.0,6.415,2.6,2006,9,Q3,1Fam,1
152272.560975937,1055,2,3.0,30,1.0,1055.0,7,2280,4,0,319.0,120.0,443.0,1055,1976.0,0,29,0.0,7,Reg,0,120,24.0,30.85894600589856,48130.0,6.51,2.4,2006,4,Q2,Twnhs,0
168664.346821336,1456,3,2.5,30,2.0,855.0,6,2179,6,601,460.0,70.0,785.0,855,1976.0,0,28,0.0,5,Reg,0,160,24.0,30.85894600589856,48130.0,6.765000000000001,2.8,2006,7,Q3,Twnhs,0
211007.008292301,2589,4,3.5,0,3.0,1738.0,9,16387,11,851,831.0,1369.0,369.0,1738,2006.0,0,0,215.0,5,IR1,0,60,72.0,30.85894600589856,48130.0,6.52,2.6,2006,8,Q3,1Fam,0
182909.515032911,1618,2,2.0,2,3.0,1618.0,8,16163,6,0,880.0,0.0,1618.0,1618,2004.0,0,0,232.0,5,Reg,0,20,110.0,30.85894600589856,48130.0,6.765000000000001,2.8,2006,7,Q3,1Fam,0
203926.829353303,1740,4,2.0,0,3.0,1721.0,7,12228,8,0,874.0,0.0,1721.0,1740,2006.0,0,43,206.0,5,Reg,0,20,108.0,30.85894600589856,48130.0,6.415,2.6,2006,9,Q3,1Fam,0
179082.825442944,1868,2,3.0,1,3.0,1868.0,9,14780,7,0,1085.0,1505.0,363.0,1868,2005.0,354,56,568.0,5,IR1,156,20,120.0,30.85894600589856,48130.0,6.67,3.1,2006,6,Q2,1Fam,0
206260.099795032,2206,4,2.5,1,3.0,1090.0,9,13975,10,1089,670.0,0.0,1090.0,1117,2005.0,148,95,525.0,5,IR1,0,60,120.0,30.85894600589856,48130.0,6.52,2.6,2006,8,Q3,1Fam,1
181732.443415757,2091,3,3.5,1,2.0,1606.0,9,9942,8,466,521.0,1290.0,316.0,1625,2005.0,194,84,385.0,5,IR1,0,60,82.0,30.85894600589856,48130.0,6.595,2.4,2006,5,Q2,1Fam,1
189698.740693148,2253,3,2.5,1,2.0,1209.0,8,12867,8,1044,575.0,0.0,1209.0,1209,2005.0,243,142,0.0,5,IR1,0,60,103.0,30.85894600589856,48130.0,6.765000000000001,2.8,2006,7,Q3,1Fam,1
203074.34678979,2389,4,2.5,0,3.0,1054.0,8,10672,10,1335,672.0,0.0,1054.0,1054,2006.0,176,64,0.0,5,IR1,0,60,82.0,30.85894600589856,48130.0,6.24,2.4,2006,11,Q4,1Fam,0
201670.634365666,2358,4,3.5,1,3.0,1524.0,8,11643,10,814,784.0,880.0,644.0,1544,2005.0,120,34,142.0,5,IR1,0,60,82.0,30.85894600589856,48130.0,6.52,2.6,2006,8,Q3,1Fam,1
173756.812589691,1792,2,3.0,1,3.0,1792.0,9,13758,6,0,925.0,1232.0,560.0,1792,2005.0,204,49,430.0,5,IR1,0,20,121.0,30.85894600589856,48130.0,6.34,2.7,2006,3,Q1,1Fam,1
181387.076390881,1780,2,3.0,2,3.0,1780.0,9,14828,7,0,816.0,1383.0,397.0,1780,2004.0,144,68,674.0,5,IR1,0,20,131.0,30.85894600589856,48130.0,6.52,2.6,2006,8,Q3,1Fam,1
184859.155270535,1914,3,3.5,2,3.0,1420.0,8,13215,9,488,746.0,994.0,426.0,1426,2004.0,168,127,112.0,5,IR1,0,60,68.0,30.85894600589856,48130.0,6.25,3.0,2006,2,Q1,1Fam,0
158313.615666777,1565,2,3.0,1,2.0,1560.0,9,5911,6,0,556.0,472.0,1088.0,1565,2005.0,196,56,278.0,5,Reg,0,120,48.0,30.85894600589856,48130.0,6.34,2.7,2006,3,Q1,TwnhsE,0
151951.955409666,1686,1,3.0,0,3.0,1686.0,9,7740,6,0,899.0,1023.0,663.0,1686,2006.0,266,100,518.0,5,Reg,0,20,61.0,30.85894600589856,48130.0,6.67,3.1,2006,6,Q2,TwnhsE,0
162537.52704471,1666,2,3.0,0,2.0,1666.0,9,6373,6,0,575.0,415.0,1251.0,1666,2006.0,228,75,572.0,5,Reg,0,120,48.0,30.85894600589856,48130.0,6.67,3.1,2006,6,Q2,TwnhsE,0
178998.337067854,1456,3,2.5,1,2.0,728.0,6,10237,8,728,390.0,0.0,728.0,728,2005.0,0,24,0.0,5,Reg,0,60,65.0,30.85894600589856,48130.0,6.25,3.0,2006,2,Q1,1Fam,1
186732.584943041,1492,3,2.5,0,2.0,738.0,7,10237,8,754,440.0,0.0,738.0,738,2006.0,0,32,0.0,5,Reg,0,60,65.0,30.85894600589856,48130.0,6.415,2.6,2006,9,Q3,1Fam,0
187323.318406165,1326,3,2.0,0,2.0,1326.0,6,11660,6,0,427.0,0.0,1326.0,1326,2006.0,100,0,0.0,5,IR1,0,20,102.0,30.85894600589856,48130.0,6.765000000000001,2.8,2006,7,Q3,1Fam,0
199437.232798284,2373,4,2.5,2,3.0,1052.0,8,11631,9,1321,632.0,0.0,1052.0,1052,2004.0,120,46,236.0,5,IR1,0,60,96.0,30.85894600589856,48130.0,6.67,3.1,2006,6,Q2,1Fam,1
185546.680858653,1492,3,2.5,0,2.0,738.0,7,9073,8,754,440.0,0.0,738.0,738,2006.0,100,32,0.0,5,IR1,0,60,75.0,30.85894600589856,48130.0,6.365,2.4,2006,10,Q4,1Fam,0
161595.015798593,1364,2,3.0,0,2.0,1220.0,7,3087,6,0,437.0,453.0,767.0,1364,2006.0,100,16,14.0,5,Reg,0,120,43.0,30.85894600589856,48130.0,6.24,2.4,2006,11,Q4,TwnhsE,0
154672.422763036,1511,2,3.0,4,2.0,1368.0,7,2938,5,0,398.0,1038.0,330.0,1511,2002.0,130,30,40.0,5,Reg,0,120,68.0,30.85894600589856,48130.0,6.595,2.4,2006,5,Q2,TwnhsE,0
159355.710116165,1548,2,3.0,2,2.0,1365.0,7,3072,7,0,388.0,1059.0,306.0,1548,2004.0,143,20,18.0,5,Reg,0,120,68.0,30.85894600589856,48130.0,6.415,2.6,2006,9,Q3,TwnhsE,0
155919.014077746,1142,2,2.0,1,2.0,1142.0,7,3010,6,0,440.0,16.0,1126.0,1142,2005.0,90,0,14.0,5,Reg,0,120,43.0,30.85894600589856,48130.0,6.67,3.1,2006,6,Q2,TwnhsE,1
182424.87095604,1598,3,2.5,2,2.0,848.0,7,9171,7,750,433.0,0.0,848.0,848,2004.0,100,48,0.0,5,IR1,0,60,59.0,30.85894600589856,48130.0,6.765000000000001,2.8,2006,7,Q3,1Fam,1
178100.589622319,1889,3,2.5,6,2.0,982.0,6,8658,9,881,431.0,732.0,250.0,1008,2000.0,0,0,0.0,5,IR1,0,60,68.0,30.85894600589856,48130.0,6.51,2.4,2006,4,Q2,1Fam,0
202577.900044456,2322,4,3.5,0,3.0,1035.0,7,12104,8,1240,617.0,0.0,1035.0,1082,2006.0,400,45,0.0,5,IR1,0,60,68.0,30.85894600589856,48130.0,6.52,2.6,2006,8,Q3,1Fam,0
177862.778940605,1976,3,3.5,8,3.0,1044.0,8,9660,7,897,885.0,791.0,253.0,1079,1998.0,210,31,242.0,5,IR1,0,60,84.0,30.85894600589856,48130.0,6.25,3.0,2006,2,Q1,1Fam,0
182056.024744887,2234,3,3.5,6,3.0,1160.0,8,9545,7,1029,768.0,505.0,655.0,1205,2000.0,0,50,322.0,5,Reg,0,60,83.0,30.85894600589856,48130.0,6.67,3.1,2006,6,Q2,1Fam,0
191403.199177104,2855,4,3.5,6,3.0,1540.0,9,9233,9,1315,774.0,1182.0,358.0,1540,2000.0,247,55,877.0,5,IR1,0,60,68.0,30.85894600589856,48130.0,6.34,2.7,2006,3,Q1,1Fam,0
196264.754980043,2726,4,2.5,11,3.0,1342.0,8,10019,9,1368,725.0,527.0,815.0,1358,1995.0,307,169,397.0,5,IR1,0,60,83.0,30.85894600589856,48130.0,6.67,3.1,2006,6,Q2,1Fam,0
209375.003419718,3500,4,4.5,13,3.0,1733.0,9,17242,11,1567,959.0,292.0,48.0,1933,1993.0,870,86,738.0,5,IR1,210,60,114.0,30.85894600589856,48130.0,6.595,2.4,2006,5,Q2,1Fam,1
196691.81930173,2494,4,3.5,12,3.0,1290.0,8,10236,9,1189,803.0,380.0,742.0,1305,1994.0,200,95,501.0,5,IR1,0,60,68.0,30.85894600589856,48130.0,6.67,3.1,2006,6,Q2,1Fam,1
192458.431539585,2799,3,3.5,13,3.0,1286.0,8,12585,8,1234,704.0,247.0,0.0,1565,1993.0,432,136,420.0,5,IR1,0,60,68.0,30.85894600589856,48130.0,6.365,2.4,2006,10,Q4,1Fam,0
182242.80926507,1964,3,2.5,1,2.0,1100.0,8,12447,8,848,760.0,0.0,1100.0,1116,2005.0,200,70,192.0,5,IR1,0,60,75.0,30.85894600589856,48130.0,6.135,3.1,2006,1,Q1,1Fam,1
183259.503900506,1670,2,3.5,0,3.0,1670.0,8,15218,6,0,928.0,1562.0,108.0,1670,2006.0,0,240,0.0,5,IR1,0,20,49.0,30.85894600589856,48130.0,6.415,2.6,2006,9,Q3,1Fam,0
188108.243748841,1504,3,2.0,0,2.0,1504.0,8,10936,7,0,510.0,0.0,1504.0,1504,2006.0,144,0,60.0,5,Reg,0,20,85.0,30.85894600589856,48130.0,6.415,2.6,2006,9,Q3,1Fam,0
171418.640195797,1278,2,2.0,0,2.0,1278.0,8,8640,5,0,584.0,24.0,1254.0,1278,2006.0,0,60,0.0,5,Reg,0,20,72.0,30.85894600589856,48130.0,6.365,2.4,2006,10,Q4,1Fam,0
194698.882220432,2640,3,4.5,0,3.0,2036.0,9,13162,11,604,792.0,1836.0,200.0,2036,2006.0,0,265,0.0,5,Reg,0,60,100.0,30.85894600589856,48130.0,6.24,2.4,2006,11,Q4,1Fam,0
174841.84007522,1716,3,2.5,1,2.0,858.0,6,8125,7,858,615.0,0.0,858.0,858,2005.0,0,53,0.0,5,Reg,0,60,65.0,30.85894600589856,48130.0,6.25,3.0,2006,2,Q1,1Fam,0
172965.476488899,1142,3,1.5,1,0.0,1142.0,6,7733,5,0,0.0,24.0,1118.0,1142,1979.0,4,50,0.0,5,IR1,0,20,74.0,30.85894600589856,48130.0,6.135,3.1,2006,1,Q1,1Fam,0
189386.323677132,1400,3,2.0,1,2.0,1400.0,7,11024,6,0,612.0,0.0,1400.0,1400,2005.0,144,55,118.0,5,IR1,0,20,91.0,30.85894600589856,48130.0,6.365,2.4,2006,10,Q4,1Fam,1
185682.618340257,1131,3,1.5,1,0.0,1131.0,6,13072,6,0,0.0,0.0,1131.0,1131,1979.0,0,39,0.0,5,Reg,0,20,63.0,30.85894600589856,48130.0,6.34,2.7,2006,3,Q1,1Fam,1
176412.012719061,1686,3,2.5,1,2.0,891.0,7,7800,8,795,462.0,0.0,891.0,891,2005.0,144,101,172.0,5,Reg,0,60,65.0,30.85894600589856,48130.0,6.51,2.4,2006,4,Q2,1Fam,0
174976.489722867,1585,3,2.5,1,2.0,784.0,7,7632,7,754,449.0,0.0,784.0,831,2005.0,100,77,96.0,5,IR1,0,60,74.0,30.85894600589856,48130.0,6.34,2.7,2006,3,Q1,1Fam,0
180718.581707643,1837,3,2.5,9,2.0,941.0,6,8304,7,896,688.0,0.0,941.0,941,1997.0,150,165,0.0,5,IR1,0,60,70.0,30.85894600589856,48130.0,6.765000000000001,2.8,2006,7,Q3,1Fam,1
186131.188248242,1731,3,3.5,14,2.0,836.0,6,9370,7,887,462.0,758.0,78.0,844,1992.0,307,85,0.0,5,IR2,224,60,70.0,30.85894600589856,48130.0,6.365,2.4,2006,10,Q4,1Fam,1
165220.786354033,1398,2,3.0,16,2.0,1398.0,6,7175,5,0,542.0,904.0,494.0,1398,1990.0,0,46,0.0,5,Reg,0,120,50.0,30.85894600589856,48130.0,6.765000000000001,2.8,2006,7,Q3,TwnhsE,1
164115.893800435,1217,2,2.0,15,2.0,1217.0,6,7175,5,0,484.0,278.0,939.0,1217,1991.0,0,64,0.0,5,Reg,0,120,50.0,30.85894600589856,48130.0,6.67,3.1,2006,6,Q2,TwnhsE,0
182125.729127024,1320,3,2.5,12,2.0,636.0,6,9019,6,684,472.0,274.0,362.0,636,1994.0,0,40,0.0,5,IR1,0,60,68.0,30.85894600589856,48130.0,6.765000000000001,2.8,2006,7,Q3,1Fam,0
182285.140233276,988,3,2.0,44,2.0,988.0,5,9100,6,0,624.0,36.0,952.0,988,1977.0,0,0,51.0,4,Reg,0,20,70.0,30.85894600589856,48130.0,6.765000000000001,2.8,2006,7,Q3,1Fam,0
196325.442210366,1654,4,2.0,29,2.0,0.0,6,8927,10,368,528.0,0.0,0.0,1286,1977.0,0,0,0.0,6,Reg,0,90,68.0,30.85894600589856,48130.0,6.52,2.6,2006,8,Q3,Duplex,0
164865.215329881,1211,2,1.0,44,2.0,864.0,5,9240,6,0,576.0,612.0,252.0,1211,1972.0,161,0,0.0,6,IR1,0,20,68.0,30.85894600589856,48130.0,6.34,2.7,2006,3,Q1,1Fam,1
182694.492209823,984,3,1.0,41,1.0,984.0,5,9308,5,0,310.0,554.0,430.0,984,1965.0,0,0,0.0,5,IR1,0,20,68.0,30.85894600589856,48130.0,6.765000000000001,2.8,2006,7,Q3,1Fam,0
185425.485520958,909,3,1.0,38,1.0,882.0,5,8450,5,0,294.0,162.0,450.0,909,1968.0,0,155,90.0,6,Reg,0,20,65.0,30.85894600589856,48130.0,6.24,2.4,2006,11,Q4,1Fam,0
171414.7041191,925,2,2.0,43,2.0,925.0,5,8638,5,0,484.0,181.0,744.0,925,1990.0,203,74,0.0,6,IR1,0,20,68.0,30.85894600589856,48130.0,6.365,2.4,2006,10,Q4,1Fam,0
183433.472466085,1024,3,1.5,41,1.0,1024.0,5,13052,5,0,308.0,712.0,312.0,1024,1965.0,0,0,0.0,6,IR1,0,20,68.0,30.85894600589856,48130.0,6.135,3.1,2006,1,Q1,1Fam,0
176844.981155794,912,3,1.0,42,0.0,912.0,5,8020,6,0,0.0,644.0,268.0,912,1979.0,0,0,0.0,6,IR1,0,20,68.0,30.85894600589856,48130.0,6.51,2.4,2006,4,Q2,1Fam,0
180568.187753206,941,3,1.0,39,1.0,912.0,5,8789,6,0,288.0,659.0,253.0,941,1967.0,64,0,0.0,6,IR1,0,20,68.0,30.85894600589856,48130.0,6.67,3.1,2006,6,Q2,1Fam,0
185948.625475832,2646,3,4.0,32,2.0,1748.0,7,14330,9,495,550.0,1023.0,228.0,2151,1974.0,641,100,145.0,4,IR1,0,80,100.0,30.85894600589856,48130.0,6.135,3.1,2006,1,Q1,1Fam,0
189388.291715481,2826,3,3.5,14,3.0,1334.0,8,11025,9,1306,888.0,1118.0,216.0,1520,1992.0,177,208,692.0,5,Reg,0,60,105.0,30.85894600589856,48130.0,6.365,2.4,2006,10,Q4,1Fam,1
142754.489165865,1143,1,1.5,2,2.0,1143.0,7,3628,5,0,588.0,0.0,1143.0,1143,2004.0,0,191,0.0,5,Reg,0,120,34.0,30.85894600589856,48130.0,6.595,2.4,2006,5,Q2,TwnhsE,0
156106.800760811,1223,2,2.5,1,2.0,600.0,7,2544,4,623,480.0,0.0,600.0,520,2005.0,0,166,0.0,5,Reg,0,160,24.0,30.85894600589856,48130.0,6.765000000000001,2.8,2006,7,Q3,Twnhs,0
155895.397617561,1524,2,2.5,6,2.0,756.0,6,2998,4,756,440.0,353.0,403.0,768,2000.0,0,32,513.0,5,Reg,0,160,68.0,30.85894600589856,48130.0,6.67,3.1,2006,6,Q2,TwnhsE,0
159851.977738548,1080,2,2.5,3,2.0,530.0,7,4447,4,550,496.0,0.0,530.0,530,2003.0,0,50,0.0,5,IR1,0,160,68.0,30.85894600589856,48130.0,6.765000000000001,2.8,2006,7,Q3,TwnhsE,0
185157.832305524,1694,3,2.5,9,1.0,569.0,7,8314,6,840,434.0,0.0,569.0,854,1997.0,0,382,0.0,5,IR1,110,60,114.0,30.85894600589856,48130.0,6.24,2.4,2006,11,Q4,1Fam,1
180716.291710805,1568,3,2.0,5,2.0,1568.0,8,7180,6,0,564.0,0.0,1568.0,1568,2001.0,0,266,0.0,5,IR1,0,20,60.0,30.85894600589856,48130.0,6.415,2.6,2006,9,Q3,1Fam,1
176901.093954071,1193,2,3.0,34,2.0,1153.0,5,13110,6,0,501.0,962.0,191.0,1193,1972.0,140,153,144.0,6,IR1,0,190,79.0,30.85894600589856,48130.0,6.765000000000001,2.8,2006,7,Q3,2fmCon,0
181017.222455218,1334,3,3.0,39,2.0,1334.0,7,10140,7,0,477.0,553.0,713.0,1334,1967.0,0,20,264.0,6,Reg,264,20,78.0,30.85894600589856,48130.0,6.51,2.4,2006,4,Q2,1Fam,0
183269.159407668,1051,3,2.0,38,2.0,1051.0,5,9600,6,0,504.0,758.0,293.0,1051,1968.0,0,0,0.0,5,Reg,0,20,80.0,30.85894600589856,48130.0,6.765000000000001,2.8,2006,7,Q3,1Fam,0
193550.830097069,1770,4,2.5,38,2.0,900.0,5,8640,7,886,530.0,361.0,56.0,884,1968.0,0,60,300.0,5,Reg,270,60,72.0,30.85894600589856,48130.0,6.67,3.1,2006,6,Q2,1Fam,0
170625.842699726,976,2,2.0,38,2.0,976.0,6,9360,4,0,504.0,760.0,216.0,976,1968.0,94,0,203.0,7,Reg,0,20,78.0,30.85894600589856,48130.0,6.52,2.6,2006,8,Q3,1Fam,1
182012.405942725,898,3,2.0,38,1.0,833.0,5,8400,6,0,326.0,744.0,89.0,898,1968.0,143,0,0.0,6,Reg,0,85,70.0,30.85894600589856,48130.0,6.52,2.6,2006,8,Q3,1Fam,0
179162.507290733,1051,3,2.0,40,1.0,1051.0,5,9759,6,0,264.0,799.0,252.0,1051,1966.0,182,88,0.0,5,IR1,0,20,68.0,30.85894600589856,48130.0,6.34,2.7,2006,3,Q1,1Fam,0
183269.159407668,1141,3,2.0,39,1.0,1141.0,5,9600,6,0,568.0,602.0,137.0,1141,1967.0,0,78,140.0,7,Reg,0,80,80.0,30.85894600589856,48130.0,6.765000000000001,2.8,2006,7,Q3,1Fam,0
180589.836175042,1565,3,3.0,41,1.0,1187.0,6,8800,7,0,299.0,901.0,34.0,1565,1965.0,200,25,0.0,7,Reg,0,190,80.0,30.85894600589856,48130.0,6.67,3.1,2006,6,Q2,2fmCon,1
181465.935198741,1488,3,2.5,42,2.0,1008.0,6,10368,7,0,430.0,260.0,0.0,1488,1964.0,154,60,112.0,6,IR1,0,20,68.0,30.85894600589856,48130.0,6.51,2.4,2006,4,Q2,1Fam,0
196053.029878304,1440,4,1.5,42,2.0,720.0,5,9350,7,720,480.0,360.0,360.0,720,1964.0,0,32,0.0,6,Reg,0,60,85.0,30.85894600589856,48130.0,6.765000000000001,2.8,2006,7,Q3,1Fam,0
183421.020319014,1248,3,2.0,46,1.0,1248.0,5,10800,6,0,286.0,632.0,616.0,1248,1960.0,0,0,88.0,7,Reg,0,20,80.0,30.85894600589856,48130.0,6.595,2.4,2006,5,Q2,1Fam,0
167926.839083612,816,2,2.0,72,1.0,816.0,6,8550,4,0,240.0,574.0,242.0,816,1949.0,228,0,0.0,8,Reg,0,30,60.0,30.85894600589856,48130.0,6.765000000000001,2.8,2006,7,Q3,1Fam,1
168027.530997889,1043,2,1.0,59,1.0,938.0,5,9724,5,0,273.0,0.0,938.0,1043,1947.0,125,48,0.0,7,Reg,0,20,68.0,30.85894600589856,48130.0,6.595,2.4,2006,5,Q2,1Fam,1
182164.26685407,1433,3,2.0,45,2.0,1251.0,5,9600,7,0,441.0,915.0,336.0,1433,1961.0,144,0,0.0,6,Reg,0,20,80.0,30.85894600589856,48130.0,6.67,3.1,2006,6,Q2,1Fam,1
172469.071592608,1624,2,2.0,54,1.0,1444.0,5,10858,6,0,240.0,40.0,1404.0,1624,1952.0,0,40,150.0,6,Reg,0,20,89.0,30.85894600589856,48130.0,6.765000000000001,2.8,2006,7,Q3,1Fam,0
181059.374300472,1216,3,2.0,55,1.0,1056.0,5,9600,7,0,280.0,996.0,60.0,1216,1951.0,0,0,144.0,5,Reg,0,20,80.0,30.85894600589856,48130.0,6.595,2.4,2006,5,Q2,1Fam,0
182997.570115536,1728,3,1.5,57,1.0,704.0,5,9462,7,704,234.0,0.0,704.0,1024,1949.0,245,60,0.0,6,Reg,0,60,79.0,30.85894600589856,48130.0,6.765000000000001,2.8,2006,7,Q3,1Fam,1
166140.504179894,936,2,1.0,52,1.0,936.0,5,9888,5,0,240.0,486.0,450.0,936,1954.0,0,0,0.0,6,Reg,0,20,82.0,30.85894600589856,48130.0,6.34,2.7,2006,3,Q1,1Fam,1
198515.546934075,1584,4,2.0,39,2.0,1584.0,5,8917,8,0,506.0,0.0,1584.0,1584,1967.0,0,0,0.0,5,IR1,0,90,68.0,30.85894600589856,48130.0,6.365,2.4,2006,10,Q4,Duplex,0
193789.648503294,1246,3,2.0,42,2.0,1246.0,6,12700,6,0,441.0,939.0,307.0,1246,1964.0,0,69,0.0,5,IR1,0,80,68.0,30.85894600589856,48130.0,6.24,2.4,2006,11,Q4,1Fam,0
173550.025727531,1008,2,1.0,43,2.0,1008.0,6,9723,5,0,430.0,0.0,1008.0,1008,1963.0,0,0,332.0,7,IR1,0,20,109.0,30.85894600589856,48130.0,6.365,2.4,2006,10,Q4,1Fam,0
176487.943174734,1364,3,1.5,49,1.0,1179.0,5,8400,6,0,331.0,623.0,556.0,1364,1957.0,0,60,0.0,5,Reg,0,20,70.0,30.85894600589856,48130.0,6.34,2.7,2006,3,Q1,1Fam,0
188813.302559147,1336,3,1.5,48,2.0,1121.0,6,9610,7,0,488.0,203.0,918.0,1336,1958.0,80,0,632.0,6,IR1,0,20,68.0,30.85894600589856,48130.0,6.125,2.5,2006,12,Q4,1Fam,0
178531.911979192,1370,3,2.0,50,1.0,1058.0,5,10000,6,0,300.0,678.0,99.0,1370,1956.0,191,0,272.0,6,Reg,120,80,125.0,30.85894600589856,48130.0,6.25,3.0,2006,2,Q1,1Fam,0
182145.731469001,1124,3,2.0,50,1.0,1124.0,6,10152,6,0,353.0,914.0,210.0,1124,1956.0,0,211,0.0,6,Reg,142,20,72.0,30.85894600589856,48130.0,6.595,2.4,2006,5,Q2,1Fam,1
179196.465024103,1050,3,2.0,52,1.0,1050.0,6,8092,6,0,286.0,824.0,226.0,1050,1954.0,0,0,176.0,8,Reg,0,20,70.0,30.85894600589856,48130.0,6.67,3.1,2006,6,Q2,1Fam,1
169618.349900686,1008,2,2.0,54,1.0,1008.0,5,12778,4,0,280.0,658.0,350.0,1008,1952.0,0,154,0.0,6,Reg,0,20,66.0,30.85894600589856,48130.0,6.135,3.1,2006,1,Q1,1Fam,1
170010.168655046,1575,2,1.5,55,2.0,216.0,6,10170,5,0,400.0,0.0,216.0,1575,1951.0,0,0,522.0,6,Reg,0,20,75.0,30.85894600589856,48130.0,6.67,3.1,2006,6,Q2,1Fam,0
181739.671652174,1145,3,1.0,50,2.0,301.0,5,7700,6,0,684.0,271.0,30.0,1145,1993.0,0,0,0.0,7,Reg,0,80,55.0,30.85894600589856,48130.0,6.415,2.6,2006,9,Q3,1Fam,0
172846.934955574,1005,2,1.0,50,1.0,1005.0,5,11050,6,0,319.0,488.0,517.0,1005,1956.0,0,0,0.0,5,Reg,288,20,65.0,30.85894600589856,48130.0,6.765000000000001,2.8,2006,7,Q3,1Fam,0
195560.8830172,1056,3,2.5,51,1.0,1056.0,5,13600,6,0,300.0,144.0,0.0,1056,1955.0,0,0,0.0,6,Reg,0,20,80.0,30.85894600589856,48130.0,6.24,2.4,2006,11,Q4,1Fam,0
180358.114292956,884,2,2.0,55,1.0,884.0,5,15428,4,0,270.0,741.0,143.0,884,1951.0,0,0,0.0,6,Reg,195,20,85.0,30.85894600589856,48130.0,6.67,3.1,2006,6,Q2,1Fam,1
211817.702818093,2039,3,2.5,65,3.0,929.0,7,21299,7,0,791.0,0.0,929.0,2039,1941.0,0,0,0.0,5,Reg,0,30,118.0,30.85894600589856,48130.0,6.125,2.5,2006,12,Q4,1Fam,1
176170.128686742,1384,2,2.0,50,2.0,1015.0,5,13300,6,0,896.0,494.0,521.0,1384,2001.0,75,0,0.0,5,Reg,0,20,70.0,30.85894600589856,48130.0,6.67,3.1,2006,6,Q2,1Fam,1
234492.248263699,2640,5,4.5,81,3.0,2171.0,5,22136,10,1248,1008.0,1018.0,1153.0,1392,1977.0,631,48,0.0,5,Reg,0,190,94.0,30.85894600589856,48130.0,6.765000000000001,2.8,2006,7,Q3,2fmCon,1
182450.956536015,1312,3,1.5,59,2.0,784.0,6,7500,6,412,649.0,0.0,784.0,900,1953.0,0,28,0.0,6,Reg,0,50,50.0,30.85894600589856,48130.0,6.365,2.4,2006,10,Q4,1Fam,1
174902.068073146,713,2,1.0,76,1.0,713.0,3,10410,5,0,371.0,0.0,713.0,713,1936.0,0,75,0.0,8,Reg,0,30,60.0,30.85894600589856,48130.0,6.365,2.4,2006,10,Q4,1Fam,1
173684.174293738,715,2,1.0,77,2.0,715.0,3,10914,4,0,660.0,0.0,715.0,715,1967.0,0,0,0.0,3,Reg,112,30,60.0,30.85894600589856,48130.0,6.52,2.6,2006,8,Q3,1Fam,1
147196.673677562,720,1,1.0,106,1.0,448.0,4,7008,5,272,280.0,0.0,448.0,448,1900.0,0,0,0.0,8,Reg,0,50,60.0,30.85894600589856,48130.0,6.34,2.7,2006,3,Q1,1Fam,1
175231.189709791,1595,3,2.0,91,2.0,663.0,6,7200,7,821,528.0,338.0,325.0,774,1974.0,49,0,0.0,8,Reg,0,70,60.0,30.85894600589856,48130.0,6.51,2.4,2006,4,Q2,1Fam,1
193417.64740633,1760,4,1.5,96,2.0,1077.0,4,10818,7,779,648.0,0.0,1077.0,981,1935.0,120,0,0.0,4,Reg,0,50,60.0,30.85894600589856,48130.0,6.25,3.0,2006,2,Q1,1Fam,1
183313.601249761,1146,3,1.5,43,1.0,1083.0,6,10184,6,0,294.0,580.0,503.0,1146,1963.0,345,75,379.0,5,Reg,0,80,83.0,30.85894600589856,48130.0,6.67,3.1,2006,6,Q2,1Fam,0
180882.250849082,1207,3,1.5,44,1.0,1135.0,6,9510,6,0,264.0,701.0,434.0,1207,1962.0,0,240,161.0,5,Reg,0,20,77.0,30.85894600589856,48130.0,6.595,2.4,2006,5,Q2,1Fam,1
186735.697979808,1773,3,3.0,45,2.0,1313.0,6,10800,6,0,418.0,913.0,400.0,1773,1961.0,355,98,104.0,6,Reg,144,20,80.0,30.85894600589856,48130.0,6.52,2.6,2006,8,Q3,1Fam,1
172922.865411247,1472,2,2.0,47,2.0,0.0,7,11650,5,0,484.0,0.0,0.0,1472,1959.0,0,68,58.0,5,Reg,227,20,86.0,30.85894600589856,48130.0,6.67,3.1,2006,6,Q2,1Fam,0
202551.677190573,2448,3,4.0,44,2.0,1438.0,7,18275,9,548,441.0,636.0,802.0,1900,1962.0,520,102,0.0,8,IR1,0,60,68.0,30.85894600589856,48130.0,6.415,2.6,2006,9,Q3,1Fam,1
190485.634074173,1521,3,1.5,56,1.0,910.0,4,12144,6,611,597.0,455.0,455.0,910,1950.0,199,0,0.0,6,Reg,0,50,60.0,30.85894600589856,48130.0,6.415,2.6,2006,9,Q3,1Fam,0
173439.49362151,1040,2,2.0,56,2.0,0.0,3,8544,6,0,400.0,0.0,0.0,1040,1950.0,0,0,0.0,4,Reg,0,90,60.0,30.85894600589856,48130.0,6.125,2.5,2006,12,Q4,Duplex,0
196613.598849219,1556,4,2.0,46,0.0,1556.0,5,8512,8,0,0.0,0.0,1556.0,1556,1979.0,0,0,0.0,5,Reg,0,90,75.0,30.85894600589856,48130.0,6.415,2.6,2006,9,Q3,Duplex,0
178152.259700828,1150,3,1.0,45,1.0,1150.0,5,7000,6,0,288.0,781.0,369.0,1150,1961.0,0,0,0.0,4,Reg,162,20,70.0,30.85894600589856,48130.0,6.765000000000001,2.8,2006,7,Q3,1Fam,0
174519.904825949,1045,3,2.0,44,2.0,1045.0,7,7400,6,0,528.0,809.0,236.0,1045,1962.0,0,0,0.0,6,Reg,0,20,74.0,30.85894600589856,48130.0,6.34,2.7,2006,3,Q1,1Fam,0
172627.796932837,864,3,1.5,44,1.0,864.0,5,7000,5,0,336.0,468.0,396.0,864,1962.0,0,0,0.0,6,Reg,0,20,70.0,30.85894600589856,48130.0,6.25,3.0,2006,2,Q1,1Fam,0
173732.689486435,1025,3,2.0,44,0.0,1025.0,5,7000,6,0,0.0,953.0,72.0,1025,1979.0,96,80,0.0,5,Reg,0,190,70.0,30.85894600589856,48130.0,6.34,2.7,2006,3,Q1,2fmCon,0
209219.844787023,2014,5,2.0,106,2.0,716.0,5,9856,8,1007,624.0,0.0,716.0,1007,1900.0,0,72,0.0,8,Reg,0,70,62.0,30.85894600589856,48130.0,6.67,3.1,2006,6,Q2,1Fam,1
181059.374300472,1668,3,2.0,58,1.0,1212.0,5,9600,6,442,240.0,276.0,936.0,1226,1948.0,0,0,264.0,6,Reg,0,50,60.0,30.85894600589856,48130.0,6.595,2.4,2006,5,Q2,1Fam,1
188515.443002459,1657,4,1.0,86,1.0,1147.0,4,5520,9,510,162.0,284.0,863.0,1147,1920.0,0,0,0.0,6,Reg,0,50,60.0,30.85894600589856,48130.0,6.765000000000001,2.8,2006,7,Q3,1Fam,1
182164.26685407,1416,3,1.5,106,2.0,780.0,6,9600,7,476,400.0,381.0,399.0,940,1956.0,0,24,0.0,8,Reg,0,50,60.0,30.85894600589856,48130.0,6.67,3.1,2006,6,Q2,1Fam,1
188137.901597981,1428,4,2.0,106,2.0,712.0,7,6451,7,580,576.0,208.0,504.0,848,1985.0,264,0,0.0,7,Reg,0,70,58.0,30.85894600589856,48130.0,6.595,2.4,2006,5,Q2,1Fam,1
158893.54306269,1004,2,1.0,76,1.0,502.0,7,3960,5,502,200.0,0.0,502.0,502,1930.0,280,0,0.0,8,Reg,0,70,66.0,30.85894600589856,48130.0,6.765000000000001,2.8,2006,7,Q3,1Fam,1
189579.65066771,1951,4,2.0,106,2.0,938.0,4,7745,9,867,576.0,0.0,938.0,1084,1993.0,0,6,0.0,6,Reg,0,190,56.0,30.85894600589856,48130.0,6.51,2.4,2006,4,Q2,2fmCon,1
165229.803505847,1032,2,1.0,82,1.0,1032.0,6,7741,5,0,280.0,143.0,817.0,1032,1995.0,0,0,0.0,5,Reg,0,30,56.0,30.85894600589856,48130.0,6.67,3.1,2006,6,Q2,1Fam,1
162186.071220207,844,2,1.0,81,1.0,844.0,5,5633,5,0,216.0,0.0,844.0,844,1925.0,50,81,0.0,7,Reg,0,30,50.0,30.85894600589856,48130.0,6.765000000000001,2.8,2006,7,Q3,1Fam,1
166374.879866351,864,2,1.0,56,1.0,576.0,4,7200,5,0,528.0,0.0,576.0,864,1952.0,0,0,0.0,5,Reg,115,20,60.0,30.85894600589856,48130.0,6.52,2.6,2006,8,Q3,1Fam,0
161665.184974757,1376,2,1.0,101,1.0,738.0,3,7614,7,662,216.0,0.0,738.0,714,1930.0,0,0,0.0,5,Reg,225,70,42.0,30.85894600589856,48130.0,6.34,2.7,2006,3,Q1,1Fam,1
175079.328798445,960,3,2.0,51,2.0,960.0,5,6000,5,0,576.0,576.0,384.0,960,1976.0,0,0,0.0,7,Reg,0,190,50.0,30.85894600589856,48130.0,6.67,3.1,2006,6,Q2,2fmCon,0
203840.874021305,1566,5,1.5,82,2.0,816.0,5,6000,7,750,450.0,0.0,816.0,816,1976.0,24,0,145.0,7,Reg,0,50,50.0,30.85894600589856,48130.0,6.52,2.6,2006,8,Q3,1Fam,1
152129.078861057,492,1,2.0,85,1.0,492.0,3,7830,3,0,200.0,416.0,76.0,492,1921.0,0,0,0.0,5,Reg,0,30,52.0,30.85894600589856,48130.0,6.67,3.1,2006,6,Q2,1Fam,1
181012.141380101,1182,3,1.5,61,1.0,770.0,6,9576,5,297,378.0,310.0,460.0,885,1945.0,0,0,0.0,7,Reg,0,50,56.0,30.85894600589856,48130.0,6.595,2.4,2006,5,Q2,1Fam,1
161305.53503837,840,2,1.0,86,1.0,798.0,3,5747,5,0,250.0,0.0,798.0,840,1938.0,112,0,0.0,4,Reg,0,30,48.0,30.85894600589856,48130.0,6.67,3.1,2006,6,Q2,1Fam,1
203326.392972343,2104,5,2.0,96,2.0,1226.0,7,6300,9,878,432.0,0.0,1226.0,1226,1910.0,0,341,0.0,6,Reg,0,75,70.0,30.85894600589856,48130.0,6.765000000000001,2.8,2006,7,Q3,1Fam,1
168385.571141831,1248,2,2.0,86,0.0,624.0,5,5976,8,624,0.0,0.0,624.0,624,1979.0,0,130,0.0,7,Reg,0,90,33.0,30.85894600589856,48130.0,6.125,2.5,2006,12,Q4,Duplex,1
183564.365159986,960,3,1.0,48,2.0,960.0,5,9750,5,0,624.0,0.0,960.0,960,2002.0,0,0,0.0,5,Reg,0,20,65.0,30.85894600589856,48130.0,6.765000000000001,2.8,2006,7,Q3,1Fam,0
163784.619440861,1020,2,1.0,88,0.0,1020.0,3,4761,5,0,0.0,0.0,1020.0,1020,1979.0,0,0,0.0,3,Reg,0,50,63.0,30.85894600589856,48130.0,6.365,2.4,2006,10,Q4,1Fam,1
171989.192193993,1827,2,1.0,82,1.0,848.0,6,11737,9,810,240.0,0.0,848.0,1017,1943.0,27,36,0.0,7,IR1,0,70,69.0,30.85894600589856,48130.0,6.595,2.4,2006,5,Q2,1Fam,1
180839.95616829,1162,3,2.0,76,1.0,728.0,3,6120,6,434,258.0,347.0,381.0,728,1930.0,0,24,0.0,5,Reg,0,50,51.0,30.85894600589856,48130.0,6.24,2.4,2006,11,Q4,1Fam,1
170895.923185907,1324,3,1.0,76,1.0,741.0,5,6120,7,583,180.0,0.0,741.0,741,1930.0,0,0,0.0,7,Reg,0,50,51.0,30.85894600589856,48130.0,6.25,3.0,2006,2,Q1,1Fam,1
174071.054808518,816,2,1.0,81,1.0,816.0,5,11672,4,0,210.0,0.0,816.0,816,1925.0,168,0,0.0,5,IR2,0,30,50.0,30.85894600589856,48130.0,6.765000000000001,2.8,2006,7,Q3,1Fam,1
259423.859147546,2486,5,2.0,44,2.0,1595.0,6,33120,8,875,576.0,0.0,1595.0,1611,1962.0,0,0,0.0,5,IR3,0,50,90.0,30.85894600589856,48130.0,6.365,2.4,2006,10,Q4,1Fam,0
188000.824679588,1430,3,2.0,82,2.0,596.0,4,10320,7,596,370.0,0.0,596.0,834,1924.0,218,0,0.0,5,Reg,210,50,60.0,30.85894600589856,48130.0,6.365,2.4,2006,10,Q4,1Fam,1
179171.703565498,1330,3,1.0,96,1.0,396.0,5,7518,7,665,390.0,0.0,396.0,665,2001.0,0,72,0.0,8,Reg,0,70,60.0,30.85894600589856,48130.0,6.765000000000001,2.8,2006,7,Q3,1Fam,1
171022.241447762,819,2,1.0,87,0.0,610.0,5,9000,4,0,0.0,0.0,610.0,819,1979.0,0,0,0.0,4,Reg,0,30,50.0,30.85894600589856,48130.0,6.415,2.6,2006,9,Q3,1Fam,1
174126.297156192,984,3,1.0,76,1.0,984.0,6,7200,6,0,308.0,343.0,641.0,984,1930.0,0,0,0.0,6,Reg,0,30,60.0,30.85894600589856,48130.0,6.34,2.7,2006,3,Q1,1Fam,1
187625.573271948,1422,3,2.0,55,1.0,806.0,5,12375,7,341,288.0,329.0,477.0,1081,1951.0,0,0,41.0,5,Reg,0,50,82.0,30.85894600589856,48130.0,6.67,3.1,2006,6,Q2,1Fam,0
199567.946369234,1921,4,2.0,42,2.0,1921.0,6,11136,8,0,576.0,0.0,1921.0,1921,1964.0,0,180,0.0,5,Reg,0,90,120.0,30.85894600589856,48130.0,6.765000000000001,2.8,2006,7,Q3,Duplex,0
205328.078219268,1640,3,1.0,56,2.0,0.0,5,21370,7,0,394.0,0.0,0.0,1640,1950.0,0,0,0.0,5,Reg,0,20,100.0,30.85894600589856,48130.0,6.67,3.1,2006,6,Q2,1Fam,0
166231.535025379,1032,2,1.0,71,1.0,0.0,5,8250,6,0,260.0,0.0,0.0,1032,1939.0,0,0,0.0,7,Reg,0,30,55.0,30.85894600589856,48130.0,6.67,3.1,2006,6,Q2,1Fam,1
154743.91606057,879,2,1.0,70,1.0,830.0,5,5220,4,0,180.0,0.0,830.0,879,1936.0,0,108,0.0,3,IR1,0,30,50.0,30.85894600589856,48130.0,6.135,3.1,2006,1,Q1,1Fam,1
159714.537012622,1073,2,3.0,2,1.0,1073.0,7,5500,4,0,246.0,510.0,190.0,1073,2004.0,0,120,0.0,5,Reg,0,20,50.0,30.85894600589856,48130.0,6.595,2.4,2006,5,Q2,1Fam,0
185563.069082422,1064,3,1.5,39,2.0,1064.0,5,11327,6,0,528.0,779.0,285.0,1064,1967.0,314,48,305.0,6,IR1,0,20,68.0,30.85894600589856,48130.0,6.67,3.1,2006,6,Q2,1Fam,0
171500.796725006,934,2,1.5,42,1.0,912.0,6,10366,4,0,336.0,456.0,456.0,934,1964.0,77,0,0.0,7,IR1,0,80,80.0,30.85894600589856,48130.0,6.765000000000001,2.8,2006,7,Q3,1Fam,0
180983.443844799,1059,3,2.0,40,1.0,1059.0,5,9000,6,0,286.0,773.0,286.0,1059,1966.0,0,88,0.0,6,Reg,0,20,75.0,30.85894600589856,48130.0,6.67,3.1,2006,6,Q2,1Fam,0
183141.236914997,1458,3,2.5,39,2.0,1176.0,5,9535,7,0,512.0,194.0,0.0,1458,1967.0,284,0,450.0,5,IR1,0,20,68.0,30.85894600589856,48130.0,6.765000000000001,2.8,2006,7,Q3,1Fam,0
178498.634450214,1040,3,2.0,28,2.0,960.0,6,7176,6,0,616.0,794.0,166.0,1040,1979.0,131,0,200.0,6,IR1,180,80,68.0,30.85894600589856,48130.0,6.765000000000001,2.8,2006,7,Q3,1Fam,0
224323.710512388,1967,6,2.0,29,2.0,1967.0,5,9662,10,0,580.0,0.0,1967.0,1967,1977.0,170,0,0.0,4,IR1,0,90,68.0,30.85894600589856,48130.0,6.52,2.6,2006,8,Q3,Duplex,0
218200.642127877,1949,6,2.0,29,2.0,1949.0,5,8235,10,0,586.0,483.0,1466.0,1949,1977.0,32,0,99.0,4,Reg,0,90,75.0,30.85894600589856,48130.0,6.595,2.4,2006,5,Q2,Duplex,0
182283.177756557,872,2,1.0,82,1.0,872.0,5,17529,5,0,322.0,0.0,872.0,872,1924.0,0,0,65.0,5,Reg,0,30,68.0,30.85894600589856,48130.0,6.51,2.4,2006,4,Q2,1Fam,1
190054.639237419,1830,2,2.0,39,2.0,1865.0,7,20355,6,0,521.0,810.0,229.0,1830,1967.0,0,115,123.0,6,Reg,0,20,68.0,30.85894600589856,48130.0,6.67,3.1,2006,6,Q2,1Fam,0
160192.453934518,1000,1,2.0,43,2.0,1000.0,5,13050,4,0,575.0,104.0,46.0,1000,1993.0,238,0,0.0,6,Reg,0,20,87.0,30.85894600589856,48130.0,6.51,2.4,2006,4,Q2,1Fam,0
171289.393581756,810,2,2.0,35,2.0,782.0,5,10820,4,0,576.0,535.0,88.0,810,1973.0,0,0,153.0,7,Reg,0,85,72.0,30.85894600589856,48130.0,6.67,3.1,2006,6,Q2,1Fam,1
151131.098733642,1700,2,3.5,26,1.0,430.0,7,1700,7,680,450.0,397.0,33.0,880,1980.0,188,36,0.0,5,Reg,200,150,68.0,30.85894600589856,48130.0,6.51,2.4,2006,4,Q2,Twnhs,1
181721.458225594,1350,3,1.5,52,2.0,967.0,4,9375,6,0,504.0,799.0,168.0,1350,1954.0,237,0,0.0,5,Reg,0,20,75.0,30.85894600589856,48130.0,6.67,3.1,2006,6,Q2,1Fam,0
172725.053851858,1150,3,1.0,64,1.0,799.0,5,6488,6,351,215.0,230.0,569.0,799,1942.0,264,0,0.0,5,Reg,0,50,62.0,30.85894600589856,48130.0,6.34,2.7,2006,3,Q1,1Fam,1
222438.699143414,2009,4,2.0,78,3.0,672.0,6,19950,8,672,795.0,0.0,672.0,1337,1928.0,0,42,0.0,7,Reg,180,70,114.0,30.85894600589856,48130.0,6.125,2.5,2006,12,Q4,1Fam,1
235419.373448928,3672,5,3.5,71,2.0,1836.0,6,19800,7,1836,836.0,425.0,1411.0,1836,1993.0,684,80,0.0,8,Reg,0,75,60.0,30.85894600589856,48130.0,6.125,2.5,2006,12,Q4,1Fam,1
185150.926027596,1560,3,2.5,44,2.0,1776.0,5,11679,6,0,528.0,612.0,0.0,1560,1962.0,453,253,96.0,5,IR1,0,80,78.0,30.85894600589856,48130.0,6.595,2.4,2006,5,Q2,1Fam,0
184772.239624699,1488,3,1.0,54,2.0,0.0,5,12048,7,0,569.0,0.0,0.0,1488,2002.0,0,189,232.0,6,Reg,348,20,80.0,30.85894600589856,48130.0,6.51,2.4,2006,4,Q2,1Fam,1
180658.216435809,1057,3,1.5,51,1.0,1057.0,5,10519,6,0,288.0,0.0,1057.0,1057,1955.0,0,0,164.0,8,Reg,0,20,70.0,30.85894600589856,48130.0,6.34,2.7,2006,3,Q1,1Fam,1
209673.316647174,1609,5,1.5,53,1.0,1000.0,6,9525,7,541,305.0,468.0,532.0,1068,1953.0,0,0,0.0,5,Reg,0,50,75.0,30.85894600589856,48130.0,6.765000000000001,2.8,2006,7,Q3,1Fam,0
205939.810625621,2559,4,2.5,17,2.0,868.0,6,12128,9,1246,506.0,549.0,319.0,1313,1989.0,0,245,232.0,4,IR1,168,60,88.0,30.85894600589856,48130.0,6.24,2.4,2006,11,Q4,1Fam,0
165633.573325837,1440,2,4.0,13,4.0,1344.0,6,9069,8,0,920.0,261.0,0.0,1440,1993.0,288,0,0.0,8,Reg,0,90,73.0,30.85894600589856,48130.0,6.51,2.4,2006,4,Q2,Duplex,0
186030.317211014,1876,3,2.5,1,3.0,1308.0,7,11003,7,568,848.0,0.0,1308.0,1308,2005.0,0,40,0.0,5,IR2,0,60,133.0,30.85894600589856,48130.0,6.765000000000001,2.8,2006,7,Q3,1Fam,1
160312.319589212,1208,2,2.0,1,2.0,1208.0,7,7488,6,0,632.0,393.0,815.0,1208,2005.0,105,58,0.0,5,IR1,0,20,64.0,30.85894600589856,48130.0,6.25,3.0,2006,2,Q1,1Fam,0
190702.440251029,1846,3,3.0,0,2.0,1836.0,6,13377,7,0,495.0,1576.0,260.0,1846,2006.0,0,32,0.0,5,Reg,0,20,90.0,30.85894600589856,48130.0,6.765000000000001,2.8,2006,7,Q3,1Fam,0
175122.810326699,1590,2,3.5,1,3.0,1570.0,8,11645,6,0,754.0,1122.0,448.0,1590,2005.0,176,80,198.0,5,Reg,0,20,78.0,30.85894600589856,48130.0,6.52,2.6,2006,8,Q3,1Fam,1
183783.13937519,1809,3,2.5,1,2.0,945.0,7,10984,8,864,638.0,0.0,945.0,945,2005.0,144,54,0.0,5,IR1,0,60,91.0,30.85894600589856,48130.0,6.595,2.4,2006,5,Q2,1Fam,1
178290.666302221,1614,3,2.0,1,2.0,1614.0,7,9316,7,0,576.0,56.0,1558.0,1614,2005.0,100,45,140.0,5,Reg,0,20,78.0,30.85894600589856,48130.0,6.34,2.7,2006,3,Q1,1Fam,0
181605.343963015,1596,3,2.5,1,2.0,784.0,7,9316,6,812,610.0,0.0,784.0,784,2005.0,144,45,532.0,5,IR1,0,60,78.0,30.85894600589856,48130.0,6.67,3.1,2006,6,Q2,1Fam,0
187992.451444752,1388,3,3.0,38,2.0,1388.0,6,12000,6,0,522.0,853.0,535.0,1388,1968.0,0,58,0.0,5,Reg,0,20,80.0,30.85894600589856,48130.0,6.765000000000001,2.8,2006,7,Q3,1Fam,0
188885.11781517,1100,3,1.5,10,2.0,1100.0,5,13015,5,0,462.0,0.0,1100.0,1100,1996.0,0,0,0.0,6,Reg,0,20,95.0,30.85894600589856,48130.0,6.67,3.1,2006,6,Q2,1Fam,0
189959.344795118,1499,3,2.5,11,2.0,781.0,6,12438,6,704,473.0,0.0,781.0,795,1995.0,413,91,68.0,5,IR1,0,60,65.0,30.85894600589856,48130.0,6.52,2.6,2006,8,Q3,1Fam,0
179258.619211334,1425,3,3.0,8,2.0,1425.0,7,8685,5,0,591.0,846.0,579.0,1425,1998.0,0,130,0.0,5,IR1,0,20,68.0,30.85894600589856,48130.0,6.595,2.4,2006,5,Q2,1Fam,0
181518.750275669,1749,3,2.5,7,2.0,842.0,7,9272,7,893,515.0,500.0,342.0,856,1999.0,140,85,0.0,5,IR1,0,60,68.0,30.85894600589856,48130.0,6.67,3.1,2006,6,Q2,1Fam,0
193008.659237315,1779,3,3.5,7,2.0,951.0,7,13426,7,828,586.0,894.0,57.0,951,1999.0,208,107,0.0,5,IR1,0,60,72.0,30.85894600589856,48130.0,6.415,2.6,2006,9,Q3,1Fam,1
186313.89385619,1388,3,1.5,29,1.0,675.0,6,8340,6,702,317.0,509.0,166.0,686,1977.0,406,36,62.0,6,IR1,0,60,50.0,30.85894600589856,48130.0,6.125,2.5,2006,12,Q4,1Fam,0
181499.39185067,1282,3,2.5,28,3.0,995.0,6,10385,6,0,672.0,595.0,0.0,1282,1989.0,386,0,123.0,6,IR1,0,80,42.0,30.85894600589856,48130.0,6.51,2.4,2006,4,Q2,1Fam,0
174126.297156192,864,3,1.0,34,1.0,864.0,5,7200,5,0,297.0,437.0,427.0,864,1977.0,0,0,0.0,8,Reg,0,20,60.0,30.85894600589856,48130.0,6.34,2.7,2006,3,Q1,1Fam,0
183918.612062767,1762,3,2.5,4,2.0,826.0,7,9930,6,884,591.0,456.0,370.0,878,2002.0,320,54,199.0,5,IR1,0,60,68.0,30.85894600589856,48130.0,6.765000000000001,2.8,2006,7,Q3,1Fam,0
184114.270899227,1755,3,3.5,7,2.0,840.0,6,9468,7,915,530.0,639.0,201.0,840,1999.0,176,73,148.0,5,IR2,0,60,45.0,30.85894600589856,48130.0,6.52,2.6,2006,8,Q3,1Fam,0
158540.947801398,1358,1,2.5,4,2.0,1348.0,8,11088,5,0,418.0,872.0,476.0,1358,2002.0,68,166,0.0,5,Reg,0,20,68.0,30.85894600589856,48130.0,6.67,3.1,2006,6,Q2,1Fam,0
197034.759055859,1909,4,2.5,4,2.0,872.0,7,8726,8,1037,529.0,0.0,872.0,872,2002.0,0,108,0.0,5,Reg,0,60,70.0,30.85894600589856,48130.0,6.415,2.6,2006,9,Q3,1Fam,0
185170.284452595,2214,3,3.5,7,3.0,1090.0,8,10566,8,1124,646.0,920.0,170.0,1090,1999.0,197,80,261.0,5,IR1,0,60,67.0,30.85894600589856,48130.0,6.765000000000001,2.8,2006,7,Q3,1Fam,0
221134.533635148,2049,4,2.5,10,2.0,1065.0,7,21533,9,984,467.0,0.0,1065.0,1065,1997.0,120,48,0.0,5,IR2,0,60,68.0,30.85894600589856,48130.0,6.52,2.6,2006,8,Q3,1Fam,1
184306.637575967,1939,3,3.0,8,3.0,1054.0,7,11250,8,869,555.0,796.0,258.0,1070,1998.0,128,84,227.0,5,IR1,0,60,90.0,30.85894600589856,48130.0,6.595,2.4,2006,5,Q2,1Fam,0
199792.302740996,1995,4,3.5,11,2.0,930.0,7,11250,8,1045,610.0,685.0,245.0,950,1995.0,275,170,0.0,5,Reg,0,60,90.0,30.85894600589856,48130.0,6.765000000000001,2.8,2006,7,Q3,1Fam,1
143237.803559736,848,1,2.0,3,2.0,848.0,6,4435,4,0,420.0,717.0,131.0,848,2003.0,140,0,170.0,5,Reg,0,120,37.0,30.85894600589856,48130.0,6.51,2.4,2006,4,Q2,TwnhsE,0
177294.838897736,1390,3,3.0,3,2.0,1390.0,7,8810,7,0,545.0,1000.0,390.0,1390,2003.0,0,68,0.0,5,Reg,0,20,70.0,30.85894600589856,48130.0,6.34,2.7,2006,3,Q1,1Fam,0
182368.620883855,1737,3,2.5,0,2.0,851.0,7,8581,7,886,578.0,0.0,851.0,851,2006.0,0,105,0.0,5,IR1,0,60,74.0,30.85894600589856,48130.0,6.52,2.6,2006,8,Q3,1Fam,0
176487.943174734,1611,3,2.5,1,2.0,784.0,7,8400,6,827,572.0,0.0,784.0,784,2005.0,144,36,0.0,5,Reg,0,60,70.0,30.85894600589856,48130.0,6.34,2.7,2006,3,Q1,1Fam,0
183849.408762071,1336,3,3.0,1,2.0,1336.0,7,8772,6,0,502.0,996.0,340.0,1336,2005.0,136,43,0.0,5,Reg,0,20,65.0,30.85894600589856,48130.0,6.415,2.6,2006,9,Q3,1Fam,1
184964.141507413,1436,3,3.0,96,2.0,676.0,4,8777,6,676,528.0,173.0,166.0,760,1950.0,147,0,0.0,6,Reg,0,70,67.0,30.85894600589856,48130.0,6.365,2.4,2006,10,Q4,1Fam,1
196395.969632434,1012,4,3.0,31,0.0,976.0,6,7840,4,0,0.0,976.0,0.0,1012,1979.0,0,0,355.0,5,IR1,0,90,38.0,30.85894600589856,48130.0,6.365,2.4,2006,10,Q4,Duplex,0
188374.936650438,1176,2,2.0,37,1.0,1176.0,5,16133,5,0,360.0,847.0,329.0,1176,1969.0,0,92,0.0,4,Reg,112,20,73.0,30.85894600589856,48130.0,6.125,2.5,2006,12,Q4,1Fam,0
176261.296806135,1724,3,2.5,3,2.0,796.0,7,7162,8,918,616.0,0.0,796.0,806,2003.0,168,57,190.0,5,Reg,0,60,62.0,30.85894600589856,48130.0,6.595,2.4,2006,5,Q2,1Fam,1
163628.142248426,914,2,2.0,4,0.0,914.0,6,8050,4,0,0.0,475.0,142.0,914,1979.0,32,0,0.0,5,Reg,0,20,75.0,30.85894600589856,48130.0,6.51,2.4,2006,4,Q2,1Fam,0
180618.032628904,2314,3,2.5,3,2.0,1150.0,7,11060,9,1150,502.0,0.0,1150.0,1164,2003.0,0,274,0.0,5,IR1,0,60,90.0,30.85894600589856,48130.0,6.25,3.0,2006,2,Q1,1Fam,1
161647.329794081,1072,2,2.0,1,2.0,547.0,6,3675,5,0,525.0,547.0,0.0,1072,2005.0,0,44,82.0,5,Reg,0,180,35.0,30.85894600589856,48130.0,6.365,2.4,2006,10,Q4,TwnhsE,1
167129.598867773,1709,3,2.0,2,2.0,970.0,7,2522,7,739,380.0,0.0,970.0,970,2004.0,0,40,50.0,5,Reg,0,160,24.0,30.85894600589856,48130.0,6.595,2.4,2006,5,Q2,Twnhs,0
174750.988352687,936,3,1.0,58,1.0,624.0,4,6956,5,312,265.0,0.0,624.0,624,1948.0,0,0,0.0,7,Reg,0,50,56.0,30.85894600589856,48130.0,6.51,2.4,2006,4,Q2,1Fam,1
177560.202116333,1338,3,2.0,91,2.0,832.0,6,7822,7,492,528.0,0.0,832.0,846,1974.0,0,0,0.0,3,Reg,0,50,72.0,30.85894600589856,48130.0,6.595,2.4,2006,5,Q2,1Fam,1
192577.796112839,1669,4,1.5,82,1.0,1093.0,4,8707,9,576,288.0,0.0,1093.0,1093,1924.0,0,0,0.0,5,Reg,0,50,62.0,30.85894600589856,48130.0,6.595,2.4,2006,5,Q2,1Fam,1
199202.898960871,1482,3,2.5,52,2.0,954.0,4,16012,6,0,609.0,691.0,263.0,1482,1956.0,0,30,60.0,4,IR1,0,20,60.0,30.85894600589856,48130.0,6.365,2.4,2006,10,Q4,1Fam,1
182818.156667308,1414,3,1.0,84,0.0,864.0,4,8248,8,0,0.0,0.0,864.0,964,1979.0,0,0,0.0,4,Reg,0,50,45.0,30.85894600589856,48130.0,6.415,2.6,2006,9,Q3,1Fam,1
148217.262540651,498,1,1.0,84,1.0,498.0,2,8088,3,0,216.0,0.0,498.0,498,1922.0,0,0,0.0,3,Reg,0,30,60.0,30.85894600589856,48130.0,6.25,3.0,2006,2,Q1,1Fam,1
188997.797082492,1273,3,1.0,96,1.0,616.0,4,11388,5,218,275.0,0.0,616.0,1055,1910.0,212,0,0.0,7,Reg,0,50,76.0,30.85894600589856,48130.0,6.415,2.6,2006,9,Q3,1Fam,1
185807.928877601,1551,3,3.0,68,1.0,1058.0,5,10890,6,493,240.0,930.0,128.0,1058,1938.0,0,0,0.0,5,Reg,0,50,60.0,30.85894600589856,48130.0,6.765000000000001,2.8,2006,7,Q3,1Fam,1
177030.477842021,1340,3,2.0,61,1.0,780.0,6,6430,6,524,440.0,780.0,0.0,816,1945.0,0,0,0.0,6,Reg,0,190,58.0,30.85894600589856,48130.0,6.765000000000001,2.8,2006,7,Q3,2fmCon,1
175942.474593632,1479,3,2.0,80,1.0,624.0,7,7000,6,736,312.0,424.0,200.0,743,1926.0,530,0,0.0,8,Reg,0,70,43.0,30.85894600589856,48130.0,6.595,2.4,2006,5,Q2,1Fam,1
172912.518576433,1510,3,1.0,86,1.0,755.0,6,4899,6,755,216.0,305.0,450.0,755,1920.0,0,0,0.0,8,Reg,0,70,69.0,30.85894600589856,48130.0,6.67,3.1,2006,6,Q2,1Fam,1
198359.248864591,1636,4,1.5,87,1.0,818.0,7,9399,7,818,288.0,0.0,818.0,818,1919.0,0,0,0.0,8,Reg,0,70,54.0,30.85894600589856,48130.0,6.415,2.6,2006,9,Q3,1Fam,1
184379.133036383,1465,3,2.0,67,1.0,992.0,5,10164,6,473,240.0,646.0,346.0,992,1939.0,0,126,0.0,5,Reg,0,50,84.0,30.85894600589856,48130.0,6.765000000000001,2.8,2006,7,Q3,1Fam,1
194255.566948886,1288,4,1.0,65,1.0,824.0,5,6191,6,464,240.0,384.0,440.0,824,1941.0,0,0,0.0,4,Reg,0,50,51.0,30.85894600589856,48130.0,6.24,2.4,2006,11,Q4,1Fam,1
209449.651603064,1550,3,1.5,86,1.0,817.0,6,21780,7,610,318.0,0.0,817.0,940,1937.0,0,0,0.0,5,Reg,0,50,66.0,30.85894600589856,48130.0,6.415,2.6,2006,9,Q3,1Fam,1
169979.323958443,1717,2,1.5,66,1.0,901.0,5,12400,7,592,410.0,602.0,299.0,1125,1940.0,0,0,0.0,6,Reg,113,50,80.0,30.85894600589856,48130.0,6.25,3.0,2006,2,Q1,1Fam,1
188206.281858748,1671,4,2.0,77,2.0,1022.0,7,8170,7,549,451.0,526.0,496.0,1122,1963.0,0,0,270.0,7,IR1,0,50,81.0,30.85894600589856,48130.0,6.25,3.0,2006,2,Q1,1Fam,1
186412.438609167,1609,3,1.5,74,3.0,637.0,7,12320,8,650,579.0,0.0,637.0,959,1963.0,0,0,0.0,7,IR1,104,70,70.0,30.85894600589856,48130.0,6.595,2.4,2006,5,Q2,1Fam,1
196761.386409959,1801,3,1.5,76,2.0,697.0,6,14210,8,697,365.0,0.0,697.0,1104,1930.0,0,90,0.0,7,IR1,0,70,70.0,30.85894600589856,48130.0,6.24,2.4,2006,11,Q4,1Fam,1
208353.269558209,2315,4,3.0,56,1.0,1168.0,5,15600,9,1037,342.0,760.0,408.0,1278,1950.0,0,0,405.0,7,Reg,192,60,78.0,30.85894600589856,48130.0,6.765000000000001,2.8,2006,7,Q3,1Fam,1
166548.067241044,976,2,2.0,64,1.0,976.0,5,7288,5,0,215.0,305.0,671.0,976,1942.0,160,0,0.0,6,Reg,0,30,50.0,30.85894600589856,48130.0,6.52,2.6,2006,8,Q3,1Fam,1
175942.474593632,1285,3,1.5,80,2.0,861.0,6,7000,6,424,506.0,374.0,487.0,861,1950.0,96,0,0.0,7,Reg,0,50,50.0,30.85894600589856,48130.0,6.595,2.4,2006,5,Q2,1Fam,1
166790.457916434,672,2,1.0,81,0.0,432.0,4,8534,4,0,0.0,0.0,432.0,672,1979.0,0,0,0.0,4,Reg,0,30,61.0,30.85894600589856,48130.0,6.67,3.1,2006,6,Q2,1Fam,1
160515.850579067,641,2,1.0,81,1.0,641.0,4,7030,4,0,272.0,0.0,641.0,641,1925.0,184,0,0.0,6,Reg,0,30,50.0,30.85894600589856,48130.0,6.34,2.7,2006,3,Q1,1Fam,1
192167.621096362,1638,4,2.0,49,1.0,967.0,6,9060,6,671,384.0,0.0,967.0,967,1957.0,0,21,327.0,5,Reg,0,50,75.0,30.85894600589856,48130.0,6.51,2.4,2006,4,Q2,1Fam,0
178751.551083369,729,2,1.0,61,0.0,0.0,3,12366,5,0,0.0,0.0,0.0,729,1979.0,0,0,0.0,5,Reg,0,30,69.0,30.85894600589856,48130.0,6.365,2.4,2006,10,Q4,1Fam,1
198678.894117024,1396,4,2.0,55,0.0,660.0,5,9000,8,336,0.0,0.0,660.0,1060,1979.0,0,0,0.0,6,Reg,0,190,50.0,30.85894600589856,48130.0,6.365,2.4,2006,10,Q4,2fmCon,0
164553.120272354,936,2,1.0,90,0.0,216.0,3,8520,6,360,0.0,0.0,216.0,576,1979.0,0,0,0.0,5,Reg,0,50,60.0,30.85894600589856,48130.0,6.51,2.4,2006,4,Q2,1Fam,1
156887.932862327,1778,2,4.0,1,2.0,1573.0,8,5748,5,0,495.0,1573.0,0.0,1778,2005.0,123,53,473.0,5,IR1,153,120,41.0,30.85894600589856,48130.0,6.25,3.0,2006,2,Q1,TwnhsE,1
164185.777305524,1646,2,3.5,2,2.0,1594.0,8,3842,5,0,525.0,1564.0,30.0,1646,2004.0,128,53,186.0,5,IR1,155,120,44.0,30.85894600589856,48130.0,6.125,2.5,2006,12,Q4,TwnhsE,1
212992.120630876,1625,3,2.5,27,2.0,1625.0,6,23580,6,0,576.0,776.0,849.0,1625,1979.0,136,28,0.0,6,IR1,0,20,69.0,30.85894600589856,48130.0,6.415,2.6,2006,9,Q3,1Fam,0
197468.550532521,1664,4,2.0,28,2.0,1664.0,6,8385,10,0,616.0,0.0,1664.0,1664,1978.0,0,0,0.0,5,Reg,0,90,65.0,30.85894600589856,48130.0,6.365,2.4,2006,10,Q4,Duplex,0
180106.84373966,1491,3,2.0,5,2.0,1491.0,8,9116,7,0,490.0,0.0,1491.0,1491,2001.0,120,100,0.0,5,Reg,0,20,70.0,30.85894600589856,48130.0,6.595,2.4,2006,5,Q2,1Fam,0
183972.071056674,1210,3,3.0,31,2.0,1128.0,6,11080,6,0,528.0,576.0,552.0,1210,1975.0,0,0,257.0,6,Reg,0,80,140.0,30.85894600589856,48130.0,6.595,2.4,2006,5,Q2,1Fam,0
245283.198337927,1650,2,2.0,48,2.0,1632.0,6,50102,6,0,518.0,909.0,723.0,1650,1958.0,0,0,0.0,5,IR1,138,20,68.0,30.85894600589856,48130.0,6.34,2.7,2006,3,Q1,1Fam,0
170351.963410756,1403,2,3.0,6,2.0,1381.0,6,8098,5,0,470.0,1136.0,129.0,1403,2000.0,0,173,0.0,5,IR1,0,20,68.0,30.85894600589856,48130.0,6.365,2.4,2006,10,Q4,1Fam,0
195596.307707478,1960,3,3.0,1,3.0,1728.0,8,13618,8,0,714.0,1350.0,378.0,1960,2005.0,172,38,198.0,5,Reg,0,20,95.0,30.85894600589856,48130.0,6.24,2.4,2006,11,Q4,1Fam,1
189369.756330412,1838,3,3.0,1,3.0,1838.0,9,11577,9,0,682.0,1455.0,383.0,1838,2005.0,161,225,382.0,5,Reg,0,20,88.0,30.85894600589856,48130.0,6.415,2.6,2006,9,Q3,1Fam,1
223667.404551664,1600,3,1.5,55,1.0,0.0,1,31250,6,0,270.0,0.0,0.0,1600,1951.0,0,0,0.0,3,Reg,0,20,125.0,30.85894600589856,48130.0,6.595,2.4,2006,5,Q2,1Fam,0
169335.310624364,1368,2,4.0,9,4.0,1288.0,7,7020,8,0,784.0,1243.0,45.0,1368,1997.0,0,48,200.0,5,Reg,0,90,78.0,30.85894600589856,48130.0,6.24,2.4,2006,11,Q4,Duplex,0
167411.02835165,1304,3,1.5,29,1.0,264.0,5,2665,5,688,336.0,0.0,264.0,616,1977.0,141,0,0.0,6,Reg,0,160,41.0,30.85894600589856,48130.0,6.595,2.4,2006,5,Q2,TwnhsE,0
187709.555003968,874,3,2.0,38,1.0,864.0,5,10172,5,0,288.0,441.0,423.0,874,1968.0,0,120,0.0,7,IR1,0,20,58.0,30.85894600589856,48130.0,6.365,2.4,2006,10,Q4,1Fam,1
196526.002998991,1652,4,2.0,36,3.0,1652.0,5,11836,8,0,928.0,149.0,1503.0,1652,1970.0,0,0,0.0,5,IR1,0,90,68.0,30.85894600589856,48130.0,6.34,2.7,2006,3,Q1,Duplex,0
137402.569855589,630,1,2.0,36,0.0,630.0,4,1470,3,0,0.0,522.0,108.0,630,1979.0,0,0,0.0,6,Reg,0,180,21.0,30.85894600589856,48130.0,6.51,2.4,2006,4,Q2,Twnhs,0
165086.775061735,1092,3,1.5,34,1.0,546.0,4,1484,5,546,253.0,252.0,294.0,546,1972.0,0,0,0.0,4,Reg,0,160,21.0,30.85894600589856,48130.0,6.595,2.4,2006,5,Q2,TwnhsE,0
188506.431412274,1360,3,2.0,37,1.0,1104.0,5,13384,8,0,336.0,119.0,641.0,1360,1969.0,160,0,194.0,5,Reg,0,20,80.0,30.85894600589856,48130.0,6.595,2.4,2006,5,Q2,1Fam,1
172917.456816012,1092,3,1.5,36,1.0,546.0,4,1533,5,546,286.0,408.0,138.0,546,1970.0,0,0,0.0,5,Reg,0,160,21.0,30.85894600589856,48130.0,6.125,2.5,2006,12,Q4,Twnhs,0
166274.325225982,1092,3,1.5,36,0.0,546.0,4,1526,5,546,0.0,0.0,546.0,546,1979.0,0,34,0.0,5,Reg,0,160,21.0,30.85894600589856,48130.0,6.67,3.1,2006,6,Q2,Twnhs,0
167081.220948984,1092,3,1.5,36,0.0,546.0,4,1936,5,546,0.0,0.0,546.0,546,1979.0,0,0,0.0,7,Reg,0,160,21.0,30.85894600589856,48130.0,6.67,3.1,2006,6,Q2,Twnhs,0
164788.778231138,1092,3,1.5,36,1.0,546.0,4,1894,6,546,286.0,252.0,294.0,546,1970.0,0,24,0.0,5,Reg,0,160,21.0,30.85894600589856,48130.0,6.51,2.4,2006,4,Q2,TwnhsE,0
219222.423400059,1224,4,2.0,46,2.0,1224.0,5,20000,7,0,576.0,1224.0,0.0,1224,1960.0,474,0,0.0,7,Reg,0,20,160.0,30.85894600589856,48130.0,6.415,2.6,2006,9,Q3,1Fam,1
184924.279658997,970,3,1.5,14,0.0,912.0,5,10441,6,0,0.0,337.0,575.0,970,1979.0,80,32,0.0,5,Reg,0,85,62.0,30.85894600589856,48130.0,6.765000000000001,2.8,2006,7,Q3,1Fam,0
187741.866657478,2000,3,2.5,13,3.0,996.0,7,9627,9,1004,650.0,758.0,238.0,996,1993.0,190,48,94.0,5,Reg,0,60,74.0,30.85894600589856,48130.0,6.24,2.4,2006,11,Q4,1Fam,1
