SalePrice,BedroomAbvGr,Bathrooms,PropertyAge,OverallQual,LotArea,TotRmsAbvGrd,ScreenPorch,YrSold,MoSold,QrtSold
208500.0,3,3.5,5,7,8450,8,0,2008,2,Q1
181500.0,3,2.5,31,6,9600,6,0,2007,5,Q2
223500.0,3,3.5,7,7,11250,6,0,2008,9,Q3
140000.0,3,2.0,91,7,9550,7,0,2006,2,Q1
250000.0,4,3.5,8,8,14260,9,0,2008,12,Q4
143000.0,1,2.5,16,5,14115,5,0,2009,10,Q4
307000.0,3,3.0,3,8,10084,7,0,2007,8,Q3
200000.0,3,3.5,36,7,10382,7,0,2009,11,Q4
129900.0,2,2.0,77,7,6120,8,0,2008,4,Q2
118000.0,2,2.0,69,5,7420,5,0,2008,1,Q1
129500.0,3,2.0,43,5,11200,5,0,2008,2,Q1
345000.0,4,4.0,1,9,11924,11,0,2006,7,Q3
144000.0,2,2.0,46,5,12968,4,176,2008,9,Q3
279500.0,3,2.0,1,7,10652,7,0,2007,8,Q3
157000.0,2,2.5,48,6,10920,5,0,2008,5,Q2
132000.0,2,1.0,78,7,6120,5,0,2007,7,Q3
149000.0,2,2.0,40,6,11241,5,0,2010,3,Q1
90000.0,2,2.0,39,4,10791,6,0,2006,10,Q4
159000.0,3,2.5,4,5,13695,6,0,2008,6,Q2
139000.0,3,1.0,51,5,7560,6,0,2009,5,Q2
325300.0,4,3.5,1,8,14215,9,0,2006,11,Q4
139400.0,3,1.0,77,7,7449,6,0,2007,6,Q2
230000.0,3,2.0,6,8,9742,7,0,2008,9,Q3
129900.0,3,2.0,31,5,4224,6,0,2007,6,Q2
154000.0,3,2.0,42,5,8246,6,0,2010,5,Q2
256300.0,3,2.0,2,8,14230,7,0,2009,7,Q3
134800.0,3,1.5,59,5,7200,5,0,2010,5,Q2
306000.0,3,3.0,3,8,11478,7,0,2010,5,Q2
207500.0,2,2.0,49,5,16321,6,0,2006,12,Q4
68500.0,1,1.0,81,4,6324,4,0,2008,5,Q2
40000.0,3,1.0,88,4,8500,6,0,2008,7,Q3
149350.0,3,1.5,42,5,8544,6,0,2008,6,Q2
179900.0,3,2.0,1,8,11049,7,0,2008,1,Q1
165500.0,4,2.0,51,5,10552,6,0,2010,4,Q2
277500.0,2,3.0,2,9,7313,6,0,2007,8,Q3
309000.0,4,3.5,2,8,13418,9,0,2006,9,Q3
145000.0,3,1.5,15,5,10859,6,0,2009,6,Q2
153000.0,3,1.5,55,5,8532,5,0,2009,10,Q4
109000.0,3,2.0,57,5,7922,5,0,2010,1,Q1
82000.0,2,2.0,53,4,6040,6,0,2008,6,Q2
160000.0,3,2.0,41,6,8658,6,0,2006,12,Q4
170000.0,2,2.0,48,5,16905,5,0,2007,7,Q3
144000.0,2,2.0,24,5,9180,5,0,2007,12,Q4
130250.0,3,2.0,33,5,9200,5,0,2008,7,Q3
141000.0,3,2.0,47,5,7945,6,0,2006,5,Q2
319900.0,2,3.0,5,9,7658,6,0,2010,2,Q1
239686.0,1,2.5,6,7,12822,6,198,2009,8,Q3
249700.0,3,2.0,1,8,11096,7,0,2007,7,Q3
113000.0,2,2.0,89,4,4456,8,0,2009,6,Q2
127000.0,3,2.0,41,5,7742,6,0,2007,1,Q1
177000.0,3,2.5,10,6,13869,6,0,2007,7,Q3
114500.0,3,1.0,72,6,6240,6,0,2006,9,Q3
110000.0,2,2.0,47,5,8472,5,0,2010,5,Q2
385000.0,0,2.5,25,9,50271,5,0,2006,11,Q4
130000.0,3,1.0,52,5,7134,6,0,2007,2,Q1
180500.0,3,2.0,44,6,10175,7,0,2008,7,Q3
172500.0,3,3.5,10,8,2645,7,0,2009,8,Q3
196500.0,3,2.5,2,7,11645,7,0,2006,8,Q3
438780.0,3,3.5,0,10,13682,10,0,2006,10,Q4
124900.0,2,1.0,36,5,7200,4,0,2008,1,Q1
158000.0,3,2.5,2,6,13072,5,0,2006,5,Q2
101000.0,3,1.0,87,5,7200,6,0,2007,3,Q1
202500.0,2,2.0,1,8,6442,6,0,2007,10,Q4
140000.0,3,2.0,89,7,10300,9,0,2010,4,Q2
219500.0,3,3.5,12,7,9375,8,0,2009,2,Q1
317000.0,4,2.5,3,8,9591,9,0,2007,10,Q4
180000.0,3,3.0,40,7,19900,7,0,2010,7,Q3
226000.0,3,3.0,4,7,10665,7,0,2007,6,Q2
80000.0,2,1.0,65,4,4608,4,0,2010,6,Q2
225000.0,3,2.0,53,7,15593,7,0,2006,7,Q3
244000.0,3,3.0,34,7,13651,8,0,2007,2,Q1
129500.0,2,2.0,25,4,7599,4,0,2007,6,Q2
185000.0,3,2.5,11,7,10141,7,291,2009,12,Q4
144900.0,3,2.0,56,5,10200,6,0,2010,5,Q2
107400.0,3,2.0,95,3,5790,8,0,2010,5,Q2
91000.0,2,2.0,36,4,1596,5,0,2009,11,Q4
135750.0,2,1.0,52,4,8475,4,0,2008,4,Q2
127000.0,2,2.0,60,5,8635,6,0,2008,1,Q1
136500.0,4,2.0,42,4,10778,8,0,2010,4,Q2
110000.0,2,1.5,99,5,10440,5,0,2009,5,Q2
193500.0,4,2.5,41,6,13000,8,252,2009,6,Q2
153500.0,2,3.0,8,6,4500,5,0,2006,3,Q1
245000.0,3,2.0,1,8,10206,6,0,2008,10,Q4
126500.0,3,1.5,47,5,8892,6,0,2007,7,Q3
168500.0,3,2.5,14,7,8530,7,0,2009,5,Q2
260000.0,4,2.5,15,8,16059,9,0,2006,4,Q2
174000.0,3,2.5,4,6,11911,6,0,2009,3,Q1
164500.0,2,2.5,0,6,3951,4,0,2009,6,Q2
85000.0,2,1.0,94,3,8470,6,0,2009,10,Q4
123600.0,3,2.0,13,4,8070,5,0,2007,8,Q3
109900.0,2,1.0,56,4,7200,4,0,2006,7,Q3
98600.0,2,1.0,45,5,8500,6,0,2006,12,Q4
163500.0,2,2.0,88,5,13360,5,0,2009,8,Q3
133900.0,4,2.5,97,6,7200,9,99,2007,11,Q4
204750.0,3,3.5,10,6,9337,7,0,2007,5,Q2
185000.0,3,2.5,16,6,9765,6,0,2009,4,Q2
214000.0,3,2.0,7,7,10264,6,0,2006,8,Q3
94750.0,3,2.0,42,4,10921,6,0,2007,5,Q2
83000.0,2,1.0,90,5,10625,5,0,2010,5,Q2
128950.0,3,2.5,51,4,9320,6,0,2010,1,Q1
205000.0,3,3.0,33,6,10603,6,0,2010,2,Q1
178000.0,3,2.5,25,6,9206,7,0,2010,6,Q2
118964.0,4,2.0,30,5,7018,8,0,2009,6,Q2
198900.0,3,2.0,1,7,10402,6,0,2010,5,Q2
169500.0,4,1.5,76,7,7758,7,184,2007,6,Q2
250000.0,3,2.5,5,8,9375,9,0,2008,8,Q3
100000.0,2,1.0,122,4,10800,6,0,2007,8,Q3
115000.0,2,1.0,60,5,6000,5,0,2008,4,Q2
115000.0,3,2.0,88,5,8500,7,0,2007,8,Q3
190000.0,3,2.0,33,6,11751,7,0,2010,1,Q1
136900.0,4,2.0,52,6,9525,7,0,2006,10,Q4
180000.0,3,2.5,10,7,7750,7,0,2010,4,Q2
383970.0,4,3.5,0,7,9965,10,168,2007,10,Q4
217000.0,3,3.0,54,6,21000,7,0,2007,10,Q4
259500.0,3,3.5,62,6,7259,9,0,2007,7,Q3
176000.0,2,2.5,8,6,3230,5,0,2007,6,Q2
139000.0,3,1.5,47,5,11616,6,0,2009,9,Q3
155000.0,2,1.5,1,5,8536,5,0,2007,4,Q2
320000.0,5,4.0,20,7,12376,11,0,2010,5,Q2
163990.0,3,2.5,1,6,8461,8,0,2006,7,Q3
180000.0,1,2.0,37,6,21453,4,0,2006,10,Q4
100000.0,3,1.0,68,4,6060,4,0,2007,6,Q2
136000.0,3,1.0,50,6,9464,5,130,2008,6,Q2
153900.0,2,2.0,15,6,7892,5,0,2008,3,Q1
181000.0,3,2.0,30,6,17043,7,0,2009,1,Q1
84500.0,2,2.0,71,6,6780,5,0,2006,6,Q2
128000.0,2,2.0,31,6,4928,5,0,2007,2,Q1
87000.0,3,1.0,77,5,4388,5,0,2007,6,Q2
155000.0,3,1.5,40,6,7590,6,0,2006,7,Q3
150000.0,3,2.0,48,5,8973,6,0,2006,7,Q3
226000.0,4,2.5,40,7,14200,8,0,2006,5,Q2
244000.0,3,3.5,9,6,12224,7,0,2009,7,Q3
150750.0,3,2.0,48,5,7388,7,0,2007,7,Q3
220000.0,2,3.0,8,8,6853,6,0,2009,6,Q2
180000.0,3,2.5,38,5,10335,7,0,2006,7,Q3
174000.0,3,2.0,38,7,10400,7,0,2008,5,Q2
143000.0,3,2.0,40,5,10355,5,0,2007,7,Q3
171000.0,5,3.0,18,7,11070,9,0,2006,7,Q3
230000.0,3,2.5,9,8,9066,7,0,2008,12,Q4
231500.0,3,3.5,12,6,15426,7,0,2009,8,Q3
115000.0,3,1.0,39,4,10500,5,0,2010,4,Q2
260000.0,3,3.0,1,7,11645,7,0,2006,1,Q1
166000.0,4,2.0,58,5,8520,6,0,2010,6,Q2
204000.0,3,3.0,10,7,10335,6,0,2009,6,Q2
125000.0,6,3.0,43,5,9100,10,0,2006,11,Q4
130000.0,3,2.0,2,6,2522,7,0,2006,4,Q2
105000.0,2,2.0,78,5,6120,5,0,2009,11,Q4
222500.0,3,2.5,9,7,9505,8,0,2010,5,Q2
141000.0,3,2.0,4,7,7500,6,0,2008,4,Q2
115000.0,3,1.0,70,5,6240,7,0,2006,4,Q2
122000.0,3,1.5,32,5,10356,5,0,2007,1,Q1
372402.0,2,3.0,1,8,13891,6,0,2008,1,Q1
190000.0,4,2.5,35,6,14803,8,0,2006,6,Q2
235000.0,1,2.0,48,6,13500,4,0,2008,3,Q1
125000.0,4,1.0,83,6,11340,7,0,2006,3,Q1
79000.0,2,1.0,84,6,9600,5,0,2008,4,Q2
109500.0,2,1.0,56,5,7200,5,0,2006,6,Q2
269500.0,4,2.5,1,8,12003,8,0,2010,5,Q2
254900.0,3,2.5,6,7,12552,8,0,2010,5,Q2
320000.0,4,3.5,1,7,19378,9,0,2006,3,Q1
162500.0,3,2.0,24,6,11120,6,0,2008,6,Q2
412500.0,3,3.5,5,9,13688,10,0,2008,3,Q1
220000.0,3,2.0,5,7,12182,7,0,2010,5,Q2
103200.0,1,1.0,51,4,5500,4,0,2007,4,Q2
152000.0,3,2.0,81,6,5400,5,0,2007,10,Q4
127500.0,4,3.0,68,5,10106,6,0,2008,9,Q3
190000.0,2,2.0,54,5,10708,7,142,2009,11,Q4
325624.0,3,2.5,0,8,10562,8,0,2007,11,Q4
183500.0,3,2.5,3,7,8244,7,0,2007,5,Q2
228000.0,2,2.5,25,8,16669,6,0,2006,1,Q1
128500.0,2,1.5,66,5,12358,7,0,2007,5,Q2
215000.0,3,2.0,50,6,31770,7,0,2010,5,Q2
239000.0,2,3.0,19,7,5306,5,0,2006,6,Q2
163000.0,3,2.5,47,6,10197,6,0,2008,6,Q2
184000.0,3,3.0,22,6,12416,7,0,2008,11,Q4
243000.0,4,3.0,57,6,12615,7,0,2007,6,Q2
211000.0,4,3.0,19,6,10029,8,192,2007,9,Q3
172500.0,4,3.0,48,5,13650,8,0,2006,7,Q3
501837.0,1,3.0,1,9,17423,9,0,2009,7,Q3
100000.0,2,1.0,84,5,8520,5,0,2007,7,Q3
177000.0,3,2.5,7,6,2117,5,0,2007,6,Q2
200100.0,4,1.5,86,7,7588,9,0,2006,7,Q3
120000.0,3,1.0,50,5,9060,7,0,2007,6,Q2
200000.0,3,2.5,5,7,11426,6,0,2008,6,Q2
127000.0,3,1.0,98,5,7438,5,0,2006,6,Q2
475000.0,4,2.5,114,10,22950,12,410,2006,6,Q2
173000.0,3,3.0,19,7,9947,6,0,2009,6,Q2
135000.0,3,2.5,93,5,10410,8,0,2009,8,Q3
153337.0,2,3.0,30,5,7018,6,0,2009,6,Q2
286000.0,0,2.5,7,8,4923,5,224,2008,8,Q3
315000.0,3,2.5,75,8,10570,10,0,2007,12,Q4
184000.0,4,2.5,35,7,7472,7,0,2007,6,Q2
192000.0,3,3.0,10,7,9017,6,0,2009,9,Q3
130000.0,3,2.0,2,7,2522,7,0,2006,5,Q2
127000.0,3,1.0,36,5,7180,5,0,2008,5,Q2
148500.0,3,2.5,33,6,2280,7,0,2009,7,Q3
311872.0,3,3.0,0,7,9416,8,266,2007,9,Q3
235000.0,4,3.5,88,8,25419,8,0,2006,3,Q1
104000.0,5,1.0,97,6,5520,8,0,2009,7,Q3
274900.0,3,3.0,5,8,9591,7,170,2009,1,Q1
140000.0,2,2.0,7,4,8546,5,0,2010,3,Q1
171500.0,3,2.5,31,6,10125,6,0,2008,2,Q1
112000.0,2,2.0,82,6,7000,6,0,2006,5,Q2
149000.0,1,2.0,4,6,4438,3,0,2008,1,Q1
110000.0,2,1.5,62,5,3500,5,0,2009,4,Q2
180500.0,3,2.0,19,7,11851,5,0,2009,5,Q2
143900.0,3,1.5,45,5,13673,8,0,2007,3,Q1
141000.0,3,2.0,48,4,12493,6,0,2008,4,Q2
277000.0,3,3.5,19,7,14364,7,154,2007,4,Q2
145000.0,3,2.0,44,6,8250,6,0,2008,7,Q3
98000.0,2,2.0,83,5,5604,5,0,2008,4,Q2
186000.0,3,2.0,1,6,10420,6,0,2010,3,Q1
252678.0,3,3.5,0,7,8640,7,0,2009,7,Q3
156000.0,3,1.5,11,5,13568,5,0,2006,7,Q3
161750.0,3,1.5,33,6,10900,6,0,2010,3,Q1
134450.0,2,1.5,49,5,10011,6,0,2006,5,Q2
210000.0,3,3.0,4,7,8450,8,0,2008,4,Q2
107000.0,3,1.0,81,4,9906,8,0,2006,9,Q3
311500.0,3,2.0,69,7,15660,8,0,2008,5,Q2
167240.0,2,2.0,1,7,3010,5,0,2006,3,Q1
204900.0,2,2.0,0,7,8990,5,0,2006,4,Q2
200000.0,4,2.5,7,6,8068,8,0,2009,12,Q4
179900.0,3,3.5,31,6,11475,6,0,2006,2,Q1
97000.0,2,1.0,38,4,10500,4,0,2009,3,Q1
386250.0,3,2.0,6,10,13472,8,0,2009,6,Q2
112000.0,3,2.5,38,5,1680,6,0,2009,5,Q2
290000.0,4,2.5,12,7,9950,9,0,2007,6,Q2
106000.0,2,1.5,38,6,1869,5,0,2008,9,Q3
125000.0,3,1.0,43,5,8521,5,0,2010,5,Q2
192500.0,2,2.0,4,7,3182,7,0,2009,5,Q2
148000.0,3,2.0,51,6,8760,6,0,2010,4,Q2
403000.0,4,3.5,14,8,15138,9,0,2009,7,Q3
94500.0,2,1.5,34,6,1680,5,0,2006,6,Q2
128200.0,3,2.0,34,5,10650,5,0,2010,2,Q1
216500.0,4,3.5,8,6,7851,8,0,2010,5,Q2
89500.0,2,1.5,37,6,1680,5,0,2008,8,Q3
185500.0,3,2.0,6,7,8773,6,0,2010,5,Q2
194500.0,3,2.5,17,7,9453,7,0,2010,2,Q1
318000.0,3,2.0,0,8,12030,7,0,2007,12,Q4
113000.0,3,1.5,65,6,8741,7,0,2010,4,Q2
262500.0,3,3.0,2,8,9000,7,0,2010,4,Q2
110500.0,2,1.0,62,5,3880,4,0,2007,8,Q3
79000.0,3,1.0,106,5,5000,6,0,2006,4,Q2
120000.0,3,1.5,29,6,10762,6,0,2009,4,Q2
205000.0,3,3.5,16,7,8880,8,0,2010,5,Q2
241500.0,3,2.5,18,7,10400,6,0,2006,6,Q2
137000.0,4,2.0,96,6,9142,9,0,2006,4,Q2
140000.0,2,1.0,52,6,11310,5,0,2006,6,Q2
180000.0,3,2.5,4,7,11317,8,0,2007,9,Q3
277000.0,4,2.5,49,6,159000,7,0,2007,6,Q2
76500.0,3,1.0,70,3,5350,6,0,2010,5,Q2
235000.0,2,3.5,1,8,4750,5,153,2007,12,Q4
173000.0,3,2.5,4,6,8366,6,0,2008,12,Q4
158000.0,3,2.5,43,6,9350,7,0,2007,10,Q4
145000.0,3,2.0,53,5,8400,5,0,2010,6,Q2
230000.0,4,2.5,7,7,8738,8,0,2006,2,Q1
207500.0,3,2.5,5,6,8791,7,0,2008,5,Q2
220000.0,3,3.5,3,7,8814,8,0,2009,3,Q1
231500.0,3,2.5,7,7,12435,7,0,2008,5,Q2
97000.0,2,1.0,52,5,12702,4,0,2008,12,Q4
176000.0,3,2.0,47,6,19296,6,0,2009,5,Q2
276000.0,3,2.5,0,8,9588,10,0,2007,11,Q4
151000.0,3,2.0,29,6,8471,6,0,2006,7,Q3
130000.0,3,2.0,81,5,5500,6,0,2010,4,Q2
73000.0,2,1.0,83,5,5232,4,0,2008,6,Q2
175500.0,3,2.0,27,6,12090,7,0,2008,6,Q2
185000.0,3,3.5,9,6,11207,8,0,2006,6,Q2
179500.0,4,2.5,69,5,8400,8,0,2008,7,Q3
120500.0,2,1.0,68,5,6900,4,0,2008,2,Q1
148000.0,3,2.5,31,6,7917,6,0,2007,5,Q2
266000.0,3,2.5,0,8,10728,8,0,2006,8,Q3
241500.0,2,2.0,54,7,39104,5,0,2008,4,Q2
290000.0,4,2.5,11,8,11764,9,0,2010,4,Q2
139000.0,3,3.0,51,6,9600,6,0,2009,4,Q2
124500.0,2,1.0,25,5,8314,5,0,2007,6,Q2
205000.0,3,2.5,84,7,7264,5,144,2009,10,Q4
201000.0,3,2.0,7,7,9196,7,0,2010,4,Q2
141000.0,2,1.0,59,4,19138,4,0,2010,6,Q2
415298.0,3,2.5,1,9,14450,8,142,2007,5,Q2
192000.0,4,2.5,31,7,10005,8,0,2008,3,Q1
228500.0,3,2.5,18,7,11287,7,0,2007,1,Q1
185000.0,2,2.0,0,6,7200,5,0,2006,5,Q2
207500.0,2,3.0,2,7,5063,6,0,2009,4,Q2
244600.0,3,2.0,1,8,9612,6,0,2009,12,Q4
179200.0,2,3.0,15,6,8012,5,0,2007,7,Q3
164700.0,2,2.5,1,7,4251,5,0,2007,6,Q2
159000.0,3,1.5,44,6,9786,7,128,2006,6,Q2
88000.0,3,1.0,35,4,8125,5,0,2006,6,Q2
122000.0,3,1.0,43,5,9819,5,0,2010,2,Q1
153575.0,3,1.0,92,6,8730,7,259,2007,7,Q3
233230.0,3,2.5,0,8,15611,8,0,2006,7,Q3
135900.0,6,3.0,96,5,5687,9,0,2008,3,Q1
131000.0,3,1.5,60,5,11409,8,160,2009,1,Q1
235000.0,3,3.5,29,7,16659,9,0,2006,3,Q1
167000.0,3,2.0,56,6,9600,7,0,2009,10,Q4
142500.0,3,2.0,22,6,7937,6,0,2006,3,Q1
152000.0,4,1.5,57,5,13710,6,0,2007,6,Q2
239000.0,3,2.5,10,7,7399,7,198,2007,6,Q2
175000.0,3,2.5,39,6,11700,7,0,2007,6,Q2
158500.0,3,1.5,59,6,14000,6,0,2009,8,Q3
157000.0,2,2.0,53,5,15750,5,0,2006,6,Q2
267000.0,4,2.5,9,8,16226,9,0,2007,5,Q2
205000.0,3,2.0,5,7,13704,6,0,2006,1,Q1
149900.0,3,2.0,34,5,9800,5,0,2006,7,Q3
295000.0,3,3.0,128,7,18386,10,0,2008,5,Q2
305900.0,3,3.0,3,8,10386,8,0,2007,7,Q3
225000.0,4,3.5,17,7,13474,8,0,2007,6,Q2
89500.0,3,1.0,88,6,7920,6,0,2008,3,Q1
82500.0,1,1.0,69,4,12342,4,0,2009,3,Q1
360000.0,3,3.0,3,9,12378,8,0,2006,11,Q4
165600.0,3,2.5,13,6,7685,6,0,2006,5,Q2
132000.0,2,2.0,61,6,8000,5,0,2009,5,Q2
119900.0,3,2.0,67,5,7800,5,271,2006,5,Q2
375000.0,3,4.0,44,7,215245,8,0,2009,6,Q2
178000.0,3,2.0,81,7,9600,6,0,2006,8,Q3
188500.0,3,3.5,5,7,7795,6,0,2009,7,Q3
260000.0,4,3.5,29,7,13005,10,0,2009,8,Q3
270000.0,3,2.5,1,8,9000,8,0,2007,12,Q4
260000.0,4,3.5,16,7,9900,9,0,2009,4,Q2
187500.0,3,3.0,29,7,14115,6,0,2009,6,Q2
342643.0,4,3.5,0,9,16259,9,0,2006,9,Q3
354000.0,4,3.5,3,8,12099,10,0,2007,6,Q2
301000.0,4,3.5,21,7,10380,8,0,2007,8,Q3
126175.0,3,2.0,51,3,5820,6,0,2006,7,Q3
242000.0,5,2.5,43,7,11275,11,0,2010,6,Q2
87000.0,2,1.0,66,5,5000,5,0,2007,12,Q4
324000.0,1,3.5,15,8,10846,6,0,2008,5,Q2
145250.0,3,1.5,46,6,11600,7,0,2006,4,Q2
214500.0,5,2.0,93,6,11888,10,0,2009,7,Q3
78000.0,3,1.0,89,5,6402,6,0,2009,7,Q3
119000.0,6,2.5,43,5,10624,10,0,2007,11,Q4
139000.0,3,2.0,49,5,8176,6,0,2007,8,Q3
284000.0,3,3.0,6,8,10655,7,0,2009,10,Q4
207000.0,2,3.0,4,7,8198,6,0,2008,7,Q3
192000.0,3,3.5,10,6,9042,7,0,2008,7,Q3
228950.0,3,4.0,43,5,164660,7,0,2008,8,Q3
377426.0,3,3.0,2,9,14157,8,0,2007,7,Q3
214000.0,3,3.0,6,7,9135,7,0,2008,12,Q4
202500.0,3,3.0,22,7,14145,8,0,2006,5,Q2
155000.0,3,1.0,51,6,12400,6,234,2009,6,Q2
202900.0,4,2.5,8,8,14191,9,0,2010,4,Q2
82000.0,2,1.0,59,4,8400,4,0,2009,9,Q3
87500.0,2,2.0,57,3,8544,6,0,2006,5,Q2
266000.0,2,2.0,3,9,8849,6,0,2008,7,Q3
85000.0,3,1.5,34,5,2592,4,0,2010,4,Q2
140200.0,3,1.0,67,6,6435,6,0,2006,10,Q4
151500.0,2,1.0,47,6,12772,5,0,2007,4,Q2
157500.0,3,3.0,49,6,17600,6,0,2009,12,Q4
154000.0,2,3.5,5,7,2448,6,0,2008,10,Q4
437154.0,4,3.5,1,9,20431,10,0,2006,4,Q2
318061.0,2,2.0,0,9,7820,6,0,2007,12,Q4
190000.0,2,2.5,20,7,5271,6,184,2006,12,Q4
95000.0,3,1.5,67,5,9084,5,0,2008,3,Q1
105900.0,2,1.0,82,6,8520,5,0,2010,5,Q2
140000.0,2,1.0,66,6,8400,6,0,2006,6,Q2
177500.0,3,3.0,12,6,11249,6,0,2007,8,Q3
173000.0,3,3.0,17,6,9248,6,0,2009,7,Q3
134000.0,3,2.5,31,5,4224,6,0,2007,8,Q3
130000.0,3,1.5,48,5,6930,6,0,2006,7,Q3
280000.0,3,3.5,8,8,12011,7,374,2006,6,Q2
156000.0,2,2.0,29,6,7540,5,192,2007,6,Q2
145000.0,3,2.0,68,5,9144,8,0,2008,7,Q3
198500.0,4,3.0,6,7,7301,7,0,2009,7,Q3
118000.0,2,1.5,37,6,1680,5,0,2009,5,Q2
190000.0,3,3.5,30,6,18800,6,0,2006,7,Q3
147000.0,3,1.0,89,5,10690,6,0,2009,7,Q3
159000.0,3,2.5,46,6,9500,6,185,2009,7,Q3
165000.0,3,1.5,46,6,9150,6,0,2008,12,Q4
132000.0,2,1.0,56,5,7800,7,0,2010,3,Q1
162000.0,3,2.0,51,5,9830,7,182,2010,3,Q1
172400.0,3,2.5,6,6,8121,7,0,2006,1,Q1
134432.0,4,2.0,49,4,17120,7,0,2008,7,Q3
125000.0,2,2.0,26,6,7175,4,90,2010,2,Q1
123000.0,3,2.0,56,5,10634,5,0,2009,11,Q4
219500.0,4,2.5,4,7,8200,8,0,2007,7,Q3
61000.0,1,1.5,87,1,10020,4,0,2009,3,Q1
148000.0,2,1.0,10,5,8846,5,0,2006,7,Q3
340000.0,4,3.0,3,8,11143,8,0,2007,12,Q4
394432.0,1,2.5,0,9,11394,8,0,2010,6,Q2
179000.0,3,2.5,9,6,8123,7,0,2009,6,Q2
127000.0,3,2.0,86,5,5000,6,0,2010,5,Q2
187750.0,2,3.0,0,7,7200,5,0,2006,8,Q3
213500.0,3,2.5,1,7,9245,8,0,2007,4,Q2
76000.0,2,1.0,81,6,9000,5,0,2009,10,Q4
240000.0,3,3.5,15,6,53107,9,0,2007,6,Q2
192000.0,2,2.0,6,8,3182,6,144,2010,4,Q2
81000.0,5,1.0,96,5,8410,8,0,2006,5,Q2
125000.0,3,2.0,33,6,7200,6,0,2009,10,Q4
191000.0,3,2.0,9,7,9382,6,0,2008,7,Q3
426000.0,3,3.5,1,10,12474,9,0,2008,8,Q3
119000.0,4,2.0,108,5,8405,7,0,2008,4,Q2
215000.0,3,3.5,8,6,12209,7,0,2009,6,Q2
106500.0,3,1.0,48,5,8339,5,0,2007,7,Q3
100000.0,2,1.0,65,4,7446,4,0,2006,4,Q2
109000.0,2,1.0,67,5,10134,5,0,2007,7,Q3
129000.0,3,2.0,54,5,9571,6,0,2010,6,Q2
123000.0,2,1.0,37,5,7200,6,0,2009,9,Q3
169500.0,4,2.0,45,5,7590,8,0,2007,7,Q3
67000.0,2,1.0,87,5,8967,6,0,2007,11,Q4
241000.0,2,3.0,3,7,8125,7,0,2009,10,Q4
245500.0,1,2.5,12,8,14963,4,224,2008,12,Q4
164990.0,3,2.0,1,7,8767,6,0,2006,7,Q3
108000.0,2,1.0,68,5,10200,4,0,2008,8,Q3
258000.0,4,2.5,8,8,12090,10,0,2006,7,Q3
168000.0,3,2.5,12,6,10364,7,0,2007,5,Q2
150000.0,3,3.0,33,4,9991,8,0,2009,6,Q2
115000.0,3,1.0,72,6,10480,6,0,2008,3,Q1
177000.0,4,2.0,93,6,15576,8,0,2008,3,Q1
280000.0,3,2.5,1,7,14154,9,0,2007,8,Q3
339750.0,3,3.5,1,8,10800,8,0,2008,4,Q2
60000.0,3,1.0,51,5,9571,5,0,2009,6,Q2
145000.0,3,2.0,51,5,34650,5,0,2006,1,Q1
222000.0,2,3.5,1,7,4403,7,0,2010,6,Q2
115000.0,2,1.0,83,5,8960,5,0,2010,3,Q1
228000.0,3,3.0,15,7,11228,9,0,2008,12,Q4
181134.0,3,2.0,0,7,8899,6,0,2007,8,Q3
149500.0,3,1.5,28,6,7844,6,0,2006,3,Q1
239000.0,4,3.5,89,6,22420,10,0,2007,11,Q4
126000.0,3,2.5,67,5,8160,7,0,2007,4,Q2
142000.0,3,2.0,42,5,8450,6,0,2010,7,Q3
206300.0,2,4.0,11,7,7060,8,0,2008,11,Q4
215000.0,3,2.5,32,6,16635,8,0,2009,6,Q2
113000.0,2,1.0,54,5,21750,4,0,2008,2,Q1
315000.0,4,3.5,10,8,9200,8,0,2008,6,Q2
139000.0,2,2.0,52,6,9000,6,0,2008,5,Q2
135000.0,3,1.5,63,7,3378,6,0,2009,9,Q3
275000.0,2,3.5,20,7,12800,5,396,2009,8,Q3
109008.0,3,1.0,51,4,8593,5,0,2008,7,Q3
195400.0,2,3.0,0,7,6762,6,0,2007,9,Q3
175000.0,3,3.0,21,6,11457,6,0,2009,3,Q1
85400.0,2,1.5,37,6,1680,4,0,2008,7,Q3
79900.0,4,1.0,88,6,5586,7,0,2008,9,Q3
122500.0,2,2.5,36,5,1920,6,0,2007,8,Q3
181000.0,3,2.5,11,6,10839,7,0,2008,7,Q3
81000.0,1,2.0,36,4,1890,3,0,2008,6,Q2
212000.0,3,3.5,13,7,10667,6,0,2009,4,Q2
116000.0,2,1.0,86,6,4400,6,0,2006,10,Q4
119000.0,2,1.0,83,6,6000,4,0,2009,1,Q1
90350.0,2,1.0,94,5,4280,4,0,2007,3,Q1
110000.0,3,1.0,89,6,12354,7,0,2009,8,Q3
555000.0,2,3.0,1,10,15431,10,170,2009,4,Q2
118000.0,4,2.0,53,4,12108,8,0,2008,9,Q3
162900.0,3,2.0,78,5,6240,8,0,2008,6,Q2
172500.0,2,2.0,1,7,3922,6,0,2007,6,Q2
210000.0,4,3.5,14,7,8750,8,0,2008,7,Q3
127500.0,3,1.0,53,6,9855,7,0,2009,11,Q4
190000.0,2,2.5,44,6,16492,6,0,2010,6,Q2
199900.0,4,2.5,8,7,11214,10,0,2006,7,Q3
119500.0,3,2.0,69,6,8600,7,0,2006,6,Q2
120000.0,2,1.5,59,3,6000,6,0,2007,6,Q2
110000.0,2,1.0,76,6,5684,5,0,2006,6,Q2
280000.0,2,3.0,31,7,70761,5,0,2006,12,Q4
204000.0,3,3.5,11,6,9303,7,0,2007,7,Q3
210000.0,3,2.5,1,8,9000,6,0,2009,6,Q2
188000.0,4,4.0,30,5,9297,8,0,2006,7,Q3
175500.0,3,1.5,34,7,9600,6,0,2007,9,Q3
98000.0,4,1.0,92,5,4571,7,0,2008,5,Q2
256000.0,2,2.0,54,4,53227,6,0,2008,3,Q1
161000.0,3,1.0,83,8,5100,7,0,2008,6,Q2
110000.0,3,2.0,59,5,7015,5,0,2009,7,Q3
263435.0,3,3.5,0,8,8004,8,0,2009,12,Q4
155000.0,3,2.0,73,7,7200,6,0,2009,4,Q2
62383.0,3,1.0,44,5,8281,5,0,2009,12,Q4
188700.0,3,1.5,74,6,11988,6,0,2008,8,Q3
124000.0,3,2.0,31,5,8430,5,0,2009,8,Q3
178740.0,2,2.0,2,7,3072,6,0,2006,5,Q2
167000.0,2,2.0,37,7,10628,5,176,2007,4,Q2
146500.0,3,1.5,65,5,9480,7,0,2007,6,Q2
250000.0,3,2.0,1,8,11428,7,0,2007,5,Q2
187000.0,3,2.5,15,6,9291,7,0,2008,6,Q2
212000.0,1,2.5,25,8,6820,4,140,2010,6,Q2
190000.0,3,2.5,30,7,11952,8,276,2007,11,Q4
148000.0,2,2.0,3,6,3675,5,0,2008,6,Q2
440000.0,2,3.0,1,8,14977,7,0,2007,7,Q3
251000.0,2,3.0,7,8,5330,6,0,2007,8,Q3
132500.0,2,2.0,44,5,8480,5,192,2007,7,Q3
208900.0,3,3.0,11,6,13125,7,0,2008,4,Q2
380000.0,3,2.5,1,9,13693,9,0,2007,3,Q1
297000.0,3,3.0,2,8,10637,7,0,2009,9,Q3
89471.0,2,1.0,70,4,5925,7,0,2007,3,Q1
326000.0,3,3.0,2,9,16033,8,0,2006,3,Q1
374000.0,2,3.0,3,9,11846,6,0,2006,8,Q3
155000.0,4,2.5,94,7,2500,7,0,2009,6,Q2
164000.0,2,3.0,8,6,4500,5,0,2006,5,Q2
132500.0,3,2.0,45,5,7758,6,0,2007,3,Q1
147000.0,3,1.0,59,5,9600,5,0,2009,7,Q3
156000.0,3,2.5,42,5,10289,6,0,2007,6,Q2
175000.0,3,2.0,36,5,12243,7,180,2007,2,Q1
160000.0,3,2.0,106,5,10800,10,0,2006,5,Q2
86000.0,1,2.0,39,4,1526,3,0,2009,5,Q2
115000.0,3,1.5,32,5,2665,4,0,2008,6,Q2
133000.0,3,2.0,65,6,9490,5,0,2006,8,Q3
172785.0,3,2.5,0,6,15578,8,0,2006,5,Q2
155000.0,3,1.5,48,5,7931,6,0,2008,6,Q2
91300.0,2,1.0,71,5,5784,4,0,2009,12,Q4
34900.0,2,1.0,89,4,7879,4,0,2009,11,Q4
430000.0,4,4.0,15,8,12692,10,0,2007,5,Q2
184000.0,4,3.0,83,7,9120,8,0,2008,6,Q2
130000.0,3,1.0,42,5,7800,5,0,2009,6,Q2
120000.0,2,1.5,49,5,7535,5,0,2007,6,Q2
113000.0,3,1.5,34,6,1890,7,0,2007,5,Q2
226700.0,3,2.5,3,7,9803,7,0,2008,2,Q1
140000.0,2,2.0,42,5,9170,6,0,2007,4,Q2
289000.0,1,3.0,51,7,15602,6,161,2010,3,Q1
147000.0,3,3.0,35,6,2308,6,0,2009,6,Q2
124500.0,4,2.0,57,5,7596,10,0,2009,7,Q3
215000.0,3,2.5,13,8,9554,8,0,2006,9,Q3
208300.0,2,2.0,0,6,7862,4,0,2009,9,Q3
161000.0,3,2.0,80,7,9600,7,0,2008,10,Q4
124500.0,3,2.0,50,5,9600,6,0,2009,7,Q3
164900.0,2,2.0,58,5,14559,6,168,2009,6,Q2
202665.0,2,2.0,1,7,6792,6,0,2006,3,Q1
129900.0,3,2.0,48,5,9100,5,0,2006,7,Q3
134000.0,3,1.5,24,6,9187,5,0,2007,6,Q2
96500.0,2,1.0,81,5,10594,5,0,2007,6,Q2
402861.0,3,3.5,0,10,12220,9,0,2009,9,Q3
158000.0,3,2.5,37,6,10448,7,0,2009,8,Q3
265000.0,3,2.5,13,7,10208,7,0,2009,7,Q3
211000.0,3,3.5,9,6,9531,7,0,2007,5,Q2
234000.0,3,1.5,83,7,10918,9,145,2009,6,Q2
106250.0,3,2.0,108,4,10800,7,0,2008,8,Q3
150000.0,3,1.5,50,6,11988,6,0,2007,5,Q2
159000.0,3,2.0,59,6,5000,7,0,2006,10,Q4
184750.0,3,4.5,0,10,40094,11,0,2007,10,Q4
315750.0,3,3.5,11,7,11787,8,0,2007,8,Q3
176000.0,3,2.0,1,7,7500,6,0,2006,4,Q2
132000.0,2,1.0,51,5,13300,4,0,2007,6,Q2
446261.0,3,3.5,0,9,14948,11,0,2008,11,Q4
86000.0,2,2.0,87,4,9098,5,0,2007,7,Q3
200624.0,4,4.0,50,6,32668,9,0,2007,3,Q1
175000.0,3,3.0,20,6,10200,5,0,2008,8,Q3
128000.0,3,2.0,88,6,6155,6,0,2008,6,Q2
107500.0,2,1.0,55,5,7200,5,0,2010,4,Q2
39300.0,1,1.0,61,1,5000,2,0,2007,1,Q1
178000.0,3,2.5,2,8,9056,6,0,2006,10,Q4
107500.0,3,2.0,98,5,7000,5,0,2008,1,Q1
188000.0,3,2.5,10,7,8924,8,0,2008,7,Q3
111250.0,3,1.0,36,4,12735,5,0,2008,4,Q2
158000.0,3,1.5,38,5,11553,7,0,2006,7,Q3
272000.0,3,3.0,9,8,11423,6,0,2010,5,Q2
315000.0,2,3.0,3,9,14601,8,0,2009,3,Q1
248000.0,4,2.5,7,8,11000,8,0,2007,6,Q2
213250.0,3,3.0,11,7,10140,7,0,2009,6,Q2
133000.0,1,2.0,9,7,4058,4,0,2007,6,Q2
179665.0,3,3.5,0,7,17104,7,0,2006,9,Q3
229000.0,4,2.5,18,7,13837,9,0,2006,2,Q1
210000.0,3,1.5,84,6,8737,6,0,2007,5,Q2
129500.0,2,2.0,37,5,7244,5,0,2007,4,Q2
125000.0,2,2.0,53,5,8235,4,0,2008,6,Q2
263000.0,4,2.5,6,7,9375,8,0,2009,11,Q4
140000.0,2,2.0,31,6,4043,4,200,2008,10,Q4
112500.0,3,1.0,51,5,6000,5,0,2008,6,Q2
255500.0,3,2.0,3,8,11146,7,0,2009,7,Q3
108000.0,2,2.0,60,4,8777,5,0,2009,5,Q2
284000.0,3,3.5,5,7,10625,8,0,2008,8,Q3
113000.0,2,1.0,84,5,6380,5,0,2006,8,Q3
141000.0,2,2.0,49,5,14850,6,122,2006,5,Q2
108000.0,3,1.5,86,4,11040,7,0,2006,9,Q3
175000.0,3,3.0,12,7,21872,6,0,2008,8,Q3
234000.0,2,2.0,3,7,3196,7,0,2006,10,Q4
121500.0,3,2.5,53,5,11341,5,95,2010,5,Q2
170000.0,2,2.0,32,5,10010,6,0,2006,4,Q2
108000.0,3,2.0,68,5,13907,6,0,2008,7,Q3
185000.0,4,2.0,90,6,21780,8,144,2008,7,Q3
268000.0,4,3.5,14,7,13346,9,0,2006,7,Q3
128000.0,4,2.5,95,6,6858,6,0,2010,5,Q2
325000.0,4,2.5,3,9,11198,11,0,2008,6,Q2
214000.0,3,2.0,6,7,10171,7,0,2010,3,Q1
316600.0,1,2.5,26,8,12327,5,0,2009,9,Q3
135960.0,2,2.0,27,5,7032,4,0,2006,12,Q4
142600.0,6,2.0,43,5,13101,10,0,2008,11,Q4
120000.0,2,2.0,47,6,7332,4,0,2006,10,Q4
224500.0,3,2.5,0,7,13159,6,0,2009,7,Q3
170000.0,3,2.5,7,7,9967,8,0,2007,12,Q4
139000.0,3,1.5,36,5,10500,5,0,2007,12,Q4
118500.0,2,1.0,61,5,8480,6,0,2008,10,Q4
145000.0,3,2.5,81,7,6292,6,0,2009,8,Q3
164500.0,3,2.0,40,5,11777,6,0,2006,5,Q2
146000.0,2,2.0,1,7,3604,5,0,2008,2,Q1
131500.0,4,2.0,54,5,12150,7,0,2008,11,Q4
181900.0,3,1.5,47,6,14585,7,0,2007,6,Q2
253293.0,3,2.5,1,8,12704,8,0,2009,8,Q3
118500.0,3,2.0,17,6,11841,5,0,2007,5,Q2
325000.0,3,3.5,115,10,13500,9,0,2008,7,Q3
133000.0,3,1.0,74,4,6120,6,120,2009,7,Q3
369900.0,2,3.0,1,8,11443,7,0,2006,3,Q1
130000.0,2,2.0,90,6,10267,5,0,2008,5,Q2
137000.0,2,2.0,27,5,8740,4,0,2009,7,Q3
143000.0,1,3.0,41,5,25095,5,60,2009,6,Q2
79500.0,2,1.0,78,5,9100,4,0,2008,8,Q3
185900.0,3,2.5,4,7,8320,6,0,2008,9,Q3
451950.0,3,3.5,1,10,13478,10,0,2009,6,Q2
138000.0,2,2.0,26,5,6600,4,0,2008,6,Q2
140000.0,1,2.0,6,6,4435,4,0,2009,5,Q2
110000.0,3,1.0,33,5,7990,5,0,2008,4,Q2
319000.0,3,3.0,1,8,11302,7,120,2006,8,Q3
114504.0,3,1.0,96,6,3600,7,0,2006,10,Q4
194201.0,2,2.0,1,7,3922,7,0,2007,2,Q1
217500.0,3,3.0,29,5,12984,7,0,2006,3,Q1
151000.0,3,3.5,28,6,1950,6,0,2008,7,Q3
275000.0,3,3.5,1,8,10927,8,0,2006,6,Q2
141000.0,3,1.5,70,6,9000,6,126,2007,12,Q4
220000.0,3,3.5,14,8,10041,8,0,2006,2,Q1
151000.0,2,2.5,6,7,3182,4,0,2010,6,Q2
221000.0,3,3.0,6,7,12803,6,0,2008,9,Q3
205000.0,3,2.5,44,7,13600,7,189,2009,10,Q4
152000.0,3,2.0,13,5,12464,6,0,2009,11,Q4
225000.0,3,4.0,58,5,7800,8,0,2006,8,Q3
359100.0,4,2.5,73,8,12168,10,0,2007,9,Q3
118500.0,3,2.0,46,4,7943,5,0,2007,4,Q2
313000.0,3,3.5,9,9,11050,8,0,2009,5,Q2
148000.0,3,2.5,29,6,10395,6,0,2007,7,Q3
261500.0,3,3.5,8,8,11885,7,0,2009,11,Q4
147000.0,3,1.0,0,5,8402,6,0,2007,12,Q4
75500.0,1,2.0,38,4,1491,3,0,2010,5,Q2
137500.0,3,2.0,47,6,8800,6,0,2010,5,Q2
183200.0,3,3.5,4,6,7861,7,0,2006,6,Q2
105500.0,2,1.0,54,6,7227,4,0,2008,6,Q2
314813.0,3,2.0,0,9,11694,9,260,2007,7,Q3
305000.0,4,3.5,5,8,12244,10,0,2008,8,Q3
67000.0,2,2.0,94,3,8248,5,0,2008,9,Q3
240000.0,4,2.5,34,6,10800,9,0,2008,6,Q2
135000.0,3,1.0,32,5,7064,6,0,2009,7,Q3
168500.0,2,2.5,7,6,2117,4,0,2007,6,Q2
165150.0,4,3.0,34,6,10400,8,147,2006,11,Q4
160000.0,3,1.5,48,6,10000,5,385,2010,2,Q1
139900.0,3,1.0,47,5,12342,6,0,2007,8,Q3
153000.0,3,2.0,55,6,9600,7,0,2010,3,Q1
135000.0,5,2.5,38,5,11606,9,0,2007,9,Q3
168500.0,3,2.5,44,6,9020,6,0,2008,6,Q2
124000.0,3,1.0,126,5,9000,8,0,2006,6,Q2
209500.0,2,2.0,1,8,4590,6,0,2007,8,Q3
82500.0,3,2.0,32,7,11900,6,0,2009,4,Q2
139400.0,3,1.5,53,5,9250,6,0,2007,7,Q3
144000.0,0,2.0,30,6,6979,4,0,2010,6,Q2
200000.0,8,2.0,93,6,10896,14,0,2007,3,Q1
60000.0,1,1.0,73,2,6120,4,0,2009,1,Q1
93000.0,3,2.0,55,5,6000,7,0,2009,11,Q4
85000.0,2,1.0,98,5,8777,4,0,2008,5,Q2
264561.0,1,3.0,0,8,3982,7,0,2006,10,Q4
274000.0,1,1.5,5,8,12677,6,0,2008,4,Q2
226000.0,3,3.5,6,7,7050,7,0,2007,5,Q2
345000.0,4,3.5,37,8,13860,9,0,2009,7,Q3
152000.0,4,2.5,38,5,10793,7,0,2007,4,Q2
370878.0,2,3.5,0,9,9187,7,0,2009,10,Q4
143250.0,3,2.5,36,6,10530,5,0,2007,3,Q1
98300.0,3,1.0,58,5,7200,7,0,2008,7,Q3
155000.0,3,1.0,55,6,10452,5,287,2008,6,Q2
155000.0,4,1.5,44,6,7700,7,0,2010,6,Q2
84500.0,1,2.0,37,4,1936,3,0,2007,12,Q4
205950.0,3,2.5,1,7,8125,7,0,2008,5,Q2
108000.0,4,2.0,69,4,9084,7,0,2009,10,Q4
191000.0,2,2.5,13,7,8750,7,0,2009,7,Q3
135000.0,3,1.0,102,6,10320,7,0,2008,6,Q2
350000.0,2,3.5,13,8,10437,7,0,2008,8,Q3
88000.0,3,1.5,39,6,1680,6,0,2010,3,Q1
145500.0,3,2.5,49,5,10007,5,0,2008,8,Q3
149000.0,3,1.5,77,7,7200,6,0,2008,2,Q1
97500.0,3,1.5,62,6,17503,6,0,2010,1,Q1
167000.0,3,2.0,45,5,9937,7,0,2009,3,Q1
197900.0,3,2.5,31,7,12384,7,0,2007,11,Q4
402000.0,4,3.5,15,8,46589,8,0,2009,7,Q3
110000.0,2,2.0,41,6,13560,5,0,2009,7,Q3
137500.0,3,3.0,36,4,10012,6,0,2008,4,Q2
423000.0,1,2.5,1,8,20896,8,0,2006,1,Q1
230500.0,3,2.5,6,8,11194,7,0,2006,11,Q4
129000.0,3,2.5,42,6,18450,7,0,2007,8,Q3
193500.0,3,3.0,14,6,8125,7,0,2008,10,Q4
168000.0,3,2.5,50,5,14175,6,0,2006,11,Q4
137500.0,2,1.0,84,4,11600,5,0,2006,7,Q3
173500.0,3,3.5,4,6,8633,7,0,2009,2,Q1
103600.0,3,3.0,84,6,6629,6,0,2009,7,Q3
165000.0,3,2.5,29,6,11250,6,0,2006,6,Q2
257500.0,3,3.0,50,6,14442,7,200,2007,6,Q2
140000.0,3,2.0,43,6,9200,5,0,2008,7,Q3
148500.0,3,2.5,31,6,2289,7,0,2009,4,Q2
87000.0,4,3.0,106,4,9600,8,0,2006,5,Q2
109500.0,2,1.0,85,5,9022,5,0,2009,5,Q2
372500.0,3,2.5,1,8,11844,7,0,2009,7,Q3
128500.0,3,2.0,46,5,9945,5,0,2007,10,Q4
143000.0,2,2.0,30,6,8012,5,0,2010,5,Q2
159434.0,3,1.0,77,5,4500,6,0,2009,7,Q3
173000.0,2,2.0,12,6,2887,6,0,2008,11,Q4
285000.0,3,3.0,5,9,11248,7,0,2007,7,Q3
221000.0,4,2.5,12,7,16770,7,0,2010,6,Q2
207500.0,3,3.0,23,7,5062,6,0,2007,9,Q3
227875.0,3,3.0,0,7,10207,7,0,2007,8,Q3
148800.0,2,2.5,3,7,5105,4,0,2007,3,Q1
392000.0,2,3.0,0,8,8089,7,0,2007,10,Q4
194700.0,2,2.0,2,6,7577,6,0,2007,6,Q2
141000.0,1,2.0,4,6,4426,3,0,2008,5,Q2
755000.0,4,4.0,13,10,21535,10,0,2007,1,Q1
335000.0,4,3.5,17,7,26178,9,0,2006,4,Q2
108480.0,2,1.0,85,5,5400,4,0,2006,12,Q4
141500.0,3,1.5,73,5,6120,5,0,2009,4,Q2
176000.0,2,3.0,19,6,13811,5,0,2006,7,Q3
89000.0,2,1.0,85,5,6000,4,0,2006,6,Q2
123500.0,2,1.5,54,5,6420,6,0,2006,9,Q3
138500.0,3,2.0,45,5,8450,5,0,2010,4,Q2
196000.0,2,2.0,4,7,4282,5,0,2008,7,Q3
312500.0,3,3.0,4,8,14331,7,0,2006,5,Q2
140000.0,3,1.5,37,7,9600,6,0,2006,7,Q3
361919.0,4,2.5,0,8,12438,10,0,2006,7,Q3
140000.0,4,2.0,110,5,7630,8,0,2010,5,Q2
213000.0,3,3.0,6,7,8400,7,0,2010,5,Q2
55000.0,3,2.0,80,4,5600,7,0,2010,7,Q3
302000.0,2,3.0,36,7,115149,5,0,2007,6,Q2
254000.0,2,3.0,3,8,6240,6,0,2009,12,Q4
179540.0,3,2.5,0,7,9018,8,0,2007,7,Q3
109900.0,3,1.0,42,5,7162,6,0,2008,12,Q4
52000.0,2,1.0,73,3,4130,5,0,2008,7,Q3
102776.0,2,1.0,110,4,8712,7,0,2010,1,Q1
189000.0,2,3.0,20,8,4671,5,0,2008,10,Q4
129000.0,3,2.0,36,4,9873,6,0,2006,5,Q2
130500.0,3,2.5,34,6,13517,6,0,2010,3,Q1
165000.0,3,2.0,35,6,10140,7,0,2009,8,Q3
159500.0,3,1.5,117,7,10800,8,0,2007,7,Q3
157000.0,3,2.0,35,5,10000,5,0,2008,11,Q4
341000.0,3,3.5,15,7,10542,9,0,2008,8,Q3
128500.0,3,1.5,37,5,9920,5,0,2006,5,Q2
275000.0,2,3.0,21,8,6563,5,0,2006,12,Q4
143000.0,1,2.0,6,6,4426,3,0,2010,5,Q2
124500.0,3,1.0,39,4,8120,5,0,2009,7,Q3
135000.0,4,2.0,54,4,8172,7,156,2008,5,Q2
320000.0,3,3.0,2,9,13286,8,0,2009,2,Q1
120500.0,3,1.0,39,4,6960,5,0,2009,11,Q4
222000.0,3,3.0,21,6,21695,5,0,2009,12,Q4
194500.0,2,3.0,2,7,7314,6,0,2009,2,Q1
110000.0,4,3.0,51,5,11475,9,0,2009,7,Q3
103000.0,2,1.0,84,4,6240,5,0,2009,1,Q1
236500.0,2,3.0,15,8,5389,5,0,2010,3,Q1
187500.0,3,3.0,4,7,9590,6,0,2007,5,Q2
222500.0,3,2.5,10,7,11404,8,0,2008,7,Q3
131400.0,3,2.0,48,5,10000,6,0,2009,3,Q1
108000.0,3,1.0,39,5,8978,6,0,2007,5,Q2
163000.0,2,1.5,92,7,10800,6,0,2006,10,Q4
93500.0,2,2.0,56,3,8544,6,0,2006,7,Q3
239900.0,3,2.5,1,8,10463,8,0,2006,6,Q2
179000.0,3,6.0,22,5,10800,5,0,2009,3,Q1
190000.0,3,2.5,5,7,9313,7,0,2009,4,Q2
132000.0,2,2.0,97,5,9600,7,0,2007,5,Q2
142000.0,3,2.5,47,6,6768,5,0,2008,5,Q2
179000.0,3,2.0,7,7,8450,6,0,2007,12,Q4
175000.0,3,2.5,46,5,12886,6,100,2009,10,Q4
180000.0,2,3.0,15,8,5395,5,0,2008,10,Q4
299800.0,4,4.0,32,8,8963,11,0,2008,7,Q3
236000.0,4,2.5,9,7,8795,8,0,2009,4,Q2
265979.0,4,1.5,129,7,11700,8,0,2009,5,Q2
260400.0,3,3.0,14,7,10593,7,0,2010,3,Q1
98000.0,4,2.0,64,4,8405,9,0,2009,4,Q2
96500.0,3,1.0,100,4,8800,7,0,2010,6,Q2
162000.0,3,2.5,4,7,7750,6,0,2007,8,Q3
217000.0,3,3.0,9,6,9236,6,0,2006,7,Q3
275500.0,3,2.5,1,8,10240,8,0,2006,3,Q1
156000.0,3,2.0,40,6,7930,5,0,2009,7,Q3
172500.0,3,2.5,10,6,3230,6,0,2009,3,Q1
212000.0,3,2.5,2,8,10769,7,0,2009,4,Q2
158900.0,3,2.5,32,6,11616,6,0,2010,4,Q2
179400.0,3,2.5,9,7,2280,6,0,2008,8,Q3
290000.0,4,2.5,12,8,12257,9,0,2007,11,Q4
127500.0,2,1.0,50,6,9100,5,0,2009,10,Q4
100000.0,2,1.0,85,5,6911,5,0,2009,10,Q4
215200.0,3,2.5,1,7,8640,7,0,2010,6,Q2
337000.0,3,3.5,10,8,9430,8,180,2009,7,Q3
270000.0,2,2.5,11,8,9549,6,216,2006,4,Q2
264132.0,2,2.0,0,9,14587,6,0,2008,8,Q3
196500.0,3,2.5,22,7,10421,7,0,2010,3,Q1
160000.0,4,3.0,68,6,12508,7,0,2008,7,Q3
216837.0,3,2.0,2,7,9100,8,0,2006,10,Q4
538000.0,4,4.5,7,8,53504,12,210,2010,6,Q2
134900.0,2,2.0,27,5,7252,5,0,2009,4,Q2
102000.0,2,1.0,55,4,8877,6,0,2006,4,Q2
107000.0,3,2.0,34,6,7819,6,0,2010,3,Q1
114500.0,2,1.0,49,5,10150,5,0,2007,7,Q3
395000.0,3,2.0,1,8,14226,9,0,2007,7,Q3
162000.0,2,3.0,11,6,4500,5,0,2009,6,Q2
221500.0,3,2.0,1,7,11210,7,0,2006,7,Q3
142500.0,3,2.0,32,5,13350,5,0,2006,6,Q2
144000.0,4,2.0,30,5,8400,10,0,2007,10,Q4
135000.0,2,2.0,29,6,10530,4,0,2006,5,Q2
176000.0,3,2.0,12,7,7875,6,0,2007,6,Q2
175900.0,3,2.5,14,6,7153,7,0,2006,7,Q3
187100.0,3,2.0,8,7,16285,6,0,2009,6,Q2
165500.0,1,2.0,31,5,9101,4,0,2009,7,Q3
128000.0,3,2.0,94,6,6300,9,0,2008,6,Q2
161500.0,3,2.0,42,6,9790,7,197,2009,9,Q3
139000.0,4,3.0,95,5,10800,7,0,2010,6,Q2
233000.0,4,3.5,6,7,10142,8,0,2010,1,Q1
107900.0,2,1.0,54,4,6000,4,0,2008,8,Q3
187500.0,5,2.5,41,6,12205,9,0,2007,7,Q3
160200.0,2,2.0,4,7,3182,5,0,2009,9,Q3
146800.0,3,2.0,31,6,11333,5,0,2007,5,Q2
269790.0,3,3.5,11,7,9920,8,0,2007,6,Q2
225000.0,3,2.0,0,8,9158,7,0,2007,6,Q2
194500.0,3,2.5,14,7,10832,7,0,2008,10,Q4
171000.0,3,2.5,30,6,8400,7,204,2010,4,Q2
143500.0,3,1.5,30,6,8197,7,0,2007,4,Q2
110000.0,2,1.0,55,5,7677,4,0,2008,4,Q2
485000.0,4,3.5,1,9,13518,11,0,2009,7,Q3
175000.0,3,2.5,70,5,7200,7,0,2007,6,Q2
200000.0,4,3.5,11,6,12798,8,0,2008,5,Q2
109900.0,2,2.0,91,4,4800,5,0,2007,7,Q3
189000.0,3,3.5,3,7,8199,7,0,2008,10,Q4
582933.0,4,3.5,1,9,13891,12,192,2009,1,Q1
118000.0,2,1.0,52,5,9000,5,0,2006,6,Q2
227680.0,3,2.0,0,7,12274,6,0,2008,7,Q3
135500.0,3,2.0,39,5,9750,6,0,2006,10,Q4
223500.0,3,3.5,86,5,21384,6,0,2009,5,Q2
159950.0,3,2.0,40,5,13400,6,0,2006,6,Q2
106000.0,2,2.0,111,5,8100,11,0,2009,11,Q4
181000.0,3,2.5,32,6,10140,5,0,2006,1,Q1
144500.0,1,2.0,4,6,4438,4,0,2008,6,Q2
55993.0,2,1.0,58,5,8712,4,0,2010,6,Q2
157900.0,4,1.5,49,6,9750,7,0,2007,4,Q2
116000.0,3,2.0,88,5,8248,7,0,2006,7,Q3
224900.0,3,2.0,12,7,12137,6,0,2010,5,Q2
137000.0,2,1.0,52,5,11425,4,0,2006,7,Q3
271000.0,3,3.0,6,8,13265,7,0,2008,7,Q3
155000.0,3,2.0,39,6,8816,6,0,2010,6,Q2
224000.0,2,3.0,1,7,6371,6,0,2010,6,Q2
183000.0,3,2.5,5,7,7226,6,0,2008,6,Q2
93000.0,2,1.0,56,4,6000,4,0,2009,2,Q1
225000.0,3,2.5,4,7,12394,7,0,2007,10,Q4
139500.0,3,2.0,69,6,9900,7,0,2009,7,Q3
232600.0,3,2.0,0,8,11216,7,0,2006,6,Q2
385000.0,2,3.0,1,10,14803,7,0,2008,6,Q2
109500.0,2,2.0,84,5,6130,5,0,2008,5,Q2
189000.0,3,2.0,8,7,8529,6,0,2009,4,Q2
185000.0,3,3.0,42,5,28698,7,225,2009,6,Q2
147400.0,2,2.5,1,7,2544,4,0,2006,7,Q3
166000.0,3,2.5,51,6,11900,6,192,2008,6,Q2
151000.0,2,2.5,1,7,3180,4,0,2006,6,Q2
237000.0,3,3.5,7,7,9548,7,0,2010,1,Q1
167000.0,3,1.5,45,6,10004,6,152,2009,2,Q1
139950.0,3,2.0,47,5,7875,6,0,2008,9,Q3
128000.0,2,2.0,60,4,9600,4,0,2010,2,Q1
153500.0,2,2.0,59,5,8100,5,0,2007,6,Q2
100000.0,2,2.5,35,6,1680,5,0,2008,11,Q4
144000.0,3,1.5,13,5,9525,6,0,2008,6,Q2
130500.0,3,1.0,62,5,11767,6,0,2008,5,Q2
140000.0,4,2.0,83,6,12155,7,0,2008,3,Q1
157500.0,3,2.0,104,5,10440,8,0,2008,6,Q2
174900.0,3,2.5,42,6,9020,6,0,2008,5,Q2
141000.0,6,2.0,46,5,8000,10,0,2007,7,Q3
153900.0,4,1.5,93,5,12665,7,0,2008,6,Q2
171000.0,3,3.0,32,5,16647,6,0,2007,1,Q1
213000.0,3,3.5,16,7,9317,7,0,2009,7,Q3
133500.0,3,2.0,37,5,15523,5,0,2009,8,Q3
240000.0,5,3.0,100,6,45600,10,175,2008,9,Q3
187000.0,3,2.5,31,6,9600,7,0,2007,8,Q3
131500.0,1,2.0,4,6,4435,3,0,2007,11,Q4
215000.0,2,2.0,3,8,3196,7,0,2006,5,Q2
164000.0,4,2.0,66,7,7128,7,126,2007,8,Q3
158000.0,3,1.5,45,6,12095,7,0,2009,8,Q3
170000.0,3,2.5,51,5,17920,6,312,2006,7,Q3
127000.0,3,2.5,48,5,6897,6,0,2010,4,Q2
147000.0,3,2.0,30,6,10970,5,0,2008,10,Q4
174000.0,3,2.5,15,6,8125,6,0,2009,3,Q1
152000.0,3,2.0,33,7,10400,6,0,2009,6,Q2
250000.0,4,3.5,38,6,11029,9,222,2006,8,Q3
189950.0,3,1.5,89,7,7642,7,0,2007,6,Q2
131500.0,3,2.5,45,5,11625,6,0,2010,4,Q2
152000.0,3,2.0,26,6,9672,6,0,2010,5,Q2
132500.0,3,2.0,50,5,7931,6,0,2009,7,Q3
250580.0,3,2.0,1,7,8640,6,0,2008,5,Q2
148500.0,3,2.0,39,5,8750,5,0,2009,8,Q3
248900.0,3,2.0,1,8,10656,6,0,2007,11,Q4
129000.0,3,2.5,46,4,6970,5,0,2007,5,Q2
169000.0,2,2.0,58,5,14762,7,0,2006,5,Q2
236000.0,3,3.5,17,7,9938,8,0,2010,6,Q2
109500.0,2,1.0,47,5,6600,5,0,2009,8,Q3
200500.0,3,2.5,12,6,8750,7,0,2010,6,Q2
116000.0,3,1.0,55,5,8892,5,0,2008,10,Q4
133000.0,3,1.0,60,5,12144,6,0,2009,9,Q3
66500.0,3,1.5,68,5,5720,5,0,2009,8,Q3
303477.0,4,2.5,0,8,9000,11,0,2007,8,Q3
132250.0,3,2.0,44,4,25286,5,0,2007,1,Q1
350000.0,4,3.5,5,9,8834,10,0,2009,6,Q2
148000.0,3,2.0,49,5,11782,6,0,2010,6,Q2
136500.0,3,2.0,31,5,7000,6,0,2009,7,Q3
157000.0,2,2.5,2,5,7024,5,0,2007,6,Q2
187500.0,3,2.5,17,7,13758,7,0,2007,4,Q2
178000.0,3,2.5,17,6,9636,7,0,2009,12,Q4
118500.0,5,2.0,94,4,6204,10,0,2006,3,Q1
100000.0,3,1.0,42,5,7150,5,0,2009,7,Q3
328900.0,2,3.0,9,9,5119,5,0,2008,1,Q1
145000.0,4,2.0,47,5,8393,8,0,2006,6,Q2
135500.0,3,1.5,53,5,16466,8,265,2008,4,Q2
268000.0,4,3.0,37,8,15865,8,224,2007,10,Q4
149500.0,2,2.0,56,6,12160,6,0,2009,2,Q1
122900.0,3,1.0,58,5,8064,6,0,2007,7,Q3
172500.0,3,2.5,31,6,11184,7,0,2009,7,Q3
154500.0,3,1.5,43,6,8414,6,0,2006,2,Q1
165000.0,3,2.0,54,5,13284,6,0,2008,6,Q2
118858.0,4,2.0,30,5,7018,8,0,2009,6,Q2
140000.0,4,2.5,45,6,7056,8,0,2008,10,Q4
106500.0,2,1.0,70,4,8765,6,0,2006,4,Q2
142953.0,6,2.0,30,5,7018,12,0,2009,6,Q2
611657.0,2,3.5,1,9,12919,11,0,2010,3,Q1
135000.0,3,1.0,45,5,6993,6,0,2006,6,Q2
110000.0,2,1.0,36,4,7340,4,0,2007,6,Q2
153000.0,2,2.0,52,5,8712,5,0,2009,5,Q2
180000.0,3,2.5,3,7,7875,8,0,2006,7,Q3
240000.0,3,2.0,0,7,14859,7,0,2006,8,Q3
125500.0,3,1.0,40,5,6173,6,0,2007,8,Q3
128000.0,3,2.0,56,5,9920,6,0,2010,2,Q1
255000.0,3,3.0,1,8,13501,8,0,2007,6,Q2
250000.0,3,1.5,70,7,11500,6,322,2006,6,Q2
131000.0,2,2.0,23,5,8885,5,0,2006,6,Q2
174000.0,3,2.5,4,6,12589,8,0,2009,6,Q2
154300.0,5,2.0,50,5,11600,12,0,2010,1,Q1
143500.0,3,1.5,32,5,9286,5,0,2009,10,Q4
88000.0,3,1.0,81,5,6120,6,120,2006,7,Q3
145000.0,4,2.0,58,5,6270,8,0,2007,8,Q3
173733.0,2,2.5,0,6,3000,4,0,2009,6,Q2
75000.0,3,1.5,37,4,2001,6,0,2007,1,Q1
35311.0,1,1.0,57,2,9000,4,0,2006,10,Q4
135000.0,3,1.0,53,4,17140,6,0,2009,4,Q2
238000.0,4,3.5,16,7,13125,8,0,2007,11,Q4
176500.0,3,2.0,50,6,11029,6,190,2008,5,Q2
201000.0,3,3.0,13,6,8462,7,0,2007,7,Q3
145900.0,4,5.0,108,5,8777,9,0,2008,9,Q3
169990.0,3,2.0,1,6,10237,6,0,2006,10,Q4
193000.0,2,3.0,15,6,8012,5,0,2008,7,Q3
207500.0,3,3.0,26,6,10240,7,0,2006,5,Q2
175000.0,3,2.5,31,5,15611,6,0,2008,3,Q1
285000.0,4,2.5,4,8,11999,10,0,2007,5,Q2
176000.0,4,2.5,40,7,9900,9,0,2008,4,Q2
236500.0,3,2.0,8,8,11838,7,0,2009,6,Q2
222000.0,4,2.5,9,7,13006,8,0,2006,11,Q4
201000.0,3,2.0,2,8,8925,7,0,2009,7,Q3
117500.0,2,1.5,44,5,9100,5,0,2009,7,Q3
320000.0,3,2.0,1,9,11670,8,0,2007,3,Q1
190000.0,3,2.0,5,7,8487,6,0,2009,8,Q3
242000.0,4,3.0,48,7,27650,9,0,2008,11,Q4
79900.0,1,1.0,80,4,5825,5,0,2006,6,Q2
184900.0,2,3.0,6,7,10083,5,0,2009,8,Q3
253000.0,3,2.5,4,7,9675,8,0,2009,2,Q1
239799.0,3,2.5,0,7,8760,7,0,2006,8,Q3
244400.0,4,2.0,70,7,24090,10,0,2010,6,Q2
150900.0,4,2.0,30,6,12640,8,0,2006,7,Q3
214000.0,3,3.5,10,7,8755,8,0,2009,6,Q2
150000.0,4,4.0,30,4,7711,8,0,2007,8,Q3
143000.0,4,2.0,40,5,25000,8,0,2007,6,Q2
137500.0,3,1.5,51,6,14375,7,233,2009,1,Q1
124900.0,2,1.0,119,5,8820,7,0,2009,9,Q3
143000.0,3,2.0,47,5,8163,6,0,2006,3,Q1
270000.0,3,3.0,5,8,14536,9,0,2007,11,Q4
192500.0,3,2.5,4,7,14006,7,0,2006,2,Q1
197500.0,3,2.5,38,6,9360,5,0,2010,3,Q1
129000.0,3,2.0,57,5,7200,5,0,2007,7,Q3
119900.0,3,2.0,41,5,7800,6,0,2006,7,Q3
133900.0,2,1.5,37,5,7200,5,0,2009,4,Q2
172000.0,4,3.0,39,5,11075,7,0,2008,9,Q3
127500.0,4,3.0,31,6,9400,4,0,2006,10,Q4
145000.0,4,2.0,61,6,7136,8,0,2007,8,Q3
124000.0,2,1.5,29,6,1300,5,0,2009,5,Q2
132000.0,3,1.0,45,5,7420,6,0,2007,4,Q2
185000.0,3,3.0,4,7,8450,6,0,2007,10,Q4
155000.0,3,3.5,11,7,2572,6,0,2010,5,Q2
116500.0,2,2.0,52,5,7207,4,0,2010,2,Q1
272000.0,4,3.5,31,6,12227,11,0,2008,7,Q3
155000.0,3,3.5,31,6,2308,7,0,2007,7,Q3
239000.0,2,2.0,2,9,11923,7,0,2009,5,Q2
214900.0,4,3.5,8,7,11316,8,0,2010,2,Q1
178900.0,3,2.5,2,6,10237,8,0,2007,7,Q3
160000.0,2,2.5,69,5,9600,7,0,2009,6,Q2
135000.0,3,2.0,53,5,7390,6,0,2008,7,Q3
37900.0,2,1.0,99,3,5925,6,0,2009,5,Q2
140000.0,2,2.0,48,6,10382,6,0,2006,3,Q1
135000.0,4,1.5,57,4,10800,6,0,2006,12,Q4
173000.0,2,2.0,6,7,2268,6,0,2009,7,Q3
99500.0,2,2.0,31,6,7892,5,0,2010,4,Q2
182000.0,3,2.0,1,7,11639,6,0,2008,12,Q4
167500.0,3,1.0,99,7,11414,8,0,2009,10,Q4
165000.0,3,3.5,6,7,2651,6,0,2006,4,Q2
85500.0,2,1.0,83,4,5900,4,0,2006,8,Q3
199900.0,1,2.5,1,7,4274,4,0,2007,11,Q4
110000.0,3,1.0,53,4,9450,5,0,2007,5,Q2
139000.0,3,2.0,46,5,8816,5,0,2009,6,Q2
178400.0,3,2.0,47,7,12122,6,0,2008,7,Q3
336000.0,4,3.5,11,8,12203,8,0,2009,7,Q3
159895.0,2,2.0,1,7,3182,6,0,2008,3,Q1
255900.0,4,2.5,6,8,11250,9,0,2008,5,Q2
126000.0,4,2.0,32,5,10125,8,0,2009,8,Q3
125000.0,3,2.0,58,5,10880,5,0,2008,8,Q3
117000.0,2,1.0,96,6,5310,5,0,2006,6,Q2
395192.0,3,3.5,1,9,10159,8,0,2010,4,Q2
195000.0,4,2.5,31,6,12046,8,0,2007,6,Q2
197000.0,3,2.5,0,7,8125,6,0,2006,8,Q3
348000.0,3,3.5,9,8,9452,7,0,2006,6,Q2
168000.0,4,1.5,127,8,17671,8,0,2009,11,Q4
187000.0,3,2.5,43,6,9760,7,0,2007,7,Q3
173900.0,3,2.5,1,6,8846,6,0,2006,8,Q3
337500.0,3,3.0,3,10,12456,7,0,2009,7,Q3
121600.0,3,2.5,60,4,4712,5,63,2006,8,Q3
136500.0,3,2.0,45,5,10659,6,0,2006,1,Q1
185000.0,2,2.0,39,6,11717,6,0,2009,2,Q1
91000.0,3,1.0,84,3,9786,6,0,2006,5,Q2
206000.0,2,3.0,4,7,6762,6,0,2010,2,Q1
82000.0,2,1.0,57,3,10206,4,0,2009,7,Q3
86000.0,2,1.0,87,5,5400,4,0,2007,1,Q1
232000.0,3,2.0,2,8,11957,7,0,2008,7,Q3
136905.0,4,2.0,31,5,11500,8,0,2007,6,Q2
181000.0,1,2.0,4,7,3182,7,0,2009,5,Q2
149900.0,3,2.0,31,5,8385,6,0,2008,11,Q4
163500.0,3,2.5,37,6,12155,7,147,2007,3,Q1
88000.0,3,1.5,39,4,2217,6,0,2009,8,Q3
240000.0,3,2.0,5,7,12118,7,180,2009,4,Q2
102000.0,4,2.0,80,5,6000,7,0,2006,6,Q2
135000.0,4,2.0,60,5,21286,7,0,2008,8,Q3
100000.0,4,2.0,45,5,9825,8,0,2010,5,Q2
165000.0,3,1.5,84,6,10592,7,53,2007,8,Q3
85000.0,2,2.0,99,5,7200,4,0,2009,6,Q2
119200.0,2,1.0,59,6,11664,5,0,2007,11,Q4
227000.0,3,3.5,8,8,8400,6,0,2009,11,Q4
203000.0,3,3.0,13,7,11883,6,0,2009,6,Q2
187500.0,1,2.0,25,8,5814,4,0,2009,8,Q3
160000.0,3,2.5,16,7,10784,7,0,2007,5,Q2
213490.0,2,2.0,1,7,3013,6,0,2006,4,Q2
176000.0,2,2.5,3,4,7024,5,0,2008,6,Q2
194000.0,2,3.0,0,7,7406,6,0,2006,7,Q3
87000.0,2,1.0,77,5,9439,6,0,2007,3,Q1
191000.0,2,2.0,3,7,3182,7,0,2008,5,Q2
287000.0,2,3.0,32,8,15498,10,0,2008,5,Q2
112500.0,3,2.0,35,5,7700,5,0,2007,3,Q1
167500.0,3,2.0,50,5,9300,6,143,2010,4,Q2
293077.0,3,3.0,1,8,9520,7,0,2008,4,Q2
105000.0,3,2.0,66,5,9492,6,0,2007,4,Q2
118000.0,3,2.0,34,6,1680,7,0,2006,5,Q2
160000.0,5,2.0,90,5,7082,10,0,2006,7,Q3
197000.0,5,3.5,89,7,15863,12,0,2009,8,Q3
310000.0,5,3.5,13,8,14541,10,0,2006,11,Q4
230000.0,3,3.0,4,7,8125,6,0,2006,2,Q1
119750.0,2,1.0,69,5,6305,5,0,2007,6,Q2
84000.0,3,1.0,52,4,11500,5,0,2009,1,Q1
315500.0,2,3.0,2,9,12898,6,0,2009,9,Q3
287000.0,3,2.5,7,8,9240,7,189,2008,9,Q3
97000.0,3,1.5,39,4,1533,6,0,2009,5,Q2
80000.0,1,2.0,39,4,1477,3,0,2009,4,Q2
155000.0,3,3.0,49,5,13125,8,0,2006,1,Q1
173000.0,4,2.0,42,6,9130,7,0,2008,7,Q3
196000.0,1,3.0,4,6,5381,5,0,2009,8,Q3
262280.0,4,3.5,18,7,11839,10,0,2008,5,Q2
278000.0,4,3.5,28,8,9600,9,0,2009,7,Q3
139600.0,4,2.0,54,3,13680,8,0,2009,6,Q2
556581.0,4,3.5,1,9,16056,11,0,2006,7,Q3
145000.0,3,1.5,14,5,9245,5,0,2008,2,Q1
115000.0,3,1.0,49,5,21750,9,0,2009,11,Q4
84900.0,2,1.0,64,4,11100,6,0,2010,4,Q2
176485.0,3,2.0,0,7,8993,6,0,2007,8,Q3
200141.0,3,2.0,0,7,11175,6,0,2007,10,Q4
165000.0,4,2.0,43,6,9500,9,0,2007,6,Q2
144500.0,4,1.0,53,5,8562,7,0,2010,5,Q2
255000.0,3,3.5,4,8,11367,7,0,2006,11,Q4
180000.0,3,2.5,32,6,11361,7,189,2008,5,Q2
185850.0,2,3.0,1,7,7052,6,0,2006,6,Q2
248000.0,3,2.5,15,7,29959,7,0,2009,1,Q1
335000.0,3,3.5,1,9,11308,10,0,2009,7,Q3
220000.0,3,1.5,75,6,11275,7,0,2007,3,Q1
213500.0,2,3.0,9,8,4920,6,0,2010,4,Q2
81000.0,2,1.0,73,3,18000,6,0,2008,8,Q3
90000.0,5,2.0,107,5,13600,10,0,2007,9,Q3
110500.0,2,1.0,81,6,6000,5,0,2006,7,Q3
154000.0,3,1.5,43,5,11000,6,0,2009,11,Q4
328000.0,3,3.5,14,7,14000,7,0,2010,4,Q2
178000.0,3,2.5,16,6,7837,7,0,2009,5,Q2
167900.0,4,2.5,44,6,9760,7,189,2008,6,Q2
151400.0,5,3.5,33,6,3964,10,0,2006,6,Q2
135000.0,2,1.5,58,5,9600,4,0,2007,5,Q2
135000.0,3,2.0,51,5,10152,6,192,2007,6,Q2
154000.0,4,1.5,41,6,11700,8,0,2009,5,Q2
91500.0,4,2.5,58,5,7585,7,0,2006,8,Q3
159500.0,3,1.5,32,6,7950,6,0,2009,7,Q3
194000.0,2,2.0,1,7,8556,5,0,2007,5,Q2
219500.0,3,1.5,67,7,13125,6,0,2007,7,Q3
170000.0,3,2.5,70,5,10800,7,0,2006,4,Q2
138800.0,3,2.0,37,5,15870,6,0,2006,3,Q1
155900.0,1,2.0,2,6,4435,3,0,2006,5,Q2
126000.0,3,1.0,13,5,8775,5,0,2007,4,Q2
145000.0,3,2.5,37,6,11040,5,0,2008,10,Q4
133000.0,3,2.5,47,5,7500,5,0,2010,6,Q2
192000.0,3,2.0,5,7,8749,6,0,2007,9,Q3
160000.0,3,2.0,42,6,8800,6,0,2006,3,Q1
187500.0,3,2.5,11,6,13031,6,0,2006,7,Q3
147000.0,2,2.0,18,6,9069,5,0,2010,4,Q2
83500.0,3,1.5,37,4,1974,6,0,2010,5,Q2
252000.0,3,2.5,4,8,10574,9,0,2009,5,Q2
137500.0,3,2.0,2,7,2522,7,0,2006,4,Q2
197000.0,1,2.5,1,8,3316,4,0,2006,4,Q2
92900.0,2,2.0,59,3,8544,6,0,2009,6,Q2
160000.0,2,3.5,9,7,2160,4,0,2008,3,Q1
136500.0,4,2.0,83,6,8400,7,0,2008,6,Q2
146000.0,1,2.5,41,5,9230,6,0,2006,10,Q4
129000.0,2,2.0,54,5,5868,4,160,2010,5,Q2
176432.0,3,2.0,1,6,9317,6,0,2007,3,Q1
127000.0,3,1.5,93,6,6882,7,0,2007,3,Q1
170000.0,2,1.5,21,8,3696,5,0,2007,10,Q4
128000.0,3,1.0,73,4,6000,6,0,2009,7,Q3
157000.0,3,2.0,31,7,11880,7,0,2009,4,Q2
60000.0,1,1.0,89,2,8400,3,0,2009,1,Q1
119500.0,3,1.0,36,5,9758,5,0,2007,7,Q3
135000.0,2,1.0,47,5,7000,6,0,2007,4,Q2
159500.0,3,1.5,47,6,8910,6,0,2006,7,Q3
106000.0,3,2.5,37,5,2016,6,0,2007,4,Q2
325000.0,3,3.5,16,8,12256,9,0,2010,4,Q2
179900.0,3,3.0,17,7,10357,6,0,2007,5,Q2
274725.0,3,2.5,0,7,23257,9,0,2006,9,Q3
181000.0,3,2.5,7,6,8063,7,0,2007,11,Q4
280000.0,3,3.0,5,8,11362,7,0,2009,3,Q1
188000.0,3,3.5,13,6,8000,8,0,2008,6,Q2
205000.0,4,2.5,32,7,10480,8,0,2008,9,Q3
129900.0,2,2.0,49,5,7100,5,0,2006,7,Q3
134500.0,2,2.0,54,5,8923,6,0,2007,5,Q2
117000.0,2,1.0,52,5,5400,4,0,2006,8,Q3
318000.0,3,3.0,0,8,12085,7,0,2007,11,Q4
184100.0,3,3.5,7,8,7750,7,0,2009,3,Q1
130000.0,3,2.0,41,5,9764,5,0,2008,5,Q2
140000.0,3,1.5,50,5,13825,6,0,2008,12,Q4
133700.0,3,1.0,47,5,7560,6,0,2006,7,Q3
118400.0,2,1.0,87,6,8263,6,0,2007,5,Q2
212900.0,3,2.0,1,7,10084,7,0,2006,7,Q3
112000.0,3,1.0,53,4,8926,5,160,2009,10,Q4
118000.0,2,1.5,62,5,9405,4,0,2009,6,Q2
163900.0,3,2.5,15,7,9125,7,0,2007,7,Q3
115000.0,2,1.0,54,4,10434,5,0,2009,11,Q4
174000.0,2,2.0,2,7,3684,7,0,2009,6,Q2
259000.0,3,3.0,3,7,14572,7,0,2007,11,Q4
215000.0,4,2.5,3,7,11796,8,0,2007,7,Q3
140000.0,2,2.0,27,5,7200,4,0,2007,8,Q3
135000.0,4,3.0,81,4,7804,7,0,2009,12,Q4
93500.0,3,1.0,16,5,10712,5,0,2007,9,Q3
117500.0,5,2.0,127,6,9900,8,0,2007,5,Q2
239500.0,3,2.5,14,8,9828,8,0,2009,6,Q2
169000.0,3,2.5,10,6,8773,7,0,2007,8,Q3
102000.0,2,1.0,81,6,6180,5,0,2007,5,Q2
119000.0,3,1.0,58,6,9600,6,0,2008,4,Q2
94000.0,2,1.0,135,5,6342,6,0,2010,5,Q2
196000.0,2,3.0,32,6,9819,5,0,2009,5,Q2
144000.0,3,1.0,87,5,8731,6,126,2007,5,Q2
139000.0,2,2.0,57,5,7350,4,0,2008,6,Q2
197500.0,4,3.5,33,5,10304,9,0,2009,10,Q4
424870.0,4,4.0,1,8,9965,11,0,2007,4,Q2
80000.0,3,1.0,49,5,9000,5,0,2008,7,Q3
80000.0,2,2.0,69,4,12180,5,0,2010,7,Q3
149000.0,3,1.0,78,5,6240,8,0,2006,8,Q3
180000.0,3,3.0,21,6,11200,5,0,2006,5,Q2
174500.0,3,1.5,68,7,12000,7,0,2009,7,Q3
116900.0,2,1.0,82,7,5700,5,0,2008,8,Q3
143000.0,3,1.5,89,7,9000,7,0,2009,7,Q3
124000.0,2,1.0,57,6,8280,4,0,2007,11,Q4
149900.0,3,1.5,47,5,17755,6,100,2006,11,Q4
230000.0,2,1.0,50,6,14115,6,0,2006,7,Q3
120500.0,2,1.0,78,6,5890,5,0,2008,6,Q2
201800.0,4,2.0,43,7,13700,8,273,2008,5,Q2
218000.0,3,3.0,31,5,10768,6,180,2007,7,Q3
179900.0,3,2.5,43,5,9350,6,0,2008,10,Q4
230000.0,2,3.0,2,7,5001,6,0,2009,7,Q3
235128.0,3,2.0,1,8,11932,7,0,2008,6,Q2
185000.0,4,2.5,34,6,9120,8,0,2008,7,Q3
146000.0,3,2.5,32,6,2280,7,0,2010,7,Q3
224000.0,3,2.0,54,6,14778,7,0,2008,11,Q4
129000.0,3,1.0,39,5,8724,5,0,2007,5,Q2
108959.0,0,3.0,39,4,12900,6,0,2008,1,Q1
194000.0,2,2.5,29,5,16157,5,0,2007,6,Q2
233170.0,3,2.0,0,7,9541,7,0,2009,9,Q3
245350.0,3,2.0,2,8,10475,7,0,2010,2,Q1
173000.0,3,3.5,6,6,10852,7,0,2006,2,Q1
235000.0,4,2.0,73,6,13728,7,90,2008,7,Q3
625000.0,4,4.5,11,10,35760,10,0,2006,7,Q3
171000.0,3,2.0,31,6,9880,6,0,2008,7,Q3
163000.0,3,2.0,50,6,9120,6,288,2008,11,Q4
171900.0,2,2.5,2,7,4017,5,0,2008,3,Q1
200500.0,3,3.0,61,5,18030,12,0,2007,3,Q1
239000.0,4,2.5,74,6,16560,9,0,2006,7,Q3
285000.0,4,2.5,15,8,10678,9,0,2007,4,Q2
119500.0,3,2.0,24,5,6951,5,0,2008,10,Q4
115000.0,3,1.0,83,6,3950,5,0,2009,12,Q4
154900.0,3,1.5,88,5,7681,7,0,2009,7,Q3
93000.0,3,1.0,52,5,8335,5,0,2006,4,Q2
250000.0,4,2.5,16,7,11170,8,0,2006,4,Q2
392500.0,2,3.5,0,8,5587,5,0,2008,11,Q4
745000.0,4,4.5,11,10,15623,10,0,2007,7,Q3
120000.0,2,2.0,86,5,10800,5,0,2006,6,Q2
186700.0,3,2.5,44,5,35133,5,263,2007,5,Q2
104900.0,4,2.0,82,5,9738,7,0,2006,3,Q1
95000.0,3,3.0,109,3,10615,7,0,2009,8,Q3
262000.0,2,3.0,12,8,12461,5,0,2006,7,Q3
195000.0,3,2.5,7,7,8935,7,0,2009,7,Q3
189000.0,3,2.5,11,7,7500,7,0,2010,6,Q2
168000.0,3,2.0,46,4,32463,7,0,2007,3,Q1
174000.0,2,2.5,8,8,2645,5,0,2007,11,Q4
125000.0,3,1.0,82,5,9600,6,0,2007,7,Q3
165000.0,2,3.0,10,6,4500,5,0,2009,6,Q2
158000.0,4,1.5,41,6,9364,7,0,2010,3,Q1
176000.0,3,2.5,3,6,8029,8,0,2008,7,Q3
219210.0,4,2.5,0,7,14054,9,0,2006,11,Q4
144000.0,3,1.0,90,7,8850,7,0,2006,7,Q3
178000.0,3,2.0,8,7,9100,6,0,2009,6,Q2
148000.0,3,1.5,43,4,11235,6,0,2006,10,Q4
116050.0,3,1.0,36,4,9353,5,0,2006,7,Q3
197900.0,3,2.5,11,7,10400,6,0,2009,3,Q1
117000.0,3,2.0,84,5,6000,5,0,2009,5,Q2
213000.0,3,2.0,9,7,9750,6,0,2009,10,Q4
153500.0,3,2.5,31,5,10140,6,0,2006,7,Q3
271900.0,3,2.0,19,7,14684,7,0,2009,6,Q2
107000.0,2,2.0,40,4,8900,5,0,2006,11,Q4
200000.0,3,3.0,3,6,9135,7,0,2006,5,Q2
140000.0,3,2.0,46,5,7763,6,0,2008,10,Q4
290000.0,3,3.0,0,8,10182,8,0,2006,5,Q2
189000.0,3,2.5,18,6,11218,8,0,2010,5,Q2
164000.0,4,2.0,22,8,12134,8,0,2010,6,Q2
113000.0,2,2.0,68,4,9340,4,0,2009,8,Q3
145000.0,0,1.5,41,4,10246,3,0,2006,5,Q2
134500.0,3,2.0,44,5,10205,6,0,2006,5,Q2
125000.0,3,1.0,41,5,7094,5,0,2007,5,Q2
112000.0,4,2.0,32,6,8930,8,0,2010,4,Q2
229456.0,3,3.0,0,8,8640,6,0,2009,9,Q3
80500.0,2,1.0,59,4,6240,3,0,2006,7,Q3
91500.0,3,1.5,35,6,1680,7,0,2006,4,Q2
115000.0,2,1.0,42,5,7800,5,0,2006,11,Q4
134000.0,3,1.0,40,5,8250,5,0,2008,8,Q3
143000.0,3,2.0,58,6,10496,7,0,2007,1,Q1
137900.0,4,2.0,55,5,10680,7,0,2006,10,Q4
184000.0,3,3.5,4,7,15384,8,0,2008,2,Q1
145000.0,3,1.5,49,6,10482,6,0,2007,6,Q2
214000.0,4,2.5,1,6,14598,9,0,2008,1,Q1
147000.0,2,2.0,43,5,8872,5,0,2008,12,Q4
367294.0,1,2.5,0,9,8769,7,224,2008,10,Q4
127000.0,4,2.0,48,5,7910,7,0,2008,8,Q3
190000.0,4,3.0,30,5,18890,12,0,2007,8,Q3
132500.0,3,2.0,44,5,7728,6,0,2006,5,Q2
101800.0,2,2.0,45,4,9842,6,0,2007,3,Q1
142000.0,3,2.0,51,5,12160,6,0,2010,5,Q2
130000.0,4,1.5,97,5,8525,7,0,2008,11,Q4
138887.0,4,1.5,92,5,13132,9,0,2006,7,Q3
175500.0,2,2.5,7,7,2628,6,0,2010,6,Q2
195000.0,4,2.5,2,7,12393,8,0,2006,9,Q3
142500.0,3,1.5,1,6,13072,6,0,2006,3,Q1
265900.0,2,2.0,1,8,9037,6,0,2007,12,Q4
224900.0,3,3.5,5,7,8158,8,0,2008,7,Q3
248328.0,3,2.0,0,7,9849,7,0,2007,6,Q2
170000.0,3,3.0,36,7,10625,6,0,2010,1,Q1
465000.0,2,3.5,0,10,13891,7,0,2006,9,Q3
230000.0,3,1.0,77,8,11435,7,0,2006,6,Q2
178000.0,3,3.5,23,6,12090,7,147,2007,1,Q1
186500.0,3,2.5,1,7,8125,6,0,2006,3,Q1
169900.0,3,2.0,34,6,12328,6,0,2010,5,Q2
129500.0,3,1.5,91,6,9600,8,0,2008,4,Q2
119000.0,3,1.0,57,5,7200,6,0,2007,5,Q2
244000.0,3,3.5,42,7,11160,8,0,2010,4,Q2
171750.0,2,2.0,3,7,3136,6,0,2006,3,Q1
130000.0,3,2.0,41,5,9858,5,0,2009,11,Q4
294000.0,3,3.5,33,7,17542,9,0,2007,7,Q3
165400.0,3,2.5,5,7,6931,7,0,2008,7,Q3
127500.0,3,1.0,76,6,6240,6,120,2007,11,Q4
301500.0,2,3.0,14,8,14303,7,0,2008,8,Q3
99900.0,2,1.0,87,5,4060,4,0,2009,7,Q3
190000.0,2,3.0,3,7,9587,5,0,2008,7,Q3
151000.0,3,2.5,39,6,9750,6,80,2008,7,Q3
181000.0,3,2.5,10,6,24682,7,0,2009,6,Q2
128900.0,2,1.0,53,5,9600,5,0,2009,6,Q2
161500.0,5,2.0,52,4,11250,8,0,2009,11,Q4
180500.0,3,1.0,88,6,13515,8,0,2007,7,Q3
181000.0,2,3.0,10,6,4060,5,0,2008,8,Q3
183900.0,3,3.5,7,7,3735,6,0,2006,3,Q1
122000.0,4,1.5,97,7,10120,9,0,2007,1,Q1
378500.0,3,2.0,2,9,13214,10,0,2010,5,Q2
381000.0,4,3.5,73,8,14100,11,0,2008,5,Q2
144000.0,3,1.5,49,5,11344,7,0,2007,7,Q3
260000.0,0,2.5,31,7,23595,4,0,2010,4,Q2
185750.0,3,2.0,41,6,9156,7,0,2009,8,Q3
137000.0,3,2.0,41,5,13526,5,0,2006,11,Q4
177000.0,2,2.0,49,6,11512,5,163,2008,5,Q2
139000.0,3,2.0,97,5,5362,8,0,2007,11,Q4
137000.0,4,2.0,59,5,11345,10,0,2007,7,Q3
162000.0,3,2.0,37,6,12936,6,0,2009,12,Q4
197900.0,3,2.5,42,6,17871,7,0,2009,6,Q2
237000.0,3,3.5,6,8,9473,7,0,2008,3,Q1
68400.0,2,1.0,90,4,7500,6,0,2010,4,Q2
227000.0,3,3.0,7,7,9808,6,0,2009,3,Q1
180000.0,2,3.0,16,7,8049,6,90,2006,7,Q3
150500.0,3,2.0,32,5,8800,5,288,2009,9,Q3
139000.0,4,3.0,39,6,9400,8,0,2010,4,Q2
169000.0,4,2.0,91,6,9638,10,116,2010,3,Q1
132500.0,4,1.0,70,6,6000,6,0,2009,5,Q2
143000.0,3,2.5,47,6,9790,6,0,2010,6,Q2
190000.0,4,2.5,42,5,36500,7,0,2006,6,Q2
278000.0,2,3.0,9,8,5664,5,0,2009,10,Q4
281000.0,3,2.5,0,8,11065,8,0,2006,10,Q4
180500.0,3,2.0,46,5,14112,6,0,2010,4,Q2
119500.0,3,2.5,37,5,1680,6,0,2009,2,Q1
107500.0,4,2.0,117,5,6600,11,0,2009,12,Q4
162900.0,4,2.5,30,7,10140,8,259,2006,3,Q1
115000.0,2,2.0,51,5,8172,5,0,2006,4,Q2
138500.0,3,2.5,38,5,8400,5,0,2006,11,Q4
155000.0,3,3.0,45,5,8700,6,0,2008,12,Q4
140000.0,2,3.0,1,6,3675,5,0,2006,6,Q2
160000.0,3,4.5,0,10,63887,12,0,2008,1,Q1
154000.0,3,2.5,51,5,7500,6,0,2010,5,Q2
225000.0,3,2.5,10,7,10762,9,0,2009,5,Q2
177500.0,3,1.0,67,6,7500,7,224,2009,11,Q4
290000.0,4,3.5,12,8,10120,8,0,2006,12,Q4
232000.0,3,2.0,1,7,8688,7,0,2006,4,Q2
130000.0,3,2.0,2,7,3363,7,0,2006,4,Q2
325000.0,2,3.0,3,9,13173,6,0,2009,11,Q4
202500.0,2,2.0,1,7,6955,6,0,2006,9,Q3
138000.0,3,2.0,15,5,8072,5,0,2009,5,Q2
147000.0,2,2.0,60,5,12000,6,0,2008,5,Q2
179200.0,3,3.0,17,6,7153,6,0,2008,6,Q2
335000.0,3,3.0,51,7,17500,7,0,2010,5,Q2
203000.0,3,3.0,2,7,8814,6,0,2007,1,Q1
302000.0,4,2.5,17,8,9572,9,0,2007,6,Q2
333168.0,4,2.5,11,9,14774,10,0,2010,5,Q2
119000.0,3,2.0,53,4,8190,5,0,2007,10,Q4
206900.0,4,2.5,39,6,11075,9,0,2008,6,Q2
295493.0,3,3.0,1,8,10226,8,0,2009,1,Q1
208900.0,2,2.0,1,7,4230,5,0,2007,4,Q2
275000.0,3,2.0,5,8,14781,7,0,2006,8,Q3
111000.0,3,1.0,53,4,10215,5,0,2007,2,Q1
156500.0,3,2.5,52,6,8400,6,216,2009,6,Q2
72500.0,2,1.0,59,3,6627,4,0,2008,7,Q3
190000.0,3,3.5,18,7,10186,8,0,2010,6,Q2
82500.0,2,1.0,69,4,5330,5,0,2009,12,Q4
147000.0,2,2.0,1,8,9986,7,0,2007,2,Q1
55000.0,2,1.0,86,4,3636,5,0,2008,1,Q1
79000.0,3,1.0,76,3,4270,6,0,2007,5,Q2
130500.0,3,1.5,26,5,6600,5,0,2008,10,Q4
256000.0,5,2.0,88,6,10440,8,480,2008,6,Q2
176500.0,3,2.5,8,7,9084,8,0,2006,6,Q2
227000.0,3,2.0,1,8,10000,7,0,2007,12,Q4
132500.0,3,1.0,30,5,10780,6,0,2006,7,Q3
100000.0,2,2.0,71,4,8877,3,0,2009,5,Q2
125500.0,2,1.5,68,5,7200,6,0,2006,7,Q3
125000.0,3,1.5,39,5,2368,7,0,2009,5,Q2
167900.0,2,2.5,32,6,9650,6,0,2009,4,Q2
135000.0,4,2.0,35,5,9246,8,0,2008,11,Q4
52500.0,2,1.0,65,4,4118,4,0,2006,3,Q1
200000.0,3,3.5,4,7,13450,8,0,2006,6,Q2
128500.0,3,1.0,34,5,9560,5,0,2006,6,Q2
123000.0,3,1.0,36,4,8294,5,0,2007,6,Q2
155000.0,3,2.0,5,6,13695,6,0,2008,7,Q3
228500.0,3,2.5,5,8,9375,7,0,2007,8,Q3
177000.0,3,1.5,81,6,7558,9,0,2009,3,Q1
155835.0,3,2.5,1,7,11103,8,0,2007,7,Q3
108500.0,2,1.0,87,4,6000,5,0,2007,7,Q3
262500.0,3,2.0,38,7,20781,9,0,2006,6,Q2
283463.0,3,3.0,1,8,15306,7,0,2007,5,Q2
215000.0,3,3.0,9,7,16196,5,0,2007,8,Q3
122000.0,4,2.0,136,8,5250,8,0,2008,12,Q4
200000.0,6,4.5,40,5,11643,12,0,2009,8,Q3
171000.0,4,1.5,46,6,9247,8,120,2008,3,Q1
134900.0,2,1.0,72,6,6000,4,0,2009,7,Q3
410000.0,4,3.5,15,8,14720,9,0,2010,3,Q1
235000.0,3,3.5,8,7,10316,7,0,2008,6,Q2
170000.0,4,3.0,38,7,10192,8,0,2006,9,Q3
110000.0,3,1.0,42,5,9477,5,0,2008,10,Q4
149900.0,3,2.5,39,5,12537,6,0,2010,4,Q2
177500.0,3,2.5,10,6,2117,5,0,2010,6,Q2
315000.0,3,3.0,2,9,16737,8,0,2006,9,Q3
189000.0,4,3.5,87,5,9842,8,0,2008,5,Q2
260000.0,3,3.0,4,7,16158,7,0,2009,6,Q2
104900.0,4,2.0,89,4,12513,7,0,2009,6,Q2
156932.0,3,2.5,1,6,8499,6,0,2007,3,Q1
144152.0,2,2.5,1,7,3180,4,0,2006,4,Q2
216000.0,3,3.5,10,7,7500,7,0,2010,1,Q1
193000.0,3,3.5,9,7,9179,7,0,2008,6,Q2
127000.0,4,2.0,29,5,2665,6,0,2006,7,Q3
144000.0,1,2.0,6,6,4435,4,0,2009,6,Q2
232000.0,3,3.0,7,8,10635,8,0,2010,5,Q2
105000.0,2,1.0,89,4,5400,6,0,2009,10,Q4
165500.0,3,2.0,53,6,9600,8,178,2008,10,Q4
274300.0,3,3.5,8,7,9750,8,0,2006,6,Q2
466500.0,2,3.5,6,10,11400,8,0,2007,3,Q1
250000.0,3,2.5,3,7,10625,9,0,2008,7,Q3
239000.0,3,2.0,0,8,10991,7,0,2007,12,Q4
91000.0,2,1.0,78,6,6292,4,0,2008,4,Q2
117000.0,3,2.0,68,5,10998,6,0,2009,7,Q3
83000.0,2,1.5,33,6,1953,5,0,2006,6,Q2
167500.0,3,2.5,2,5,9735,7,0,2008,5,Q2
58500.0,2,2.0,96,3,8212,5,0,2010,6,Q2
237500.0,4,2.5,38,6,12925,7,0,2008,5,Q2
157000.0,4,2.5,86,7,7200,8,0,2006,10,Q4
112000.0,3,2.0,89,5,25339,7,0,2007,8,Q3
105000.0,2,1.0,70,6,9060,6,0,2009,10,Q4
125500.0,3,2.0,88,4,5436,7,0,2010,5,Q2
250000.0,5,4.5,28,7,16692,12,440,2006,7,Q3
136000.0,5,2.0,91,6,8520,10,0,2007,8,Q3
377500.0,3,3.0,3,9,14892,7,0,2009,10,Q4
131000.0,3,1.5,66,6,6000,6,0,2007,3,Q1
235000.0,3,3.0,6,7,9100,6,0,2006,9,Q3
124000.0,4,2.0,42,5,8944,8,0,2009,4,Q2
123000.0,3,2.0,39,5,7838,6,0,2006,12,Q4
163000.0,3,2.0,103,6,10800,7,0,2008,4,Q2
246578.0,2,3.0,0,7,4045,6,0,2006,10,Q4
281213.0,4,2.5,2,8,12665,9,0,2007,2,Q1
160000.0,3,2.0,62,5,57200,7,0,2010,6,Q2
137500.0,4,1.5,87,5,6120,8,0,2007,5,Q2
138000.0,3,2.5,59,5,7200,7,0,2009,5,Q2
137450.0,3,2.5,84,6,6171,7,0,2009,10,Q4
120000.0,3,1.0,79,6,6000,5,0,2008,7,Q3
193000.0,3,3.5,4,6,7415,8,0,2008,4,Q2
193879.0,2,2.0,0,7,6762,6,0,2006,7,Q3
282922.0,3,3.0,0,8,15256,6,0,2007,8,Q3
105000.0,3,1.0,91,3,10410,6,0,2006,1,Q1
275000.0,2,3.5,4,8,3842,5,155,2008,1,Q1
133000.0,2,2.0,37,5,8445,5,0,2009,3,Q1
112000.0,3,2.0,24,5,8780,5,0,2009,3,Q1
125500.0,3,1.0,100,4,7740,6,168,2010,6,Q2
215000.0,3,2.5,22,7,20544,7,0,2008,11,Q4
230000.0,3,3.5,8,7,12420,6,0,2009,6,Q2
140000.0,3,1.5,59,6,9600,6,0,2009,9,Q3
90000.0,2,2.0,60,4,7200,6,0,2009,6,Q2
257000.0,2,3.0,4,8,10994,7,0,2009,9,Q3
207000.0,4,1.5,85,6,13053,8,220,2008,6,Q2
175900.0,1,2.5,2,7,3635,7,0,2009,5,Q2
122500.0,4,2.0,125,4,11340,11,0,2010,4,Q2
340000.0,3,3.5,11,8,16545,7,0,2009,5,Q2
124000.0,3,2.5,45,5,9204,6,0,2008,8,Q3
223000.0,3,3.0,37,6,16381,7,0,2006,12,Q4
179900.0,3,2.5,38,6,11700,7,119,2006,5,Q2
127500.0,2,2.0,33,6,4043,4,165,2010,7,Q3
136500.0,1,2.0,5,6,4435,3,0,2008,3,Q1
274970.0,4,2.0,40,6,19690,8,0,2006,8,Q3
144000.0,2,2.0,49,5,9503,6,0,2007,6,Q2
142000.0,3,1.0,49,6,10721,7,0,2008,10,Q4
271000.0,3,3.5,14,7,10944,5,0,2008,8,Q3
140000.0,3,2.5,63,5,10930,6,0,2008,4,Q2
119000.0,2,2.0,70,5,7200,4,0,2010,2,Q1
182900.0,3,2.0,26,6,12546,7,0,2007,4,Q2
192140.0,4,2.5,1,5,21930,7,0,2006,7,Q3
143750.0,2,2.0,33,6,4928,5,0,2009,10,Q4
64500.0,4,2.0,80,4,10800,5,0,2007,8,Q3
186500.0,3,3.5,8,6,10261,8,0,2008,5,Q2
160000.0,3,3.0,29,5,17400,5,0,2006,5,Q2
174000.0,3,2.5,46,6,8400,7,0,2008,7,Q3
120500.0,3,1.0,36,4,9000,5,0,2007,5,Q2
394617.0,2,3.0,0,8,12444,7,0,2008,11,Q4
149700.0,2,2.0,53,6,7407,6,0,2010,4,Q2
197000.0,3,2.5,28,7,11584,6,0,2007,11,Q4
191000.0,3,2.0,86,6,11526,11,0,2008,9,Q3
149300.0,1,2.0,4,6,4426,3,0,2008,5,Q2
310000.0,3,3.5,1,10,11003,10,0,2009,4,Q2
121000.0,2,1.0,93,6,8854,4,40,2009,5,Q2
179600.0,3,2.0,3,7,8500,7,0,2007,11,Q4
129000.0,3,2.0,41,6,8400,6,0,2007,5,Q2
157900.0,3,1.0,48,5,26142,6,0,2010,4,Q2
240000.0,3,3.5,12,8,10000,8,0,2007,12,Q4
112000.0,2,1.5,97,4,11767,6,0,2007,5,Q2
92000.0,1,2.0,36,5,1533,3,0,2006,8,Q3
136000.0,4,3.0,35,5,9000,8,0,2009,9,Q3
287090.0,3,2.0,1,8,9262,7,0,2009,5,Q2
145000.0,2,2.0,1,5,3675,5,0,2006,5,Q2
84500.0,3,1.0,0,5,17217,6,0,2006,7,Q3
185000.0,2,3.0,5,7,7500,6,0,2009,10,Q4
175000.0,3,2.5,8,6,7917,7,0,2007,8,Q3
210000.0,3,3.0,32,6,13175,7,0,2010,2,Q1
266500.0,4,2.0,69,7,9042,9,0,2010,5,Q2
142125.0,2,2.0,60,5,9717,5,0,2010,4,Q2
147500.0,3,2.5,43,5,9937,6,0,2008,6,Q2
169277.0524984,2,1.0,49,5,11622,5,120,2010,6,Q2
187758.393988768,3,1.5,52,6,14267,6,0,2010,6,Q2
183583.683569555,3,2.5,13,5,13830,6,0,2010,3,Q1
179317.47751083,3,2.5,12,6,9978,7,0,2010,6,Q2
150730.079976501,2,2.0,18,8,5005,5,144,2010,1,Q1
177150.989247307,3,2.5,17,6,10000,7,0,2010,4,Q2
172070.659229164,3,3.0,18,6,7980,6,0,2010,3,Q1
175110.956519547,3,2.5,12,6,8402,7,0,2010,5,Q2
162011.698831665,2,2.5,20,7,10176,5,0,2010,2,Q1
160726.247831419,2,2.0,40,4,8400,4,0,2010,4,Q2
157933.279456005,2,3.0,11,7,5858,5,0,2010,6,Q2
145291.245020389,2,1.5,39,6,1680,5,0,2010,2,Q1
159672.017631819,3,1.5,39,5,1680,6,0,2010,3,Q1
164167.518301885,3,2.5,35,6,2280,6,0,2010,6,Q2
150891.638244053,2,1.0,35,7,2280,4,0,2010,6,Q2
179460.96518734,3,2.5,1,9,12858,10,0,2010,1,Q1
185034.62891405,3,2.0,1,8,12883,7,0,2010,6,Q2
182352.192644656,3,2.0,5,9,11520,7,0,2010,6,Q2
183053.458213802,3,2.0,5,8,14122,8,0,2010,2,Q1
187823.339254278,3,3.5,7,9,14300,10,0,2010,6,Q2
186544.114327568,3,3.5,8,8,13650,7,0,2010,6,Q2
158230.77520516,2,2.0,4,8,7132,6,0,2010,4,Q2
190552.829321091,3,2.0,5,6,18494,6,0,2010,1,Q1
147183.67487199,2,2.0,4,7,3203,6,0,2010,1,Q1
185855.300905493,3,3.5,6,7,13300,7,0,2010,6,Q2
174350.470676986,3,2.5,6,7,8577,7,0,2010,4,Q2
201740.620690863,4,2.5,12,8,17433,7,256,2010,1,Q1
162986.378895754,2,2.0,5,8,8987,6,0,2010,5,Q2
162330.199085679,2,2.0,1,7,9215,4,0,2010,4,Q2
165845.938616539,2,3.0,5,6,10440,6,216,2010,5,Q2
180929.622876974,3,2.5,6,7,11920,8,0,2010,4,Q2
163481.501519718,2,1.0,90,5,9800,5,0,2010,4,Q2
187798.076714233,3,3.0,36,6,15410,7,0,2010,4,Q2
198822.198942566,4,3.5,17,8,13143,9,0,2010,6,Q2
194868.409899858,4,3.5,18,8,11134,7,0,2010,6,Q2
152605.298564403,2,3.0,6,7,4835,6,0,2010,3,Q1
147797.702836811,2,2.5,6,7,3515,3,0,2010,1,Q1
150521.96899297,2,2.5,6,7,3215,4,0,2010,4,Q2
146991.630153739,2,3.5,6,7,2544,4,0,2010,2,Q1
150306.307814534,2,3.5,5,6,2544,4,0,2010,5,Q2
151164.372534604,2,3.5,10,6,2980,5,0,2010,5,Q2
151133.706960953,2,2.5,7,7,2403,4,0,2010,6,Q2
156214.042540726,1,2.5,0,8,12853,6,0,2010,4,Q2
171992.760735142,3,3.5,10,8,7379,7,0,2010,4,Q2
173214.912549738,3,3.0,8,7,8000,6,0,2010,4,Q2
192429.187345783,4,3.0,43,6,10456,8,0,2010,5,Q2
190878.69508543,4,3.5,17,6,10791,9,0,2010,3,Q1
194542.544135519,3,3.5,32,6,18837,7,0,2010,4,Q2
191849.439072822,4,2.0,39,6,9600,7,0,2010,6,Q2
176363.773907793,3,2.5,44,5,9600,6,0,2010,4,Q2
176954.185412429,3,2.0,44,5,9900,6,0,2010,4,Q2
176521.216975696,3,3.0,43,5,9680,6,204,2010,4,Q2
179436.704810176,3,2.0,46,6,10600,8,0,2010,5,Q2
220079.756777048,6,4.0,48,5,13260,10,0,2010,1,Q1
175502.918109444,3,2.0,58,5,9724,7,0,2010,3,Q1
188321.073833569,3,2.0,61,6,17360,6,0,2010,1,Q1
163276.324450004,2,2.0,44,6,11380,5,0,2010,1,Q1
185911.366293097,4,2.0,52,5,8267,8,0,2010,3,Q1
171392.830997252,3,3.0,7,7,8197,7,0,2010,2,Q1
174418.207020775,3,2.0,51,5,8050,6,0,2010,5,Q2
179682.709603774,3,1.0,51,5,10725,6,0,2010,5,Q2
179423.751581665,3,2.5,51,6,10032,6,160,2010,6,Q2
171756.918091777,3,1.0,54,4,8382,5,0,2010,2,Q1
166849.638174419,2,1.5,58,5,10950,4,0,2010,5,Q2
181122.168676666,3,1.0,55,5,10895,5,0,2010,6,Q2
170934.462746566,2,2.0,52,5,13587,5,0,2010,4,Q2
159738.292580329,2,1.5,90,4,7898,4,0,2010,4,Q2
174445.759557658,3,2.0,62,6,8064,5,0,2010,5,Q2
174706.363659627,3,1.5,50,5,7635,6,0,2010,6,Q2
164507.672539365,2,2.0,47,6,9760,7,240,2010,5,Q2
163602.512172832,3,2.0,110,4,4800,9,0,2010,1,Q1
154126.270249525,2,2.0,90,5,4485,5,0,2010,5,Q2
171104.853481351,3,2.5,53,5,5805,6,0,2010,6,Q2
167735.39270528,3,1.0,72,6,6900,6,0,2010,1,Q1
183003.613338104,3,1.0,62,5,11851,7,0,2010,6,Q2
172580.381161499,3,1.0,90,5,8239,6,0,2010,3,Q1
165407.889104689,2,1.0,87,2,9656,5,0,2010,6,Q2
176363.773907793,3,2.0,110,8,9600,7,0,2010,4,Q2
175182.950898522,3,3.0,120,8,9000,7,0,2010,4,Q2
190757.177789246,4,2.0,100,5,9045,12,0,2010,6,Q2
167186.995771991,2,1.5,88,6,10560,6,0,2010,6,Q2
167839.376779276,3,1.5,60,5,5830,7,0,2010,3,Q1
173912.421165137,3,1.5,88,7,7793,8,0,2010,5,Q2
154034.917445551,2,2.0,85,4,5000,4,0,2010,4,Q2
156002.955794336,2,2.0,71,6,6000,5,0,2010,4,Q2
168173.94329857,3,2.0,70,6,6000,6,0,2010,3,Q1
168882.437104132,3,1.5,68,5,6360,7,148,2010,3,Q1
168173.94329857,3,1.5,62,6,6000,6,0,2010,3,Q1
157580.177551642,2,1.0,74,5,6240,5,0,2010,5,Q2
181922.15256011,4,2.0,80,5,6240,7,0,2010,3,Q1
155134.227842592,2,2.0,87,6,6120,5,0,2010,3,Q1
188885.573319552,4,1.5,95,4,8094,9,0,2010,6,Q2
183963.193012381,3,1.5,98,6,12900,7,168,2010,5,Q2
161298.762306335,3,1.5,90,6,3068,6,0,2010,2,Q1
188613.66763056,3,2.0,51,5,15263,8,0,2010,5,Q2
175080.111822945,3,1.5,93,5,10632,6,0,2010,1,Q1
174744.400305232,3,2.0,95,5,9900,6,0,2010,2,Q1
168175.911336919,3,1.0,70,6,6001,5,0,2010,3,Q1
182333.472575006,4,1.5,103,4,6449,7,0,2010,3,Q1
158307.206742274,2,3.0,100,5,6048,7,0,2010,6,Q2
193053.055502348,4,4.0,43,4,10773,8,0,2010,5,Q2
175031.089987177,3,2.0,44,5,7800,5,0,2010,6,Q2
160713.294602908,2,2.0,42,5,7832,4,0,2010,5,Q2
173186.215014436,3,2.0,32,5,7424,5,0,2010,5,Q2
191736.7598055,4,1.5,42,5,11227,7,0,2010,3,Q1
170401.630997116,1,2.5,33,7,20062,4,0,2010,4,Q2
164626.577880222,2,1.0,83,4,9259,4,0,2010,6,Q2
205469.409444832,4,3.5,32,6,17082,8,0,2010,5,Q2
209561.784211885,4,2.5,72,3,18600,8,0,2010,6,Q2
182271.503072356,3,2.0,60,6,11479,6,0,2010,6,Q2
178081.549427793,3,1.0,63,4,9350,8,0,2010,6,Q2
178425.956138831,3,2.0,56,5,9525,5,0,2010,6,Q2
162015.318511503,1,2.0,1,7,17485,5,0,2010,1,Q1
181722.420373045,3,2.0,46,5,11200,5,0,2010,6,Q2
156705.730169433,1,2.5,23,7,11980,4,266,2010,6,Q2
182902.420342386,3,3.0,17,6,12361,8,0,2010,5,Q2
157574.595395085,2,2.0,0,7,7360,6,0,2010,3,Q1
184380.739100813,3,2.0,110,6,14235,6,0,2010,3,Q1
169364.469225677,2,2.0,14,5,11105,4,0,2010,7,Q3
175846.179822063,3,2.5,13,7,9337,8,0,2010,4,Q2
189673.295302136,3,2.5,33,5,15240,5,0,2010,6,Q2
174401.317715566,3,2.0,38,5,7480,5,0,2010,6,Q2
179021.448718583,3,3.5,7,8,10389,8,0,2010,5,Q2
189196.845337149,4,2.5,13,7,9375,9,0,2010,4,Q2
139647.095720655,1,2.0,7,6,4435,4,0,2010,4,Q2
161468.198288911,2,1.0,65,3,8777,5,0,2010,4,Q2
171557.32317862,3,1.0,56,5,8842,6,0,2010,1,Q1
179447.36804185,3,2.0,42,5,10044,6,0,2010,6,Q2
169611.619017694,2,1.0,62,4,11792,5,160,2010,6,Q2
172088.872655744,3,2.0,35,6,6305,5,0,2010,6,Q2
171190.624128768,3,1.0,52,4,6410,5,0,2010,5,Q2
154850.508361878,2,2.0,86,5,4853,5,0,2010,5,Q2
158617.655719941,2,2.0,71,6,7890,4,166,2010,3,Q1
209258.33693701,6,3.0,43,4,7200,10,0,2010,2,Q1
177939.027626751,3,2.0,79,5,9839,7,0,2010,5,Q2
194631.100299584,4,2.5,69,7,10452,8,0,2010,7,Q3
213618.871562568,5,2.5,60,5,15600,11,0,2010,3,Q1
198342.504228533,3,3.5,16,7,19645,6,0,2010,6,Q2
138607.971472497,1,2.0,21,8,3907,4,0,2010,4,Q2
150778.958976731,2,2.0,21,8,3907,5,0,2010,3,Q1
146966.230339786,1,1.0,69,2,8154,4,0,2010,4,Q2
162182.59620952,2,1.0,89,6,9140,5,200,2010,4,Q2
176825.940961269,3,1.0,114,4,8712,5,0,2010,6,Q2
152799.812402444,2,3.5,6,8,3811,5,155,2010,5,Q2
180322.322067129,3,3.5,12,8,11050,8,0,2010,5,Q2
177508.027228367,3,2.5,33,6,9620,6,0,2010,5,Q2
208029.642652019,5,3.0,34,6,12760,9,0,2010,3,Q1
181987.282510201,3,3.0,2,7,11896,6,0,2010,5,Q2
160172.72797397,2,2.0,1,7,9803,6,0,2010,1,Q1
176761.317654248,3,2.5,4,5,9802,7,0,2010,4,Q2
176515.497545231,2,2.0,45,5,15300,7,0,2010,6,Q2
176270.453065471,3,2.0,6,5,10114,7,0,2010,3,Q1
183050.846258475,3,2.0,11,5,11875,7,0,2010,6,Q2
150011.102062216,2,2.5,37,5,2394,5,108,2010,5,Q2
159270.537808667,3,1.5,40,4,1476,5,0,2010,3,Q1
163419.663729346,3,1.5,40,4,1900,5,0,2010,6,Q2
163399.983345859,3,1.5,38,4,1890,5,0,2010,6,Q2
173364.161505756,3,1.0,39,5,6953,5,0,2010,6,Q2
169556.835902417,2,2.0,26,5,12887,5,0,2010,4,Q2
183690.595995738,4,5.0,25,5,7700,10,0,2010,2,Q1
176980.914909382,3,1.5,19,5,10475,6,0,2010,3,Q1
204773.36222471,5,2.0,41,5,10544,8,0,2010,4,Q2
174728.655998442,3,4.0,16,8,9892,6,0,2010,2,Q1
181873.458244461,3,3.5,17,6,12961,7,0,2010,3,Q1
177322.000823979,2,1.0,53,6,13008,5,0,2009,10,Q4
193927.939041863,4,3.0,35,6,10200,7,0,2009,6,Q2
181715.622732304,3,2.5,12,6,10179,7,0,2009,7,Q3
199270.841200324,4,2.5,6,8,11792,9,0,2009,8,Q3
177109.589956218,3,2.5,13,7,8400,7,0,2009,6,Q2
153909.578271486,1,3.0,5,8,7296,8,0,2009,11,Q4
162931.203336223,2,3.0,11,8,7380,5,0,2009,7,Q3
166386.7567182,2,3.0,14,8,8013,6,0,2009,9,Q3
173719.30379824,3,2.5,11,7,8923,7,0,2009,2,Q1
179757.925656704,3,3.5,11,6,7500,7,0,2009,10,Q4
179007.601964376,3,3.5,15,6,8803,7,0,2009,7,Q3
180370.808623106,3,2.0,16,6,7250,6,0,2009,11,Q4
185102.616730563,3,3.5,32,5,11900,6,200,2009,7,Q3
198825.563452058,4,2.5,31,7,13250,8,0,2009,5,Q2
184294.576009142,3,2.0,31,6,10928,7,0,2009,8,Q3
200443.7920562,4,2.5,29,7,12388,9,0,2009,8,Q3
181294.784484153,3,2.0,31,6,11088,7,0,2009,5,Q2
174354.336267919,3,3.5,6,7,7000,7,0,2009,6,Q2
172023.677781517,3,2.5,9,8,7500,7,0,2009,3,Q1
181666.922855025,3,2.5,7,8,8470,7,0,2009,10,Q4
179024.491269586,3,3.0,34,5,9373,7,490,2009,6,Q2
178324.191575907,3,3.0,35,6,10140,6,0,2009,4,Q2
184534.676687694,3,2.0,34,7,11050,5,0,2009,8,Q3
159397.250378784,2,1.5,39,5,7830,6,0,2009,3,Q1
178430.966728182,3,2.5,38,5,8510,6,0,2009,7,Q3
177743.799385967,3,2.0,39,4,7038,5,0,2009,9,Q3
179395.305519087,3,1.0,38,4,9000,5,0,2009,7,Q3
151713.38474815,2,2.5,36,6,1680,5,0,2009,7,Q3
151713.38474815,2,2.5,37,6,1680,5,0,2009,7,Q3
168434.977996215,3,2.5,33,6,2308,7,0,2009,9,Q3
153999.100311019,2,2.5,34,7,2280,4,0,2009,8,Q3
164096.097354123,3,2.5,32,6,2349,6,0,2009,5,Q2
166335.403036551,3,3.0,31,6,2364,7,0,2009,7,Q3
163020.725375757,3,2.5,31,6,2364,6,0,2009,4,Q2
155862.510668829,2,1.5,33,7,2104,5,0,2009,10,Q4
182760.651095509,3,1.5,43,5,10710,5,0,2009,7,Q3
201912.270622883,4,4.5,2,9,14257,10,0,2009,6,Q2
185988.233987516,3,3.5,0,9,12350,8,0,2009,7,Q3
183778.44888032,3,3.0,1,9,12350,7,0,2009,5,Q2
170935.85921771,2,4.5,2,10,13693,8,0,2009,3,Q1
184468.908382254,3,2.0,1,9,11578,7,0,2009,7,Q3
191569.089663229,3,3.0,5,8,16870,7,0,2009,4,Q2
232991.025583822,5,3.5,2,8,23303,10,0,2009,6,Q2
180980.721388278,3,3.0,1,9,10367,8,0,2009,6,Q2
164279.13048219,2,3.0,3,9,10872,6,0,2009,2,Q1
183859.460411109,3,3.0,1,9,13514,7,0,2009,3,Q1
185922.465682076,3,3.0,6,7,12878,8,0,2009,6,Q2
191742.778119363,3,4.0,6,9,15274,10,0,2009,7,Q3
199954.072465842,4,3.5,6,8,13262,10,0,2009,6,Q2
180690.274752587,3,2.0,3,8,9658,6,0,2009,7,Q3
163099.3096358,2,2.0,4,6,6904,6,0,2009,8,Q3
140791.922472443,1,3.0,4,6,5122,5,0,2009,3,Q1
166481.86647592,2,3.0,2,7,10307,6,0,2009,5,Q2
172080.434496773,2,3.5,5,10,14836,8,0,2009,2,Q1
191719.161659178,3,3.5,6,8,15262,8,0,2009,7,Q3
160741.098612515,2,3.0,1,9,7390,6,0,2009,5,Q2
157829.546854733,2,2.0,1,9,6472,6,0,2009,4,Q2
196896.748596341,3,3.0,7,8,16770,8,0,2009,9,Q3
159675.423990355,2,2.0,6,7,3480,6,0,2009,11,Q4
182084.790901946,3,2.5,4,7,10928,8,0,2009,6,Q2
179233.926374487,3,2.5,4,6,8918,7,0,2009,7,Q3
155774.270901623,2,2.0,4,7,3182,5,0,2009,8,Q3
181354.326716058,3,2.5,5,7,9434,6,0,2009,8,Q3
179605.563663918,3,2.5,5,7,7984,7,0,2009,9,Q3
181609.34866147,3,2.5,5,7,10125,7,0,2009,7,Q3
178221.531623281,3,3.5,6,7,8965,8,0,2009,6,Q2
175559.920735795,3,3.5,6,7,8174,7,0,2009,5,Q2
200328.822792041,4,3.5,7,8,12891,8,0,2009,7,Q3
178630.060559899,3,2.5,5,7,9734,7,0,2009,5,Q2
177174.535221728,3,3.5,9,6,8433,7,0,2009,6,Q2
172515.687368714,3,2.5,10,7,7750,7,0,2009,3,Q1
204032.992922943,4,3.5,10,7,15896,8,0,2009,5,Q2
176023.232787689,3,2.5,10,7,7848,7,0,2009,6,Q2
202202.073341595,4,3.5,9,8,12720,10,0,2009,9,Q3
181734.480075862,3,3.0,15,8,10750,7,0,2009,6,Q2
183982.158993126,3,3.5,14,7,9085,7,0,2009,11,Q4
188007.94241481,3,3.5,16,8,11692,8,0,2009,10,Q4
185922.966763517,3,2.0,1,8,11194,7,0,2009,9,Q3
183978.544874918,3,2.5,1,8,10206,7,0,2009,9,Q3
177199.618638821,3,3.0,2,8,10130,7,0,2009,3,Q1
181878.647956764,3,2.0,3,8,9139,7,0,2009,9,Q3
173622.088728263,2,3.0,4,9,11128,9,0,2009,10,Q4
180728.168562655,3,2.0,1,7,7993,6,0,2009,10,Q4
176477.026606328,3,2.0,1,7,8640,7,0,2009,5,Q2
184282.266697609,3,2.0,2,9,12606,7,0,2009,5,Q2
162062.47538448,2,2.0,3,8,7500,6,0,2009,6,Q2
182550.070992189,3,3.5,3,8,10603,8,0,2009,7,Q3
180987.949624695,3,2.0,1,8,8125,8,0,2009,10,Q4
178173.79762147,3,3.0,3,7,10625,8,0,2009,3,Q1
179980.635948606,3,3.0,6,7,8736,6,0,2009,8,Q3
173257.637826205,3,3.5,6,7,8127,6,0,2009,3,Q1
177271.291059307,3,1.5,2,7,9605,6,0,2009,4,Q2
175338.355442312,3,2.5,3,7,7500,6,0,2009,6,Q2
177548.140549508,3,1.5,5,6,7500,5,0,2009,8,Q3
175969.91662932,3,2.5,5,7,10628,8,0,2009,1,Q1
175011.481953462,3,2.0,5,8,10141,6,0,2009,1,Q1
185199.372568143,3,1.5,5,7,13072,6,0,2009,5,Q2
188514.050228937,3,1.5,5,5,13072,6,0,2009,8,Q3
185080.145268797,3,3.0,6,5,12450,6,0,2009,6,Q2
157304.402574096,2,2.0,1,7,7328,6,0,2009,2,Q1
194260.859481297,4,3.5,13,7,11492,8,0,2009,4,Q2
181262.329995106,3,2.5,17,6,7703,6,168,2009,11,Q4
157003.292706732,2,2.0,19,6,7175,5,0,2009,2,Q1
182924.499359899,3,3.5,15,7,9109,6,0,2009,10,Q4
181902.586375439,3,2.5,23,6,10274,6,0,2009,7,Q3
188985.371708134,4,2.0,28,6,8250,8,0,2009,5,Q2
185290.904495068,3,2.0,47,5,9750,5,0,2009,11,Q4
177304.425752748,3,2.0,48,5,8499,5,0,2009,6,Q2
166274.900490809,2,1.0,48,5,9079,5,0,2009,7,Q3
177807.420530107,3,2.0,44,5,9316,5,0,2009,5,Q2
180330.624816201,3,2.0,46,5,7791,6,0,2009,10,Q4
179069.112234629,3,1.5,47,5,7150,6,0,2009,10,Q4
175943.371816948,2,3.0,29,8,15676,6,0,2009,4,Q2
185199.050609653,3,3.0,18,7,11949,7,0,2009,7,Q3
167350.910824524,3,2.5,5,7,2880,9,0,2009,7,Q3
149315.311876449,2,2.5,1,6,3830,6,0,2009,1,Q1
139010.847766793,1,2.5,1,6,4217,5,0,2009,3,Q1
155412.151845447,2,3.5,9,6,2998,4,0,2009,8,Q3
171308.313985441,3,3.5,10,7,3768,6,0,2009,9,Q3
176220.543265638,2,3.0,32,8,14694,5,0,2009,6,Q2
177643.434991809,2,1.5,28,7,15417,7,0,2009,6,Q2
187222.653264601,4,2.5,33,8,9600,5,0,2009,1,Q1
185635.132083154,3,2.5,35,7,12732,7,0,2009,6,Q2
206492.534215854,5,2.5,42,6,10400,8,168,2009,5,Q2
181681.021081956,3,2.5,40,5,9600,6,0,2009,8,Q3
180500.198072685,3,2.0,40,6,9000,5,0,2009,8,Q3
206486.17086841,4,2.0,32,7,13774,8,156,2009,11,Q4
161334.301195429,2,1.5,42,5,7130,5,0,2009,6,Q2
176156.558313965,3,1.5,42,5,9600,7,0,2009,3,Q1
191642.223478994,4,3.0,35,7,9600,8,196,2009,5,Q2
191945.808027777,3,2.5,38,6,16500,5,0,2009,5,Q2
164146.306037354,2,2.0,49,4,7436,5,0,2009,8,Q3
179883.057071096,3,1.0,50,5,8125,5,0,2009,9,Q3
178071.137668844,3,2.0,52,4,9450,6,0,2009,5,Q2
188241.637896875,3,3.0,53,5,13495,7,0,2009,7,Q3
174559.656173171,3,2.5,48,5,9350,6,121,2009,2,Q1
182347.363042264,3,2.5,45,5,10500,6,92,2009,7,Q3
191507.251872857,4,2.5,44,5,8970,7,0,2009,6,Q2
199751.865597358,4,2.0,48,6,11475,7,0,2009,9,Q3
162106.416145131,2,2.0,54,5,9768,5,0,2009,2,Q1
164575.982314367,2,2.0,42,6,9900,5,0,2009,4,Q2
179176.352180931,3,3.0,48,6,10573,6,288,2009,4,Q2
177327.403857584,2,3.0,43,6,14695,5,342,2009,7,Q3
177818.083761781,3,2.0,53,5,8760,6,0,2009,6,Q2
186965.204048443,3,1.5,49,7,12285,5,0,2009,8,Q3
178762.742169197,3,3.0,50,6,9240,6,0,2009,6,Q2
183322.866146283,3,1.5,53,5,8750,6,0,2009,11,Q4
178903.295931891,3,1.5,54,5,8750,6,0,2009,7,Q3
186570.129421778,3,2.0,53,4,10400,6,0,2009,11,Q4
199144.242829024,4,2.0,51,5,9482,8,0,2009,12,Q4
172154.713310956,3,2.0,55,6,8128,6,0,2009,2,Q1
177444.019201603,2,1.0,58,5,13070,5,255,2009,10,Q4
166200.938073485,2,2.0,64,5,8480,4,0,2009,8,Q3
158995.770555632,2,2.0,57,5,7626,5,0,2009,3,Q1
168273.282454755,2,1.5,56,5,9533,7,0,2009,8,Q3
189680.453052788,3,2.5,61,7,11419,6,0,2009,12,Q4
181681.021081956,3,1.0,59,5,9600,6,0,2009,8,Q3
160277.142643643,2,1.0,51,3,5470,4,0,2009,8,Q3
197318.54715833,4,2.5,70,5,10800,7,0,2009,8,Q3
162228.935604196,2,1.0,109,4,8146,6,111,2009,5,Q2
187340.455456083,3,1.0,84,5,10230,6,112,2009,12,Q4
181065.347037275,3,2.0,94,4,10410,8,0,2009,6,Q2
190233.609102705,4,2.0,99,7,7200,5,0,2009,8,Q3
157929.594852031,2,2.0,69,2,5400,4,0,2009,6,Q2
168557.001935469,2,1.0,89,5,10800,4,0,2009,6,Q2
160805.584645628,1,1.5,119,3,10800,4,0,2009,11,Q4
221648.391978216,6,3.0,40,6,9671,12,0,2009,8,Q3
180539.88079815,3,1.5,46,6,10143,6,216,2009,6,Q2
182105.616283853,3,2.0,42,6,11500,6,0,2009,5,Q2
166380.852603154,2,2.0,51,6,8010,6,0,2009,9,Q3
178942.155617426,3,1.0,52,6,10454,5,0,2009,4,Q2
162804.747800461,2,1.0,51,6,9000,5,0,2009,4,Q2
183077.684392615,3,1.0,59,6,8064,5,231,2009,12,Q4
171728.4720292,3,1.0,51,5,7350,6,0,2009,3,Q1
164786.741540638,2,2.0,57,5,7200,4,0,2009,9,Q3
177427.267170302,3,2.0,50,5,8000,6,0,2009,7,Q3
197318.54715833,4,2.0,60,4,10800,6,0,2009,8,Q3
178658.114178223,3,1.0,61,6,8064,6,0,2009,8,Q3
185437.320523764,4,1.5,45,6,7570,8,0,2009,3,Q1
169759.652489529,2,2.0,31,5,8604,4,0,2009,11,Q4
173986.635055186,3,2.0,46,6,7936,6,0,2009,4,Q2
168607.664289468,3,1.0,74,6,4080,6,0,2009,6,Q2
194138.519145183,4,3.0,99,6,10307,12,0,2009,6,Q2
192502.440921994,3,1.5,99,5,15660,6,0,2009,7,Q3
176746.969818601,3,2.0,99,5,9900,7,0,2009,3,Q1
177604.891703134,3,1.5,70,5,6406,7,182,2009,10,Q4
193283.746584832,4,2.0,89,4,7627,8,0,2009,10,Q4
181627.061006609,3,1.0,99,5,10134,6,0,2009,7,Q3
169071.62025834,3,1.5,59,5,6000,6,0,2009,3,Q1
167398.006470987,2,1.0,89,4,7404,5,0,2009,11,Q4
150106.505141704,1,1.0,69,2,5925,4,0,2009,10,Q4
159650.304285848,2,1.0,86,5,8520,5,0,2009,2,Q1
179471.23597476,3,2.0,99,4,9600,7,0,2009,6,Q2
177109.589956218,3,2.0,109,6,8400,8,0,2009,6,Q2
166558.113328453,3,2.0,92,6,3600,5,0,2009,5,Q2
153796.714319583,2,1.0,99,4,3300,5,0,2009,6,Q2
174520.152570658,3,1.0,89,6,5400,6,0,2009,9,Q3
196297.95829524,4,1.0,99,6,9720,8,0,2009,9,Q3
169100.681601175,2,1.0,109,3,9392,5,0,2009,9,Q3
176911.319164431,3,1.0,86,6,6615,6,0,2009,9,Q3
169234.6454828,3,2.0,79,5,4960,7,0,2009,5,Q2
172386.297919134,3,1.0,85,5,6000,6,0,2009,6,Q2
156031.904802362,2,1.0,84,5,6120,5,0,2009,3,Q1
168202.892306596,3,2.0,71,5,6120,6,0,2009,2,Q1
166505.984017547,2,2.0,84,5,8635,5,0,2009,8,Q3
176507.37022149,3,2.0,94,6,8094,8,0,2009,6,Q2
180116.752553161,3,2.0,94,7,9928,8,0,2009,6,Q2
183072.740591406,4,2.0,87,5,3000,11,0,2009,9,Q3
189595.964677698,4,3.0,82,6,6876,8,0,2009,8,Q3
167523.919076265,3,1.0,94,6,5775,7,0,2009,2,Q1
210817.775863413,6,2.5,107,7,5852,9,0,2009,5,Q2
172942.930813351,3,1.0,82,6,5160,4,0,2009,8,Q3
145286.278144089,1,2.0,86,4,5160,5,160,2009,7,Q3
176468.653371492,3,2.5,94,6,10320,7,0,2009,2,Q1
159040.069562187,2,1.5,63,4,4280,4,0,2009,9,Q3
178518.204332507,3,6.0,22,5,10800,5,0,2009,3,Q1
169163.980786825,2,4.0,31,5,10547,6,0,2009,7,Q3
189786.685274579,4,3.0,75,5,9780,6,0,2009,3,Q1
181246.728523853,3,1.5,42,5,11625,6,0,2009,4,Q2
176349.927153587,3,1.5,31,6,8014,5,0,2009,6,Q2
205266.631009142,4,2.0,48,5,15400,8,0,2009,7,Q3
187397.993362224,3,1.5,49,6,15312,6,140,2009,3,Q1
208943.427726113,4,2.0,53,5,15584,9,0,2009,10,Q4
165014.532907657,2,1.0,62,2,9000,5,0,2009,6,Q2
182492.037566236,2,1.0,55,4,15635,6,110,2009,10,Q4
161718.71259042,2,2.0,53,5,9571,5,0,2009,2,Q1
180084.118941162,3,1.5,63,6,9350,6,0,2009,7,Q3
178534.950802179,3,2.0,55,5,7440,5,0,2009,9,Q3
151217.259961305,2,3.0,25,5,4235,5,0,2009,2,Q1
156342.717587562,1,2.5,19,7,10778,4,0,2009,7,Q3
188511.443835239,2,1.5,26,6,19255,5,0,2009,9,Q3
183570.337896789,3,3.5,16,7,10560,8,0,2009,8,Q3
225810.160292177,4,1.0,129,5,26400,7,0,2009,6,Q2
214217.401131694,6,2.0,30,5,7018,8,0,2009,6,Q2
187665.64101603,4,2.0,30,5,7018,8,0,2009,6,Q2
161157.177744039,2,3.0,30,5,7040,6,0,2009,6,Q2
187643.992594193,4,2.0,30,5,7007,8,0,2009,6,Q2
228156.372839158,6,7.0,9,7,11855,8,0,2009,10,Q4
220449.534665317,6,7.0,9,7,7939,8,0,2009,10,Q4
220522.352084222,6,7.0,9,7,7976,8,0,2009,10,Q4
156647.763531624,1,2.5,0,9,10933,8,0,2009,7,Q3
187388.833374873,3,3.0,1,9,10816,8,0,2009,11,Q4
178640.723791573,3,2.0,1,8,9178,6,0,2009,6,Q2
180847.216739049,3,3.0,2,8,11422,7,0,2009,4,Q2
159505.170529478,2,3.0,2,7,6762,6,0,2009,5,Q2
164305.538020654,2,3.0,1,8,10324,5,0,2009,3,Q1
180181.19673723,3,2.0,4,8,11645,7,0,2009,3,Q1
184602.734989972,3,2.5,4,6,11646,7,0,2009,7,Q3
193440.372174434,3,3.5,17,7,16698,7,0,2009,6,Q2
184199.788209911,3,2.0,15,5,9757,5,92,2009,10,Q4
196241.892907637,3,3.0,11,7,14753,5,0,2009,12,Q4
175588.618271096,3,3.5,11,6,8750,7,0,2009,4,Q2
179503.046546829,3,3.0,7,7,10739,6,0,2009,4,Q2
183658.076582555,3,2.0,8,7,11166,6,168,2009,7,Q3
193700.976276404,3,1.0,31,5,16269,5,0,2009,7,Q3
165399.62450704,2,2.0,30,5,6950,5,0,2009,10,Q4
186847.944787446,3,3.0,7,7,11664,6,0,2009,9,Q3
198127.73287817,4,2.5,6,8,12334,8,0,2009,6,Q2
183320.898107934,3,2.5,7,7,8749,6,0,2009,11,Q4
181613.606696657,3,2.5,8,7,11250,6,0,2009,5,Q2
178298.791761954,2,3.0,10,8,15750,5,0,2009,6,Q2
185733.534000593,3,3.0,7,8,12782,7,0,2009,6,Q2
180008.188485489,3,3.0,12,7,8750,7,117,2009,8,Q3
175127.59621604,3,3.0,2,8,10200,7,195,2009,1,Q1
183467.176862723,3,2.5,2,6,11069,6,0,2009,7,Q3
182705.546021743,3,2.0,49,4,10682,7,0,2009,7,Q3
152324.943593181,2,2.0,4,6,3675,5,0,2009,4,Q2
169878.515981342,3,1.0,50,4,6410,5,0,2009,3,Q1
183735.975076576,3,2.0,59,5,11767,6,0,2009,6,Q2
224118.280105941,6,2.0,50,5,10926,10,0,2009,8,Q3
169355.202465146,2,1.0,53,5,11767,7,0,2009,5,Q2
180054.276407441,3,1.0,68,5,8212,6,0,2009,9,Q3
174081.601977368,3,1.5,71,5,6300,7,0,2009,7,Q3
168494.985022146,3,1.5,74,6,5707,6,0,2009,3,Q1
181871.598843299,3,1.0,93,6,8574,6,0,2009,10,Q4
173554.489658383,3,1.0,91,7,7155,6,195,2009,5,Q2
169805.382165577,2,2.5,69,5,13680,6,0,2009,2,Q1
176192.990728755,2,1.0,49,5,14680,5,115,2009,6,Q2
204264.39284654,5,2.5,69,7,8145,13,0,2009,7,Q3
169630.906956928,2,2.0,55,5,9100,6,0,2009,10,Q4
185724.838807268,3,3.0,49,6,13339,6,120,2009,5,Q2
195699.036281861,3,3.0,60,5,15600,7,0,2009,10,Q4
189494.276162169,3,2.5,55,6,17500,6,0,2009,1,Q1
149607.905673439,2,1.0,29,6,1733,5,0,2009,5,Q2
154650.199045978,2,2.5,29,6,1488,5,0,2009,10,Q4
151579.558140433,2,1.5,29,6,1612,5,0,2009,7,Q3
185147.380531144,3,3.5,23,6,13607,6,0,2009,4,Q2
196314.53120359,3,3.0,38,7,17597,7,0,2009,7,Q3
210802.395364155,5,2.0,109,5,8660,11,0,2009,12,Q4
166271.2863726,2,1.0,84,4,10200,4,0,2009,5,Q2
154865.359142973,2,3.5,2,8,3843,5,0,2009,6,Q2
173575.5052865,1,1.0,99,2,21780,4,0,2009,3,Q1
179399.563554274,3,2.5,9,8,10125,7,0,2009,5,Q2
164280.776562049,2,2.0,32,6,9750,5,0,2009,4,Q2
171247.48948121,2,2.5,32,6,9360,5,120,2009,11,Q4
166878.587182445,2,3.0,18,5,11070,5,0,2009,4,Q2
188129.459710994,3,3.0,1,9,13438,9,0,2009,7,Q3
183517.34369691,3,3.0,1,9,14463,7,0,2009,1,Q1
175522.026925727,3,2.5,29,6,9839,7,0,2009,2,Q1
190060.105331152,3,4.5,22,7,14419,7,0,2009,7,Q3
174179.824771856,3,2.5,6,7,9157,9,0,2009,2,Q1
171059.523675194,2,3.0,2,9,12633,7,0,2009,5,Q2
183004.186769318,3,1.0,41,5,12518,6,0,2009,4,Q2
183601.647387418,3,2.0,40,5,13383,7,0,2009,3,Q1
163539.327185998,2,1.5,37,5,7689,4,0,2009,7,Q3
164677.676391525,2,1.5,16,6,7706,5,0,2009,8,Q3
162395.073865424,2,2.0,17,5,7669,5,0,2009,6,Q2
182207.6323195,3,1.5,17,5,10429,6,0,2009,7,Q3
192223.939790304,4,1.5,40,5,10457,7,0,2009,4,Q2
176391.829390125,3,2.5,11,6,8702,7,0,2008,4,Q2
181913.179121348,3,2.5,13,6,8139,7,0,2008,10,Q4
179136.097888261,3,2.5,10,6,9535,7,0,2008,5,Q2
196595.568243212,3,2.5,12,6,15038,7,0,2008,11,Q4
194822.365690957,3,3.0,12,5,14137,7,0,2008,11,Q4
148356.669440918,1,2.5,11,8,6264,6,0,2008,7,Q3
160387.604263899,2,2.0,16,8,5070,5,144,2008,8,Q3
181276.500571809,3,2.5,10,6,11184,7,0,2008,4,Q2
192474.817899346,3,3.5,17,6,14067,7,0,2008,9,Q3
157699.907796437,2,3.0,19,8,5950,5,0,2008,4,Q2
215785.540813051,5,3.5,3,8,13543,9,0,2008,7,Q3
181824.300998793,2,3.0,4,9,15401,7,0,2008,9,Q3
221813.00948166,3,1.0,56,6,31220,7,0,2008,5,Q2
165281.292597397,2,3.0,1,9,8118,6,0,2008,7,Q3
255629.49047034,3,2.5,58,6,47280,6,0,2008,7,Q3
173154.590990955,2,3.0,20,7,12680,6,141,2008,6,Q2
183884.65246539,3,3.0,25,7,10825,6,0,2008,7,Q3
200210.353608489,3,3.0,30,7,18559,7,0,2008,8,Q3
186599.221265342,3,2.5,29,7,14450,6,0,2008,3,Q1
192718.532696106,3,3.0,32,6,13068,6,0,2008,11,Q4
178628.665952764,3,2.5,28,7,10400,7,0,2008,3,Q1
180650.342418406,3,1.5,39,5,9743,7,0,2008,6,Q2
206003.107947263,4,3.0,30,7,12511,8,208,2008,12,Q4
166457.67844853,2,2.0,32,6,10400,5,0,2008,4,Q2
202916.221653487,4,3.5,12,8,14311,9,0,2008,6,Q2
192463.969983091,4,3.0,34,5,9000,8,0,2008,6,Q2
171775.497189898,2,1.0,39,4,10295,4,0,2008,9,Q3
175249.222149411,3,2.0,37,5,7560,5,0,2008,5,Q2
147086.59893993,2,2.0,35,6,1680,5,0,2008,2,Q1
149709.672100371,2,1.5,36,6,1890,5,0,2008,4,Q2
171411.404533743,3,2.5,36,5,1680,6,0,2008,12,Q4
178188.964799425,4,2.5,33,6,2308,7,0,2008,5,Q2
156491.711373235,2,2.0,31,7,2529,4,0,2008,9,Q3
180953.241201168,3,3.0,1,8,12704,7,0,2008,1,Q1
203909.759061135,4,3.5,1,8,13693,9,0,2008,8,Q3
175470.149087545,2,3.0,1,9,14418,7,0,2008,5,Q2
205578.333622415,4,3.5,2,9,13418,9,0,2008,10,Q4
199428.857699441,4,3.5,3,10,12539,10,192,2008,6,Q2
187599.163869476,3,3.5,3,9,12151,9,0,2008,8,Q3
192265.198109864,4,2.5,1,8,8899,10,0,2008,6,Q2
196666.554897677,4,3.5,4,8,10574,9,0,2008,7,Q3
155537.862252682,1,3.5,5,10,12720,7,216,2008,2,Q1
169543.240620935,2,3.0,5,8,10845,7,0,2008,6,Q2
202487.010170501,4,3.5,7,8,16900,10,0,2008,1,Q1
208232.716273485,4,2.5,5,8,16451,9,0,2008,7,Q3
173621.195202569,2,3.0,0,9,10110,7,0,2008,11,Q4
172414.608571812,2,2.0,3,7,12304,6,0,2008,6,Q2
164400.75641556,2,3.0,1,9,8232,6,0,2008,6,Q2
160480.424024781,2,3.0,2,8,6240,6,0,2008,6,Q2
156060.853810389,2,2.0,2,8,6240,6,0,2008,2,Q1
157437.192820581,2,2.5,5,7,2448,6,0,2008,10,Q4
158163.720929772,2,3.0,5,7,3940,6,144,2008,8,Q3
154849.043268978,2,3.0,4,7,3940,7,0,2008,5,Q2
152186.609341561,2,2.0,1,7,3710,5,0,2008,3,Q1
180340.215399228,3,2.5,4,6,9024,8,0,2008,7,Q3
178344.62451356,3,2.5,6,7,8010,7,0,2008,7,Q3
190170.382266827,4,2.5,5,7,8396,9,0,2008,5,Q2
168092.975480832,2,3.0,1,7,7301,6,0,2008,11,Q4
178757.912566805,3,2.5,8,7,8220,8,0,2008,7,Q3
174518.256882082,3,2.5,6,7,7750,6,0,2008,4,Q2
198168.490116289,4,2.5,9,7,12460,8,0,2008,5,Q2
176882.693978902,3,2.5,9,7,8390,7,0,2008,5,Q2
183801.672896251,3,2.5,11,8,9660,9,0,2008,9,Q3
196400.046680661,4,2.5,8,9,11000,8,0,2008,6,Q2
172281.605004025,2,3.0,10,8,11675,5,0,2008,7,Q3
196380.366297173,4,3.5,12,7,10990,12,0,2008,6,Q2
198228.354306682,4,2.5,13,8,11929,9,0,2008,6,Q2
195556.581268962,4,3.5,15,7,10010,9,0,2008,7,Q3
186453.264469043,3,3.0,2,7,13253,7,0,2008,5,Q2
181869.381196234,3,3.0,1,8,9801,7,0,2008,7,Q3
175610.840124147,3,3.5,1,8,9428,8,0,2008,2,Q1
183438.730800145,3,2.0,2,8,10037,6,0,2008,8,Q3
179584.488673295,3,2.0,1,8,8640,6,0,2008,7,Q3
182386.152242034,3,2.0,1,8,10625,7,0,2008,6,Q2
160750.367237054,2,3.0,1,7,7500,6,0,2008,4,Q2
182477.505046008,3,3.5,5,6,10110,7,0,2008,7,Q3
187720.359207171,3,2.5,5,7,12774,8,0,2008,7,Q3
187201.942081511,3,2.0,3,6,13072,6,0,2008,6,Q2
176385.102235149,3,2.0,1,7,9260,6,0,2008,3,Q1
175901.787841278,3,2.5,13,6,8453,6,0,2008,4,Q2
182584.280198283,3,3.0,15,6,8480,7,0,2008,10,Q4
195664.686104237,3,2.5,14,7,14565,6,0,2008,11,Q4
181420.346494222,3,3.5,7,6,8450,7,0,2008,9,Q3
176676.04995228,3,3.0,16,7,8285,7,0,2008,5,Q2
181594.678867334,3,2.0,45,5,9100,5,0,2008,8,Q3
178521.747964951,3,2.0,47,5,8100,5,0,2008,7,Q3
175895.883726231,3,2.0,40,5,8450,5,0,2008,4,Q2
168468.005916477,3,1.0,45,5,6360,5,0,2008,1,Q1
200973.129447888,3,2.5,34,6,19508,6,0,2008,7,Q3
197030.641992202,4,2.0,36,5,10759,5,0,2008,7,Q3
192867.417844592,4,3.5,18,6,9205,9,196,2008,6,Q2
196449.247639381,4,3.5,15,9,11025,10,0,2008,6,Q2
141684.196398607,1,2.0,4,7,3435,5,0,2008,6,Q2
153353.334123901,2,3.5,3,6,3180,5,0,2008,5,Q2
151143.549016705,2,2.0,1,7,3180,5,0,2008,3,Q1
163753.087114229,3,3.5,9,6,2280,6,0,2008,4,Q2
158682.460013921,2,3.0,8,9,4765,5,0,2008,7,Q3
144959.835250915,1,2.5,7,9,4538,5,0,2008,7,Q3
160144.390548579,2,2.5,7,9,4385,5,0,2008,9,Q3
156286.534303521,2,3.0,9,9,4109,5,0,2008,6,Q2
165726.707619571,3,3.5,9,7,2160,5,0,2008,6,Q2
182427.481047359,3,3.5,7,7,10646,7,0,2008,6,Q2
173310.56154032,3,3.5,9,8,2645,7,0,2008,12,Q4
173310.56154032,3,3.5,9,8,2645,7,0,2008,12,Q4
151556.01403002,2,3.5,10,10,3951,7,94,2008,2,Q1
158908.146068683,1,2.5,13,8,11064,4,0,2008,8,Q3
209834.383092536,3,3.0,31,9,24572,9,0,2008,6,Q2
192410.516550815,3,4.0,32,8,16280,6,0,2008,5,Q2
174026.247294886,3,2.5,6,7,7500,7,0,2008,4,Q2
195499.830115336,4,2.5,39,6,11104,7,216,2008,5,Q2
200918.018812493,4,1.5,40,6,11050,8,192,2008,10,Q4
207243.616023976,4,2.0,41,7,15387,8,0,2008,8,Q3
196149.783851876,4,2.0,43,5,9750,8,0,2008,8,Q3
192097.914850217,4,1.5,40,5,8814,7,0,2008,6,Q2
178570.948923671,3,2.0,43,5,8125,5,0,2008,7,Q3
228617.968325428,6,2.0,43,5,11072,10,0,2008,11,Q4
199929.884438451,4,1.5,37,7,13355,7,0,2008,5,Q2
160206.365612859,2,1.0,52,5,7785,6,200,2008,3,Q1
179854.431885567,3,2.0,47,5,9900,5,164,2008,5,Q2
185987.340461822,3,2.0,48,5,11332,6,0,2008,8,Q3
161122.505607926,2,1.0,71,4,4882,5,0,2008,9,Q3
175949.342720138,3,2.0,48,5,9600,6,0,2008,2,Q1
183683.590595324,3,2.0,58,5,9600,7,0,2008,9,Q3
176401.34762338,3,1.0,55,5,7584,5,0,2008,6,Q2
205832.532527897,4,2.5,42,6,14670,9,0,2008,8,Q3
177799.799849436,3,2.0,51,5,8856,6,95,2008,5,Q2
167565.362080406,2,3.0,49,5,9840,7,256,2008,6,Q2
186348.958436557,3,2.0,50,6,13200,5,0,2008,5,Q2
179782.759465081,3,2.0,52,5,10425,5,0,2008,4,Q2
169837.623333323,2,2.0,56,5,11556,4,0,2008,5,Q2
178817.275675758,3,1.5,55,5,9373,6,0,2008,5,Q2
174444.479149339,2,1.0,55,5,12774,5,0,2008,7,Q3
192834.968917174,3,2.0,51,6,14250,6,0,2008,9,Q3
196564.717984981,4,2.5,51,5,8838,7,0,2008,10,Q4
206977.567039357,5,2.0,51,5,12436,9,0,2008,1,Q1
157054.253944128,1,1.0,60,4,10122,3,0,2008,8,Q3
175142.948078577,3,1.0,83,5,7506,5,0,2008,5,Q2
159932.1643654,2,1.0,68,4,5400,4,0,2008,7,Q3
182801.408333628,3,1.5,86,5,10836,7,0,2008,6,Q2
181510.375176825,3,2.0,40,5,10180,5,0,2008,6,Q2
181613.035129451,3,1.5,50,7,11355,6,0,2008,4,Q2
186920.512597635,3,2.0,48,6,12929,5,0,2008,6,Q2
157950.170625222,2,1.0,57,5,7200,5,0,2008,2,Q1
176115.159022876,3,2.5,49,5,8000,6,0,2008,5,Q2
182744.514344465,3,1.5,46,5,8000,6,0,2008,11,Q4
180660.683691591,3,2.0,60,6,8064,5,0,2008,9,Q3
160775.629777099,2,2.0,54,6,6390,4,0,2008,6,Q2
186711.715848082,4,1.0,54,6,7200,6,0,2008,4,Q2
223581.758190888,6,2.0,47,5,8513,10,0,2008,11,Q4
172330.943236652,3,1.5,53,5,7200,6,0,2008,3,Q1
163474.633393212,2,1.5,54,5,7200,4,0,2008,7,Q3
175308.263299874,3,1.0,45,5,7590,6,0,2008,5,Q2
187462.725306432,3,2.0,0,6,9836,7,0,2008,12,Q4
180655.101535034,3,1.0,60,5,9184,6,0,2008,7,Q3
152121.98603454,2,1.0,98,5,4800,6,0,2008,1,Q1
159856.233909727,2,1.0,68,5,4800,4,0,2008,8,Q3
186559.854936737,4,1.5,93,6,6000,7,0,2008,6,Q2
183962.550959411,3,2.0,98,4,11426,9,0,2008,6,Q2
162107.168699296,2,2.0,68,4,7628,8,0,2008,5,Q2
162582.288981283,2,1.0,88,5,7308,6,0,2008,6,Q2
154407.701597409,2,1.5,88,7,5400,5,0,2008,2,Q1
181625.666399474,3,2.0,68,6,10800,8,0,2008,5,Q2
164810.609473548,2,1.0,98,5,6756,5,0,2008,9,Q3
176429.401241704,3,1.0,118,5,5914,5,0,2008,9,Q3
179188.089925259,3,1.0,62,5,9000,5,0,2008,6,Q2
145997.635377703,1,1.0,62,2,7311,3,0,2008,3,Q1
218676.768270367,5,2.0,59,3,12205,6,0,2008,12,Q4
188323.861214226,4,2.0,108,5,9142,10,0,2008,2,Q1
168690.0722914,3,1.0,88,7,5350,7,0,2008,3,Q1
165088.746797705,2,1.0,108,5,9143,5,0,2008,5,Q2
191435.007885166,4,2.0,88,5,9600,10,0,2008,4,Q2
168864.404664512,3,1.5,103,5,6000,7,0,2008,2,Q1
176041.882371574,2,1.0,88,2,11340,5,0,2008,11,Q4
215911.674390325,5,2.0,118,7,10800,10,0,2008,12,Q4
167388.238629016,2,2.0,49,5,9750,5,0,2008,6,Q2
163854.786753017,2,1.0,50,4,8516,5,0,2008,5,Q2
163299.477980171,2,1.0,80,5,7111,5,0,2008,7,Q3
178298.214633119,3,1.5,63,7,7425,8,0,2008,8,Q3
176376.586164775,3,2.0,73,5,7010,6,0,2008,7,Q3
170211.043976522,3,1.0,67,5,5000,6,0,2008,5,Q2
170818.344786366,3,1.5,108,6,5870,6,0,2008,4,Q2
174388.867432503,3,1.5,68,6,6000,6,0,2008,7,Q3
161112.987374671,2,1.0,84,5,6000,5,0,2008,7,Q3
172179.082325307,3,2.0,71,6,6000,5,0,2008,5,Q2
157798.309713876,2,2.0,69,6,6000,7,0,2008,4,Q2
169106.151422924,3,1.0,82,6,5000,6,0,2008,4,Q2
170129.531364292,3,2.0,88,5,5520,6,0,2008,4,Q2
157680.227412949,2,1.0,62,4,5940,4,0,2008,4,Q2
162690.209131977,2,1.5,79,4,6240,6,0,2008,8,Q3
146968.379365095,1,1.0,63,5,6120,6,0,2008,6,Q2
181507.721372455,4,2.0,69,7,6240,7,0,2008,1,Q1
191215.589752983,4,2.0,85,5,6120,7,0,2008,10,Q4
189432.689844522,4,2.0,93,6,9144,8,0,2008,3,Q1
207271.484957719,5,2.0,98,6,8094,8,0,2008,9,Q3
170030.807488363,3,1.0,98,6,4347,7,0,2008,6,Q2
148409.806476335,1,1.0,78,6,6291,4,0,2008,7,Q3
193850.613979055,4,1.5,56,6,10266,7,0,2008,5,Q2
193808.319298263,4,2.0,70,6,6876,9,0,2008,11,Q4
166300.235380627,2,2.0,93,5,10320,6,0,2008,4,Q2
163474.633393212,2,1.0,83,6,7200,5,0,2008,7,Q3
177473.606564978,3,3.0,83,6,7006,6,0,2008,8,Q3
157443.925537187,1,1.0,96,5,10320,5,0,2008,8,Q3
180681.007992057,3,2.0,93,3,10320,8,0,2008,5,Q2
183463.17030026,3,1.0,61,5,9488,6,0,2008,9,Q3
182481.763081195,3,2.0,45,5,11235,6,64,2008,5,Q2
193717.15117887,3,2.0,30,6,13014,6,0,2008,12,Q4
182782.55099007,3,2.0,41,5,10265,6,0,2008,7,Q3
175530.651633287,3,1.5,30,6,7703,6,0,2008,5,Q2
177804.057884623,3,1.0,41,5,9981,6,0,2008,3,Q1
159448.670848577,2,2.0,24,5,7400,5,0,2008,3,Q1
181338.976717529,3,2.0,88,5,12900,6,0,2008,1,Q1
178553.558537021,3,2.0,45,5,9239,6,0,2008,5,Q2
162820.928264556,1,2.0,52,6,14175,4,0,2008,6,Q2
188832.479997186,3,3.0,48,5,10532,7,0,2008,12,Q4
164682.185899437,2,2.5,67,5,8375,6,0,2008,6,Q2
181549.735943801,3,1.0,38,5,10200,5,0,2008,6,Q2
199158.097008868,3,3.0,29,7,20270,7,0,2008,4,Q2
152889.520990566,2,1.0,60,7,5190,5,0,2008,1,Q1
181150.551679116,2,2.0,68,5,19550,5,0,2008,1,Q1
181416.732376013,3,2.0,52,5,9571,6,576,2008,7,Q3
164391.238182305,2,2.0,33,5,9350,4,0,2008,4,Q2
185421.046498812,3,1.5,46,6,9360,7,0,2008,11,Q4
193981.327550004,4,3.0,13,6,9771,9,216,2008,6,Q2
178824.324789223,3,3.5,14,7,9938,7,0,2008,4,Q2
209270.051606246,4,2.5,15,7,14171,9,0,2008,12,Q4
177801.266806344,3,2.5,12,7,10541,8,0,2008,2,Q1
179053.762236101,3,2.5,1,7,10616,6,0,2008,3,Q1
178762.170601992,3,2.0,1,8,9345,7,0,2008,5,Q2
184655.300458183,3,3.0,0,9,11778,7,255,2008,6,Q2
191284.655779772,3,3.5,0,9,11778,8,0,2008,12,Q4
179598.085818785,3,3.0,13,8,11454,6,0,2008,2,Q1
167517.628078595,2,3.0,42,6,11500,6,0,2008,3,Q1
182873.903794044,3,2.0,14,5,9750,5,0,2008,8,Q3
177484.91371363,3,3.0,11,7,8696,5,0,2008,5,Q2
188444.597319524,3,3.5,11,6,13142,6,0,2008,7,Q3
179184.153848562,3,2.5,8,7,8998,6,0,2008,6,Q2
184365.175780982,3,3.5,8,7,12192,6,0,2008,5,Q2
184479.322005212,3,2.0,30,5,12250,5,0,2008,5,Q2
182927.863869391,3,1.5,33,5,9216,5,0,2008,9,Q3
178611.639373646,2,3.0,33,5,14330,5,227,2008,8,Q3
181943.343613558,3,2.5,7,7,10400,8,0,2008,6,Q2
175080.614768394,3,3.5,7,9,9720,7,0,2008,1,Q1
190720.794649138,3,3.0,6,8,14860,6,0,2008,6,Q2
198422.868144723,4,2.5,5,7,10905,9,0,2008,8,Q3
184482.11308349,3,2.5,9,8,11690,7,0,2008,6,Q2
139214.952187861,1,2.0,4,6,4426,3,0,2008,2,Q1
169233.113601757,2,4.0,11,6,10126,8,0,2008,7,Q3
180664.118686848,3,2.0,4,7,9750,6,0,2008,6,Q2
178818.742632666,3,2.0,1,7,11058,6,0,2008,2,Q1
180422.049969947,3,2.0,1,7,9627,6,0,2008,6,Q2
178601.93645581,3,1.0,42,5,9825,6,161,2008,4,Q2
183083.159775993,3,1.5,32,5,12102,6,0,2008,4,Q2
173163.101499699,3,2.0,32,6,6500,6,0,2008,5,Q2
185968.161159774,3,2.0,31,6,9638,6,0,2008,11,Q4
171226.050683054,3,1.5,32,6,7200,6,0,2008,2,Q1
281643.976116786,5,3.5,49,5,47007,11,0,2008,7,Q3
160031.711281258,2,2.0,53,4,6012,6,0,2008,6,Q2
162775.979779394,2,2.0,53,4,6845,6,0,2008,7,Q3
160735.445970193,2,2.0,53,4,6931,4,0,2008,5,Q2
166646.109048572,2,1.5,70,5,12180,5,0,2008,1,Q1
188384.548444549,4,1.5,61,5,8050,8,0,2008,4,Q2
165830.697255197,2,1.0,55,4,9520,5,0,2008,5,Q2
182138.358533039,3,1.0,54,4,7692,6,0,2008,11,Q4
171595.397975647,3,1.5,85,4,5142,6,0,2008,6,Q2
160337.079183809,2,2.0,87,7,7290,7,0,2008,4,Q2
191215.088671543,4,5.0,78,6,7804,10,0,2008,7,Q3
166956.093232213,2,2.0,82,6,8969,6,192,2008,7,Q3
186581.830878692,3,1.0,94,6,15564,6,0,2008,1,Q1
176450.548582099,3,3.0,83,8,7609,7,0,2008,6,Q2
193743.194909801,4,1.0,85,6,9650,7,0,2008,6,Q2
198882.566078408,4,2.0,71,5,11700,7,0,2008,7,Q3
176385.102235149,3,1.0,70,5,9260,6,100,2008,3,Q1
162447.639333636,2,1.5,57,6,7801,5,221,2008,5,Q2
193782.555676777,4,1.5,73,8,9670,9,0,2008,6,Q2
183653.890897141,3,3.5,58,7,12392,8,0,2008,4,Q2
210578.623546866,3,2.5,52,5,26073,7,0,2008,4,Q2
158527.164107319,2,1.0,28,6,1879,5,0,2008,12,Q4
163081.025723456,2,2.0,82,6,7000,5,0,2008,7,Q3
174388.867432503,3,1.0,68,6,6000,5,0,2008,7,Q3
191905.870131966,4,1.0,78,5,8155,7,0,2008,7,Q3
174388.867432503,3,1.5,41,5,6000,7,100,2008,7,Q3
161642.711648983,2,1.0,78,5,7392,5,0,2008,5,Q2
186939.507215101,4,2.0,50,5,9000,7,0,2008,1,Q1
172482.165792649,2,1.0,56,1,14584,4,0,2008,2,Q1
159695.999763546,2,1.0,113,4,5280,6,0,2008,7,Q3
157230.369671007,2,1.0,98,4,5150,5,0,2008,5,Q2
179188.089925259,3,1.5,88,4,9000,5,0,2008,6,Q2
157972.82120994,2,3.5,1,8,3843,5,0,2008,8,Q3
156804.951429181,2,3.5,4,7,3811,5,155,2008,7,Q3
211491.972463654,3,4.0,12,7,23730,7,0,2008,9,Q3
186537.246201062,3,2.5,12,7,11050,8,0,2008,9,Q3
200468.161070551,4,3.0,32,5,10260,8,0,2008,11,Q4
182241.340444154,3,3.0,17,4,9990,6,0,2008,7,Q3
157342.225898399,2,3.0,22,7,4084,6,0,2008,7,Q3
182022.387105998,3,3.0,2,8,11563,8,0,2008,4,Q2
181244.510876788,3,3.5,1,8,12852,6,0,2008,1,Q1
178556.671573788,3,2.5,2,5,9802,6,0,2008,4,Q2
189547.199876284,3,2.5,0,7,12018,6,0,2008,10,Q4
187948.65165563,3,2.0,19,6,12890,8,0,2008,7,Q3
194107.287565956,3,2.0,22,6,18265,6,0,2008,3,Q1
183521.710369283,3,3.0,5,8,11202,7,0,2008,6,Q2
183682.123638416,3,3.0,9,6,7915,6,0,2008,12,Q4
178483.353073443,3,3.0,1,8,11449,7,0,2008,1,Q1
184003.879764736,3,3.5,3,8,11447,7,0,2008,6,Q2
171318.59033449,2,4.0,11,7,8940,8,0,2008,11,Q4
162039.754313997,2,1.0,1,5,9278,5,0,2008,2,Q1
154846.252190699,2,3.0,11,6,4500,4,0,2008,4,Q2
194822.365690957,3,2.0,44,4,14137,6,171,2008,11,Q4
169788.738771463,3,1.0,33,5,4224,6,0,2008,6,Q2
178891.554489941,4,2.0,32,5,2665,6,0,2008,5,Q2
152084.772428865,2,2.0,35,4,1974,5,0,2008,6,Q2
139169.86642879,1,2.0,35,4,1596,4,0,2008,7,Q3
192439.536044606,3,2.0,40,5,17979,6,0,2008,2,Q1
161067.859766557,3,2.5,38,6,1477,6,0,2008,3,Q1
158762.648504781,2,1.5,25,5,6490,4,0,2008,4,Q2
175569.690441774,3,1.0,26,5,6600,6,0,2008,7,Q3
183659.795012187,3,1.0,24,5,12395,6,0,2008,4,Q2
280618.132617258,4,2.0,108,5,56600,7,0,2008,1,Q1
180051.809151659,3,2.0,36,6,10667,7,0,2007,3,Q1
176519.18031559,3,2.5,10,6,8872,7,0,2007,3,Q1
179028.429210291,3,2.5,13,6,10147,7,0,2007,3,Q1
177161.583857224,3,3.5,8,6,8637,7,0,2007,4,Q2
180081.508849842,3,2.5,11,7,7875,6,0,2007,8,Q3
205895.254584712,5,3.5,8,6,7500,7,0,2007,8,Q3
183389.78131415,3,2.0,15,7,9556,6,0,2007,8,Q3
178543.647859512,3,2.5,14,6,7655,7,0,2007,7,Q3
194798.320499104,3,2.0,43,6,18160,6,0,2007,3,Q1
162845.613675766,2,3.0,19,8,4740,5,135,2007,10,Q4
148103.867006579,1,2.0,17,8,5118,4,0,2007,8,Q3
201016.171121215,4,4.5,2,8,12328,10,0,2007,7,Q3
277936.12694354,4,3.5,1,9,51974,8,322,2007,6,Q2
249768.279823405,3,2.5,38,5,41600,7,0,2007,11,Q4
161596.052159825,2,3.0,1,9,8035,6,0,2007,3,Q1
158011.114889899,1,2.5,1,8,14082,7,0,2007,1,Q1
194089.683858004,3,3.0,1,10,13870,8,174,2007,10,Q4
181733.336941451,3,3.0,23,6,10960,5,0,2007,4,Q2
182852.32772198,3,2.5,26,7,12090,6,0,2007,3,Q1
189893.003058465,3,3.0,29,7,12299,7,0,2007,9,Q3
194650.210979875,4,3.5,28,7,11339,9,0,2007,3,Q1
187904.461286262,3,2.0,23,6,11850,6,0,2007,8,Q3
171774.925622692,2,3.0,28,6,10400,5,0,2007,8,Q3
177998.685921479,2,2.5,36,6,13001,6,0,2007,9,Q3
175648.484325498,3,2.5,31,7,8991,5,0,2007,2,Q1
196918.071362067,4,3.5,33,6,8000,8,0,2007,11,Q4
184299.838071218,3,2.0,37,5,9457,7,0,2007,9,Q3
182379.855682734,3,1.0,37,5,7920,5,0,2007,10,Q4
184050.725802482,2,1.0,46,4,17199,4,0,2007,7,Q3
158296.975970284,2,2.0,6,6,4113,5,0,2007,7,Q3
175053.355553278,2,3.0,10,6,10943,5,0,2007,10,Q4
162293.376090644,3,1.5,34,6,2205,6,0,2007,2,Q1
186328.880047186,4,1.5,34,6,2058,7,0,2007,12,Q4
151422.116936538,2,2.0,29,7,2304,4,0,2007,4,Q2
181969.358707768,3,2.0,41,5,7150,5,0,2007,11,Q4
189122.67702416,3,3.0,1,9,12469,7,0,2007,8,Q3
185645.475220346,3,2.0,1,8,11825,7,0,2007,6,Q2
182829.898109257,2,3.5,0,8,14333,7,0,2007,11,Q4
195848.788183328,3,3.5,0,9,13641,8,0,2007,12,Q4
198785.059550672,4,2.5,1,8,13440,11,0,2007,3,Q1
181676.126555428,2,3.5,2,10,15431,7,175,2007,8,Q3
194131.012663328,3,3.0,0,9,13891,8,0,2007,10,Q4
201416.004864508,4,2.5,2,9,13654,9,0,2007,5,Q2
185096.577205616,2,4.5,0,10,17169,7,0,2007,8,Q3
195158.972598372,3,2.5,0,8,16659,7,0,2007,6,Q2
184795.783735112,3,3.5,0,8,9709,8,0,2007,9,Q3
189168.263864671,3,2.5,1,9,13615,7,0,2007,6,Q2
216855.260149095,5,2.5,3,8,13069,11,0,2007,8,Q3
184946.642483576,3,3.5,4,8,14277,7,0,2007,1,Q1
189317.51282069,3,3.5,0,8,12568,8,0,2007,8,Q3
180803.277842406,3,3.0,2,7,9926,7,0,2007,5,Q2
175061.18585763,3,3.0,2,8,9254,7,0,2007,1,Q1
179074.839090732,3,2.5,1,8,10732,7,0,2007,2,Q1
145708.764336107,1,2.5,2,6,3901,5,0,2007,8,Q3
142398.022752011,1,2.5,2,6,3903,5,0,2007,5,Q2
161474.534863641,2,3.0,2,6,6289,6,0,2007,6,Q2
157025.945155458,2,2.0,1,8,4590,6,0,2007,5,Q2
163424.037827357,2,3.0,2,9,7841,6,0,2007,5,Q2
164692.778645345,2,2.0,1,8,6240,6,0,2007,9,Q3
152163.2443541,2,3.0,4,7,3242,6,0,2007,3,Q1
192383.215486656,3,3.0,0,6,15810,7,0,2007,5,Q2
182520.230322476,3,2.5,2,6,10237,6,0,2007,6,Q2
187254.507549722,3,2.0,1,7,13204,6,0,2007,5,Q2
176489.659740359,3,2.5,1,6,8857,7,0,2007,3,Q1
181520.466841293,3,3.5,1,6,9729,6,0,2007,6,Q2
186414.978214721,3,3.0,2,6,12216,6,0,2007,6,Q2
185197.764639705,3,2.5,0,6,8229,6,0,2007,12,Q4
178657.794083741,3,2.5,0,7,7713,7,0,2007,7,Q3
179731.198023759,3,2.0,0,7,7697,6,0,2007,8,Q3
161748.271317074,2,3.0,4,8,3621,7,0,2007,11,Q4
158608.749069322,2,2.0,0,7,3710,6,0,2007,8,Q3
178807.370559878,2,3.0,3,7,16219,5,0,2007,4,Q2
184187.158803897,3,3.5,3,7,11084,8,0,2007,6,Q2
181686.10402108,3,2.5,1,7,10936,6,0,2007,4,Q2
190311.050228337,3,2.5,4,7,11950,7,0,2007,10,Q4
192252.496354076,4,2.5,4,7,7875,8,0,2007,7,Q3
193954.849525775,4,2.5,5,7,8740,8,0,2007,7,Q3
181044.201560887,3,3.5,7,6,9487,7,0,2007,6,Q2
180258.131219792,3,2.5,8,6,9649,7,0,2007,5,Q2
199641.657313834,4,3.5,10,8,12191,8,0,2007,6,Q2
197530.775205517,4,3.5,9,9,10557,9,0,2007,7,Q3
191777.196949138,4,3.5,9,8,11002,9,0,2007,1,Q1
195779.543033588,4,2.5,9,7,10790,8,0,2007,5,Q2
202112.046522999,4,3.5,15,8,11762,9,144,2007,9,Q3
192343.34807661,4,2.5,11,8,9044,8,0,2007,5,Q2
185191.359443218,3,2.0,0,7,9910,5,0,2007,9,Q3
186760.207965688,3,3.0,0,8,11830,6,0,2007,7,Q3
177733.78193528,3,2.0,1,8,10612,7,0,2007,1,Q1
164430.391189608,1,3.0,0,10,12291,6,0,2007,10,Q4
185299.601552401,3,4.0,0,7,9965,6,0,2007,9,Q3
186414.012339254,3,3.0,2,8,8847,7,0,2007,12,Q4
176401.921054593,3,3.0,2,7,8251,7,0,2007,4,Q2
182381.322639642,3,2.5,1,7,9605,7,0,2007,7,Q3
176334.184710805,3,2.5,1,8,8778,7,0,2007,3,Q1
184901.735847457,3,2.0,0,8,8640,6,0,2007,11,Q4
180085.766885029,3,2.0,1,7,9000,6,0,2007,6,Q2
184901.735847457,3,2.5,0,8,8640,8,0,2007,11,Q4
183967.561548763,3,3.0,0,5,10411,8,0,2007,7,Q3
193046.301574659,3,3.5,0,8,12217,8,0,2007,12,Q4
168538.969495849,2,2.0,0,8,10440,6,0,2007,5,Q2
170157.842016969,2,2.0,1,8,11824,5,0,2007,4,Q2
196559.709259637,4,2.5,3,6,10625,9,0,2007,6,Q2
177133.709361852,3,1.5,1,6,7500,6,0,2007,6,Q2
181553.279576244,3,1.5,1,7,7500,5,0,2007,10,Q4
185770.606634739,3,2.0,4,5,12450,6,0,2007,5,Q2
177017.595099274,3,2.0,1,7,7441,7,0,2007,6,Q2
184123.358536806,3,2.5,14,6,11613,7,0,2007,5,Q2
165970.357492196,2,1.5,27,6,8012,5,0,2007,7,Q3
158151.985049452,2,2.0,30,5,6285,5,0,2007,3,Q1
177086.476441481,3,2.5,39,5,7476,5,0,2007,6,Q2
196373.896176551,3,3.5,17,7,19522,7,182,2007,2,Q1
172465.707083115,2,2.0,33,5,10751,5,0,2007,8,Q3
168590.782409896,2,2.0,34,6,12712,5,0,2007,1,Q1
158820.474171061,2,3.0,3,8,4379,6,0,2007,7,Q3
151611.37057651,2,3.0,1,8,3523,5,0,2007,2,Q1
152125.028585543,2,3.0,1,8,3784,5,0,2007,2,Q1
158404.073081048,2,3.0,1,7,3606,5,0,2007,8,Q3
160692.078640755,2,2.5,1,8,5330,5,0,2007,7,Q3
170175.22684199,3,3.5,8,6,2280,6,0,2007,9,Q3
169854.436591138,3,2.5,7,6,2117,4,0,2007,9,Q3
183410.785819008,3,2.0,8,7,7321,5,0,2007,12,Q4
180347.194026928,3,3.5,4,8,8010,8,180,2007,8,Q3
178930.528374292,3,3.5,9,8,8413,8,144,2007,6,Q2
153346.220086301,1,2.5,13,8,9466,5,217,2007,5,Q2
182675.204270589,3,3.5,27,7,12000,8,0,2007,3,Q1
180770.649792036,2,3.0,26,8,17778,7,0,2007,3,Q1
188714.148087543,3,2.5,39,6,11700,7,0,2007,9,Q3
191393.608594076,4,3.5,37,6,8000,8,0,2007,6,Q2
174016.157494425,3,2.0,38,6,8723,6,0,2007,1,Q1
183189.685319552,3,2.5,39,6,11700,6,200,2007,4,Q2
183621.508757866,3,2.0,35,7,11358,8,256,2007,5,Q2
168991.29635758,2,2.0,14,7,9547,6,0,2007,7,Q3
185306.650665866,3,3.5,14,7,10530,8,0,2007,8,Q3
189030.680303208,3,3.0,41,6,10738,6,0,2007,11,Q4
179208.665698449,3,2.0,44,6,10800,6,0,2007,2,Q1
174901.452792889,3,2.0,40,5,8050,5,0,2007,3,Q1
168337.406544343,2,2.0,43,4,10899,8,0,2007,4,Q2
158234.96461859,2,1.0,51,5,7450,6,0,2007,1,Q1
179562.453368834,2,2.0,46,5,14357,6,0,2007,8,Q3
174176.391640607,3,1.0,46,5,8243,5,0,2007,2,Q1
173931.531845427,3,1.0,47,5,8680,5,0,2007,1,Q1
184111.729429665,3,2.5,41,7,8800,6,0,2007,10,Q4
179374.482001188,3,2.0,42,6,9200,5,0,2007,5,Q2
207348.811884535,5,2.5,43,6,8800,8,161,2007,7,Q3
186983.419339031,3,1.5,43,6,11382,7,0,2007,8,Q3
206779.094049527,3,2.5,48,6,22002,6,201,2007,7,Q3
177472.074683935,2,1.0,67,5,12172,4,192,2007,10,Q4
156727.948324862,2,1.5,61,3,5000,4,0,2007,4,Q2
157090.568462479,2,2.0,62,3,3500,4,0,2007,7,Q3
160387.032696693,2,1.0,49,5,5175,5,0,2007,7,Q3
172410.28005086,2,2.0,52,5,9600,6,175,2007,10,Q4
191603.365657467,4,2.0,39,5,8668,8,0,2007,5,Q2
182152.207151253,3,2.5,41,5,10050,6,0,2007,6,Q2
180161.697340702,3,2.0,46,6,9600,6,168,2007,5,Q2
169652.235284283,2,2.0,50,6,8760,4,0,2007,9,Q3
182503.520140218,3,2.0,51,5,6860,6,0,2007,12,Q4
179714.630677039,3,2.0,44,5,8250,6,109,2007,7,Q3
180282.570719908,3,1.0,47,5,9100,6,0,2007,6,Q2
192600.338060371,4,1.0,50,6,9736,8,0,2007,4,Q2
166115.491248565,2,2.0,50,5,9770,5,0,2007,4,Q2
186379.553524443,3,1.0,52,5,12198,7,0,2007,6,Q2
184361.992258449,3,2.0,52,5,10050,5,0,2007,8,Q3
186220.965458121,3,1.5,54,5,11556,6,0,2007,7,Q3
198176.47090687,4,2.0,49,5,8078,8,0,2007,12,Q4
168437.776500131,2,1.0,55,6,10950,5,0,2007,4,Q2
178003.582312015,3,1.5,54,6,7942,6,0,2007,6,Q2
179180.469244588,3,2.0,51,5,8540,5,0,2007,6,Q2
191930.561104806,4,2.0,52,4,7150,7,0,2007,8,Q3
175590.266214964,3,2.0,52,5,8400,5,0,2007,3,Q1
176713.19307219,3,2.0,54,4,9532,6,0,2007,2,Q1
180159.090947005,2,1.0,55,5,15783,6,0,2007,6,Q2
188090.100808026,3,2.0,117,4,14190,7,0,2007,4,Q2
186184.717727913,3,2.0,54,5,12099,7,0,2007,6,Q2
223055.588672278,4,3.5,72,5,21281,9,156,2007,11,Q4
158270.753116401,1,3.0,82,4,10284,6,0,2007,8,Q3
184733.12846644,3,1.5,112,5,10800,6,0,2007,7,Q3
199926.378957429,4,2.5,44,7,10090,6,165,2007,10,Q4
175075.785166001,3,1.5,46,5,8700,5,0,2007,2,Q1
180917.925148076,3,2.0,39,6,8300,5,0,2007,8,Q3
182067.760625207,3,1.5,57,5,7200,6,0,2007,11,Q4
178238.60191545,3,2.0,48,5,7500,6,0,2007,7,Q3
173454.944606532,3,1.5,49,5,7315,6,225,2007,3,Q1
176821.936262814,3,2.5,47,5,7903,6,0,2007,5,Q2
183642.191304235,3,2.0,47,5,8000,6,0,2007,11,Q4
177254.582741058,3,1.0,46,5,7000,7,0,2007,7,Q3
168715.950111702,2,1.0,45,5,6600,5,0,2007,12,Q4
180096.931198144,3,2.0,45,5,6760,6,0,2007,10,Q4
160620.728178758,2,1.0,81,5,6978,5,0,2007,4,Q2
175286.544392273,3,1.0,80,6,6000,6,0,2007,7,Q3
153494.783276297,2,2.0,85,5,4480,4,0,2007,2,Q1
156407.65915545,2,1.0,87,5,3153,5,0,2007,7,Q3
162162.525245786,2,1.0,67,5,7200,5,0,2007,5,Q2
166809.886827197,2,1.0,107,5,9000,6,0,2007,6,Q2
172929.156408918,3,1.0,107,4,5925,6,0,2007,5,Q2
193514.330894137,4,2.5,107,4,9639,7,0,2007,5,Q2
181612.141603756,3,2.5,97,8,10337,7,0,2007,5,Q2
191745.386377068,4,2.0,80,6,9863,9,0,2007,3,Q1
171369.325038261,3,1.0,97,5,4571,6,0,2007,6,Q2
184425.470567051,3,2.0,97,6,8398,6,0,2007,11,Q4
170563.252355189,3,1.5,77,5,3600,6,0,2007,7,Q3
184522.369240168,3,2.0,128,7,13500,8,0,2007,2,Q1
164968.947931153,2,1.0,51,4,8626,5,0,2007,5,Q2
157939.621592364,1,2.0,58,4,11800,6,0,2007,5,Q2
151520.381580069,1,2.0,82,5,6854,6,150,2007,8,Q3
176129.508722531,3,2.0,57,5,8674,6,0,2007,3,Q1
171112.978971478,3,2.0,68,5,6125,6,0,2007,3,Q1
169762.081624282,3,1.5,68,6,6000,6,0,2007,2,Q1
162246.828936295,2,1.0,68,5,6120,5,0,2007,7,Q3
171339.303381589,3,2.5,69,6,6240,6,0,2007,3,Q1
189034.753653813,4,2.0,68,5,6240,7,0,2007,7,Q3
175758.873595981,3,1.0,77,5,6240,6,0,2007,7,Q3
163351.721489893,2,2.0,81,5,6120,6,0,2007,8,Q3
189806.546645026,4,2.5,89,6,7755,8,0,2007,5,Q2
175370.990918319,3,1.0,87,6,8850,7,0,2007,2,Q1
196895.599900301,4,1.0,81,5,8550,7,0,2007,10,Q4
176905.917994834,3,2.5,78,7,5700,6,0,2007,9,Q3
176866.557227858,3,2.0,106,5,5680,7,0,2007,9,Q3
163590.677170026,2,1.0,106,5,5680,6,0,2007,9,Q3
212693.502958393,5,3.0,44,6,13200,9,0,2007,4,Q2
192686.931747717,4,1.5,57,7,9780,8,216,2007,4,Q2
181578.684951827,3,1.5,92,6,10320,7,0,2007,5,Q2
166475.457581812,3,3.0,49,4,4330,5,0,2007,2,Q1
185998.255166219,3,2.0,97,4,10320,6,84,2007,9,Q3
185527.714877908,3,2.5,70,7,12888,7,0,2007,4,Q2
159027.118197683,2,2.0,65,5,4484,4,0,2007,7,Q3
181169.654933769,3,2.0,44,5,11235,6,0,2007,3,Q1
176732.915304722,2,2.0,43,5,11235,6,0,2007,11,Q4
191619.294648838,3,2.0,43,4,14299,5,0,2007,7,Q3
189114.303789324,3,2.5,43,5,14149,5,0,2007,5,Q2
180934.635330334,3,2.0,41,5,11677,6,0,2007,2,Q1
164573.372223048,2,2.0,36,5,8425,6,0,2007,5,Q2
173902.011270196,3,1.0,39,5,8665,5,0,2007,1,Q1
165625.127741229,2,2.0,40,5,8398,5,0,2007,6,Q2
179555.219570787,3,2.0,41,5,8169,6,0,2007,7,Q3
196899.720661579,3,2.0,51,5,14175,6,0,2007,12,Q4
207566.12470446,4,3.0,87,5,16779,11,0,2007,5,Q2
163899.981149274,2,1.5,67,7,6960,6,126,2007,7,Q3
189179.428177786,3,1.0,53,6,11375,6,0,2007,10,Q4
193892.880023125,3,2.0,49,5,13770,6,0,2007,10,Q4
178980.874331431,3,1.0,62,4,9000,5,0,2007,5,Q2
179749.876244365,3,2.0,23,6,11075,7,168,2007,2,Q1
197999.674975598,3,2.0,59,5,17541,6,0,2007,7,Q3
203717.470295797,3,2.0,54,5,22692,6,0,2007,3,Q1
185249.261156892,2,1.0,61,4,17808,4,0,2007,7,Q3
201691.208274848,4,3.0,53,6,12671,6,144,2007,7,Q3
181956.548314794,3,1.5,53,6,10512,6,0,2007,5,Q2
171895.936275806,3,1.5,49,5,5400,6,0,2007,5,Q2
187245.168439419,3,1.0,49,4,11515,5,0,2007,8,Q3
157816.77461318,2,2.0,23,5,3869,5,0,2007,7,Q3
191702.912573325,4,2.0,56,5,9280,7,0,2007,4,Q2
198599.420028908,4,2.0,56,5,11100,7,0,2007,7,Q3
187193.313676329,4,2.0,87,4,7550,7,0,2007,3,Q1
220514.993999535,4,2.0,23,6,23920,7,0,2007,4,Q2
181814.527595192,3,3.5,13,7,9317,7,0,2007,7,Q3
183750.755371907,3,2.0,0,8,9178,7,0,2007,9,Q3
183000.431679579,3,2.5,1,8,10481,8,0,2007,6,Q2
185830.971906573,3,2.0,0,8,10235,7,0,2007,9,Q3
185497.872344187,3,2.0,2,7,11750,7,0,2007,6,Q2
179613.437681321,3,2.0,1,8,8760,7,0,2007,6,Q2
164454.967963631,2,2.0,2,7,7242,6,0,2007,7,Q3
185127.237217638,3,2.5,2,7,9316,7,0,2007,10,Q4
178750.613844623,3,3.5,19,7,8883,7,144,2007,5,Q2
160927.61044889,0,2.5,31,8,20064,5,0,2007,5,Q2
192562.808057836,3,1.5,13,5,14217,6,0,2007,8,Q3
180990.24148554,3,3.5,10,6,10021,6,0,2007,5,Q2
180064.941503122,3,2.0,13,5,8428,5,0,2007,7,Q3
196070.997393789,3,2.5,11,5,16561,6,0,2007,7,Q3
180352.919019023,3,2.5,8,7,10820,7,0,2007,3,Q1
183367.953769362,3,3.5,9,7,12352,7,0,2007,3,Q1
176734.841494027,3,2.5,6,7,9543,7,0,2007,2,Q1
180848.220765939,3,3.5,7,7,8826,7,0,2007,7,Q3
187806.059368823,3,1.0,33,5,11800,5,0,2007,8,Q3
180521.52640004,3,2.0,31,5,8660,6,0,2007,7,Q3
181502.754496154,3,2.0,30,5,9720,6,0,2007,6,Q2
174525.87942676,3,1.5,30,5,8982,5,0,2007,1,Q1
188927.984063168,3,2.0,30,5,16300,5,0,2007,1,Q1
184728.870431253,3,1.0,32,5,9675,5,0,2007,9,Q3
179857.975518011,3,2.0,35,5,7200,5,0,2007,9,Q3
180962.868071609,3,1.0,35,4,7200,5,0,2007,10,Q4
179194.066390078,3,3.0,7,7,11354,7,116,2007,1,Q1
179591.789259484,3,3.5,4,7,8749,7,0,2007,6,Q2
180638.463702549,3,2.5,5,7,8158,7,0,2007,8,Q3
185846.215131922,3,2.0,13,8,11927,7,0,2007,6,Q2
195174.031139141,4,3.5,6,8,12728,7,0,2007,1,Q1
192474.56829063,3,3.5,11,7,15295,7,0,2007,6,Q2
164200.595496827,1,2.5,8,8,17227,5,0,2007,1,Q1
178403.094096818,3,2.5,0,7,8145,7,0,2007,6,Q2
170774.84018302,2,3.0,2,7,8769,5,0,2007,10,Q4
179879.945898337,3,2.0,1,6,8334,6,0,2007,7,Q3
177668.192752792,3,2.5,1,7,8333,7,0,2007,5,Q2
180174.328610725,3,2.5,2,5,9045,6,0,2007,6,Q2
170643.303572141,2,2.0,40,5,9825,4,0,2007,8,Q3
165448.004289838,2,1.0,44,4,8308,4,0,2007,6,Q2
195531.754886222,3,2.0,82,5,16287,7,100,2007,7,Q3
165314.177682121,2,1.0,47,6,8240,5,0,2007,6,Q2
172532.757660882,3,2.0,31,6,6285,7,0,2007,4,Q2
203310.218069877,5,2.5,28,5,9555,11,0,2007,2,Q1
175090.062515883,3,3.5,2,5,7023,6,0,2007,5,Q2
230841.338626282,2,4.0,-1,10,39290,15,0,2007,10,Q4
155225.19006632,2,2.0,2,6,3675,5,0,2007,5,Q2
168322.342441945,2,2.0,48,5,6400,4,0,2007,12,Q4
165956.259265265,2,2.0,52,4,6882,6,0,2007,9,Q3
193956.817564124,4,2.0,61,5,8741,8,0,2007,7,Q3
171070.367893827,2,2.0,87,6,10042,4,0,2007,8,Q3
166285.243628001,2,1.0,52,4,8172,4,0,2007,7,Q3
182875.801346628,3,2.0,52,4,8172,5,0,2007,10,Q4
218108.536769738,6,4.0,84,5,10890,12,0,2007,1,Q1
174378.777632042,3,1.0,81,5,7223,6,0,2007,4,Q2
164731.316372391,2,2.0,86,6,6821,8,0,2007,8,Q3
156969.695083273,2,2.0,77,7,4000,5,0,2007,6,Q2
173388.854342604,3,1.0,86,6,6720,7,0,2007,4,Q2
177559.628685119,3,1.0,81,6,7155,6,0,2007,7,Q3
194297.789279905,4,2.5,80,7,7230,8,153,2007,10,Q4
174894.588364005,2,1.5,56,5,13108,7,228,2007,6,Q2
196544.144075798,4,2.0,77,4,7810,7,0,2007,11,Q4
179036.158528149,3,2.0,66,5,6221,5,144,2007,10,Q4
211423.986511149,3,1.5,47,6,25485,6,0,2007,5,Q2
208156.398935188,3,2.5,39,6,21579,7,0,2007,9,Q3
159233.941347257,2,1.0,27,6,1782,5,0,2007,12,Q4
210820.115134931,4,2.0,12,4,17871,7,0,2007,6,Q2
140196.10979821,1,2.0,19,8,3907,4,0,2007,3,Q1
198678.469082978,3,2.0,36,7,20693,7,0,2007,2,Q1
186818.610760803,2,2.5,21,8,18044,6,0,2007,8,Q3
175044.797633861,3,1.0,67,6,7000,6,0,2007,5,Q2
180031.162892704,3,2.0,82,5,7288,6,0,2007,9,Q3
176889.171525162,3,2.0,84,5,9060,6,0,2007,3,Q1
159638.856165666,2,1.0,85,5,3672,5,0,2007,9,Q3
154287.264375509,1,1.0,68,2,11067,4,0,2007,3,Q1
191885.618181273,4,2.0,112,5,8250,9,0,2007,6,Q2
177503.378612934,3,2.0,50,4,6565,6,0,2007,8,Q3
166548.31684976,2,1.0,77,5,6060,5,0,2007,11,Q4
164475.14942856,2,3.5,1,8,5568,5,153,2007,10,Q4
167484.744857879,2,3.0,28,6,12150,5,0,2007,1,Q1
188683.160555403,3,2.0,5,5,10000,6,0,2007,12,Q4
162243.399502668,1,2.5,5,7,12864,4,145,2007,7,Q3
180807.213919103,3,3.0,16,7,9928,6,0,2007,5,Q2
176279.079637039,3,1.5,32,7,8750,4,0,2007,3,Q1
163438.959094218,2,2.0,33,6,8410,5,0,2007,4,Q2
161495.5393685,2,3.0,20,7,4054,5,0,2007,10,Q4
216032.303722443,4,2.5,49,6,19958,7,138,2007,7,Q3
176632.181541401,3,2.0,1,7,8368,7,0,2007,4,Q2
168743.001567144,2,2.0,1,8,8298,6,0,2007,9,Q3
183810.11848086,3,2.5,22,7,10331,6,0,2007,7,Q3
156794.36054728,2,2.0,6,8,6718,5,0,2007,1,Q1
169136.43011395,2,3.0,5,8,11305,6,0,2007,4,Q2
183203.318752456,3,2.0,11,6,7777,7,0,2007,11,Q4
213252.926930889,5,4.5,4,7,11800,10,0,2007,7,Q3
190550.327866959,3,2.0,1,10,12633,8,108,2007,9,Q3
234707.209860273,2,1.0,54,3,43500,9,0,2007,6,Q2
135751.318892816,0,2.5,11,6,6710,3,0,2007,6,Q2
164228.45886894,3,1.5,35,4,1504,5,0,2007,5,Q2
153219.437030419,2,2.0,37,4,1533,4,0,2007,7,Q3
164210.746523801,3,1.5,37,4,1495,5,0,2007,5,Q2
163883.229117973,3,1.5,31,4,1890,6,0,2007,4,Q2
154892.776269956,1,2.0,30,5,9129,4,0,2007,7,Q3
197092.08733832,3,4.0,30,6,15957,6,0,2007,9,Q3
228148.376399122,3,2.5,30,5,33983,6,0,2007,5,Q2
178680.587503997,3,2.5,30,5,8286,6,240,2007,6,Q2
165643.341167808,2,1.5,36,5,6723,5,0,2007,9,Q3
222406.642660249,3,1.0,46,4,27697,6,0,2007,11,Q4
184021.843582599,3,2.5,31,5,11000,6,88,2007,6,Q2
170871.094939159,2,2.0,24,5,11625,4,0,2007,5,Q2
189562.873697309,3,1.5,23,5,10447,5,0,2007,12,Q4
170591.884966356,2,3.0,52,6,11027,5,0,2006,5,Q2
172934.351682851,2,2.0,50,6,10533,5,280,2006,8,Q3
186425.069879189,3,1.5,49,5,11765,7,0,2006,6,Q2
218648.131133006,1,2.5,49,6,39384,4,0,2006,10,Q4
183035.606761141,3,2.0,37,7,11727,8,0,2006,3,Q1
178378.906069427,3,3.5,9,6,8238,6,0,2006,5,Q2
184516.716597846,3,2.5,11,6,13041,7,0,2006,2,Q1
181419.5253183,3,2.5,10,6,9783,7,0,2006,5,Q2
196858.923438425,4,2.5,1,8,13128,7,0,2006,1,Q1
189228.701486278,3,3.5,1,7,13751,9,115,2006,5,Q2
208973.380761028,4,2.5,12,8,13108,9,0,2006,12,Q4
180269.86896412,3,2.5,13,6,8076,6,144,2006,7,Q3
159488.713683953,2,2.0,19,8,3701,5,0,2006,8,Q3
191490.299507521,3,4.5,1,9,16023,11,0,2006,3,Q1
228684.245137946,5,3.5,0,10,18062,10,0,2006,9,Q3
201842.998700429,4,2.5,0,9,12292,11,0,2006,7,Q3
209242.82289186,4,3.5,0,10,16052,11,0,2006,7,Q3
202357.62258493,4,3.5,1,9,15922,10,0,2006,1,Q1
168238.61218265,2,3.0,1,9,8147,7,0,2006,8,Q3
202524.12465369,3,3.5,1,9,18261,8,123,2006,9,Q3
170588.771929588,2,2.0,26,6,10464,5,0,2006,6,Q2
198375.31512987,4,2.5,28,7,10530,8,0,2006,7,Q3
170636.827889889,2,2.0,30,7,9927,5,0,2006,7,Q3
181991.079479377,3,3.5,1,7,9512,8,0,2006,6,Q2
183994.54251844,3,3.0,31,6,10530,8,0,2006,6,Q2
182951.482193584,3,2.0,32,6,10000,6,0,2006,6,Q2
174126.297156192,3,1.5,35,4,7200,5,0,2006,3,Q1
170575.496742588,2,3.0,4,6,8773,4,0,2006,9,Q3
175332.239869971,3,1.5,33,6,2760,6,0,2006,12,Q4
167522.061539111,3,1.5,33,5,2160,7,0,2006,6,Q2
168095.583738538,3,1.5,34,6,1890,6,0,2006,7,Q3
154406.415627461,2,1.5,34,6,1680,5,0,2006,7,Q3
170996.973346087,3,1.5,34,6,1680,6,0,2006,10,Q4
159056.890245639,2,2.5,31,6,4043,4,225,2006,7,Q3
181373.6165193,3,2.0,39,5,7514,6,0,2006,9,Q3
152272.560975937,2,3.0,30,7,2280,4,0,2006,4,Q2
168664.346821336,3,2.5,30,6,2179,6,0,2006,7,Q3
211007.008292301,4,3.5,0,9,16387,11,0,2006,8,Q3
182909.515032911,2,2.0,2,8,16163,6,0,2006,7,Q3
203926.829353303,4,2.0,0,7,12228,8,0,2006,9,Q3
179082.825442944,2,3.0,1,9,14780,7,156,2006,6,Q2
206260.099795032,4,2.5,1,9,13975,10,0,2006,8,Q3
181732.443415757,3,3.5,1,9,9942,8,0,2006,5,Q2
189698.740693148,3,2.5,1,8,12867,8,0,2006,7,Q3
203074.34678979,4,2.5,0,8,10672,10,0,2006,11,Q4
201670.634365666,4,3.5,1,8,11643,10,0,2006,8,Q3
173756.812589691,2,3.0,1,9,13758,6,0,2006,3,Q1
181387.076390881,2,3.0,2,9,14828,7,0,2006,8,Q3
184859.155270535,3,3.5,2,8,13215,9,0,2006,2,Q1
158313.615666777,2,3.0,1,9,5911,6,0,2006,3,Q1
151951.955409666,1,3.0,0,9,7740,6,0,2006,6,Q2
162537.52704471,2,3.0,0,9,6373,6,0,2006,6,Q2
178998.337067854,3,2.5,1,6,10237,8,0,2006,2,Q1
186732.584943041,3,2.5,0,7,10237,8,0,2006,9,Q3
187323.318406165,3,2.0,0,6,11660,6,0,2006,7,Q3
199437.232798284,4,2.5,2,8,11631,9,0,2006,6,Q2
185546.680858653,3,2.5,0,7,9073,8,0,2006,10,Q4
161595.015798593,2,3.0,0,7,3087,6,0,2006,11,Q4
154672.422763036,2,3.0,4,7,2938,5,0,2006,5,Q2
159355.710116165,2,3.0,2,7,3072,7,0,2006,9,Q3
155919.014077746,2,2.0,1,7,3010,6,0,2006,6,Q2
182424.87095604,3,2.5,2,7,9171,7,0,2006,7,Q3
178100.589622319,3,2.5,6,6,8658,9,0,2006,4,Q2
202577.900044456,4,3.5,0,7,12104,8,0,2006,8,Q3
177862.778940605,3,3.5,8,8,9660,7,0,2006,2,Q1
182056.024744887,3,3.5,6,8,9545,7,0,2006,6,Q2
191403.199177104,4,3.5,6,9,9233,9,0,2006,3,Q1
196264.754980043,4,2.5,11,8,10019,9,0,2006,6,Q2
209375.003419718,4,4.5,13,9,17242,11,210,2006,5,Q2
196691.81930173,4,3.5,12,8,10236,9,0,2006,6,Q2
192458.431539585,3,3.5,13,8,12585,8,0,2006,10,Q4
182242.80926507,3,2.5,1,8,12447,8,0,2006,1,Q1
183259.503900506,2,3.5,0,8,15218,6,0,2006,9,Q3
188108.243748841,3,2.0,0,8,10936,7,0,2006,9,Q3
171418.640195797,2,2.0,0,8,8640,5,0,2006,10,Q4
194698.882220432,3,4.5,0,9,13162,11,0,2006,11,Q4
174841.84007522,3,2.5,1,6,8125,7,0,2006,2,Q1
172965.476488899,3,1.5,1,6,7733,5,0,2006,1,Q1
189386.323677132,3,2.0,1,7,11024,6,0,2006,10,Q4
185682.618340257,3,1.5,1,6,13072,6,0,2006,3,Q1
176412.012719061,3,2.5,1,7,7800,8,0,2006,4,Q2
174976.489722867,3,2.5,1,7,7632,7,0,2006,3,Q1
180718.581707643,3,2.5,9,6,8304,7,0,2006,7,Q3
186131.188248242,3,3.5,14,6,9370,7,224,2006,10,Q4
165220.786354033,2,3.0,16,6,7175,5,0,2006,7,Q3
164115.893800435,2,2.0,15,6,7175,5,0,2006,6,Q2
182125.729127024,3,2.5,12,6,9019,6,0,2006,7,Q3
182285.140233276,3,2.0,44,5,9100,6,0,2006,7,Q3
196325.442210366,4,2.0,29,6,8927,10,0,2006,8,Q3
164865.215329881,2,1.0,44,5,9240,6,0,2006,3,Q1
182694.492209823,3,1.0,41,5,9308,5,0,2006,7,Q3
185425.485520958,3,1.0,38,5,8450,5,0,2006,11,Q4
171414.7041191,2,2.0,43,5,8638,5,0,2006,10,Q4
183433.472466085,3,1.5,41,5,13052,5,0,2006,1,Q1
176844.981155794,3,1.0,42,5,8020,6,0,2006,4,Q2
180568.187753206,3,1.0,39,5,8789,6,0,2006,6,Q2
185948.625475832,3,4.0,32,7,14330,9,0,2006,1,Q1
189388.291715481,3,3.5,14,8,11025,9,0,2006,10,Q4
142754.489165865,1,1.5,2,7,3628,5,0,2006,5,Q2
156106.800760811,2,2.5,1,7,2544,4,0,2006,7,Q3
155895.397617561,2,2.5,6,6,2998,4,0,2006,6,Q2
159851.977738548,2,2.5,3,7,4447,4,0,2006,7,Q3
185157.832305524,3,2.5,9,7,8314,6,110,2006,11,Q4
180716.291710805,3,2.0,5,8,7180,6,0,2006,9,Q3
176901.093954071,2,3.0,34,5,13110,6,0,2006,7,Q3
181017.222455218,3,3.0,39,7,10140,7,264,2006,4,Q2
183269.159407668,3,2.0,38,5,9600,6,0,2006,7,Q3
193550.830097069,4,2.5,38,5,8640,7,270,2006,6,Q2
170625.842699726,2,2.0,38,6,9360,4,0,2006,8,Q3
182012.405942725,3,2.0,38,5,8400,6,0,2006,8,Q3
179162.507290733,3,2.0,40,5,9759,6,0,2006,3,Q1
183269.159407668,3,2.0,39,5,9600,6,0,2006,7,Q3
180589.836175042,3,3.0,41,6,8800,7,0,2006,6,Q2
181465.935198741,3,2.5,42,6,10368,7,0,2006,4,Q2
196053.029878304,4,1.5,42,5,9350,7,0,2006,7,Q3
183421.020319014,3,2.0,46,5,10800,6,0,2006,5,Q2
167926.839083612,2,2.0,72,6,8550,4,0,2006,7,Q3
168027.530997889,2,1.0,59,5,9724,5,0,2006,5,Q2
182164.26685407,3,2.0,45,5,9600,7,0,2006,6,Q2
172469.071592608,2,2.0,54,5,10858,6,0,2006,7,Q3
181059.374300472,3,2.0,55,5,9600,7,0,2006,5,Q2
182997.570115536,3,1.5,57,5,9462,7,0,2006,7,Q3
166140.504179894,2,1.0,52,5,9888,5,0,2006,3,Q1
198515.546934075,4,2.0,39,5,8917,8,0,2006,10,Q4
193789.648503294,3,2.0,42,6,12700,6,0,2006,11,Q4
173550.025727531,2,1.0,43,6,9723,5,0,2006,10,Q4
176487.943174734,3,1.5,49,5,8400,6,0,2006,3,Q1
188813.302559147,3,1.5,48,6,9610,7,0,2006,12,Q4
178531.911979192,3,2.0,50,5,10000,6,120,2006,2,Q1
182145.731469001,3,2.0,50,6,10152,6,142,2006,5,Q2
179196.465024103,3,2.0,52,6,8092,6,0,2006,6,Q2
169618.349900686,2,2.0,54,5,12778,4,0,2006,1,Q1
170010.168655046,2,1.5,55,6,10170,5,0,2006,6,Q2
181739.671652174,3,1.0,50,5,7700,6,0,2006,9,Q3
172846.934955574,2,1.0,50,5,11050,6,288,2006,7,Q3
195560.8830172,3,2.5,51,5,13600,6,0,2006,11,Q4
180358.114292956,2,2.0,55,5,15428,4,195,2006,6,Q2
211817.702818093,3,2.5,65,7,21299,7,0,2006,12,Q4
176170.128686742,2,2.0,50,5,13300,6,0,2006,6,Q2
234492.248263699,5,4.5,81,5,22136,10,0,2006,7,Q3
182450.956536015,3,1.5,59,6,7500,6,0,2006,10,Q4
174902.068073146,2,1.0,76,3,10410,5,0,2006,10,Q4
173684.174293738,2,1.0,77,3,10914,4,112,2006,8,Q3
147196.673677562,1,1.0,106,4,7008,5,0,2006,3,Q1
175231.189709791,3,2.0,91,6,7200,7,0,2006,4,Q2
193417.64740633,4,1.5,96,4,10818,7,0,2006,2,Q1
183313.601249761,3,1.5,43,6,10184,6,0,2006,6,Q2
180882.250849082,3,1.5,44,6,9510,6,0,2006,5,Q2
186735.697979808,3,3.0,45,6,10800,6,144,2006,8,Q3
172922.865411247,2,2.0,47,7,11650,5,227,2006,6,Q2
202551.677190573,3,4.0,44,7,18275,9,0,2006,9,Q3
190485.634074173,3,1.5,56,4,12144,6,0,2006,9,Q3
173439.49362151,2,2.0,56,3,8544,6,0,2006,12,Q4
196613.598849219,4,2.0,46,5,8512,8,0,2006,9,Q3
178152.259700828,3,1.0,45,5,7000,6,162,2006,7,Q3
174519.904825949,3,2.0,44,7,7400,6,0,2006,3,Q1
172627.796932837,3,1.5,44,5,7000,5,0,2006,2,Q1
173732.689486435,3,2.0,44,5,7000,6,0,2006,3,Q1
209219.844787023,5,2.0,106,5,9856,8,0,2006,6,Q2
181059.374300472,3,2.0,58,5,9600,6,0,2006,5,Q2
188515.443002459,4,1.0,86,4,5520,9,0,2006,7,Q3
182164.26685407,3,1.5,106,6,9600,7,0,2006,6,Q2
188137.901597981,4,2.0,106,7,6451,7,0,2006,5,Q2
158893.54306269,2,1.0,76,7,3960,5,0,2006,7,Q3
189579.65066771,4,2.0,106,4,7745,9,0,2006,4,Q2
165229.803505847,2,1.0,82,6,7741,5,0,2006,6,Q2
162186.071220207,2,1.0,81,5,5633,5,0,2006,7,Q3
166374.879866351,2,1.0,56,4,7200,5,115,2006,8,Q3
161665.184974757,2,1.0,101,3,7614,7,225,2006,3,Q1
175079.328798445,3,2.0,51,5,6000,5,0,2006,6,Q2
203840.874021305,5,1.5,82,5,6000,7,0,2006,8,Q3
152129.078861057,1,2.0,85,3,7830,3,0,2006,6,Q2
181012.141380101,3,1.5,61,6,9576,5,0,2006,5,Q2
161305.53503837,2,1.0,86,3,5747,5,0,2006,6,Q2
203326.392972343,5,2.0,96,7,6300,9,0,2006,7,Q3
168385.571141831,2,2.0,86,5,5976,8,0,2006,12,Q4
183564.365159986,3,1.0,48,5,9750,5,0,2006,7,Q3
163784.619440861,2,1.0,88,3,4761,5,0,2006,10,Q4
171989.192193993,2,1.0,82,6,11737,9,0,2006,5,Q2
180839.95616829,3,2.0,76,3,6120,6,0,2006,11,Q4
170895.923185907,3,1.0,76,5,6120,7,0,2006,2,Q1
174071.054808518,2,1.0,81,5,11672,4,0,2006,7,Q3
259423.859147546,5,2.0,44,6,33120,8,0,2006,10,Q4
188000.824679588,3,2.0,82,4,10320,7,210,2006,10,Q4
179171.703565498,3,1.0,96,5,7518,7,0,2006,7,Q3
171022.241447762,2,1.0,87,5,9000,4,0,2006,9,Q3
174126.297156192,3,1.0,76,6,7200,6,0,2006,3,Q1
187625.573271948,3,2.0,55,5,12375,7,0,2006,6,Q2
199567.946369234,4,2.0,42,6,11136,8,0,2006,7,Q3
205328.078219268,3,1.0,56,5,21370,7,0,2006,6,Q2
166231.535025379,2,1.0,71,5,8250,6,0,2006,6,Q2
154743.91606057,2,1.0,70,5,5220,4,0,2006,1,Q1
159714.537012622,2,3.0,2,7,5500,4,0,2006,5,Q2
185563.069082422,3,1.5,39,5,11327,6,0,2006,6,Q2
171500.796725006,2,1.5,42,6,10366,4,0,2006,7,Q3
180983.443844799,3,2.0,40,5,9000,6,0,2006,6,Q2
183141.236914997,3,2.5,39,5,9535,7,0,2006,7,Q3
178498.634450214,3,2.0,28,6,7176,6,180,2006,7,Q3
224323.710512388,6,2.0,29,5,9662,10,0,2006,8,Q3
218200.642127877,6,2.0,29,5,8235,10,0,2006,5,Q2
182283.177756557,2,1.0,82,5,17529,5,0,2006,4,Q2
190054.639237419,2,2.0,39,7,20355,6,0,2006,6,Q2
160192.453934518,1,2.0,43,5,13050,4,0,2006,4,Q2
171289.393581756,2,2.0,35,5,10820,4,0,2006,6,Q2
151131.098733642,2,3.5,26,7,1700,7,200,2006,4,Q2
181721.458225594,3,1.5,52,4,9375,6,0,2006,6,Q2
172725.053851858,3,1.0,64,5,6488,6,0,2006,3,Q1
222438.699143414,4,2.0,78,6,19950,8,180,2006,12,Q4
235419.373448928,5,3.5,71,6,19800,7,0,2006,12,Q4
185150.926027596,3,2.5,44,5,11679,6,0,2006,5,Q2
184772.239624699,3,1.0,54,5,12048,7,348,2006,4,Q2
180658.216435809,3,1.5,51,5,10519,6,0,2006,3,Q1
209673.316647174,5,1.5,53,6,9525,7,0,2006,7,Q3
205939.810625621,4,2.5,17,6,12128,9,168,2006,11,Q4
165633.573325837,2,4.0,13,6,9069,8,0,2006,4,Q2
186030.317211014,3,2.5,1,7,11003,7,0,2006,7,Q3
160312.319589212,2,2.0,1,7,7488,6,0,2006,2,Q1
190702.440251029,3,3.0,0,6,13377,7,0,2006,7,Q3
175122.810326699,2,3.5,1,8,11645,6,0,2006,8,Q3
183783.13937519,3,2.5,1,7,10984,8,0,2006,5,Q2
178290.666302221,3,2.0,1,7,9316,7,0,2006,3,Q1
181605.343963015,3,2.5,1,7,9316,6,0,2006,6,Q2
187992.451444752,3,3.0,38,6,12000,6,0,2006,7,Q3
188885.11781517,3,1.5,10,5,13015,5,0,2006,6,Q2
189959.344795118,3,2.5,11,6,12438,6,0,2006,8,Q3
179258.619211334,3,3.0,8,7,8685,5,0,2006,5,Q2
181518.750275669,3,2.5,7,7,9272,7,0,2006,6,Q2
193008.659237315,3,3.5,7,7,13426,7,0,2006,9,Q3
186313.89385619,3,1.5,29,6,8340,6,0,2006,12,Q4
181499.39185067,3,2.5,28,6,10385,6,0,2006,4,Q2
174126.297156192,3,1.0,34,5,7200,5,0,2006,3,Q1
183918.612062767,3,2.5,4,7,9930,6,0,2006,7,Q3
184114.270899227,3,3.5,7,6,9468,7,0,2006,8,Q3
158540.947801398,1,2.5,4,8,11088,5,0,2006,6,Q2
197034.759055859,4,2.5,4,7,8726,8,0,2006,9,Q3
185170.284452595,3,3.5,7,8,10566,8,0,2006,7,Q3
221134.533635148,4,2.5,10,7,21533,9,0,2006,8,Q3
184306.637575967,3,3.0,8,7,11250,8,0,2006,5,Q2
199792.302740996,4,3.5,11,7,11250,8,0,2006,7,Q3
143237.803559736,1,2.0,3,6,4435,4,0,2006,4,Q2
177294.838897736,3,3.0,3,7,8810,7,0,2006,3,Q1
182368.620883855,3,2.5,0,7,8581,7,0,2006,8,Q3
176487.943174734,3,2.5,1,7,8400,6,0,2006,3,Q1
183849.408762071,3,3.0,1,7,8772,6,0,2006,9,Q3
184964.141507413,3,3.0,96,4,8777,6,0,2006,10,Q4
196395.969632434,4,3.0,31,6,7840,4,0,2006,10,Q4
188374.936650438,2,2.0,37,5,16133,5,112,2006,12,Q4
176261.296806135,3,2.5,3,7,7162,8,0,2006,5,Q2
163628.142248426,2,2.0,4,6,8050,4,0,2006,4,Q2
180618.032628904,3,2.5,3,7,11060,9,0,2006,2,Q1
161647.329794081,2,2.0,1,6,3675,5,0,2006,10,Q4
167129.598867773,3,2.0,2,7,2522,7,0,2006,5,Q2
174750.988352687,3,1.0,58,4,6956,5,0,2006,4,Q2
177560.202116333,3,2.0,91,6,7822,7,0,2006,5,Q2
192577.796112839,4,1.5,82,4,8707,9,0,2006,5,Q2
199202.898960871,3,2.5,52,4,16012,6,0,2006,10,Q4
182818.156667308,3,1.0,84,4,8248,8,0,2006,9,Q3
148217.262540651,1,1.0,84,2,8088,3,0,2006,2,Q1
188997.797082492,3,1.0,96,4,11388,5,0,2006,9,Q3
185807.928877601,3,3.0,68,5,10890,6,0,2006,7,Q3
177030.477842021,3,2.0,61,6,6430,6,0,2006,7,Q3
175942.474593632,3,2.0,80,7,7000,6,0,2006,5,Q2
172912.518576433,3,1.0,86,6,4899,6,0,2006,6,Q2
198359.248864591,4,1.5,87,7,9399,7,0,2006,9,Q3
184379.133036383,3,2.0,67,5,10164,6,0,2006,7,Q3
194255.566948886,4,1.0,65,5,6191,6,0,2006,11,Q4
209449.651603064,3,1.5,86,6,21780,7,0,2006,9,Q3
169979.323958443,2,1.5,66,5,12400,7,113,2006,2,Q1
188206.281858748,4,2.0,77,7,8170,7,0,2006,2,Q1
186412.438609167,3,1.5,74,7,12320,8,104,2006,5,Q2
196761.386409959,3,1.5,76,6,14210,8,0,2006,11,Q4
208353.269558209,4,3.0,56,5,15600,9,192,2006,7,Q3
166548.067241044,2,2.0,64,5,7288,5,0,2006,8,Q3
175942.474593632,3,1.5,80,6,7000,6,0,2006,5,Q2
166790.457916434,2,1.0,81,4,8534,4,0,2006,6,Q2
160515.850579067,2,1.0,81,4,7030,4,0,2006,3,Q1
192167.621096362,4,2.0,49,6,9060,6,0,2006,4,Q2
178751.551083369,2,1.0,61,3,12366,5,0,2006,10,Q4
198678.894117024,4,2.0,55,5,9000,8,0,2006,10,Q4
164553.120272354,2,1.0,90,3,8520,6,0,2006,4,Q2
156887.932862327,2,4.0,1,8,5748,5,153,2006,2,Q1
164185.777305524,2,3.5,2,8,3842,5,155,2006,12,Q4
212992.120630876,3,2.5,27,6,23580,6,0,2006,9,Q3
197468.550532521,4,2.0,28,6,8385,10,0,2006,10,Q4
180106.84373966,3,2.0,5,8,9116,7,0,2006,5,Q2
183972.071056674,3,3.0,31,6,11080,6,0,2006,5,Q2
245283.198337927,2,2.0,48,6,50102,6,138,2006,3,Q1
170351.963410756,2,3.0,6,6,8098,5,0,2006,10,Q4
195596.307707478,3,3.0,1,8,13618,8,0,2006,11,Q4
189369.756330412,3,3.0,1,9,11577,9,0,2006,9,Q3
223667.404551664,3,1.5,55,1,31250,6,0,2006,5,Q2
169335.310624364,2,4.0,9,7,7020,8,0,2006,11,Q4
167411.02835165,3,1.5,29,5,2665,5,0,2006,5,Q2
187709.555003968,3,2.0,38,5,10172,5,0,2006,10,Q4
196526.002998991,4,2.0,36,5,11836,8,0,2006,3,Q1
137402.569855589,1,2.0,36,4,1470,3,0,2006,4,Q2
165086.775061735,3,1.5,34,4,1484,5,0,2006,5,Q2
188506.431412274,3,2.0,37,5,13384,8,0,2006,5,Q2
172917.456816012,3,1.5,36,4,1533,5,0,2006,12,Q4
166274.325225982,3,1.5,36,4,1526,5,0,2006,6,Q2
167081.220948984,3,1.5,36,4,1936,5,0,2006,6,Q2
164788.778231138,3,1.5,36,4,1894,6,0,2006,4,Q2
219222.423400059,4,2.0,46,5,20000,7,0,2006,9,Q3
184924.279658997,3,1.5,14,5,10441,6,0,2006,7,Q3
187741.866657478,3,2.5,13,7,9627,9,0,2006,11,Q4
