title,propertyType,sizeSqFeetMax,bedrooms,bathrooms,listingUpdateReason,price,Date,listingDescription,luxury_features,transport_mentions,school_mentions,renovation_mentions
"8 bedroom house for sale in Winnington Road, Hampstead, London, N2, United Kingdom, N2",House,16749,8,8,new,24950000,2024,"This magnificent home, set behind security gates in one of the area’s most coveted locations, has direct access to Hampstead Golf Course. Externally, it is exceptionally grand with symmetrical proportions, while internally, the highest standard of interior design has been used. Arranged over four floors, the property spans 16,749 sq. ft (1,559 sq. m.) of meticulously designed living space. The grand entrance atrium is a breathtaking introduction to the home, leading to luxurious and expansive entertaining areas. There are six bedroom suites, including a principal suite with an oversized bathroom and a dressing room. The property also includes a state-of-the-art gym and spa with an indoor swimming pool, sauna, steam room, and pool lounge area. Additional amenities include a games room, media room, and a beautifully landscaped private rear garden. The property enjoys uninterrupted and sweeping views over Hampstead Golf Course, which are exceptionally rare. Outside, a carriage driveway provides ample parking and leads to a secure underground garage with space for up to six cars. Homes of this calibre and quality are rarely available for sale. Situated in one of Hampstead’s most prestigious and peaceful settings, the property lies in one of London’s leafiest and greenest locations, while still within easy reach of Central London. Hampstead Village, with its array of boutique shops, cafes, and restaurants, is just a short distance away, while Hampstead Heath offers expansive green spaces for outdoor activities. The area is also well-served by excellent schools and transport links, providing quick access to the City and the West End.","luxurious and expansive entertaining areas, state-of-the-art gym and spa with an indoor swimming pool, sauna, steam room, and pool lounge area, games room, media room, and a beautifully landscaped private rear garden",quick access to the City and the West End,excellent schools,
"7 bedroom house for sale in Brick Street, Mayfair, London, W1J",House,12960,7,7,price_reduced,29500000,2024,"In the heart of exclusive Mayfair, this majestic and luxurious Grade II listed property provides unique lateral living and entertaining space, arranged over only 3 floors. The property benefits from a private, gated drive-in courtyard, underground parking, a swimming pool, cinema room and separate staff accommodation. Laid out over 3 floors totalling in excess of 12,900 sq ft, this exceptional Mayfair house provides the perfect backdrop for modern entertaining alongside traditional architecture. Amenities: – Wine cellar – Office – Library – Gym/massage room – Games room/bar area – Swimming pool – Sauna and steam room – Underground garage for 3 cars – Garden terrace – Courtyard with parking for 4 additional cars Additional Information Mobile Coverage: Please look at the Ofcom website for more information The property is located in the heart of Mayfair, just off Park Lane and a stone's throw away from Hyde Park and Green Park. Brick Street gives access to all that Mayfair has to offer with its boutique shops, art galleries, designer labels and café culture. Mayfair is the prestigious, sophisticated and luxurious epicentre of cosmopolitan London.","swimming pool, cinema room and separate staff accommodation",just off Park Lane and a stone's throw away from Hyde Park and Green Park,,
"6 bedroom terraced house for sale in Chester Square, SW1W",Terraced,6952,6,6,price_reduced,25000000,2024,"A freehold home that gives you everything you could want from a Belgravia sanctuary. That means a high-specification build and finishes, contemporary spaces with architectural flourishes, family-friendly living, and your own attached mews house. Chester Square represents London at its finest. Enjoy a statement address, handsome architecture, and location where you can nip out and collect a pair of Louboutin heels or a Lalique antique with ease. This landmark residence flows freely across 7,000 square feet to yield comfort, luxury, and liveability. Handpicked craftsmen have respected the dwelling’s period elegance, fusing this with contemporary specification and refined finishes, while secure off-road garaging is a coveted feature.",,,,
"6 bedroom detached house for sale in Winnington Road, N2",Detached,16749,6,6,new,24950000,2024,"A magnificent bespoke residence set behind security gates in the area’s most coveted location, backing directly onto Hampstead Golf Course. This outstanding home features exquisite contemporary interiors throughout. Arranged over four floors, the property has 16,749 sq. ft . (1,559 sq. m.) of interior designed accommodation comprising a breath-taking grand entrance atrium, luxurious and spacious accommodation for entertaining, and 6 bedroom suites including a principal bedroom with an oversized bathroom and dressing room. The home also features a state of the art gym and spa facilities with an incredible indoor swimming pool, sauna, steam and pool lounge area. There is also a games room, media room and a beautiful landscaped private rear garden. The home enjoys uninterrupted and sweeping views over Hampstead golf course. The carriage driveway provides parking for several vehicles and leads to a secure underground garage with space for up to 6 cars. Homes of this calibre and quality are rarely available for sale.","luxurious and spacious accommodation for entertaining, a state of the art gym and spa facilities with an incredible indoor swimming pool, sauna, steam and pool lounge area, a games room, media room and a beautiful landscaped private rear garden",,,
"8 bedroom detached house for sale in St. John's Wood, London, NW8",Detached,10241,8,10,price_reduced,24950000,2024,"With its village like ambiance, elegant regency buildings, world famous cricket ground and established cosmopolitan atmosphere, St John's Wood is one of prime London's most sought after addresses. Just a short distance by road or underground to London's West End and City, yet set apart due to its unique architectural heritage and history as well as the 400 acres of neighbouring Regent's Park and Primrose Hill, St John's Wood has been one of London's most desirable areas to live in over the last 200 years. Please use the reference 199732 when contacting us.",,,,
"6 bedroom house for sale in Chapel Street, Belgravia, London, SW1X, United Kingdom, SW1X",House,6773,6,5,new,25000000,2024,"United Kingdom Sotheby’s International Realty are proud to present this newly renovated six-bedroom freehold townhouse in the heart of Belgravia. The exceptional property seamlessly blends Georgian elegance with modern design, creating a house of unparalleled sophistication. Entry is through the wide front door and to the grand entrance hallway, where high ceilings, ornate marble floors, and bespoke lanterns, set the tone for the rest of the house. The spacious dining room is contemporary in its design, with a large chandelier, and a dark marble fireplace, creating a captivating space. On the first floor, a stunning double reception room is grounded by two ornate marble fireplaces and floor-to-ceiling windows, which lead to balconies at both ends. The second floor hosts a spacious study and the luxurious master bedroom suite, with a dressing room and access to a terrace. On the third floor are additional bedrooms, one with an en-suite, while on the lower ground floor lies a cinema room, two further ensuite bedrooms with en-suite bathrooms, a second kitchen, and access to a garden. The basement level offers a spa with an impressive swimming pool, sauna, steam room, and an expansive gym. This historic property on Chapel Street, once owned by Lord Heseltine, is steeped in political and cultural significance. With quick access to local amenities and proximity to Michelin-starred restaurants and luxury shopping, the house couldn’t be in a better location. Set in the heart of Belgravia, an area known for its grand architecture, lying west of Buckingham Palace, bordering Knightsbridge to the north and Chelsea to the west, it offers a village atmosphere. The house is within easy reach of Victoria Station and the King’s Road.","spa with an impressive swimming pool, sauna, steam room, and an expansive gym",Victoria Station and the King’s Road,,newly renovated
"5 bedroom house for sale in Marlborough Place, St John's Wood, London, NW8, United Kingdom, NW8",House,7631,5,5,new,25000000,2024,"Set on Marlborough Place, a secluded and tree-lined street, this family home offers privacy and tranquillity in one of London's most prestigious residential settings. The space, specification and amenities this home has to offer have to be seen to be believed; this is an incredibly rare opportunity to purchase an outstanding home with ample space in prime central London. The detached property also has private gates and secure off-road parking. The ground floor consists of a grand drawing room with a beautiful stone fireplace that opens onto the large dining room. Here, extensive windows overlook the impressive garden, a large skylight complements high ceilings and a built-in bar is perfect for entertaining. The fully kitted kitchen/breakfast room is expertly designed with rich cabinetry and exposed brick. A sitting room, office, study and boot room are also on the ground floor. At the back of the house, a beautiful paved terrace is covered by a leafy pergola. Stone steps descend onto a magnificent garden, lined with large trees protecting your privacy. The lower ground floor houses a cinema room, an unprecedentedly large indoor swimming pool, a built-in bar, and a grand fireplace. This opens onto a sunroom, making it the ultimate place to unwind. There is also an additional kitchen and utility room. The principal suite has a luxurious marble en-suite, and a generously proportioned walk-in-wardrobe, and leads onto an extra sitting room that could be used as an additional bedroom. Two further en-suite bedrooms are located on the first floor and the final two bedrooms are on the second floor. This home is the best of both worlds with ample space, privacy, and outdoor greenery, whilst simultaneously being located in St John’s Wood, close to wonderful restaurants, boutique shops and schools and a short distance from the heart of London.",a grand drawing room with a beautiful stone fireplace that opens onto the large dining room,,"St John’s Wood, close to wonderful restaurants, boutique shops and schools",
"6 bedroom town house for sale in Chester Square, Belgravia, London, SW1W, United Kingdom, SW1W",Town House,6007,6,7,new,25000000,2024,"This exceptional Grade II-listed townhouse in Belgravia is on the quieter side of Chester Square with six bedrooms, seven bathrooms and three powder rooms. The property unfolds over an impressive 6,007 sq ft. The turnkey property is defined by exceptional attention to detail with an impressive spa in the basement which includes a treatment room, sauna, steam room and spa pool. The basement also includes a large multifunction family room, a wine store and a dedicated cinema. A lift rises from the basement to the master bedroom, there is off-street parking, a gym and staff accommodation on the lower ground floor. On the ground floor, a grand entrance leads to a formal dining room and spacious kitchen/breakfast room. The first-floor drawing room has wonderfully high ceilings and opens to a south-facing roof terrace with an external kitchen perfect for entertaining. The master suite on the second floor includes a dressing room and en suite bathroom, while five additional bedrooms all have en suite bathrooms. The property benefits from air conditioning (heating and cooling) throughout, Lutron smart lighting, and an integrated Crestron system. Chester Square in Belgravia is one of London’s most prestigious squares, built in 1835 by the Grosvenor family. The square has been home to numerous renowned figures over the years, including Margaret Thatcher, Mick Jagger, Marianne Faithful and various European royalty. The house is close to Elizabeth Street, nestled between Sloane Square Underground Station and Victoria Station. The house has easy access to Chelsea and Knightsbridge's world-renowned restaurants and shops.","spa in the basement which includes a treatment room, sauna, steam room and spa pool","Elizabeth Street, nestled between Sloane Square Underground Station and Victoria Station",,
"6 bedroom terraced house for sale in Cornwall Terrace, Regent's Park, NW1",Terraced,9213,6,6,price_reduced,25000000,2024,"An extremely rare opportunity to purchase a magnificent, Grade I listed, Regency styled property in one of London’s most prestigious locations. The property, spread across 9,213 sq ft, is offered in shell condition with the benefit of Planning Permission, Listed Building and Crown Estate consents to create one of the most magnificent houses in London. The planned accommodation comprises an entrance hall, double reception room with original ceilings, a family kitchen with dining area, a dining room, a family morning room, a fully panelled library/cigar room, a club room, mirror whiskey bar and humidor, a multipurpose second club room with media facilities, a fully equipped gym and steam room, master bedroom suite occupying the entire second floor, four further guest suites, marble bathrooms and a self contained staff quarters with a commercial kitchen. The property benefits from a lift to all floors, secure car parking and a 148 year lease. Cornwall Terrace is situated on the south west corner of Regent’s Park overlooking the lake on the Outer Circle approximately half a mile north of The Marylebone Road (A40) with easy access to both The City and the West End. Sweeping views across the sculpted greenery of Regent’s Park provide the property with an unrivalled location.",,easy access to both The City and the West End,,
"6 bedroom terraced house for sale in Chester Square, Belgravia, SW1W",Terraced,6007,6,7,new,25000000,2024,"Grade II listed six bedroom white stucco family home with exceptional modernised interiors located on one of Belgravia’s most sought after garden squares. Stepping into the house on the ground floor, a grand entrance hall paved in marble flows through to an impressive dining room. High ceilings, oak parquet flooring, decorative plaster moulding, and a bespoke Regency fireplace give a sense of elegance to this space, and likewise the adjacent ante-room. Beyond lies a well-proportioned kitchen and breakfast room, with marble worktops and first-class appliances from Wolf and Sub-Zero. The first floor is entirely occupied by a grand reception room. Double French doors lead out onto the south-east facing front balcony, filling the room with light and offering spectacular views over the square. In addition, a rear door opens onto the spacious a spacious outdoor kitchen on the terrace. The second floor contains a generous principal bedroom suite with a walk through wardrobe and an ensuite bathroom. The marble-lined bathroom offers underfloor heating and a free-standing bath. A further four ensuite bedrooms have been carefully arranged over the third and fourth floors. The lower ground floor is made up of a sixth bedroom, a chef’s kitchen, and a gym, as well as access to the garage. Carefully designed glazing brings light down to the basement floor, while connecting the main house to the original mews at its rear. Meanwhile, the basement offers an exceptional range of facilities, including spa, sauna, steam room and treatment room. This floor also features a home cinema, a wine cellar and a family room with bar facilities. Finally, a passenger lift connects from the basement to the second floor, which is occupied by the principal master bedroom. The house has been recently renovated to an exceptional standard. Its historic character has been preserved via plaster panelling and walnut doors with burnished bronze handles, while the original Portland stone staircase has been restored. At the same time, modern conveniences include underfloor heating for the basement and all stone surfaces, an integrated Creston system, Lutron smart lighting and air conditioning throughout the property. The house will be sold to turnkey standard with bespoke furniture throughout. The artwork is also available via separate negotiation. The property includes a tiled rear terrace with Fesfoc outdoor kitchen, Wolf barbecue, external fridge and enough space for al fresco dining. There is also a front balcony with views over the communal garden square, which residents have the right to access. Finally, the garage with off-street parking can be accessed via Eaton Mews South, which includes two electric vehicle chargers. Chester Square is a prestigious garden square in Belgravia, lined with grand white stucco townhouses. It was developed by the Grosvenor family, with building work beginning in 1835. Over the years it has been home to numerous celebrated figures, including the poet Matthew Arnold, the actor Tony Curtis, and the politician Margaret Thatcher, and the singers Marianne Faithfull and Mick Jagger. From here, Sloane Square underground station is close, while Victoria station is also nearby. In addition, the world-renowned restaurants and shops of Elizabeth Street, Chelsea and Knightsbridge are within easy reach.","spa, sauna, steam room and treatment room","Sloane Square underground station, Victoria station",,recently renovated to an exceptional standard
"3 bedroom apartment for sale in One Hyde Park, Knightsbridge, SW1X",Apartment,4004,3,3,new,25000000,2024,"We are pleased to present this stunning three bedroom apartment located in Knightsbridge, One Hyde Park, a prestigious and much sought-after location. As you enter this apartment on the second floor you are greeted with an extremely modern, light and curved white hallway designed with a dark wooden background already giving a feeling of grandeur and elegance as you enter this opulent apartment. At the end of the hallway is a very large reception area with a large balcony, this reception is a great family and entertaining space. It also has a well-proportioned kitchen which leads to the dining room which itself has its own double door entrance. To the right is another beautiful double bedroom with ample storage and an en-suite bathroom. Downstairs on the first floor comprises two bedrooms with one being the master bedroom with a dressing room, ample storage space and an en-suite with a large separate walk-in shower. On the same level is another large bedroom also with an en-suite and dressing room. This apartment has an audio visual system and programmed lighting controls, fresh air supply, cooling and heating. Additional benefits of this building is that it also comes with underground parking, wine cellar, storage unit and access to 24/7 concierge desk and Mandarin Oriental residents service. Furthermore, there is an exclusive on-site leisure and spa facilities at One Hyde Park which includes a private cinema, private events room for large parties, virtual experience room, squash court, gym, two private exercise studios, 21 metre ozone pool, Jacuzzi, two saunas, two steam rooms and two treatment rooms with en-suite relaxation rooms. LOCAL AREA: In the heart of Knightsbridge close to the international designer shops and restaurants of Sloane Street and Knightsbridge and the lovely boutiques on Beauchamp Place, Harvey Nichols and the famous Harrods. The world famous One Hyde Park residential development is at this location. This prime location is also within easy walking distance to the wide open spaces of Hyde Park. Both the VandA and the Science Museum are easily accessed as well as Imperial College. Well known hotels in this area include the Mandarin Oriental, The Berkeley and Jumeirah Carlton Tower. A selection of fantastic restaurants can be found in this area, including Scalini on Walton Street, Zafferano on Lowndes Street, San Lorenzo on Beauchamp Place and Amaya on Motcomb Street. LOCAL TRANSPORT LINKS: On the door step to Knightsbridge underground station (Piccadilly line) and a short walk to Sloane Square underground station (District and Circle lines). Notice Please note we have not tested any apparatus, fixtures, fittings, or services. Interested parties must undertake their own investigation into the working order of these items. All measurements are approximate and photographs provided for guidance only.",,,,
"10 bedroom town house for sale in Lowndes Square, London, SW1X",Town House,7106,10,10,new,25000000,2024,"Lowndes Square is one of central London’s most prestigious garden squares in the heart of the globally renowned Knightsbridge. The property is the ‘key house’ within an impressive terrace, characterised by grand columns, entrance porticos and stucco façades. The existing property is currently laid out as three separate apartments plus a mews house at the rear. The property is the principal 'key-house' on the most sought-after east side and is the only property with direct views through to Sloane Street. Planning permission has been obtained from Westminster Council to create a grand single residence with an integrated mews house, 10 bedroom suites, impressive entertaining rooms, a large passenger lift with step-free access throughout the property, three outdoor terraces, a swimming pool and spa complex and internal parking for two cars and additional private parking in the mews.",swimming pool and spa complex,,,
"10 bedroom terraced house for sale in Lowndes Square, London, SW1X",Terraced,12643,10,9,new,25000000,2024,"A unique freehold 'key-house' located in Knightsbridge. This development opportunity has planning permission for a magnificent residence with a linked mews house. Description The existing property is currently laid out as three separate apartments plus a mews house at the rear. The property is the principal 'key-house' on the most sought after east side and is the only property with direct views through to Sloane Street. Planning permissions has been obtained from Westminster Council to create a grand single residence with integrated mews house, 10 bedroom suites, impressive entertaining rooms, large passenger lift with step free access throughout the property, three outdoor terraces, swimming pool and spa complex and internal parking for two cars and additional private parking in the mews. An unusual and important aspect of this property is that it is not listed and not within a conservation area. Nor is it part of any estate management scheme. Brochure: All images are CGI's Location Lowndes Square is one of central London's most prestigious garden squares in the heart of globally renowned Knightsbridge. The property is the 'key house' within an impressive terrace, characterised by grand columns, entrance porticos and stucco facades. Lowndes Square is extremely well located for a range of amenities, including the 350 acres (160 hectares) of Hyde Park, one of eight Royal Parks in the capital. The iconic department stores of Harvey Nichols and Harrods, a wide selection of five star hotels, London's finest restaurants, international music venues, luxury shopping and universities are all within close proximity, thus making it an exceptional international address. Heathrow airport is approximately 14 miles away. Square Footage: 12,643 sq ft Additional Info Local Authority: Westminster City Council Tax: Band H",swimming pool and spa complex,,,
"6 bedroom house for sale in Chester Square, London, SW1W",House,6007,6,7,new,25000000,2024,"A meticulously designed and elegant family home spanning 6,007 ft2, located on one of London's finest squares in Belgravia. This exceptional Grade II listed property, built in 1845 by Thomas Cundy II as part of Sir Robert Grosvenor's vision for Belgravia, showcases Regency architecture and interiors undergoing thoughtful restoration. Available for the first time in 90 years, the main house and its mews present a substantial family residence. The property seamlessly combines historical elegance with modern amenities, offering six bedrooms, six ensuite bathrooms, leading-edge technology, a passenger lift, a handcrafted family kitchen, a luxurious cinema, spa facilities, and a landscaped terrace with a garden kitchen. Discreetly located south of Eaton Square in the heart of the Belgrave Estate on Chester Square, this home enjoys a tranquil setting amidst mature, manicured gardens, making it one of the most distinguished and desired residences in Belgravia. Watch full video tour in 2160p 4K:","luxurious cinema, spa facilities, and a landscaped terrace with a garden kitchen",,,thoughtful restoration
"5 bedroom duplex for sale in Park Crescent, London, W1B",Duplex,5285,5,6,new,26425000,2024,"A large duplex apartment in a luxury development within close proximity to Regent's Park. Description A bright and spacious duplex apartment measuring approximately 5,285 sq ft located in a Prime Central London location. The property has been interior designed to a high standard and provides luxurious lateral living over two floors with bright and spacious entertaining spaces. The apartment comprises a double reception room/ dining room, family room, kitchen, library/study, principle bedroom suite with dressing room, four further bedroom suites, utility room, storage, guest cloakroom and three private terraces. Further benefits include private access to the communal gardens at the rear and Park Square Gardens at the front of the development. Residents also have private access to the developments full leisure facilities swimming pool, gym, Yoga/Pilates studio, steam/sauna, treatment rooms, cinema, business lounge etc. and the property has a 24hr concierge service and comes with valet parking for one car. Location The development is situated between Regent’s Park (approximately 0.3 miles) and Portland Place (approximately 0.2 miles). This is a remarkable address in the epicentre of the capital, where royal park meets royal crescent and it is a short distance to some of London’s finest restaurants and cultural attractions. Regent's Park Underground Station (Bakerloo Line) is approximately 0.1 miles from the apartment. Square Footage: 5,285 sq ft Leasehold with approximately 132 years remaining.","swimming pool, gym, Yoga/Pilates studio, steam/sauna, treatment rooms, cinema, business lounge etc.",Regent's Park Underground Station (Bakerloo Line),,
"6 bedroom penthouse for sale in Knightsbridge Gate, Apartment 6, 55 Knightsbridge, SW1X",Penthouse,6214,6,6,new,26500000,2024,"A masterpiece of mansion apartment living, Knightsbridge Gate is a Grade II listed building with a retained, Edwardian façade, comprising 15 meticulously designed residences. Description Built in 1902, Knightsbridge Gate is a Grade II listed building originally designed by architect W.D. Caröe for the Church Commissioners. The building retains the original façade in the Edwardian style, which has been painstakingly restored to preserve the heritage and glamour associated with Knightsbridge. Where the North elevation has been restored, the South façade is entirely new, featuring stepped pergolas and terraces. The development has been designed so that the apartment’s principle rooms overlook the remarkable landscape of Belgravia. The quality of finish and attention to detail enhances the scale and grandeur of the building. MSMR architects have been responsible for transforming the internal spaces, drawing on the Edwardian heritage of the building with contemporary elements. A rich palette of materials, colours and texture, combined with intricate detailing and bespoke joinery, have created elegant interiors of the highest calibre. The building is located at the gateway to Knightsbridge, moments from Hyde Park’s Southern border, Harrods and Harvey Nichols. Many of the apartments benefit from South-facing aspects towards Belgravia and the corner homes have views into Hyde Park. Light and bright, the living spaces are inspired by the building’s historical beauty, the rich environs of Knightsbridge and contemporary fashion, with meticulous modern detailing and an exemplary choice of materials throughout. Location One of the world’s most prestigious residential addresses, Knightsbridge offers the best of everything. A magnificent 350 acres of green space at Hyde Park. Internationally renowned retail and restaurants. Charming cobbled streets, artisan shops, five-star hotels and exceptional connections. The evolution of Knightsbridge’s latest destinations is attracting some of the best retailers in London and a carefully curated selection of shops and bars. Cobbled Motcomb Street is lined with independent boutiques, and Pavillion Road is the ideal place for artisan brands and high-end eateries. Square Footage: 6,214 sq ft Leasehold with approximately 996 years remaining. Additional Info Service Charge: £15/sqft - excludes building insurance",,,,
"9 bedroom semi-detached house for sale in Down Street Mews, Mayfair, London, W1J",Semi-Detached,12951,9,8,price_reduced,26730000,2024,"This new opportunity to buy two connected houses and amalgamate them into one to create a striking 9 bedroom house with off street parking for four cars and a swimming pool discreetly nestled away on Down Street Mews, Mayfair. This Mayfair Mews is a striking example of modern architectural excellence, offering a unique and contemporary living experience in one of the city's most coveted neighborhoods. This cutting-edge townhouse is a testament to sleek design and innovation and was inspired by the iconic La Maison de Verre and Japanese architectural screens. The option to combined two impressive houses to create a dream home is unusual in Mayfair and so this is a truly rare opportunity. This would create just under 13,000 sqft featuring 9 bedrooms, 4 off street parking spaces, and a swimming pool / spa complex tucked away in a very secure and private setting. Upon arrival, you'll be captivated by the minimalist façade that hints at the exceptional interiors within. The open-concept living area is a true masterpiece, featuring soaring ceilings, floor-to-ceiling windows, and polished concrete floors that create a clean and minimalist aesthetic. The kitchen features state-of-the-art appliances and a sleek, functional layout.",,,,
"6 bedroom flat for sale in Knightsbridge, Knightsbridge Gate, London, SW1X, United Kingdom, SW1X",Flat,6214,6,4,price_reduced,26500000,2024,"United Kingdom Sotheby’s International Realty is delighted to showcase this exceptional six-bedroom apartment located in the Knightsbridge Gate development in Knightsbridge. Unfolding over a vast 6,214 sq. across two floors, the apartment has six bedrooms and is characterised by its exceptional attention to detail. On the lower floor, a modern kitchen features Gaggenau appliances, a Boffi fitted kitchen range, and Cosmic Black leather finish granite. A dining room sits next door, perfect for entertaining, while three reception rooms, all of varying sizes, are versatile spaces. Bespoke, stained American Oak joinery in the principal bedroom makes a striking statement and adds storage. The principal ensuite bathroom is clad in Calacatta Oro polished marble, complemented by Bianco Carrara polished marble in the secondary bathrooms; a laundry room has state-of-the-art Miele appliances. There are also pre-wired alarms, fire detection, and a Comelit video intercom, as well as underfloor heating, Lutron lighting, and a home hub system; refurbished original windows throughout have been fitted with Schuco double-glazing and secondary glazing. Three exterior terraces have wonderful views; one leads off the principal bedroom and is the perfect spot for a morning coffee, while the other two lead from the reception areas and are wonderful spots for entertaining alfresco. The Knightsbridge Gate development is set in an Edwardian building constructed in 1902. Grade II listed, MSMR architects have restored the building meticulously while preserving its period details. The development features a 24-hour concierge and security and underground parking. Located just moments Hyde Park, Knightsbridge Gate sits at a prominent sought-after location surrounded by greenery, shops, restaurants and bars.",,,,
"5 bedroom house for sale in Eaton Terrace, Belgravia, London, SW1W, United Kingdom, SW1W",House,7396,5,6,new,28000000,2024,"Luxuriously finished five-bedroom house with modern detailing in coveted prime central London neighbourhood. Discreetly designed to match its quaint surroundings, this expertly finished house expands upon entry to unveil its generously proportioned interior and its bespoke features. The impressive ground floor is centred around a serene courtyard and includes a gourmet kitchen, dining room, library, private study, utility room, wine cellar and sitting room. It also has a gorgeous conservatory that opens onto the vast outdoor terrace, creating the perfect combination to enjoy sunny and not-so sunny days. Upstairs there is the main principal bedroom with its en-suite bathroom and dressing room and three more en-suite bedrooms, one of which is on the top level with an additional sitting room. To round off the unique elements of this coveted luxury property, it also comes with a covered parking garage. The house is situated on Eaton Terrace, a quiet and exclusive street in Belgravia that offers residents a superb home in the heart of London. From here, they can easily access some of the city’s finest restaurants, cultural attractions, five-star hotels and retail boutiques, as well as its grand Royal Parks, St James’s Park, Green Park and Hyde Park.",,,,
"7 bedroom terraced house for sale in Brick Street, Mayfair, London, W1J",Terraced,12831,7,5,price_reduced,29500000,2024,"A majestic and luxurious Grade II listed building in the heart of Mayfair. Description In the heart of exclusive Mayfair, this majestic and luxurious Grade II listed property provides unique lateral living and entertaining space arranged over only 3 floors. The property benefits from a private gated drive-in courtyard, underground parking, a swimming pool, cinema room, and separate staff accommodation. Laid out over only 3 floors totalling in excess of 12,900 sq ft, this exceptional Mayfair house provides the perfect backdrop for modern entertaining alongside traditional architecture. Location Located in the heart of Mayfair, just off Park Lane and a stone’s throw away from Hyde Park and Green Park. Brick Street gives access to all that Mayfair has to offer with its boutique shops, art galleries, designer labels and café culture. Mayfair is the prestigious, sophisticated and luxurious epicentre of cosmopolitan London. Square Footage: 12,831 sq ft","swimming pool, cinema room, separate staff accommodation",,,
"4 bedroom terraced house for sale in Eaton Terrace, Belgravia, London, SW1W",Terraced,7396,4,6,new,28000000,2024,"Grosvenor Studios is a secluded and extremely private freehold home encompassing an internal garden courtyard complete with garage. Nestled discreetly within the prestigious neighbourhood of Belgravia, this exceptional low built residence exudes an aura of exclusivity, tranquillity and security. Tucked away in a secluded enclave, the property boasts an internal garden courtyard and an integral garage. Set within a quiet cul-de-sac, this discreet residence has enhanced security, providing residents with peace of mind in their home. Upon entering the home, guests are greeted by an impeccably presented interior that exudes sophistication and refinement. The focal point of the house is undoubtedly the internal garden courtyard, a verdant oasis that serves as the heart of the home. Surrounded by floor-to-ceiling windows, the courtyard bathes the interior spaces in natural light while seamlessly integrating the indoors with the outdoors. The living areas are thoughtfully arranged to maximize light from the courtyard, comfort and functionality, with expansive open-plan spaces ideal for both intimate gatherings and grand entertaining. The natural light through the many windows contribute to the sense of airiness, while bespoke furnishings and exquisite artwork add a touch of elegance to the surroundings. The kitchen is a chef's delight, equipped with state-of-the-art appliances and custom cabinetry, making meal preparation a pleasure. A spacious dining area adjacent to the kitchen offers the perfect setting for hosting formal dinner parties or casual family meals, with views of the courtyard providing a picturesque backdrop. There are 4 double bedrooms, each meticulously designed to ensure utmost comfort and privacy. Luxurious en-suite bathrooms boast spa-like amenities. Ample storage space and discreet built-in wardrobes cater to the practical needs of modern living, while plush furnishings and sumptuous linens add a touch of indulgence to the sleeping quarters. This exceptional residence in Belgravia epitomizes discreet luxury living at its finest. Immaculately presented on three levels and nestled within a secluded enclave, the property offers unrivalled privacy and tranquillity for discerning homeowners. With its internal garden courtyard, integral garage, and impeccable attention to detail, this home is a testament to sophistication and refinement in one of London's most prestigious neighbourhoods.","internal garden courtyard, integral garage, impeccably presented interior, bespoke furnishings and exquisite artwork, state-of-the-art appliances and custom cabinetry, spa-like amenities",,,
"7 bedroom house for sale in Brick Street, Mayfair, London, England, W1J, United Kingdom, W1J",House,12960,7,7,price_reduced,29500000,2024,"United Kingdom Sotheby’s International Realty is excited to present Holderness House, a magnificent Grade II listed home in the heart of Mayfair. Set behind a distinctive red-brick façade, the expansive building unfolds across three floors, encompassing seven generous bedrooms, providing ample space for growing families or hosting guests. The house is arranged around a tranquil courtyard, with parking space for four cars. The entertaining spaces are on the ground floor and include a large fully-equipped kitchen, a beautiful dining room, and two reception rooms. More intimate spaces on this floor include the study, a separate office and a utility room; there are also two powder rooms on this floor. An extensive array of leisure facilities sit on the lower ground floor, including a deep swimming pool, a gym, a sauna, and a steam room. Wine connoisseurs can appreciate a well-appointed wine cellar, and there is a vast games room with a built-in bar; there is also a second kitchen on this floor, and the property also includes separate staff accommodation. Situated just moments away from historic Hyde Park and Green Park, Holderness House is ideally located to enjoy the best of Mayfair. Brick Street is close to boutique shops, the city’s best art galleries and a vibrant café culture. Hyde Park is around the corner. It is also a short walk to members' clubs George’s and Annabels and is close to Scott’s Restaurant. Transport links are excellent.","a deep swimming pool, a gym, a sauna, and a steam room",Transport links are excellent,,
"8 bedroom town house for sale in Princes Gate, London, SW7",Town House,9430,8,7,new,29500000,2024,"Spanning seven floors, the property boasts eight luxurious bedrooms and seven exquisitely appointed bathrooms, offering ample space for both family living and entertaining. As you enter the home, you are greeted by a grand entrance hall with intricate period features, including ornate cornices, high ceilings, and original fireplaces that have been meticulously preserved. The expansive drawing room, adorned with floor-to-ceiling windows, bathes the space in natural light, creating an inviting atmosphere. Adjacent, a formal dining room provides the perfect setting for lavish dinner parties. The modern, state-of-the-art kitchen blends seamlessly with the home's historic character, featuring bespoke cabinetry, high-end appliances, and a spacious breakfast area. A charming garden terrace extends from the kitchen, offering a private oasis in the heart of the city. The master suite is a sanctuary of sophistication, complete with a generous walk-in wardrobe and an opulent en-suite bathroom featuring a freestanding bathtub and marble finishes. Each additional bedroom is thoughtfully designed, providing comfort and style, with several en-suites and private balconies. A media room, home office, and library are among the numerous additional living spaces, ensuring the property meets all modern lifestyle needs. Princess Gate is ideally situated, with Hyde Park, the Royal Albert Hall, and the museums of South Kensington just a short stroll away. This exceptional townhouse offers an unparalleled combination of historical significance, architectural beauty, and contemporary luxury in one of London's most sought-after addresses.",luxurious bedrooms and seven exquisitely appointed bathrooms,,,
"7 bedroom town house for sale in Princes Gate, South Kensington, SW7",Town House,9100,7,6,new,29500000,2024,"An Ambassadorial Residence, spanning approximately 9,100 Sq Ft (840 Sq M).Consisting of 7/8 Bedrooms, 6 Bathrooms, 4 Reception Rooms, 2 Dining Rooms, an Office and a Large Roof Terrace. Also benefitting from Fully Integrated Lutron Lighting System to all rooms, Surround Sound Audio System, and Air Conditioning throughout. This stunning house further benefits from an internal passenger lift. Located just a One Minute Walk to Hyde Park, across the road from The Royal Albert Hall and adjacent to The Science Museum, The V & A, and The Natural History Museam. Only a 10 Minute Walk to the renowned shopping attractions of Knightsbridge (Harrods) and the many fine Michelin Star Restaurants & Cafes. Tenure - Freehold Length of lease - Freehold Annual ground rent amount - £1000 Ground rent review period - 10 years Annual service charge amount (£) - N/A Service charge review period - N/A Council tax band - H",,,,
"9 bedroom detached house for sale in Cambridge Park, Twickenham, Greater London, TW1",Detached,18837,9,12,new,29950000,2024,"Situated on the eastern point of a long, lazy loop of the River Thames between Richmond Bridge and Eel Pie Island, The Old Garden residence has been designed in the palladian style by the esteemed and renowned architect Quinlan Terry. Surrounded by idyllic gardens and in one of the most soughtafter riverside locations in London, this exceptional residence occupies the footprint of the previous building but has been substantially redesigned to create a magnificent private family home, which benefits from developments in technology, sustainability and construction, yet embraces and incorporates traditional construction methods and natural materials. - Magnificent double-height reception hall - Dining room - Drawing room - Kitchen with pantry and service - Family room - Master bedroom with his and her bathrooms and dressing rooms - Master study - Seven guest bedrooms with en-suite bathrooms - Gymnasium - Steam room - Treatment room - Indoor 12.5m swimming pool - Snooker/Games Room - Cinema Room - Wine Cellar - Laundry room - Storage room - Staff bedroom - Staff Kitchen - Store store room - Garage for 3 vehicles - Parking for up to 20 vehicles within front courtyard - Ornamental pond - Outdoor 12m swimming pool - Tennis court",Indoor 12.5m swimming pool - Snooker/Games Room - Cinema Room - Wine Cellar - Laundry room - Storage room - Staff bedroom - Staff Kitchen - Store store room - Garage for 3 vehicles - Parking for up to 20 vehicles within front courtyard - Ornamental pond - Outdoor 12m swimming pool - Tennis court,,,
"Plot for sale in Piccadilly, Mayfair, London, W1J",Plot,14624,,,size_change,29950000,2024,"139 Piccadilly is a Grade II listed building arranged over six floors, dating back to the mid-18th century. This grand, former townhouse offers over 14,000 sq ft of accommodation and showcases a smart period façade, beautifully preserved original features throughout, and far-reaching views over Green Park. It has most recently been used as an office building but is currently vacant from the ground floor up, with only the apartment at lower ground level occupied. This is an excellent opportunity for the regeneration of an impressive period building, and there is residential planning permission in place to convert the property back into a townhouse. There are four sizeable garages included within the sale, located on nearby Down Street Mews. DEVELOPMENT POTENTIAL The Property: The current use of the property is Use Class E and therefore could change use to: • Retail: Display or retail sale of goods, other than hot food • Restaurant: Sale of food and drink, for consumption on the premises • Leisure: Indoor sport, recreation or fitness • Medical: Medical or Health Services • Creche: Nursery or day centre • Offices: Research and light industrial Residential Potential: • Full planning permission was granted on 26 August 2015 for the change of use from office space (Use Class E) to a single family dwellinghouse (Use Class C3) • The planning grants a rare opportunity to convert 139 Piccadilly into an impressive townhouse measuring circa. 15,339 sq ft • The planning also grants for the excavation of a part basement, creation of terrace on the roof and creation of courtyard at the rear ground floor level • Planning was granted under reference 14/11168/FULL and implemented on 29 May 2018 under reference 18/02453/CLEUD • The listed building consent runs alongside the main planning application under reference 14/11168/LBC • The development is free of any Section 106 or CIL contributions • There is no affordable housing Value Add Opportunities: • Each floor has exceptional floorplates of circa. 2,500 sq ft and with an existing lift the Property lends itself well for a subdivision of the property into apartments subject to necessary planning consent. Running from Piccadilly Circus in the east to Hyde Park Corner in the west, Piccadilly is home to several well-known landmarks including Fortnum & Mason Department Store, the Ritz Hotel, and the Royal Academy of Arts. It is well positioned for all that Mayfair and the West End have to offer, with easy access to the world-class shopping of Mount Street and Bond Street, as well as the majority of London's Michelin starred restaurants. Steeped in history and tradition, Mayfair is the sophisticated and luxurious epicentre of cosmopolitan London, with its boutique shops, art galleries, designer labels and café culture. It is also home to the capital's largest concentration of 5-star hotels and private members' clubs. The property is ideally located for the open spaces of Green Park and Hyde Park, and there are excellent transport links nearby, including Hyde Park Corner and Green Park Tube Stations.",,Hyde Park Corner and Green Park Tube Stations,,
"6 bedroom house for sale in Piccadilly, Mayfair, W1J",House,15608,6,6,new,29950000,2024,"139 Piccadilly is a Grade II listed building arranged over six floors, dating back to the mid-18th century. This grand, former townhouse offers over 14,000 sq ft of accommodation and showcases a smart period facade, beautifully preserved original features throughout, and far-reaching views over Green Park. It has most recently been used as an office building but is currently vacant from the ground floor up, with only the apartment at lower ground level occupied. This is an excellent opportunity for the regeneration of an impressive period building, and there is residential planning permission in place to convert the property back into a townhouse. There are four sizeable garages included within the sale, located on nearby Down Street Mews. The current use of the property is Use Class E and therefore could change use to: - Retail: Display or retail sale of goods, other than hot food - Restaurant: Sale of food and drink, for consumption on the premises - Leisure: Indoor sport, recreation, or fitness - Medical: Medical or Health Services - Creche: Nursery or day centre - Offices: Research and light industrial Residential Potential - Full planning permission was granted on 26 August 2015 for the change of use from office space (Use Class E) to a single family dwellinghouse (Use Class C3). - The planning grants a rare opportunity to convert 139 Piccadilly into an impressive townhouse measuring circa. 15,339 sq ft. - The planning also grants for the excavation of a part basement, creation of terrace on the roof and creation of courtyard at the rear ground floor level. - Planning was granted under reference 14/11168/FULL and implemented on 29 May 2018 under reference 18/02453/CLEUD. - The listed building consent runs alongside the main planning application under reference 14/11168/LBC - The development is free of any Section 106 or CIL contributions. - There is no affordable housing Value Add Opportunities - Each floor has exceptional floorplates of circa. 2,500 sq ft and with an existing lift the Property lends itself well for a subdivision of the property into apartments subject to necessary planning consent. Running from Piccadilly Circus in the east to Hyde Park Corner in the west, Piccadilly is home to several well-known landmarks including Fortnum & Mason Department Store, the Ritz Hotel, and the Royal Academy of Arts. It is well positioned for all that Mayfair and the West End have to offer, with easy access to the world-class shopping of Mount Street and Bond Street, as well as most of London's Michelin starred restaurants. Steeped in history and tradition, Mayfair is the sophisticated and luxurious epicentre of cosmopolitan London, with its boutique shops, art galleries, designer labels and café culture. It is also home to the capital's largest concentration of 5-star hotels and private members' clubs. The property is ideally located for the open spaces of Green Park and Hyde Park, and there are excellent transport links nearby, including Hyde Park Corner and Green Park Tube Stations.",,Hyde Park Corner and Green Park Tube Stations,,
"6 bedroom terraced house for sale in Cadogan Place, Belgravia, London, SW1X",Terraced,7798,6,7,new,29975000,2024,"A SPECTACULAR GRADE II LISTED HOUSE REFURBISHED AND INTERIOR DESIGNED TO A VERY HIGH STANDARD AND SPECIFICATION DIRECTLY OVERLOOKING CADOGAN PLACE GARDENS. Description This elegant Grade II listed white stucco fronted period house was built in the mid 19th century and is arranged over 6 floors plus a lower ground. It has a Doric porch with triglyph frieze, with a continuous stuccoed balcony on the first floor with stuccoed balustrade. At the rear, there is a terrace which leads directly off the first floor drawing room. There is also a garden terrace. A passenger lift located at the rear of the building serves all floors except the 5th floor. The house has been substantially refurbished to a very high standard and specification by M Design London Ltd. Please see separate specification summary at the end of these details. Location Cadogan Place runs from the junction with Sloane Street at the Jumeirah Carlton Hotel in a southerly direction to the junction with Cadogan Lane. The house is located at the southern end of the road, where these elegant stucco fronted Grade II listed houses enjoy westerly views over the communal gardens. There are an excellent range of shopping, recreational and restaurant amenities in Sloane Street, Sloane Square and the immediate vicinity. Square Footage: 7,798 sq ft",,,,substantially refurbished to a very high standard and specification
"8 bedroom detached house for sale in Avenue Road, NW8",Detached,5585,8,3,new,30000000,2024,"'A very rare Freehold mansion, nestled in a double-width garden, available for sale for the first time in 60 years.' We are privileged to introduce this unique property, which offers the fortunate buyer a rare combination of privacy and grand living, in one of London's most sophisticated leafy villages. This remarkable, freehold neo-Georgian mansion is in a delightful and convenient position on the corner of Radlett Place and Avenue Road, opposite the junction of Acacia Road and makes an impressive statement in the road. The sense of grandeur becomes apparent when considering the dimensions, which are approximately twice the width of most other properties in the road (Width: 128ft/38.8m and Depth: 139 ft/42.3m). While the site covers a total area of 0.41 acres (0.17 hectares), with Radlett Place on one side, it is therefore a substantial distance from its neighbours. ACCOMMODATION •Master Bedroom Suite (with large Dressing Room and Bathroom) •6/7 further Bedrooms with 2 Bathrooms •Drawing Room •Study •Dining Room •Kitchen/Breakfast Room •Morning room •Utility Room •Cloakroom •Double Garage The property occupies a superlative position in St John’s Wood. As one of the first leafy villages you encounter north west of Mayfair (only 10mins drive away). The property is rich with refurbishment/redevelopment potential. Extensive research has been undertaken, details of which can be provided upon request.",,,,refurbishment/redevelopment potential
"7 bedroom house for sale in Tregunter Road, Chelsea, London, SW10, United Kingdom, SW10",House,8304,7,7,new,30000000,2024,"This exceptional family home has been finished to the highest specification throughout and boasts many enviable features including an indoor swimming pool, a private walled garden designed and landscaped by the award winning Luciano Giubbillie, a spa-treatment room, a cinema and a gym. It is set back from the street behind secure gates with two parking spaces. The property unfolds over five floors with the ground floor being made up of a formal reception room which has floor to ceiling windows, rich wooden floors, classical cornicing and a contemporary fireplace. It opens onto a second reception room which has wonderful views of the verdant garden and a terrace. There is also a study, which has a Juliette balcony overlooking the garden and opens onto the terrace, and a guest W.C on this floor. The open plan lower ground floor features a kitchen, breakfast room and an interconnecting family room. The contemporary Boffi kitchen has an impressive marble breakfast bar and is fitted with Gaggenau appliances. There are also two ensuite bedrooms. The swimming pool, treatment rooms, cinema, gym and wine cellar are located in the basement. The remaining five ensuite bedrooms unfold over the first, second and third floors. There is air conditioning and underfloor heating throughout the home. Located in one of London’s most prestigious neighbourhoods, Tregunter Road is within walking distance of wonderful shops, restaurants and the world-class museums in closeby South Kensington.","an indoor swimming pool, a private walled garden, a spa-treatment room, a cinema and a gym",,,
"7 bedroom semi-detached house for sale in Tregunter Road, London, SW10",Semi-Detached,8235,7,7,new,30000000,2024,"An impressive seven bedroom Freehold family house, set back from the street, behind secure gates with off-street parking for two cars. This immaculately refurbished house is ideal for flexible and easy family living, having been thoughtfully planned and sympathetically restored to a high standard by its current owner. The property has an open plan lower ground floor with an interconnecting family room, kitchen and breakfast room, a 10 metre swimming pool, cinema and gym, a terrace at ground floor level and a stunning garden designed and landscaped by the award winning Luciano Giubbille, a Gold Medal winner at Chelsea Flower Show. The house has a stunning decked terrace accessed from both the library and the drawing room on the ground floor and a beautiful 51'5 x 35'8 garden designed by Luciano Giubbilie, a Chelsea Flower Show Gold Medal Winner, with water feature by Andrew Ewing. Tregunter Road is a prime residential address in the heart of the Boltons Conservation area, principally made up of substantial family houses, and located round the corner from The Little Boltons, The Boltons and Gilston Road. The location also affords easy access to the M4, M3 and Heathrow airport.","10 metre swimming pool, cinema and gym, a terrace at ground floor level and a stunning garden","easy access to the M4, M3 and Heathrow airport",,thoughtfully planned and sympathetically restored to a high standard
"10 bedroom detached house for sale in Merton Lane, London, N6",Detached,18238,10,9,new,32000000,2024,"An exquisite contemporary mansion in Highgate set on a superb 2 acre plot. Nestled on an enviable road in the captivating heart of Highgate, lies a remarkable contemporary mansion that surpasses all expectations. Boasting an expansive two-acre estate, this bespoke family home is a sanctuary of opulence and grandeur. Prepare to be captivated by its magnificence. As you step into the sumptuous entrance hall, a sense of luxury envelopes you. A gleaming glass lift awaits to whisk you away to any floor your heart desires. Floor-to-ceiling windows throughout the property bathe every room in a cascade of natural light, unveiling breathtaking views, leaving you in awe of the magnificence that surrounds you. Indulge in a feast for the senses as you enter the formal sitting and dining room. Be spellbound as you gaze upon the awe-inspiring grounds, an expanse of lush greenery that stretches as far as the eye can see. The room seamlessly opens into a cozy breakfast area, flowing effortlessly into a chef's dream kitchen, a culinary sanctuary where culinary delights are born. A lavish master suite awaits you on the first floor, boasting a spa-like bathroom that cocoons you in tranquility. Four additional suites, each with their own en-suite bathrooms, offer unparalleled comfort and privacy. Ascending to the top floor, a magnificent home office with panoramic views awaits, allowing you to bask in the splendor of the meticulously manicured gardens and sweeping vistas of Hampstead Heath. Venture further into this world of luxury to discover a plethora of leisure facilities designed to pamper your every whim. The swimming pool beckons, seamlessly merging with the enchanting garden, providing an oasis of relaxation. Indulge in the ultimate spa experience, complete with rejuvenating amenities. Stay fit and energized in the home gymnasium or challenge friends to a spirited game in the billiards room. Nestled within the estate lies the impressive self-contained staff lodge, an architectural masterpiece spanning over 4,400 sq ft. In addition, a private garage beckons, providing secure parking for up to four cars. Step outside and be enchanted by the landscaped masterpieces that adorn the gardens, boasting over two acres of sheer serenity. Immerse yourself in the picturesque surroundings, as you wander through this desired sanctuary. Luxury takes a swing as you take to the tennis court, perfect for refining your skills while surrounded by nature's beauty. This exceptional contemporary mansion in Highgate is a haven of sophistication and refinement. Prepare to embrace a life of unparalleled luxury, where every desire is catered to within the walls of this extraordinary oasis.","swimming pool, spa, home gymnasium, billiards room, staff lodge, private garage",,,
"8 bedroom detached house for sale in Campden Hill Place, London, W11",Detached,11803,8,8,new,30000000,2024,"This magnificent double-fronted detached family house has 7 principal bedrooms and is approached by a porticoed front door which opens to an impressive entrance hall with stone flooring and staircase. Extending to over 11,800 sqft, the house is well presented throughout and has some exceptional features. Of particular note is the double height pool, spa and media room area which is spectacular. There is also a huge kitchen/breakfast/sitting room at the rear of the ground floor which opens in to the garden at the rear. There are 6 different living areas and staff facilities are also exemplary and include a separate 1 bedroom flat and commercial kitchen with direct access to the formal dining room. The house has an off street parking space at the front of the building as well as a rear garage going in to Campden Hill Gardens accessed via the kitchen which has a stacker for 2 cars. There is also a passenger lift to all floors. Additional Information Mobile Coverage: Please look at the Ofcom website for more information Campden Hill Place is a gated and private enclave that is accessed from Holland Park Avenue. It is within easy walking distance of the various shops, restaurants and underground stations both of Notting Hill Gate and Holland Park.","double height pool, spa and media room area",underground stations both of Notting Hill Gate and Holland Park,,
"8 bedroom detached house for sale in Campden Hill Place, London, W11",Detached,11803,8,8,new,30000000,2024,"An outstanding, detached house situated in a very discreet, private gated road between Holland Park and Notting Hill Gate. Description An outstanding, detached house situated in a very discreet, private gated road between Holland Park and Notting Hill Gate. After undergoing a major reconstruction and development which was completed in 2018-2019, number 3 Campden Hill Place offers nearly 12,000 sq ft / 1,115 sq m of accommodation over five floors. The double-fronted villa is approached by a porticoed front door which opens to an impressive entrance hall with stone flooring and staircase to the upper floors. The drawing room and dining room to the front of the house are accessed off the main entrance hall which also leads in to the large open-plan kitchen and family room. This features a glazed extension which includes bi-folding doors which open directly on to the garden. There is also access to the integral garage, accessed from Campden Hill Gardens, from this family room. Of particular note is the configuration of the staff areas which have been designed to service the family accommodation very efficiently. The chef kitchen on the ground floor serves both the kitchen and dining room, but also has access to the front entrance outside for deliveries and links to the laundry room and staff studio apartment on the lower floors without the need to pass through the main house. On the first floor, the principle bedroom suite has two bathrooms and two dressing rooms along with three en-suite secondary bedrooms. The second (top) floor has three further bedrooms and three bathrooms with an informal reception / play room. The double-height ceiling in the swimming pool is spectacular and has adjoining steam, sauna, and treatment rooms along with further media and sitting rooms. The house further benefits from a passenger lift and air-conditioning throughout. The property has one off-street parking to the front of the property and has a double car-stacker within an integral garage which is accessed from Campden Hill Gardens. Location Campden Hill Place is a private cul-de-sac, behind gates, situated off the south side of Holland Park Avenue. This exclusive private road comprises just 4 detached houses. An entrance to Holland Park is within 1/3rd of a mile walking distance and it is equidistant between the amenities of both Holland Park Avenue and Notting Hill Gate. Square Footage: 11,803 sq ft",,,,major reconstruction and development which was completed in 2018-2019
"8 bedroom terraced house for sale in Wilton Crescent, London, SW1X",Terraced,9049,8,8,new,38000000,2024,"An immaculately presented Grade II listed residence situated on one of London's most prestigious crescents. Description No.4 has been comprehensively redeveloped and designed by Leconfield providing a new benchmark for quality and a rare opportunity to own one of Belgravia's finest homes. The impressive house is set among the near identical architectural form of the crescents Portland stone-faced terrace making for an imposing welcome. The property, which also includes a mews house on Kinnerton Street to the rear, has been meticulously reconstructed behind its traditional Georgian façade to provide over 9,000 sq ft of perfectly proportioned living. Location The house enjoys one of London's most premier addresses, positioned on the southwestern end of Wilton Crescent towards Motcomb Street. Comprising a sweeping terrace of Grade II listed Georgian houses, Wilton Crescent is located in the heart of Belgravia, and since its construction in 1825, has been home to many influential residents. The property is well-positioned for the world class amenities of Knightsbridge, Belgravia and Mayfair. Victoria Station is less than a mile away and the Piccadilly Line via Hyde Park Corner is approximately 0.3 miles away and Knightsbridge station is approximately 0.4 miles away. Square Footage: 9,049 sq ft",,Victoria Station is less than a mile away and the Piccadilly Line via Hyde Park Corner is approximately 0.3 miles away and Knightsbridge station is approximately 0.4 miles away,,comprehensively redeveloped and designed by Leconfield providing a new benchmark for quality
"5 bedroom house for sale in Merton Lane, Highgate, London, N6",House,13807,5,,new,32000000,2024,"Located on a sought-after road in the heart of Highgate and occupying a two-acre site, a bespoke family home with the accommodation within the main house predominantly arranged over three floors (13,807 sq. ft. / 1282.7 sq. m ) with the added benefit of a substantial, self-contained staff lodge. The luxurious entrance hall of this stunning home has a glass lift to each floor. From the impressive entrance hall, there is the formal sitting and dining room that overlooks the magnificent grounds, that opens onto the breakfast room and in turn opens onto the kitchen. On the first floor is the master suite with bathroom, four further suites each with en suite bathrooms whilst to the top floor there is a magnificent home study / office with panoramic views over the garden and Hampstead Heath beyond. The leisure facilities have been thoughtfully designed and the swimming pool opens onto the garden whilst there are full spa facilities behind. There is also a home gymnasium and billiards room. The staff lodge extends to approximately 4,400 sq ft and there is garaging below for approximately four cars. The landscaped gardens are in excess of two acres and the gardens offer a serene oasis within this sought-after location with the additional benefit of a tennis court.","swimming pool, full spa facilities, home gymnasium, billiards room",,,
"9 bedroom terraced house for sale in Buckingham Gate, SW1, SW1E",Terraced,15845,9,9,new,45000000,2024,"Stunning White Georgian Stucco Fronted 19th Century Grade II Listed House Which Has Been Painstakingly Newly Refurbished To 21st Century Modern Living Standards. Internal Floor Area Spans An Impressive 15,845 Sq Ft / 1,472 Sq M. The Internal Six Person Passenger Lift Transports You To All Floors, And This Unique Accommodation With Direct Views Overlooking Buckingham Palace And Access To 24h Concierge & Security Included. Three Ample Reception Rooms With High Ceilings Reaching 14'5"" (4.4 m), A Fully Integrated Designer Kitchen, Connected To A Separate Large Dining Area With A Dumbwaiter Lift. The Spacious Master Bedroom (Approximately 2,000 Sq Ft) With Fitted Wardrobes Covers The Entire Second Floor, And Includes A Walk-In Dressing Room And His & Hers Luxury Marble Tiled En-Suite Bathrooms. On The Third And Fourth Floors There Are A Further Six Large Bedrooms, Five With En-Suite Bathrooms.Furthermore, There Are Two Staff Double Bedrooms Located On The Lower Ground Floor, With Their Own Bathroom. Further Benefits Include A Cinema Room, A Service Kitchen / Utility Room, Two Studies, Two Private Terraces, Four Guest Cloakrooms, and An Internal Courtyard. A State Of Art Leisure Complex Is Situated On The Basement Floor, And Comprises A Large Gymnasium, A 10 Meters Swimming Pool, A Sauna and A Massage / Treatment Room.Air Conditioning, Underfloor Heating, Digital Home Automation System.Residents Permit Parking In Front Of The Property, plus Secure Internal Garage Facility. Tenure - Freehold Length of lease - Freehold Annual ground rent amount Ground rent review period - 10 Years Annual service charge amount (£) - Service charge review period - Yearly Council tax band - H - Westminster",,,,
"6 bedroom property for sale in Belgravia Gate, Grosvenor Crescent, Belgravia, London, SW1X",Not Specified,7626,6,7,new,43700000,2024,"A 2nd-floor lateral apartment providing grand entertaining space and 6-bedrooms. Located on the second floor of Belgravia Gate on Grosvenor Crescent the apartment forms part of five, Grade II listed buildings that have been comprehensively redeveloped to provide 12 beautifully crafted residences in this prestigious Belgravia address. The apartment has been exquisitely designed by internationally renowned, New York-based designers Thomas Juul-Hansen. A sophisticated palette of natural tones and materials of the very highest quality has been chosen in order to maximize the magnificent proportions. This apartment has nine large sash windows facing Grosvenor Crescent providing exceptional entertaining and living accommodation with ceiling heights in excess of 3m. Belgravia Gate features a comprehensive suite of five-star amenities. - Belgravia Gate benefits from a truly world-class location and is one the most desirable addresses in Europe surrounded by the very best London has to offer from Michelin-starred restaurants, luxury hotels, and flagship stores, to Royal Parks and numerous cultural sites. The apartment has been exquisitely designed by internationally renowned, New York-based designers Thomas Juul-Hansen. A sophisticated palette of natural tones and materials of the very highest quality has been chosen in order to maximize the magnificent proportions. This apartment has 9 large sash windows facing Grosvenor Crescent providing exceptional entertaining and living accommodation with ceiling heights in excess of 3m. Belgravia Gate features a comprehensive suite of amenities with outstanding interior and architectural design. • 24-hour doorman and concierge • Private reception lobby • Luxurious spa and swimming pool • Treatment and massage rooms • Gymnasium and personal training facilities • Business centre • Private meeting rooms • Temperature-controlled wine cellars • Chef's kitchen • Secure underground car parking with a lift direct to the apartment Complete and ready for immediate occupation. *Property is unfurnished Additional Information Mobile Coverage: Please look at the Ofcom website for more information Belgravia Gate benefits from a truly world-class location and is one of the most desirable addresses in Europe. Surrounded by the very best London has to offer from Michelin-starred restaurants, luxury hotels and flagship stores, to Royal Parks and numerous cultural sites",24-hour doorman and concierge … Luxurious spa and swimming pool … Gymnasium and personal training facilities … Business centre … Private meeting rooms … Temperature-controlled wine cellars … Chef's kitchen … Secure underground car parking with a lift direct to the apartment,,,comprehensively redeveloped
"4 bedroom apartment for sale in 22 Hanover Square, London, W1S 1JA, W1S",Apartment,3057,4,,new,42217600,2024,"The Residences at the Mandarin Oriental offers a blend of modern elegance and comfort in one of London's most dynamic locales. Eye-catching, modern and stylish, this apartment benefits from a wide range of amenities and services including in- residence dining and Michelin- starred cuisine by Chef Akira Back, round-the-clock concierge, housekeeping, valet parking, and a luxurious spa managed by our dedicated in-house Residences Team. The Mandarin Oriental Hotel group is renowned for its exceptional service standards, offering residents personalised experiences that surpass those of any other hotel brand. Located within Hanover Square, The Residences are within moments of London's finest retail destinations, from flagship luxury boutiques to Savile Row tailors, and numerous notable private member clubs and restaurants. Names such as the Ritz, Selfridges, Liberty, Nobu, Royal Opera House and The British Museum are all within walking distance. -Bond Street - 1 minute walk -Regent Street - 1 minute walk",luxurious spa managed by our dedicated in-house Residences Team,,,
"7 bedroom town house for sale in Whistler Square, London, SW1W",Town House,13067,7,8,new,47000000,2024,"A Stunning freehold house of 13,067 square feet within the iconic Chelsea Barracks development. Arranged across seven floors, with a total area of 13,067 sq. ft. (1,214 sq. m.) this beautiful seven-bedroom residence is unrivalled in scale. With a generous width of 10 metres, in comparison to the traditional 6 metres of old, rooms are as broad as they are deep offering exceptional space to entertain or enjoy as a family. Beyond the elegant proportions and extravagant spaces, 6 Whistler Square encompasses the necessities and luxuries of modern living on a scale almost unprecedented for a London home. Unwind in the private spa, with a swimming pool, steam and sauna, workout in the gym, take the family to the movies in the home cinema or enjoy your personal collection from the wine room with guests on the roof terrace. As part of the Estate, access to the world-class amenity offering within Chelsea Barracks is included comprising of a Spa, fully equipped gym, business suite with two boardrooms, residents lounge, cinema, billiards room, 24-hour concierge, lifestyle, and security services. * Private garden * Separate double-height Mews * Private gym and spa with 12m pool * Roof terrace & balcony * Private double-garage * 24-hour Concierge * Access to Estate amenities Tenure - Freehold Asking Price - £47,000,000","private spa, with a swimming pool, steam and sauna, workout in the gym, take the family to the movies in the home cinema or enjoy your personal collection from the wine room with guests on the roof terrace",,,
"6 bedroom house for sale in Whistler Square, Chelsea Barracks, London, SW1W, United Kingdom, SW1W",House,13067,6,6,new,47000000,2024,"Thoughtfully designed, the house is in a historic location yet utterly modern and chic. Inspired by the Georgian townhouses that line the streets of Chelsea, this house has elegant finishes and grand proportions. Set on Whistler Square overlooking a contemporary water feature and blossom-laden trees, it is exceptionally tranquil yet in the heart of London. Arranged across a vast 13,067 sq. ft and six floors, the house has formal and informal reception rooms, perfect for entertaining on a grand scale and nights in with the family alike. These rooms are 30ft wide, compared to the traditional 19 ft. Wooden parquet flooring seamlessly complements the natural stone entrance hall, setting the stage for an impressive Halstock kitchen, featuring integrated appliances from Sub-Zero and Wolf. The entire second floor is devoted to the master suite with a grand bedroom, an expansive dressing room with custom joinery inset with leather panels, lined drawers, and integrated lighting, and a bathroom with bookmatched marble walls, a shower enclosure, and a free-standing bath. Each additional bedroom includes its own en suite bathroom, finished with premium natural stone, hand-polished brassware by Samuel Heath, and vanities topped with natural stone. On the lower-ground floor, there is a spa, with swimming pool, steam and sauna as well as a gym. A cinema room complements a wine room and a beautiful roof terrace crowns the house. A private, calm outdoor space, connected to the kitchen and dining area of the main house. The landscaped garden, with tiered terraces paved with natural stone, provides flexible spaces surrounded by raised planters; creating the perfect setting for outdoor entertaining or al fresco dining. Chelsea Barracks boast impeccable finishes, unrivalled security and utmost discretion, all in easy reach of the cosmopolitan allure of London. The estate unfolds over nearly 13 acres, dotted with beautiful garden squares. The on-site members club, The Garrison, features one of London’s most opulent private spas, as well as an elegant 16-seat cinema, exclusively for the use of residents. London’s best shopping and restaurants are on the development’s doorstep, which is next to The King’s Road and Sloane Street. Hyde Park and Kensington Gardens are both nearby, as are fantastic travel links; Victoria Station runs National Rail Services, and London Underground runs from Victoria, Sloane Square and, a short walk across the river, Battersea Park.","spa, with swimming pool, steam and sauna as well as a gym","Victoria Station runs National Rail Services, and London Underground runs from Victoria, Sloane Square and, a short walk across the river, Battersea Park",,
"8 bedroom end of terrace house for sale in Balfour Place, Mayfair, London, W1K",End of Terrace,9727,8,4,new,49500000,2024,"A grand double fronted townhouse in the heart of the Mayfair Village, Balfour House is arguably the best house in Mayfair. With beautiful proportioned accommodation, triple aspect windows to the south, east and west, a lift to every floor and large roof terrace, the house retains the feel of a comfortable family home whilst being totally unique. This exceptional townhouse, arguably the finest in Mayfair, occupies a prime position within the prestigious Mayfair Village, and offers beautifully-proportioned living spaces that retain the warmth and charm of a true family home. Having undergone an extensive redevelopment, the property features four formal reception rooms – a sitting room, dining room, drawing room, and study– spread across the ground and first floors. The dining room has French doors that open onto a private garden, while the top floor is a spacious 200-square-foot open-plan family room. On the upper floors, all accessible by a generous lift, the principal bedroom located on the second floor, is a luxurious private suite complete with a dressing room, and beautifully designed his and hers octagonal bathrooms. The third and fourth floors each house two bedroom suites, all with dual aspects, a feature shared by all the principal rooms in the house. The kitchen, situated below the ground-floor dining room, includes a rear staircase that leads to a servery kitchen next to the dining room. The rest of the lower ground floor is dedicated to a self-contained staff flat, with one bedroom and bathroom, sitting room, a utility room, and additional storage space. The best part of the house is saved to last with a 525 sq ft roof terrace with a 360º view of the London skyline. Nestled in a tranquil and highly sought-after enclave, equidistant from Hyde Park and Grosvenor Square, the residence is just 100 yards from the serene gardens of Mount Street and the hustle and bustle of Harrys bar and George Club.",,,,extensive redevelopment
"10 bedroom terraced house for sale in Portland Place, Marylebone, W1B",Terraced,20987,10,10,new,65000000,2024,"Built in 1775 by Robert Adam, the residence has recently been reimagined for 21st century living by MSMR Architects and celebrated interior and architecture studio 1508 London to provide a new benchmark of quality and classic contemporary style. The Grade II* Listed No.33 Portland Place has had an extraordinary history spanning almost 250 years. It has been the home of a long list of notable former residents, as well as being host to famous names, royalty, and celebrities over the centuries. Creating a classic, timeless and assured look that goes beyond dates and trends, and can take the building into another century of living, providing a home for memories and stories, and spaces for everyone to live in - for intimate family moments, and for grand entertaining gestures. Balancing the exquisite detailing of the interior architecture with carefully selected pieces, materials, forms and texture. The design and detailing of specially designed fitted joinery, selected marbles and stones, hand painted wallpapers, artisanal and crafted feature chandeliers, furniture and fabrics all come together to create harmonious spaces. Please note, we have not yet received confirmation from the client regarding certain information for this property. You should ensure you make your own enquiries regarding material information about this property. Additional Information Mobile Coverage: Please look at the Ofcom website for more information Located on an unusually wide boulevard, 33 Portland Place offers a grandeur and spaciousness rare in the city of London. In the heart of it all, the residence boasts the best of both worlds, with the verdant expanse of Regent's Park and the world-class dining and unparalleled shopping of the West End just a stone's throw away. Also within a short walk is the sought-after Marylebone High Street, famed for its boutique stores, artisanal cafes, and timeless charm. This coveted address allows you to enjoy and be a part of the very best that London has to offer.",,Mobile Coverage: Please look at the Ofcom website for more information,,recently been reimagined for 21st century living
"5 bedroom penthouse for sale in The Knightsbridge Apartments, 199 Knightsbridge, London, SW7",Penthouse,9437,5,5,new,80000000,2024,"A once in a lifetime opportunity to own one of the most extraordinary properties in London. A Penthouse measuring approximately 9,500 sq.ft. with panoramic views across London. Featuring a private terrace with its own swimming pool. Situated within The Knightsbridge Apartments. London’s most exclusive development, offering the epitome of luxury living with first class security and leisure facilities.",first class security and leisure facilities,,,
"6 bedroom terraced house for sale in Bedford Gardens, Kensington, London, W8",Terraced,8756,6,,new,21500000,2024,"A stunning and most beuatifully refurbished 6/7 bedroom family house, that is unique in so many ways. The house is wide, semi detached and low built, and has the advantage of owning the house behind, on Campden Street, which offers a large garage and additional accomodation above. Bedford Gardens is one of Kensington's nicest and prettiest streets, which runs between Kensington Church Street and Campden Hill Road, and therefore being so close to both Kensington Gardens and Holland Park.",,,,most beuatifully refurbished
"3 bedroom apartment for sale in Residence 2.01, The OWO Residences By Raffles, Whitehall, London, SW1A",Apartment,2935,3,3,new,19950000,2024,"This remarkable and utterly unique three bedroom apartment has been beautifully interior designed throughout by Angel O'Donnell and is being exclusively listed by Savills. Description This exceptional property is one of the 85 totally unique residences in the Old War Office. "" ""Restrained refinement"" was our guiding principle; blending warm neutrals with soft textures, and sculptural forms with welcoming silhouettes. To this we added expressive paintings, hand-thrown ceramics, and an abundance of bespoke furniture and cabinetry, all designed inhouse and handcrafted by British artisans. This is a feel-good home that celebrates craftsmanship, creativity and comfort; a sensory sanctuary that compels you to inspect artwork, touch surfaces and nestle into soft furnishings."" - Award winning interior designer, Angel O'Donnell Location The OWO occupies a privileged position on Whitehall, at the eastern edge of St James’s. Strolling its broad pavements is to experience days of old; a throwback to London’s regency grandeur. It is home to some of the city’s most established specialist shops, well-versed in serving royalty, alongside venerable institutions: from Christie’s and the Royal Academy, to innumerable members’ clubs. Today, the old guard is joined by a new generation of restaurants, boutiques, galleries and clubs, from White Cube to the cutting-edge Dover Street Market. This is one of the world’s few great places that remain untouched by generic luxury. It is all the more precious for it. Square Footage: 2,935 sq ft Leasehold with approximately 243 years remaining. Directions 0.3mile walk from Embankment Underground Station Additional Info Council Tax: To be determined by the local authority EPC: To be confirmed on completion",,0.3mile walk from Embankment Underground Station,,
"6 bedroom town house for sale in Bourdon Street, Mayfair, W1K",Town House,5788,6,7,price_reduced,18250000,2024,"This spectacular five-bedroom home is located in the heart of Mayfair and has been recently renovated with exceptional finishings throughout. Bourdon Street presents expansive contemporary interiors including an impressive open-plan kitchen and dining area overlooked by a large mezzanine drawing-room. The principal bedroom comprises a walk-in wardrobe, ensuite bathroom, and private reception room. There are a further four guest bedrooms, three with ensuite bathrooms, and two staff studio apartments. The home provides state-of-the-art amenities including an indoor swimming pool, gym, steam room, and lift access throughout. Additionally, the home features an integrated garage and a chef's kitchen.","state-of-the-art amenities including an indoor swimming pool, gym, steam room, and lift access throughout",,,recently renovated with exceptional finishings throughout
"6 bedroom house for sale in Bourdon Street, Mayfair, London, W1K",House,5780,6,6,price_reduced,18250000,2024,"This stunning house was once occupied by famous 1960s fashion photographer, Terence Donovan, and has recently undergone extensive redevelopment, making it one of the most unique houses in Mayfair. The property measures over 5,500 Sqft and is arranged over four floors with a beautiful glass lift within a light filled atrium. Upon entering the house at ground level, one is met with a breathtaking double height living and dining space. The dining area has a ceiling height of 5.5 metres, with a full height marble fire-place feature wall towering over the ground floor reception room area. The ultra-modern, sleek kitchen has integrated Gaggenau appliances and a large marble breakfast bar ideal for more casual dining. For the larger dinner parties there is a fully kitted-out chef's kitchen attached to the garage for private fine dining experiences from the comfort of one's own home. The lower ground floor of this beautiful home offers a private spa experience, with a steam room, 10 metre indoor swimming pool and a gym. The swimming pool has a stunning glass wall looking through to the gym, with skylights looking up into the ground floor living space. Overlooking the ground floor living and dining space there is a sizable drawing room on a Mezzanine. The property also features a large and luxurious principal bedroom with en suite bathroom, as well as an impressive dressing area with extensive wardrobe space. There are a further five bedrooms, with four boasting beautifully lavish en suites. A staff studio room can be found, self-contained on the first floor of the house. Bourdon Street is bound in history as one of Mayfair's most prestigious addresses. Berkeley Square is located at the south side of Bourdon Street where one can find exclusive private members' clubs such as Annabel's, and famous restaurants such as Sexy Fish. Bourdon Street is also just moments from the designer retailers along Old Bond Street. Mount Street is close by, offering an array of designer retailers, restaurants, and The Connaught hotel.","private spa experience, with a steam room, 10 metre indoor swimming pool and a gym",,,recently undergone extensive redevelopment
"14 bedroom terraced house for sale in Lexham Gardens, Kensington, W8",Terraced,12575,14,20,new,18500000,2024,"A stunning, substantial property comprising two cross converted white stucco fronted freehold terraced houses made up of 14 self contained apartments. The apartments are arranged over garden, ground and five upper floors, totalling 11,238 ft 2 net internal area. Apartments 1-4 located on the ground and garden floors have been recently refurbished to a high standard. The remaining apartments are in a good rental condition & all apartments are let on ASTs or contractual tenancies, making this an attractive investment opportunity. The building benefits from a lift as well as a double width 80ft south facing gardens, which is shared by duplex flats 3 and 4, in addition to their own private terraces. Selling your property in Lexham Gardens? Trying to find your perfect home to buy? Register with Chestertons Kensington to get the full picture from the experts in the Kensington market. Our China Desk is here for you, if Chinese is your preferred language, please get in touch via WeChat ( Chestertons-NHsales )",,,,recently refurbished
"5 bedroom flat for sale in Princes Gate, London, SW7",Flat,6640,5,6,new,18500000,2024,"A grand and imposing stucco fronted London home available to the market for the first time in near 50 years. Set across three floors with five bedrooms, six bathrooms, ample entertaining space, and totalling over 6,600 sq ft. The ground floor offers a palatial reception room with high ceilings, beautiful ceiling detail, wall panelling, oak parquet flooring, centrepiece fireplace, hanging chandeliers, and near floor to ceiling windows and doors leading to the east-facing garden overlooking Princes Gardens. The principal bedroom suite, complete with marble en-suite and oak dressing room, additional reception room, and mezzanine study, complete this floor. Downstairs there is a bespoke kitchen, decadent dining room with space to entertain a plethora of guests, and more reception rooms, including a breakfast room with ample natural light. There are four bedrooms on this floor, two with dressing rooms and en-suite bathrooms, and more office and study space. A feature staircase leads to the entertainment floor with wine room, cinema room, swimming pool, and spa. The property is fully air-conditioned, benefits from a 24-hour concierge, and is for sale with a long leasehold. Situation One of London’s most prestigious areas bordered to the north by Hyde Park, to the south by Chelsea, with Belgravia sitting east and Kensington west. Princes Gate was opened in the mid-19th century and takes a prominent position by Imperial College, a short stroll from many of the capital’s museums and some world renowned shopping attractions to include Harrods. Hyde Park and Kensington Gardens are within 0.4 miles, offering ample green open space, and transport links are plentiful via South Kensington and Knightsbridge Underground Stations.","palatial reception room with high ceilings, beautiful ceiling detail, wall panelling, oak parquet flooring, centrepiece fireplace, hanging chandeliers, and near floor to ceiling windows and doors leading to the east-facing garden overlooking Princes Gardens",transport links are plentiful via South Kensington and Knightsbridge Underground Stations,,
"29 bedroom house for sale in Somerset Court, Lexham Gardens, London, W8",House,11238,29,19,new,18500000,2024,"An exceptional opportunity comprising two cross-converted white stucco-fronted freehold terraced houses made up of 14 self-contained apartments across 11,238 sq ft. The apartments are arranged over garden, ground and five upper floors, totalling 11,238 sqft. Apartments 1-4 located on the ground and garden floor have been recently refurbished to a high standard. The building benefits from a lift as well as a double width 80ft south facing garden, which is shared by duplex flats 3 and 4, in addition to their own private terraces. All apartments qualify for Royal Borough of Kensington and Chelsea parking permits. Outside 80ft Garden to the rear Situation Somerset Court is located in the heart of Kensington, one of London's most sought-after areas. This prime location offers a short walk to both High Street Kensington and Gloucester Road Underground stations, providing excellent transport links across the city via the Circle, District, and Piccadilly lines. The property also enjoys close proximity to an array of top-tier restaurants, boutiques, and bars in Kensington, Knightsbridge, and Chelsea. Nearby cultural landmarks, such as the Natural History Museum and Kensington Gardens, enhance the allure of this prestigious location. Additional Information Tenure: Freehold Local Authority: Royal Borough of Kensington and Chelsea.",,High Street Kensington and Gloucester Road Underground stations,,recently refurbished
"4 bedroom apartment for sale in The OWO, Whitehall, London, SW1A",Apartment,3329,4,5,new,18500000,2024,"Formerly the site of The Old War Office, this unique opportunity allows you to own a luxurious four-bedroom lateral apartment within The OWO, a prestigious residence by Raffles. Situated on the third floor, this exquisite apartment boasts 3,329 square feet of opulent living space. - The OWO is a landmark Grade II*-listed Edwardian baroque building situated in the heart of London on Whitehall and opposite Horse Guards. Formerly home to the Ministry of Defence, the building was once the office of great statesmen such as Winston Churchill and Lord Haldane and was the inspiration for writer Ian Fleming for his James Bond 007 spy stories. The OWO is being meticulously brought back to life to create a new destination for central London, moments from the Royal Park of St. James's, Buckingham Palace, Westminster Abbey, Houses of Parliament, and Downing Street, all of which are a short walk away. 1-5 bedroom residences available - THE OLD WAR OFFICE Originally built from 1886 – 1906 for the Ministry of Defence this Grade II*listed Edwardian masterpiece in the Baroque style has undergone a forensic restoration costing £1.4bn and now provides for 85 private residences serviced by a 120 room 5 star Raffles hotel and 12 bars and restaurants. Constructed from 25 million bricks and 26,000 tons of stone and covering some 71,000 sqm in size the scale of ambition by the owners the Hinduja Group is formidable. Nestled in the heart of Whitehall, these hallowed halls once hosted luminaries like Winston Churchill, Lord Haldane, and T. E. Lawrence. They also played a role in the creation of the legendary James Bond, thanks to Ian Fleming's inspiration - a rich history that is truly unparalleled. Over eight years, an exceptional team of designers, architects, and visionaries, including 1508 London, EPR Architects, Thierry Despont, Marcus Barnett, and Goddard Littlefair, meticulously poured their hearts and souls into breathing new life into this historic edifice, ensuring no detail was left unattended. Today, the Old War Office stands open to the public for the first time since its inception. Knight Frank is honoured to represent our esteemed client, The Hinduja Group, in marketing the 85 unique apartments within this architectural masterpiece. The level of attention to detail, and captivating history of The OWO make it a truly exceptional destination, unlike any other in the capital. - AMENITIES Unrivaled amenities at The OWO include: • 120-key Raffles Hotel – the first in the UK • Collection of 11 restaurants and bars • 85 Raffles Branded Residences (up to 5 bedrooms) • Unique features to each residence including ceiling heights from 3m – 4.4m • 30,000 sq ft of dedicated residents-only amenity spaces • Private landscaped Residents' garden • 20m swimming and separate vitality pool • 24-hour security and concierge • Valet, secure underground parking and storage units • All residences serviced and managed by the Raffles team • Exclusive membership of Raffles Diamond Club - RAFFLES LONDON HOTEL Raffles London is located in what was the Old War Office building, known today as The OWO. It was once home to legends such as Sir Winston Churchill and Lord Haldane. Ian Fleming, creator of James Bond, was a regular visitor to the building and many scenes from the 007 movies have been filmed on location here. This building's history is associated with spies and espionage as MI5 and MI6 had operations here during the 20th century. Located in the heart of Whitehall, it has been meticulously restored and is now home to Raffles London at The OWO - an Epic Stage for Modern Tastemakers. We extend a warm invitation to all to experience the allure of The OWO. Whether you plan to visit the hotel, dine at one of the remarkable restaurants, or simply soak in the ambiance of the bars, you are in for an unforgettable experience. Additional Information Mobile Coverage: Please look at the Ofcom website for more informati The OWO is perfectly positioned in the heart of London on Whitehall, opposite Horse Guards and moments from iconic landmarks such as St. James's Park, Buckingham Palace, Westminster Abbey, Houses of Parliament, and Downing Street.",,,,
"5 bedroom apartment for sale in Princes Gate, SW7",Apartment,7187,5,,new,18500000,2024,"London House are delighted to offer this spectacular triplex apartment in a white stucco fronted building in the heart of South Kensington. Spanning over three floors and covering over 6,600 square feet, this property boasts five bedrooms, six bathrooms, and generous entertaining spaces. The ground floor features a grand reception room with nearly 5-meter-high ceilings, exquisite ceiling details, wall paneling, oak parquet flooring, a central fireplace, hanging chandeliers, and nearly floor-to-ceiling windows and doors that open to the east-facing garden with views of Princes Gardens. The property has two kitchens which has both been kitted out with Gaggenau applicances and a dumbwaiter for access to the floor above. The apartment boasts four bedrooms, two of which have dressing rooms and en-suite bathrooms, along with additional office and study space. A distinctive staircase ascends to the entertainment level, which features a wine room, cinema room, swimming pool, and spa. The property is fully air-conditioned and comes with the services of a full-time caretaker. The main bedroom suite, featuring a marble en-suite and an oak dressing room, an additional reception room, and a mezzanine study. Princes Gate is in a fabulous location, just a short walk from all the outstanding amenities Knightsbridge has to offer, vast array of Michelin star restaurants, fine cafes, designer boutiques and Harrods International department store. Approximately one minute walk to Hyde Park.","wine room, cinema room, swimming pool, and spa",,,
"3 bedroom apartment for sale in 22 Hanover Square, London, W1S 1JA, W1S",Apartment,1663,3,,new,18823200,2024,"The Residences at the Mandarin Oriental offers a blend of modern elegance and comfort in one of London's most dynamic locales. Eye-catching, modern and stylish, this apartment benefits from a wide range of amenities and services including in- residence dining and Michelin- starred cuisine by Chef Akira Back, round-the-clock concierge, housekeeping, valet parking, and a luxurious spa managed by our dedicated in-house Residences Team. The Mandarin Oriental Hotel group is renowned for its exceptional service standards, offering residents personalised experiences that surpass those of any other hotel brand. Located within Hanover Square, The Residences are within moments of London's finest retail destinations, from flagship luxury boutiques to Savile Row tailors, and numerous notable private member clubs and restaurants. Names such as the Ritz, Selfridges, Liberty, Nobu, Royal Opera House and The British Museum are all within walking distance. -Bond Street - 1 minute walk -Regent Street - 1 minute walk",luxurious spa managed by our dedicated in-house Residences Team,,,
"5 bedroom house for sale in Herbert Crescent, Knightsbridge, London, SW1X",House,4639,5,7,price_reduced,18800000,2024,"This extensively remodeled and meticulously designed five-bedroom residence, boasting an internal elevator, is located in one of Knightsbridge's most prestigious addresses. Spanning six floors, this property offers a generous internal space of 4,638 square feet (431 square meters). The renovation involved using only the finest bespoke materials for fixtures and fittings, such as top-tier marble tiling, solid engineered wood flooring, and plush Sylka carpets in the bedrooms. The entire house is equipped with cutting-edge digital home automation, Lutron lighting, integrated air conditioning, and underfloor heating in every room. It features expertly crafted bespoke joinery, high-quality mirrored TVs, and aqua TVs in the bathrooms. The custom-designed washrooms include heated, touchless toilets with bidets. The outdoor space is transformed into a serene oasis with newly added water features and living walls on the terrace. Additional amenities include an indoor swimming pool, a well-equipped gymnasium, a terrace, a patio garden, a study/office, two reception rooms, two dining areas, a kitchen, a utility room, a pantry, five bedrooms, four en-suite bathrooms, one separate bathroom, and two more washrooms. Residents also have exclusive access to the Hans Place garden. The property is conveniently located just minutes away from Harrods and Sloane Street. The house is offered fully furnished.","an internal elevator, cutting-edge digital home automation, Lutron lighting, integrated air conditioning, and underfloor heating in every room",just minutes away from Harrods and Sloane Street,,extensively remodeled and meticulously designed
"2 bedroom apartment for sale in 22 Hanover Square, London, W1S 1JA, W1S",Apartment,1151,2,,new,18823200,2024,"The Residences at the Mandarin Oriental offers a blend of modern elegance and comfort in one of London's most dynamic locales. Eye-catching, modern and stylish, this apartment benefits from a wide range of amenities and services including in- residence dining and Michelin- starred cuisine by Chef Akira Back, round-the-clock concierge, housekeeping, valet parking, and a luxurious spa managed by our dedicated in-house Residences Team. The Mandarin Oriental Hotel group is renowned for its exceptional service standards, offering residents personalised experiences that surpass those of any other hotel brand. Located within Hanover Square, The Residences are within moments of London's finest retail destinations, from flagship luxury boutiques to Savile Row tailors, and numerous notable private member clubs and restaurants. Names such as the Ritz, Selfridges, Liberty, Nobu, Royal Opera House and The British Museum are all within walking distance. -Bond Street - 1 minute walk -Regent Street - 1 minute walk",luxurious spa managed by our dedicated in-house Residences Team,,,
"7 bedroom terraced house for sale in Hanover Terrace, Regent's Park, NW1",Terraced,6103,7,6,price_reduced,18950000,2024,"Set over five floors Hanover Terrace offers generous living accommodation including multiple reception rooms over the lower ground, ground and first floor and four/five bedrooms located on the second and third floors. The mews house can be accessed via the garden and comprises a reception room, kitchen, bedroom and shower room with an integrated garage. This exceptional house offers a wealth of period features including high ceilings and intricate cornicing as well as many modern amenities including a home entertainment system. The house also includes a gym and sauna located on the lower ground floor.","home entertainment system, gym and sauna",,,
"7 bedroom house for sale in Hanover Terrace, Regents Park, NW1",House,5027,7,6,new,18950000,2024,"Magnificent seven bedroom terrace family home arranged over five floors directly opposite the lakes of Regent`s Park. The house is presented in immaculate condition, benefitting from the latest security and home entertainment system centrally managed from an iPad. This house comprises of three gorgeous reception rooms, eat-in kitchen, and conservatory. Ideal for formal entertaining as well as everyday family life. All bedrooms have excellent storage and wardrobe space throughout. The master suite has an en-suite bathroom and two dressing areas. Furthermore the house benefits from a gym, sauna and a separate mews house with garage and a self-contained one bedroom flat. Located moments away from the open green spaces of Regent`s Park and within easy distance to Marylebone Village, Regent`s Park / Baker Street Underground Stations (Bakerloo, Central, Hammersmith & City, Jubilee and Metropolitan Lines), as well as the comprehensive shopping facilities of the West End. Notice Please note we have not tested any apparatus, fixtures, fittings, or services. Interested parties must undertake their own investigation into the working order of these items. All measurements are approximate and photographs provided for guidance only.",,"Regent`s Park / Baker Street Underground Stations (Bakerloo, Central, Hammersmith & City, Jubilee and Metropolitan Lines), as well as the comprehensive shopping facilities of the West End",,
"7 bedroom detached house for sale in Heath Drive, London, NW3",Detached,9327,7,7,new,18950000,2024,"Discover an exceptional, Grade II Listed family home, beautifully reimagined for modern living while retaining its timeless heritage. Originally built by the esteemed C.H.B. Quennell, this magnificent property sits behind a gated carriage driveway with a garage, exuding elegance and grandeur. This impeccably restored family home blends exquisite period details—such as restored fireplaces and high ceilings with contemporary comforts, offering spacious, light-filled rooms and a seamless turnkey opportunity. The vast, manicured 115 foot south-facing garden is designed for both relaxation and entertaining, featuring an alfresco dining area, outdoor fireplace, and a charming studio with its own kitchenette and en-suite. The ground floor presents a selection of beautifully appointed spaces perfect for entertaining. A bespoke, state-of-the-art kitchen, complete with Miele appliances, overlooks the landscaped garden. Additional amenities include a cinema room, utility/boot room, secondary service kitchen, two guest WCs, and direct garage access with a convenient dog-wash station. A wellness oasis awaits on the floor below, boasting a 12.5m indoor pool, holistic wellness lounge, gym, sauna, treatment room, changing facilities and a wine store. Upstairs, the first floor hosts an opulent principal suite with a private lobby, luxurious en-suite and expansive dressing room. There are two further en-suite bedrooms and an additional versatile space, currently a playroom/study, complete this level. On the second floor, four more well-appointed bedrooms (two en-suite), a family bathroom and a convenient kitchenette/utility room offer abundant living space. Additional highlights include a lift servicing the basement, ground and first floors, air-conditioning in all bedrooms, select living spaces and leisure facilities, underfloor heating throughout the bathrooms, basement, kitchen and dining room and a sophisticated security system complete with monitored CCTV and monitored alarm, CAT 6 connectivity, 1GB Fibre Internet and Sonos sound system. This beautiful home is a rare offering — a perfect fusion of luxury, heritage and modern convenience - fully turnkey and ready for anyone looking to move in straight away. Please use the reference 414867 when contacting us.","cinema room, utility/boot room, secondary service kitchen, two guest WCs, direct garage access with a convenient dog-wash station, a wellness oasis awaits on the floor below, boasting a 12.5m indoor pool, holistic wellness lounge, gym, sauna, treatment room, changing facilities and a wine store",,,fully turnkey and ready for anyone looking to move in straight away
"7 bedroom terraced house for sale in Hanover Terrace, London, NW1",Terraced,6103,7,6,price_reduced,18950000,2024,"Perfectly located in one of Regent's Parks' most sought-after Nash Terraces, is this stunning Grade I listed house, complete with uninterrupted views across Regent's Park and the boating lake. Offering circa 6,103 sq ft of internal space, including a separate mews house, this spectacular seven bedroom family home has recently undergone a beautiful restoration to make it ideal for family living and entertaining. With a south-west facing garden, this magnificent house comes to life during the spring and summer months. All bedrooms have excellent storage and wardrobe space throughout. Furthermore, the house benefits from a gym, sauna, a separate self contained mews house with a garage and two bedrooms. Additional Information Mobile Coverage: Please look at the Ofcom website for more information Hanover Terrace is on the western side of Regent's Parks outer circle, between Hanover Gate and The London Business School. Regent's Park itself offers a wide range of recreational facilities, including the Zoological Gardens, the open-air theatre, Queen Mary's Gardens, the boating lake, and tennis courts. The nearest Underground Station is Baker Street (Circle & District, Metropolitan, Jubilee, Bakerloo, and Hammersmith & City Lines), which is approximately 800 meters walk. All distances are approximate.",,"Baker Street (Circle & District, Metropolitan, Jubilee, Bakerloo, and Hammersmith & City Lines)",The London Business School,recently undergone a beautiful restoration
"7 bedroom house for sale in Hanover Terrace, Regent's Park, London, NW1, United Kingdom, NW1",House,6103,7,7,price_reduced,18950000,2024,"United Kingdom Sotheby’s International Realty is thrilled to present this wonderful house on Hanover Terrace. Nestled discreetly in one of Regent's Park's most sought-after terraces, this seven-bedroom Grade I listed house unfolds over 6,103 sq ft, including a separate mews house. Recently restored, it blends timeless elegance with contemporary comfort, creating a harmonious home for living and entertaining. The enchanting southwest-facing garden flourishes in spring and summer, while each bedroom has plenty of storage and is exceptionally light. Additionally, there is also a private gym and sauna. A separate mews house has a self-contained two-bedroom apartment, perfect for guests, staff, or even a home office, as well as a garage for two cars Overlooking Regent’s Park, the house is in one of the best spots in London. Verdant views are framed by sash windows at the back of the house. The house is close to everything one could want from a central London address, including the capital’s best restaurants and shops, not to mention the park. Transport links are excellent with nearby access to Marylebone and Baker Street stations for trains and the Underground.",,nearby access to Marylebone and Baker Street stations for trains and the Underground,,Recently restored
"6 bedroom detached house for sale in Courtenay Avenue, N6",Detached,9858,6,3,new,19500000,2024,"A rare opportunity to purchase a magnificent freehold plot/property in the N6, where planning consent (via an appeal) has been granted for the redevelopment (behind the existing façade) of a super mansion. This house for sale in the N6 area is situated on a unique double-width plot of circa 1 acre (4,050m²), one of the largest plots in this coveted location, and provides an opportunity, with planning consent, for a buyer to create an impressive new home of approx. 19,000 ft² (1,765m²), behind the façade currently. The 24hr security at the top of the road is a very attractive facility for residents, and the location of Kenwood and Highgate Golf Course at each extreme of the road adds a huge, semi-rural leafy amenity to what otherwise is an urban location. Courtenay Avenue is nestled between the medieval villages of Highgate and Hampstead and is within walking distance of Highgate School, which is one of the greatest private learning institutions in the capital.",,,Highgate School,
"4 bedroom apartment for sale in The Bryanston, Hyde Park, 55 Bryanston Street, Marylebone, London, W1H 7BZ, W1H",Apartment,2923,4,4,new,19000000,2024,"Located on the 11th floor, this spacious three-bedroom plus study apartment offers 2,923 sq ft of luxury living and boasts panoramic views overlooking Royal Hyde Park and the City. The most emblematic furniture has been selected, commissioned from British talent made exclusively for the apartment by David Collins Studio to provide bespoke pieces. Space is the ultimate city luxury and this apartment features unusually generously proportioned 3m high ceilings. - Designed by world-renowned architect, The Bryanston, Hyde Park is a collection of just 54 residences, enjoying a prominent location and extraordinary views. It is composed of two elements: the podium, with its gracefully tiered terraces, and the tower, which stretches to 18 storeys and provides 360° cityscape views into Hyde Park and the City. - The Bryanston nestles between three Royal Parks and is minutes away from Selfridges and the preeminent shops, restaurants, and hotels of Park Lane and Mayfair. Sitting at the heart of The Portman Estate, one of London's great estates is a spectacular address to call home in an impeccable central London location. - Residents at The Bryanston will benefit from 24-hour Rhodium concierge services, secure underground car parking with a 24-hour valet and two floors of five-star amenities including: • 24-hour concierge and security • 25-metre swimming pool • Fully equipped gymnasium and spa • Business suite • Private cinema room • Secure underground valet parking • Children's play space Completed and ready for immediate occupation. Interior photography by Patrick Williamson. External photography by James Burns and Jason Hawkes Additional Information Mobile Coverage: Please look at the Ofcom website for more information Located at the top of Hyde Park, on Marble Arch, The Bryanston sits on the edge of Mayfair and Marylebone in W1, at the heart of the established Portman Estate.",24-hour concierge and security,,,
"4 bedroom penthouse for sale in The Lucan, London, SW3",Penthouse,3229,4,4,new,19500000,2024,"Set on the top floor of the sought-after Lucan Residences in Chelsea, this impressive penthouse sprawls across an expansive 3,186 sq. ft. Part of the first standalone property in Marriott's Autograph Collection, the apartment is set in a building inspired by Chelsea's Victorian-era mansions, blending contemporary style with thoughtful craftsmanship. Each apartment in the collection has been made to be utterly personal; from signature scents to in-house stylists, every home is something to behold. Externally, the sleek brick façade and Art Deco tiling are complemented by minimalist glass elements to create a striking impression. With no adjoining buildings, residents enjoy complete privacy. Accessed by a direct lift, internally the home is finished with a bright and clean colour palette. In the large kitchen stone worktops, bronze and mirror splashbacks, and handpicked metal door handles. A dining area, perfect for entertaining on a large scale, lies next to a large living room. Four bedrooms, each ensuite, have plenty of storage space and there is separate staff accommodation. Underfloor heating runs throughout. Amenities include 24/7 concierge and valet parking, residential operations management, a fully-equipped gym, housekeeping, wellness services, personal training, and exclusive experiences like private dining and personal shopping. Surrounded by leafy gardens and historic parks, Chelsea's green spaces are perfect for picnics, bike rides, and afternoon strolls, providing a peaceful retreat within a vibrant city. Walking distance from Harrods and Harvey Nichols, as well as around the corner from the iconic King's Road, the apartment couldn't be better placed. Close to Sloane Square Underground Station (District and Circle Lines), Victoria National Rail Station, South Kensington (Piccadilly and District and Circle) and Knightsbridge (Piccadilly Line), the apartment is exceptionally well connected.","24/7 concierge and valet parking, residential operations management, a fully-equipped gym, housekeeping, wellness services, personal training, and exclusive experiences like private dining and personal shopping","Close to Sloane Square Underground Station (District and Circle Lines), Victoria National Rail Station, South Kensington (Piccadilly and District and Circle) and Knightsbridge (Piccadilly Line)",,
"5 bedroom end of terrace house for sale in Portland Place, Marylebone, W1B",End of Terrace,8174,5,6,price_reduced,19750000,2024,"Portland Place is a luxurious Georgian townhouse, recently transformed into a stunning family home with timeless interiors and nods to its rich history. The recent refurbishment of this exquisite property was orchestrated by renowned interior designer Hubert Zandberg, in collaboration with architectural designer Jan Swanpoel. While the exterior facade remains unchanged, the interior has been reimagined into extraordinary spaces for entertaining and relaxation, while retaining original features and exceptional ceiling heights. The home boasts an essence of 1940s aesthetic with nods to a variety of bold styles, creating a unique and stylish living space. Portland Place is equipped with the latest in modern technologies, including a beautiful Wolf Range Cooker, a Lutron Homeworks lighting and shading control system, and integrated control features. The principal suite, which was once the building's Grand Salon, is a tranquil retreat from the city with two ensuite dressing rooms and two finely finished bathrooms. Additionally, there are three full guest bedrooms with ensuite bathrooms and staff accommodation on the top floor of the home.",,,,recently transformed into a stunning family home with timeless interiors and nods to its rich history
"7 bedroom terraced house for sale in Hanover Terrace, London, NW1",Terraced,7728,7,6,new,19750000,2024,"An imposing Grade l listed house and mews, in one of Regent Park's most sought after Nash terraces with a stunning south-west facing garden. The property offers spacious accommodation and has been meticulously refurbished throughout with an exceptional level of finishing and presentation. This magnificent Georgian London home is fit for the 21st century and offers family, guest and staff accommodation. The views from the upper floors spread across Regent’s Park and the boating lake. Hanover Terrace is on the western side of Regent's Park's outer circle, between Hanover Gate and Terrace The London Business School. Regent's Park itself offers a wide range of recreational facilities, including the Zoological Gardens, the open air theatre, Queen Mary's Gardens, the boating lake and tennis courts. The nearest Underground station is Baker Street (Circle & District, Metropolitan, Jubilee, Bakerloo and Hammersmith & City Lines), which is approximately 800 metres walk. Please use the reference 171966 when contacting us.",,"Baker Street (Circle & District, Metropolitan, Jubilee, Bakerloo and Hammersmith & City Lines)",London Business School,meticulously refurbished throughout with an exceptional level of finishing and presentation
"6 bedroom semi-detached house for sale in Bedford Gardens, Kensington, London, W8",Semi-Detached,8756,6,6,new,21500000,2024,"Having been the subject of a bespoke renovation, this stunning and immaculately presented semi-detached family house on Bedford Gardens comprises approximately 8,756 sq ft and offers superb lateral living and accommodation space which includes six bedroom suites, a 38 ft by 28 ft private garden and a large garage entered from Campden Street. The house offers impressive volume and living space via two sizeable reception rooms, dining room/kitchen, further sitting room, bar and cinema room. Of further note the house offers gym, sauna, chef kitchen and bedroom/staff accommodation Bedford Gardens is situated just off Kensington Church Street and therefore benefits from the shopping and transport facilities of Kensington High Street and Notting Hill Gate. The open spaces of Kensington Gardens and Holland Park are nearby.",,Kensington High Street and Notting Hill Gate,,bespoke renovation
"5 bedroom house for sale in Phillimore Gardens, Kensington, London, W8, United Kingdom, W8",House,5098,5,4,new,21950000,2024,"This exceptional semi-detached home has recently been renovated to the highest standard and boasts a host of enviable features including off street parking, a security coded a wine cellar and a feature staircase. The property was the winner of London’s Best Single Residence at the UK Property Awards in 2018 and unfolds over five floors. A grand reception room with high ceilings and large windows is located on the raised ground floor and has wonderful views of the quiet and leafy Gardens. The spacious reception room opens onto an exquisite dining room, perfect for those who love to entertain. The bespoke Boffi kitchen, which comes fully fitted with Gaggenau appliances There is also an additional prep kitchen which includes a walk-in fridge and industrial grade cooking equipment, There is also located on the lower ground floor , a wine cellar, and a further reception room, which opens onto the garden, located on this floor. The private space has been thoughtfully designed with beautiful trees planted surrounding the courtyard. There are two bedrooms, both of which have dressing rooms, and share use of a family bathroom on the first floor. On the second floor there are three more bedrooms, all of which are ensuite and have plenty of built in storage. On the third floor there is a laundry room and more storage space. There is lift access connecting the home. Additionally, the property comes with planning permission to significantly extend the house underground by adding an additional 3,305 square feet. The Phillimore Estate is located to the north of Kensington High Street between two of London’s most beautiful parks: Holland Park and Kensington Palace Gardens/Hyde Park. Phillimore Gardens is generally considered to be one of the most prestigious positions on the estate.","off street parking, a security coded a wine cellar and a feature staircase",,,recently been renovated to the highest standard
"5 bedroom semi-detached house for sale in Phillimore Gardens, London, W8",Semi-Detached,5123,5,4,price_reduced,21950000,2024,"This classic Phillimore Estate house has been beautifully restored and was the winner of London's Best Single Residence at the UK Property Awards in 2018. A rare combination of traditional architectural integrity and contemporary styling, the house has been superbly crafted and designed by a world-class design and construction team. Located on one of central London's most coveted super-prime residential addresses, 28 Phillimore Gardens is a very rare commodity. Extending to approximately 5,123 sq ft /476 sq m of internal area, the accommodation in the house has unusually good lateral space and has the unusual benefit of having planning permission already granted and protected to significantly extend the house underground by an additional 3,305 sq ft / 307 sq m, creating a total potential internal area of 8,428 sq ft / 783 sq m. The gracious, wide entrance hall features a bespoke, stone-clad cantilever staircase creating an impressive sense of arrival to the formal reception rooms on the raised ground floor. Lift access and a guest WC cloakroom can also be found on this level. Of particular note is the formal drawing room which spans the entire rear of the house, with three elegant sash windows providing a wonderful aspect over gardens on the Phillimore Estate. A fantastic informal sitting room and dining room adjoins the kitchen and has an electrically operated large glass sliding doors on to the garden which create unusually practical, light filled family space. A bespoke, exceptionally designed contemporary Boffi kitchen is well-served by Gaggenau appliances and supported by a fully equipped chef kitchen including a walk-in fridge and industrial grade cooking equipment and extraction unit. The Phillimore Estate is located to the north of Kensington High Street between two of London's most beautiful parks: Holland Park and Kensington Palace Gardens/Hyde Park. Phillimore Gardens is generally considered to be one of the most prestigious positions on the estate. Access to the world famous shops and restaurants in and around Knightsbridge, South Kensington, Mayfair and Notting Hill is very easy, as is access out to the M4 for Heathrow Airport. The house is also close to some of central London's finest schools. Many of London's finest cultural institutions; museums, galleries and the iconic Royal Albert Hall (left) are within easy reach. Kensington Palace and Kensington Palace Gardens are also close by. The Phillimore Estate is perfectly located close to Holland Park (above) and the charming boutiques of Notting Hill Gate.",,"access to the world famous shops and restaurants in and around Knightsbridge, South Kensington, Mayfair and Notting Hill is very easy, as is access out to the M4 for Heathrow Airport",close to some of central London's finest schools,beautifully restored
7 bedroom villa for sale in Holland VIllas W14,Villa,7244,7,7,new,22000000,2024,"Presenting a wondrous opportunity in the heart of Holland Park & Kensington. The property consists of multiple living areas and separate entertainment areas. An extended freshly landscaped garden area. A double garage with extra parking spaces in the mansion entrance. Luxury amenities such as a sauna, gym, guest rooms in addition to family bedrooms and 2 staff quarters. Holland Villas Road boasts a private 24hr security service, and is within easy reach of all Holland Park & Kensington High Street restaurants, and shops while remaining quietly situated on this sought after address.","sauna, gym, guest rooms in addition to family bedrooms and 2 staff quarters",,,
"7 bedroom house for sale in Holland Villas Road, Kensington, London, W14, United Kingdom, W14",House,7244,7,7,new,22000000,2024,"This exceptional mansion unfolds over four floors and boasts multiple living areas, an extended landscaped garden and secure off-street parking for five cars. The beautiful double fronted facade features stone steps leading to the entrance and an expertly manicured front garden. Throughout the finest materials have been used from the rich wooden floors to the marble fireplaces and bathrooms. Large windows and high ceilings add to the sense of space and light and traditional period details such as the innate ceiling cornicing remain. The ground floor features a magnificent double reception room that leads onto a sunroom which has views of the impressive garden. Also located on this floor is the kitchen, dining room, family room, guest w.c and self-contained staff flat which has its own balcony. There is also a balcony which overlooks the West-facing garden from which a grand set of stairs descends on to the large back lawn which has been thoughtfully designed to maximise space and ensure privacy. Outside there is a patio, perfect for alfresco dining as well as a verdant lawn. An additional double reception room is located on the lower ground floor as is the sauna, gym, another guest w.c, a utility room and two ensuite bedrooms. Upstairs there are six bedrooms, four of which have ensuite bathrooms, a family bathroom and a dressing room, which unfold over the first and second floors. Residents can relax and have peace of mind thanks to the fact Holland Villas Road has a private 24hr security service. The home is within easy reach of all Holland Park & Kensington High Street restaurants, and shops while remaining quietly situated on this sought after address.",,,,
"6 bedroom house for sale in Hanover Terrace, Regent's Park, London, NW1, United Kingdom, NW1",House,6730,6,6,price_reduced,22500000,2024,"United Kingdom Sotheby’s International Realty is proud to showcase this spectacular six-bedroom house in Regent’s Park, London. This incredibly rare home, originally designed in 1811 by world renowned architect John Nash whose resumé includes Buckingham Palace, has been meticulously restored and boasts stunning views over Regent’s Park including the boating lake. Having been restored to the highest of standards of luxury allowing for today's modern standard of living, the house offers an exceptional blend of bedrooms and entertaining space with impressive volume and high ceilings. The magnificent first floor double reception room benefits from stunning views and the elegant ground floor dining room boasts 3.7m ceiling heights. To the rear of the house is a private long walled garden leading directly into a mews house (114sq.m./1,222sq.ft.). This space provides additional accommodation to the main house, with a gym, a double garage and two further bedrooms and bathrooms upstairs for family, guests or staff. Further benefits include 24-hour on-site manned security for the sole use of the road. The total size of this stunning house including the mews' is 625 sq.m. / 6,730 sq.ft. Hanover Terrace is situated on the west side of Regent’s Park offering a wide range of recreational facilities including London Zoo, The Open-Air Theatre, and the vast open green spaces of Regent’s Park itself. The property is ideally located with the fashionable shops, cafes and restaurants of Marylebone High Street and St John's Wood High Street only moments away. Both Baker Street and St John's Wood Underground stations are a short walk away allowing for easy access to transport facilities into Central London.",stunning views over Regent’s Park including the boating lake,Baker Street and St John's Wood Underground stations are a short walk away allowing for easy access to transport facilities into Central London,,has been meticulously restored
"5 bedroom penthouse for sale in 1 William Street, Knightsbridge, London, SW1X",Penthouse,4944,5,5,new,22500000,2024,"A masterpiece of mansion apartment living, Knightsbridge Gate is a Grade II listed building with a retained, Edwardian façade, comprising 15 meticulously designed residences. Description Built in 1902, Knightsbridge Gate is a Grade II listed building originally designed by architect W.D. Caröe for the Church Commissioners. The building retains the original façade in the Edwardian style, which has been painstakingly restored to preserve the heritage and glamour associated with Knightsbridge. Where the North elevation has been restored, the South façade is entirely new, featuring stepped pergolas and terraces. The development has been designed so that the apartment’s principle rooms overlook the remarkable landscape of Belgravia. The quality of finish and attention to detail enhances the scale and grandeur of the building. MSMR architects have been responsible for transforming the internal spaces, drawing on the Edwardian heritage of the building with contemporary elements. A rich palette of materials, colours and texture, combined with intricate detailing and bespoke joinery, have created elegant interiors of the highest calibre. The building is located at the gateway to Knightsbridge, moments from Hyde Park’s Southern border, Harrods and Harvey Nichols. Many of the apartments benefit from South-facing aspects towards Belgravia and the corner homes have views into Hyde Park. Light and bright, the living spaces are inspired by the building’s historical beauty, the rich environs of Knightsbridge and contemporary fashion, with meticulous modern detailing and an exemplary choice of materials throughout. Location One of the world’s most prestigious residential addresses, Knightsbridge offers the best of everything. A magnificent 350 acres of green space at Hyde Park. Internationally renowned retail and restaurants. Charming cobbled streets, artisan shops, five-star hotels and exceptional connections. The evolution of Knightsbridge’s latest destinations is attracting some of the best retailers in London and a carefully curated selection of shops and bars. Cobbled Motcomb Street is lined with independent boutiques, and Pavillion Road is the ideal place for artisan brands and high-end eateries. Square Footage: 4,944 sq ft Leasehold with approximately 996 years remaining. Additional Info Service Charge: £15/sqft - excludes building insurance",,,,
"5 bedroom apartment for sale in William Street, Knightsbridge, London, SW1X, United Kingdom, SW1X",Apartment,4944,5,4,new,22500000,2024,"United Kingdom Sotheby’s International Realty is thrilled to present this exceptional five-bedroom duplex apartment, located on the fourth and fifth floors of Knightsbridge Gate. The Grade-II listed Edwardian building dates back to 1902 and has recently received an extensive renovation which has honoured the building's heritage, whilst upgrading it for luxurious, contemporary living. The home has been finished to the highest standards, fitted with the finest quality natural materials, including Calacatta Oro polished marble, rich oak, refurbished original timber sash windows and bronze ironmongery. On the lower level, the grand open-plan reception room and dining room opens up onto the expansive terrace, as does one of the five bedrooms. The modern kitchen is a chef’s dream and is fully equipped with Gagenau appliances. Four of the en-suite bedrooms are also found on the lower level of the duplex apartment, as is the laundry room, with high-spec Miele appliances. The second level of the apartment houses the principal suite, which boasts a private terrace, a large walk-in dressing room with built-in storage and his and hers en suites. To ensure peace of mind there is a built-in intruder alarm and video intercom system. There is also central heating and cooling, underfloor heating and Lutron lighting. Located in one of the most sought-after areas in London, moments from Hyde Park, Harrods and Harvey Nichols as well as an abundance of restaurants, everything you need is practically on your doorstep.","finest quality natural materials, including Calacatta Oro polished marble, rich oak, refurbished original timber sash windows and bronze ironmongery",,,"recently received an extensive renovation which has honoured the building's heritage, whilst upgrading it for luxurious, contemporary living"
"6 bedroom house for sale in Chesham Street, Belgravia, London, SW1X 8NQ, United Kingdom, SW1X",House,6650,6,6,new,22500000,2024,"This expansive white stucco-fronted Belgravia townhouse is set on the Western side of Chesham Street, close to Sloane Square and Knightsbridge. Originally built in the 1830s, and designed by renowned architect Thomas Cubitt, the house is a perfect example of Georgian design, exemplified by its large rooms, period features and grand proportions. Arranged over six floors and 7,526 sq ft, the impressive house has beautiful entertaining spaces, as well as six bedroom suites. On the ground floor, a vast dine-in kitchen leads to a terrace and is complemented by a family room and a large dining room. On the first floor, a grand reception room has floor-to-ceiling windows that overlook the square and open to a balcony. Behind this room is a second reception room with a bar, perfect for entertaining. A study lies at the back of this level. The second floor is given over to the master suite, which includes a large bathroom, a walk-through dressing room and access to a large terrace. The third and fourth floors are home to four ensuite bedrooms, which are all generous doubles. There is also a useful kitchenette on the third floor. On the lower ground floor, a reception room is complemented by a second kitchenette, a utility room and an ensuite bathroom, and would make excellent staff accommodation. Unusually for a house of this period, a lift accesses all floors. Set on one of Belgravia’s most coveted streets, close to Hyde Park, the area is known Belgravia for its pretty architecture and lovely tree-lined streets. Grand townhouses are defined by their timeless elegance, while garden squares provide a sense of tranquillity amidst the bustling city. Belgravia's exclusive shops and restaurants are some of the best in London and excellent transport links mean the house is well connected to the rest of London.",,excellent transport links,,
"7 bedroom detached house for sale in Pembroke Gardens,London,W8",Detached,12415,7,6,new,22950000,2024,"This extraordinary, detached family home offers rare lateral living and entertaining space, arranged as it is over some 12,000 square feet. The house has an impressive entrance with high ceilinged ground floor rooms and two upper floors only. The house benefits from air conditioning, passenger lift, an integral double garage and a wrap around garden and large terrace. Offered in modern condition it offers the purchaser an opportunity to move straight in. ENTRANCE HALL : 2 KITCHENS : 3 RECEPTION ROOMS : DINING ROOM : 7 BEDROOMS (6 EN SUITE) : OFFICE : GYM : UTILITY ROOM : PLANT ROOM : STORAGES : GUEST CLOAK ROOMS : GARAGE : GARDEN : ROOF TERRACE : LIFT : AIR CONDITIONING",,,,modern condition
"6 bedroom semi-detached house for sale in Lancaster Gate, Kensington, W2",Semi-Detached,1163,6,6,new,23000000,2024,"An excellent investment opportunity to acquire an unmodernised, imposing, white stucco fronted seven storey Grade II listed property of approximately 25,000 square feet, created from the amalgamation of two adjoining buildings. Constructed in 1856 as part of the important Lancaster Gate development, the property with its portico entrances epitomises quintessential grand Victorian architecture and design and offers a wonderful restoration project to rekindle its former glory. Previously operating as a hotel, there are 60 guest bedrooms, accessed by either a lift or the grand staircase, and a number of capacious reception rooms boasting high ceilings, deep skirting boards and exquisite Victorian plasterwork. The property currently has C1 Hotel permitted use. Subject to the necessary planning/change of use permissions, there is enormous potential for conversion to serviced apartments or residential development. Situated at the easterly end of Lancaster Gate, the building is moments away from the prestigious Lancasters residences, the glorious verdant open space of Hyde Park and is immediately served by Lancaster Gate London underground station (Central line), a 5 minute journey to the heart of London`s vibrant West End. Notice Please note we have not tested any apparatus, fixtures, fittings, or services. Interested parties must undertake their own investigation into the working order of these items. All measurements are approximate and photographs provided for guidance only.",,"Lancaster Gate London underground station (Central line), a 5 minute journey to the heart of London`s vibrant West End",,"unmodernised, newly renovated"
"7 bedroom terraced house for sale in Ilchester Place, London, W14",Terraced,8425,7,5,price_reduced,23000000,2024,"This exceptional semi-detached house, situated on one of central London’s most desirable roads, has great volume, wonderful lateral space and backs directly on to Holland Park. Description This exceptional semi-detached house situated on one of Central London’s most desirable roads, extends to 8,679 sq ft internally (806 sq m including loft) offering wonderful lateral space and volume over principally four main floors. The house has been the subject of a comprehensive redesign programme. The additional space created by 23 Architecture cannot be replicated under current planning guidelines. The openness of the living space on the ground floor is truly stunning with an incredible vista out onto the entire width of the garden and Holland Park beyond. The level of natural light throughout the house is extraordinary as is the 20m swimming pool. Ilchester Place is located on the southerly border of Holland Park. The immediate area boasts an excellent selection of local & high street shops, fashionable restaurants, good schools & transport facilities Location Ilchester Place is located on the southerly border of Holland Park. The immediate area boasts an excellent selection of local & high street shops, fashionable restaurants, good schools & transport facilities Square Footage: 8,425 sq ft Additional Info Estate charge approximately £200 per annum",20m swimming pool,good schools & transport facilities,good schools,comprehensive redesign programme
"6 bedroom terraced house for sale in Holland Villas Road, Holland Park, London, W14",Terraced,7550,6,4,price_reduced,23500000,2024,"This impressive family house is arranged over only four floors and offers excellent entertaining space, including a large drawing room with access onto a west-facing terrace, with steps down to a large, mature and private west-facing garden. In addition the house has off-street parking for a number of cars. Holland Villas Road is well situated close to the shopping and transport facilities of Holland Park, Kensington High Street and Notting Hill Gate as well as having the open spaces of Holland Park nearby.",,"transport facilities of Holland Park, Kensington High Street and Notting Hill Gate",,
"4 bedroom apartment for sale in Holland Park Gate, 257-265 Kensington High Street, London, W8 6NA, W8",Apartment,4390,4,4,new,23500000,2024,"An impressive 4-bedroom lateral, park facing apartment located on the fifth floor offers 4,390 sq ft of living space and a 947 sq ft terrace. With high ceilings and generously proportioned spaces providing light-filled spaces. The entrance to London's famous 54 acres of Holland Park lies just across the road from the property. - The Holland Park Gate development consists of four elegant buildings offering generously proportioned 1, 2, 3 and 4 bedroom apartments, all finished with attention to detail and quality. The development is centred around a leafy landscaped courtyard with curved planters, acres and sweet olive trees. Close by you can find High Street Kensington with restaurants, shops and cafes offering places such as Whole Foods and the historic Kensington Church. Residents will enjoy an entirely bespoke five-star hotel-level service from Saint Amand's exclusive hospitality group. The team can arrange private shopping experiences, gallery visits and restaurant reservations for all residents and their guests. - Private residences amenities are those of a five-star hotel and will include: • Fully serviced by Saint Amand, Lodha's inhouse hospitality team • 25m swimming vitality pool • Sauna and steam rooms • Two private treatment rooms with therapies provided by leading practitioners • Relaxation room • Screening room • Fully-equipped gym with weights and yoga studio • Fully-serviced offices suites by Saint Amand • Secure on-site residents' storage • Valet parking services • 999-year lease • Children's play space - *Images are for illustrative purposes only Additional Information Mobile Coverage: Please look at the Ofcom website for more information Located on the vibrant corner of High Street Kensington; Holland Park Gate offers an elegant solution to West London living. Conveniently connected to both Heathrow and Gatwick airports, the development also overlooks Holland Park's 54 manicured acres.",,,,
"6 bedroom terraced house for sale in Culross Street, Mayfair, London, W1K",Terraced,8060,6,6,new,23950000,2024,"A beautiful Mayfair mansion of 8,060 sq ft, situated in an enviable location just off Park Lane. Description Finished to a high specification, with luxurious and bespoke interiors, the house offers endless entertaining space and spectacular health and fitness facilities. An elegant, wide entrance hall greets you with an impressive vista through the house towards the private garden at the rear. With attractive marble floors and specialist finish, the level of design adds an opulent yet sophisticated feel to the house. The reception room, almost 30' in length, features bespoke flooring, hand crafted and has been arranged to provide ample seating and sufficient space for up to twelve dinner guests, all with access to the beautifully landscaped garden. On the first floor there are 2 magnificent principal bedroom suites, both elegantly dressed with luxurious fabrics and materials, featuring fully fitted dressing rooms and marble finished bathrooms. Over the second (top) floor of the house, there are three further bedroom suites, each with their own unique style. In addition there is a classically elegant and timeless bespoke kitchen featuring a seating area below a large skylight, providing the perfect family space for dining, relaxing and informal entertaining. The house benefits from a fully fitted gym, treatment room and swimming pool plus an opulent bar and cinema area. Location Originally named Kings Street Mews, modern Culross Street runs between Park Lane and Park Street, linking Mayfair to Hyde Park. Culross Street is perfectly located to enjoy all Mayfair has to offer, including the globally renowned Mount Street. With its boutique shops, art galleries, designer labels and café culture, Mayfair has risen as the prestigious, sophisticated and luxurious epicentre of cosmopolitan London. Square Footage: 8,060 sq ft","luxurious and bespoke interiors, the house offers endless entertaining space and spectacular health and fitness facilities",,,
"8 bedroom detached house for sale in Park Place Villas, Little Venice, London, W9",Detached,8178,8,5,price_reduced,24000000,2024,"A supremely elegant early Victorian Italianiate style Grade II Listed villa (759.74/8,178 sq ft) situated in the heart of Little Venice. The stuccoed exterior boasts splendid Roman arches, portals and balustrades, with a tall tower offset to the left of the façade. 1 Park Place Villas was originally built in 1840 by Matthew Wyatt under the auspices of legendary architect John Nash’s master plan for the Regent’s Canal which created Little Venice, a picturesque neighbourhood of magnificent Regent’s Park style villas bordering the canal. This magnificent residence, formerly the home of Royal mistress Lillie Langtry where she entertained Bertie, the Prince of Wales (later King Edward VII), and more recently the home of Irish-American dancer Michael Flatley is offered for sale for the first time in 20 years and represents a rare opportunity to purchase arguably one of the finest homes in central London. The house is offered for sale in excellent condition throughout and has been designed in a restrained yet expansive Classical style and boasts magnificent formal entertaining rooms, an indulgent principal bedroom suite overlooking The Regent’s Canal and a lower ground floor indoor swimming pool complex inspired both by classical Rome and the idyllic English country house. This imposing villa is situated on a large 0.255 acre corner plot set back from the road and is approached through twin gates, with a pedestrian entrance between them. The property directly overlooks The Regent’s Canal and features a secluded wraparound garden, a large carriage drive and additional secure off-street parking together with an integral double garage. Amenities: Matured wraparound walled garden with two separate areas one incorporating Lillie Langtry’s famous love-seat and a rear Terrace with steps leading to principal lawned garden Carriage Drive Secure Off-Street Parking for multiple vehicles approached from Maida Avenue Double Width Integral Garage Swimming Pool Complex with adjoining Gymnasium, Sauna, Shower Room and WC 3 Terraces Balcony Wine Cellar Utility/Vault Plant Room","magnificent formal entertaining rooms, an indulgent principal bedroom suite overlooking The Regent’s Canal and a lower ground floor indoor swimming pool complex inspired both by classical Rome and the idyllic English country house",,,
"7 bedroom house for sale in Elsworthy Road, St John's Wood, London, NW3, United Kingdom, NW3",House,7860,7,8,new,24000000,2024,"This beautiful mansion lies on a prestigious, tree-lined street tucked between Primrose Hill and St John’s Wood. The substantial Arts and Crafts detached house is spread across 7,860 sq. ft and four floors, including an impressive basement. The exceptional family home has recently been renovated; entry is to an impressive hallway, with chequerboard flooring and a sweeping staircase. The kitchen features brand new fully fitted appliances and cabinetry. This is complemented by an expansive living room, a large study and a utility room. The house has seven bedrooms complemented by eight bathrooms. Both the master bedroom and a second bedroom on the first floor have dressing rooms and large ensuite bathrooms. A lift provides access to all floors. In the impressive basement, a pool, a jacuzzi and spa facilities have been added, as well as a cinema room and ensuite bedroom. The house also features a self-contained flat, with its own entrance, a living room, kitchen and one bedroom, which could be used as an annexe for grandparents or perhaps staff accommodation. A beautifully green manicured private garden stretches out behind the house, and beyond that, access to private communal gardens. Elsworthy Road is a broad street between Avenue Road (approximately 0.2 miles to the west) and Primrose Hill Road (approximately 0.8 miles to the east). Avenue Road and Regents Park provide convenient access to nearby amenities and attractions.","pool, a jacuzzi and spa facilities, a cinema room and ensuite bedroom",Elsworthy Road is a broad street between Avenue Road (approximately 0.2 miles to the west) and Primrose Hill Road (approximately 0.8 miles to the east). Avenue Road and Regents Park provide convenient access to nearby amenities and attractions,,recently been renovated
"5 bedroom flat for sale in One Kensington Gardens, Kensington Road, London, W8",Flat,5461,5,5,new,24000000,2024,"An outstanding 5,461sqft five bedroom suite apartment with views over Kensington Palace Gardens. This apartment benefits from huge entertaining space leading to a wrap around terrace, as well as a study, separate dining room and large eat in kitchen. Residents benefit from a 24-hour dedicated concierge, valet parking, health spa, 25m indoor swimming pool, a private health and fitness centre, sauna and steam room, in addition to private treatment rooms. The development is complete and ready for occupation with show apartments available to view. Photos are for indicative purpose only. One Kensington Gardens is situated in the heart of London's illustrious Royal Borough, opposite Kensington Palace Gardens and Hyde Park, and within walking distance of the shopping and transport facilities of Kensington High Street and Knightsbridge","24-hour dedicated concierge, valet parking, health spa, 25m indoor swimming pool, a private health and fitness centre, sauna and steam room, in addition to private treatment rooms",within walking distance of the shopping and transport facilities of Kensington High Street and Knightsbridge,,
"6 bedroom detached house for sale in Winnington Road, London, N2",Detached,16748,6,9,new,24950000,2024,"A magnificent bespoke residence set behind security gates in the area’s most coveted location, backing directly onto Hampstead Golf Course. This outstanding home features exquisite contemporary interiors throughout. Arranged over four floors, the property has 16,749 sq. ft . (1,559 sq. m.) of interior designed accommodation comprising a breath-taking grand entrance atrium, luxurious and spacious accommodation for entertaining, and 6 bedroom suites including a principal bedroom with an oversized bathroom and dressing room. The home also features a state of the art gym and spa facilities with an incredible indoor swimming pool, sauna, steam and pool lounge area. There is also a games room, media room and a beautiful landscaped private rear garden. The home enjoys uninterrupted and sweeping views over Hampstead golf course. The carriage driveway provides parking for several vehicles and leads to a secure underground garage with space for up to 6 cars. Homes of this calibre and quality are rarely available for sale.","luxurious and spacious accommodation for entertaining, a state of the art gym and spa facilities with an incredible indoor swimming pool, sauna, steam and pool lounge area, a games room, media room and a beautiful landscaped private rear garden",,,
"3 bedroom apartment for sale in City Road, Old Street, EC1V 2AG, EC1V",Apartment,1461,3,3,price_reduced,2100000,2024,"Perched on the 35th floor of an exclusive luxury development, this stunning three-bedroom, three-bathroom apartment offers panoramic south-west facing views through expansive floor-to-ceiling windows. Spanning 136 sqm, the inviting living area seamlessly integrates with a stylish fitted kitchen equipped with high-end integrated appliances, complemented by elegant wood flooring and underfloor heating. Allocated PARKING space available. Two of the bedrooms feature modern ensuite bathrooms, while a contemporary bathroom suite serves the third bedroom. The apartment is fitted with comfort cooling and boasts sleek finishes throughout. Residents enjoy exceptional concierge services and access to luxurious on-site fitness amenities, including a gym, sauna, massage parlour, and swimming pool. Ideally located in travel zone 1, the property is equidistant from Old Street and Angel stations, providing easy access to the vibrant areas of Old Street, the City, Shoreditch, and Islington, along with the picturesque Regent’s Canal just a short walk away. This landmark development by Berkeley Homes, designed by renowned architects Foster + Partners, stands opposite the City Road Basin, forming part of a distinctive cluster of high-rise buildings that are dramatically reshaping central London's skyline.","luxurious on-site fitness amenities, including a gym, sauna, massage parlour, and swimming pool",Old Street and Angel stations,,
"5 bedroom apartment for sale in Montrose Place, Belgravia, London, SW1X, United Kingdom, SW1X",Apartment,6404,5,4,new,19950000,2024,"This elegant, fully serviced apartment boasts a list of enviable features including two large balconies, close proximity to Hyde Park and a host of decedent features including marble finishings, spa-like bathrooms and rich wooden flooring. The fully-fitted kitchen features marble floors, countertops and a marble island unity and leads on to a beautifully designed dining room. A large reception room, which leads on to one of three balconies, is the perfect place to host and entertain. The principal suite has a luxurious marble bathroom and a walk-in wardrobe. There are four more generously proportioned bedrooms, three of which have their own ensuite bathrooms. The home also has a guest W.C and a utility room. Residents also have access to a shared private courtyard, a shared gym, secure underground parking and a 24-hour porter. Located in Belgravia, one of London’s most exclusive areas, the home is within close proximity of excellent boutique shops, restaurants and the green open spaces of Hyde Park.","two large balconies, close proximity to Hyde Park and a host of decedent features including marble finishings, spa-like bathrooms and rich wooden flooring",,,
"4 bedroom detached house for sale in Wadham Gardens, St John's Wood, London, NW3",Detached,6261,4,6,price_reduced,19950000,2024,"A substantial lateral low-built detached residence (581 sq m/ 6,261 sq ft), set behind electric gates with off-street parking and a garage Description The house is arranged over three floors only and provides excellent well-planned family accommodation with generous entertaining space on the ground floor connecting to an artist studio. Further benefits include a rear garden with patio area and access to private communal gardens. Location With its mature trees and hedges, Wadham Gardens is a quiet leafy road approximately 0.4 miles from the green open spaces of Primrose Hill. Furthermore the property is ideally located within close proximity to Swiss Cottage Underground (approximately 0.4 miles) and St John’s Wood Underground Station (approximately 0.7 miles), providing connections on the Jubilee Line. Wadham Gardens is close to some of the most renowned schools in North West London, and the world class shops, boutiques and restaurants and cafés of St John’s Wood (approximately 0.7 miles) and Primrose Hill (approximately 0.5 miles). Square Footage: 6,261 sq ft",,Swiss Cottage Underground (approximately 0.4 miles) and St John’s Wood Underground Station (approximately 0.7 miles),some of the most renowned schools in North West London,
