SalePrice,GrLivArea,BedroomAbvGr,Bathrooms,PropertyAge,GarageCars,TotalBsmtSF,OverallQual,LotArea,TotRmsAbvGrd,2ndFlrSF,GarageArea,BsmtFinSF1,BsmtUnfSF,1stFlrSF,GarageYrBlt,WoodDeckSF,OpenPorchSF,MasVnrArea,OverallCond,LotShape,ScreenPorch,MSSubClass,LotFrontage,CrimeRate,MedianIncome,InterestRate,UnemploymentRate,YrSold,MoSold,QrtSold,BldgType,RenovationFlag
169805.382165577,1567,2,2.5,69,2.0,840.0,5,13680,6,727,440.0,728.0,112.0,840,1961.0,0,21,0.0,6,Reg,0,50,60.0,26.11993393300743,50720.0,5.115,5.1,2009,2,Q1,1Fam,1
106000.0,987,2,1.5,38,1.0,483.0,6,1869,5,504,280.0,321.0,162.0,483,1987.0,0,0,127.0,6,Reg,0,160,21.0,27.363846269205577,50140.0,6.01,3.0,2008,9,Q3,Twnhs,0
199641.657313834,2551,4,3.5,10,3.0,1779.0,8,12191,8,772,925.0,1181.0,598.0,1779,1998.0,76,61,515.0,5,IR1,0,60,100.0,29.102296283256685,48910.0,6.68,3.4,2007,6,Q2,1Fam,1
745000.0,4476,4,4.5,11,3.0,2396.0,10,15623,10,2065,813.0,2096.0,300.0,2411,1996.0,171,78,0.0,5,IR1,0,60,160.0,29.102296283256685,48910.0,6.710000000000001,3.0,2007,7,Q3,1Fam,0
192223.939790304,1632,4,1.5,40,2.0,784.0,5,10457,7,848,898.0,496.0,0.0,784,1969.0,0,173,178.0,7,IR1,0,60,70.0,26.11993393300743,50720.0,4.8,4.9,2009,4,Q2,1Fam,0
227680.0,1428,3,2.0,0,2.0,1417.0,7,12274,6,0,554.0,0.0,1417.0,1428,2008.0,0,60,256.0,5,IR1,0,20,91.0,27.363846269205577,50140.0,6.37,3.6,2008,7,Q3,1Fam,0
183035.606761141,1851,3,2.0,37,2.0,1851.0,7,11727,8,0,506.0,0.0,1851.0,1851,1969.0,0,146,434.0,6,Reg,0,20,90.0,30.85894600589856,48130.0,6.34,2.7,2006,3,Q1,1Fam,0
250580.0,1372,3,2.0,1,2.0,1372.0,7,8640,6,0,529.0,0.0,1372.0,1372,2008.0,0,140,0.0,5,Reg,0,20,72.0,27.363846269205577,50140.0,6.05,3.0,2008,5,Q2,1Fam,1
187388.833374873,1720,3,3.0,1,3.0,1720.0,9,10816,8,0,846.0,1104.0,616.0,1720,2008.0,208,104,364.0,5,IR1,0,20,65.0,26.11993393300743,50720.0,4.87,4.6,2009,11,Q4,1Fam,0
155862.510668829,836,2,1.5,33,1.0,836.0,7,2104,5,0,345.0,536.0,300.0,836,1976.0,150,20,0.0,6,Reg,0,120,24.0,26.11993393300743,50720.0,4.94,4.4,2009,10,Q4,TwnhsE,0
158000.0,2119,3,2.5,37,2.0,689.0,6,10448,7,741,583.0,0.0,689.0,1378,1972.0,0,104,333.0,6,IR1,0,80,68.0,26.11993393300743,50720.0,5.18,5.6,2009,8,Q3,1Fam,0
168173.94329857,1196,3,2.0,70,2.0,572.0,6,6000,6,348,576.0,264.0,308.0,848,1973.0,0,0,0.0,6,Reg,0,50,50.0,25.221608273812684,49020.0,4.965,5.2,2010,3,Q1,1Fam,1
214217.401131694,2228,6,2.0,30,2.0,0.0,5,7018,8,1114,720.0,0.0,0.0,1114,1979.0,73,0,0.0,5,Reg,0,90,64.0,26.11993393300743,50720.0,5.4,6.0,2009,6,Q2,Duplex,0
194201.0,1402,2,2.0,1,3.0,1258.0,7,3922,7,0,648.0,0.0,1258.0,1402,2006.0,120,16,72.0,5,Reg,0,120,53.0,29.102296283256685,48910.0,6.29,3.0,2007,2,Q1,TwnhsE,1
148500.0,1456,3,2.5,33,2.0,855.0,6,2280,7,601,440.0,566.0,289.0,855,1976.0,87,0,0.0,6,Reg,0,160,24.0,26.11993393300743,50720.0,5.2,5.6,2009,7,Q3,Twnhs,0
197900.0,1724,3,2.5,42,2.0,1680.0,6,17871,7,0,480.0,528.0,1152.0,1724,1967.0,0,0,359.0,5,IR1,0,80,68.0,26.11993393300743,50720.0,5.4,6.0,2009,6,Q2,1Fam,1
122000.0,900,3,1.0,43,1.0,882.0,5,9819,5,0,280.0,450.0,432.0,900,1970.0,0,0,31.0,5,IR1,0,20,68.0,25.221608273812684,49020.0,4.99,5.3,2010,2,Q1,1Fam,0
129000.0,864,3,2.0,57,2.0,864.0,5,7200,5,0,720.0,398.0,317.0,864,1980.0,194,0,0.0,8,Reg,0,20,60.0,29.102296283256685,48910.0,6.710000000000001,3.0,2007,7,Q3,1Fam,1
188813.302559147,1336,3,1.5,48,2.0,1121.0,6,9610,7,0,488.0,203.0,918.0,1336,1958.0,80,0,632.0,6,IR1,0,20,68.0,30.85894600589856,48130.0,6.125,2.5,2006,12,Q4,1Fam,0
189179.428177786,1299,3,1.0,53,2.0,967.0,6,11375,6,0,494.0,736.0,231.0,1299,1954.0,81,0,0.0,5,Reg,0,20,91.0,29.102296283256685,48910.0,6.385,2.6,2007,10,Q4,1Fam,1
162186.071220207,844,2,1.0,81,1.0,844.0,5,5633,5,0,216.0,0.0,844.0,844,1925.0,50,81,0.0,7,Reg,0,30,50.0,30.85894600589856,48130.0,6.765000000000001,2.8,2006,7,Q3,1Fam,1
118400.0,1012,2,1.0,87,1.0,1012.0,6,8263,6,0,308.0,0.0,1012.0,1012,1920.0,0,22,0.0,5,Reg,0,30,59.0,29.102296283256685,48910.0,6.21,2.8,2007,5,Q2,1Fam,1
162582.288981283,1740,2,1.0,88,1.0,936.0,5,7308,6,780,225.0,360.0,576.0,960,1920.0,0,0,0.0,5,Reg,0,50,81.0,27.363846269205577,50140.0,6.37,3.7,2008,6,Q2,1Fam,1
263000.0,2094,4,2.5,6,2.0,912.0,7,9375,8,1182,615.0,0.0,912.0,912,2003.0,182,182,0.0,5,Reg,0,60,75.0,26.11993393300743,50720.0,4.87,4.6,2009,11,Q4,1Fam,1
109500.0,1040,2,1.0,56,2.0,0.0,5,7200,5,0,625.0,0.0,0.0,1040,1950.0,0,0,0.0,7,Reg,0,20,60.0,30.85894600589856,48130.0,6.67,3.1,2006,6,Q2,1Fam,0
142000.0,1056,3,2.0,42,1.0,1056.0,5,8450,6,0,304.0,775.0,281.0,1056,1968.0,0,85,0.0,6,Reg,0,20,65.0,25.221608273812684,49020.0,4.57,4.7,2010,7,Q3,1Fam,0
169990.0,1316,3,2.0,1,2.0,1316.0,6,10237,6,0,397.0,28.0,1288.0,1316,2005.0,100,0,0.0,5,Reg,0,20,65.0,30.85894600589856,48130.0,6.365,2.4,2006,10,Q4,1Fam,1
196526.002998991,1652,4,2.0,36,3.0,1652.0,5,11836,8,0,928.0,149.0,1503.0,1652,1970.0,0,0,0.0,5,IR1,0,90,68.0,30.85894600589856,48130.0,6.34,2.7,2006,3,Q1,Duplex,0
380000.0,2643,3,2.5,1,3.0,2153.0,9,13693,9,574,694.0,0.0,2153.0,2069,2006.0,414,84,772.0,5,Reg,0,60,105.0,29.102296283256685,48910.0,6.16,2.9,2007,3,Q1,1Fam,0
172179.082325307,1497,3,2.0,71,1.0,825.0,6,6000,5,672,672.0,201.0,462.0,825,2004.0,272,0,0.0,7,Reg,0,50,50.0,27.363846269205577,50140.0,6.05,3.0,2008,5,Q2,1Fam,1
178630.060559899,1374,3,2.5,5,2.0,384.0,7,9734,7,630,400.0,241.0,30.0,744,2004.0,0,0,0.0,5,IR1,0,80,61.0,26.11993393300743,50720.0,4.85,5.0,2009,5,Q2,1Fam,0
181549.735943801,904,3,1.0,38,3.0,864.0,5,10200,5,0,912.0,704.0,160.0,904,1979.0,143,0,0.0,8,Reg,0,80,68.0,27.363846269205577,50140.0,6.37,3.7,2008,6,Q2,1Fam,0
152129.078861057,492,1,2.0,85,1.0,492.0,3,7830,3,0,200.0,416.0,76.0,492,1921.0,0,0,0.0,5,Reg,0,30,52.0,30.85894600589856,48130.0,6.67,3.1,2006,6,Q2,1Fam,1
166849.638174419,1064,2,1.5,58,1.0,864.0,5,10950,4,0,318.0,339.0,525.0,1064,1952.0,0,0,0.0,7,Reg,0,20,60.0,25.221608273812684,49020.0,4.885,4.3,2010,5,Q2,1Fam,0
145291.245020389,987,2,1.5,39,1.0,483.0,6,1680,5,504,264.0,156.0,327.0,483,1971.0,275,0,504.0,5,Reg,0,160,21.0,25.221608273812684,49020.0,4.99,5.3,2010,2,Q1,Twnhs,0
108000.0,1126,2,2.0,60,2.0,0.0,4,8777,5,0,520.0,0.0,0.0,1126,2002.0,0,96,0.0,5,Reg,0,20,67.0,26.11993393300743,50720.0,4.85,5.0,2009,5,Q2,1Fam,1
117000.0,1348,3,2.0,84,1.0,884.0,5,6000,5,464,216.0,0.0,884.0,884,1960.0,0,0,0.0,8,Reg,0,50,50.0,26.11993393300743,50720.0,4.85,5.0,2009,5,Q2,1Fam,1
119000.0,1367,4,2.0,108,1.0,861.0,5,8405,7,406,384.0,241.0,229.0,961,1978.0,0,130,0.0,8,Reg,0,50,50.0,27.363846269205577,50140.0,5.88,2.7,2008,4,Q2,1Fam,1
146000.0,1392,2,2.0,1,2.0,689.0,7,3604,5,689,540.0,0.0,689.0,703,2007.0,0,102,0.0,5,Reg,0,160,34.0,27.363846269205577,50140.0,5.88,3.1,2008,2,Q1,TwnhsE,0
183859.460411109,1808,3,3.0,1,3.0,1774.0,9,13514,7,0,850.0,1142.0,632.0,1808,2008.0,200,26,285.0,5,IR1,0,20,102.0,26.11993393300743,50720.0,5.005000000000001,5.2,2009,3,Q1,1Fam,0
182285.140233276,988,3,2.0,44,2.0,988.0,5,9100,6,0,624.0,36.0,952.0,988,1977.0,0,0,51.0,4,Reg,0,20,70.0,30.85894600589856,48130.0,6.765000000000001,2.8,2006,7,Q3,1Fam,0
157798.309713876,1342,2,2.0,69,1.0,739.0,6,6000,7,468,240.0,264.0,475.0,874,1939.0,0,0,0.0,5,Reg,0,50,50.0,27.363846269205577,50140.0,5.88,2.7,2008,4,Q2,1Fam,1
193717.15117887,1096,3,2.0,30,2.0,1008.0,6,13014,6,0,484.0,528.0,480.0,1096,1978.0,168,0,39.0,5,Reg,0,80,80.0,27.363846269205577,50140.0,5.19,3.8,2008,12,Q4,1Fam,0
199428.857699441,2790,4,3.5,3,4.0,1620.0,10,12539,10,1158,1150.0,1082.0,538.0,1632,2005.0,30,200,468.0,5,Reg,192,60,96.0,27.363846269205577,50140.0,6.37,3.7,2008,6,Q2,1Fam,1
159056.890245639,1069,2,2.5,31,2.0,1069.0,6,4043,4,0,440.0,727.0,186.0,1069,1975.0,0,55,0.0,5,Reg,225,120,53.0,30.85894600589856,48130.0,6.765000000000001,2.8,2006,7,Q3,TwnhsE,0
200443.7920562,2673,4,2.5,29,2.0,1043.0,7,12388,9,1134,441.0,602.0,441.0,1539,1980.0,178,84,229.0,7,IR1,0,60,68.0,26.11993393300743,50720.0,5.18,5.6,2009,8,Q3,1Fam,1
183000.0,1640,3,2.5,5,2.0,798.0,7,7226,6,842,595.0,0.0,798.0,798,2003.0,0,45,0.0,5,IR1,0,60,72.0,27.363846269205577,50140.0,6.37,3.7,2008,6,Q2,1Fam,0
154849.043268978,1576,2,3.0,4,3.0,1393.0,7,3940,7,0,668.0,1087.0,306.0,1576,2004.0,143,20,24.0,5,Reg,0,120,68.0,27.363846269205577,50140.0,6.05,3.0,2008,5,Q2,TwnhsE,0
183564.365159986,960,3,1.0,48,2.0,960.0,5,9750,5,0,624.0,0.0,960.0,960,2002.0,0,0,0.0,5,Reg,0,20,65.0,30.85894600589856,48130.0,6.765000000000001,2.8,2006,7,Q3,1Fam,0
163500.0,1657,3,2.5,37,2.0,1657.0,6,12155,7,0,484.0,1237.0,420.0,1657,1970.0,0,0,0.0,3,IR3,147,20,68.0,29.102296283256685,48910.0,6.16,2.9,2007,3,Q1,1Fam,0
129500.0,2058,3,1.5,91,2.0,735.0,6,9600,8,924,396.0,319.0,416.0,1134,1950.0,0,0,0.0,5,Reg,0,75,60.0,27.363846269205577,50140.0,5.88,2.7,2008,4,Q2,1Fam,1
125000.0,1728,6,3.0,43,2.0,1728.0,5,9100,10,0,504.0,1332.0,396.0,1728,1963.0,0,0,336.0,5,Reg,0,90,70.0,30.85894600589856,48130.0,6.24,2.4,2006,11,Q4,Duplex,0
423000.0,2097,1,2.5,1,3.0,2077.0,8,20896,8,0,1134.0,1721.0,356.0,2097,2005.0,192,267,0.0,5,IR2,0,20,49.0,30.85894600589856,48130.0,6.135,3.1,2006,1,Q1,1Fam,1
176279.079637039,918,3,1.5,32,1.0,852.0,7,8750,4,0,360.0,224.0,98.0,918,1975.0,192,84,50.0,6,IR1,0,80,68.0,29.102296283256685,48910.0,6.16,2.9,2007,3,Q1,1Fam,0
166000.0,1385,4,2.0,58,2.0,910.0,5,8520,6,475,720.0,507.0,403.0,910,2000.0,0,0,0.0,4,Reg,0,50,71.0,25.221608273812684,49020.0,4.734999999999999,5.0,2010,6,Q2,1Fam,0
170643.303572141,936,2,2.0,40,1.0,936.0,5,9825,4,0,384.0,936.0,0.0,936,1967.0,405,0,162.0,5,Reg,0,85,75.0,29.102296283256685,48910.0,6.59,3.0,2007,8,Q3,1Fam,0
556581.0,2868,4,3.5,1,3.0,1992.0,9,16056,11,876,716.0,240.0,1752.0,1992,2005.0,214,108,208.0,5,IR1,0,60,85.0,30.85894600589856,48130.0,6.765000000000001,2.8,2006,7,Q3,1Fam,1
183467.176862723,1396,3,2.5,2,2.0,608.0,6,11069,6,788,440.0,0.0,608.0,608,2007.0,100,36,0.0,5,Reg,0,60,85.0,26.11993393300743,50720.0,5.2,5.6,2009,7,Q3,1Fam,0
215000.0,1602,3,2.5,32,2.0,1602.0,6,16635,8,0,529.0,1246.0,356.0,1602,1977.0,240,0,126.0,7,IR1,0,20,68.0,26.11993393300743,50720.0,5.4,6.0,2009,6,Q2,1Fam,1
201912.270622883,2772,4,4.5,2,3.0,1776.0,9,14257,10,978,754.0,1360.0,416.0,1794,2007.0,135,64,726.0,5,Reg,0,60,110.0,26.11993393300743,50720.0,5.4,6.0,2009,6,Q2,1Fam,0
173257.637826205,1653,3,3.5,6,2.0,812.0,7,8127,6,841,628.0,410.0,402.0,812,2003.0,0,45,0.0,5,IR1,0,60,65.0,26.11993393300743,50720.0,5.005000000000001,5.2,2009,3,Q1,1Fam,0
175000.0,1768,3,2.5,70,1.0,731.0,5,7200,7,787,240.0,569.0,162.0,981,1939.0,0,0,252.0,7,Reg,0,50,60.0,29.102296283256685,48910.0,6.68,3.4,2007,6,Q2,1Fam,1
179731.198023759,1258,3,2.0,0,2.0,1246.0,7,7697,6,0,462.0,0.0,1246.0,1258,2007.0,0,0,0.0,6,Reg,0,20,64.0,29.102296283256685,48910.0,6.59,3.0,2007,8,Q3,1Fam,0
137500.0,1054,3,2.0,47,2.0,936.0,6,8800,6,0,480.0,763.0,173.0,1054,1963.0,120,0,156.0,7,Reg,0,85,80.0,25.221608273812684,49020.0,4.885,4.3,2010,5,Q2,1Fam,0
275000.0,1787,3,2.0,5,3.0,1753.0,8,14781,7,0,748.0,0.0,1753.0,1787,2001.0,198,150,178.0,5,IR2,0,20,68.0,30.85894600589856,48130.0,6.52,2.6,2006,8,Q3,1Fam,1
182427.481047359,1789,3,3.5,7,2.0,858.0,7,10646,7,917,546.0,681.0,177.0,872,2001.0,0,0,513.0,5,IR1,0,60,79.0,27.363846269205577,50140.0,6.37,3.7,2008,6,Q2,1Fam,0
142500.0,1003,3,2.0,22,2.0,1003.0,6,7937,6,0,588.0,819.0,184.0,1003,1984.0,120,0,0.0,6,IR1,0,80,37.0,30.85894600589856,48130.0,6.34,2.7,2006,3,Q1,1Fam,0
164990.0,1310,3,2.0,1,2.0,1310.0,7,8767,6,0,400.0,24.0,1286.0,1310,2005.0,0,0,0.0,5,IR1,0,20,65.0,30.85894600589856,48130.0,6.765000000000001,2.8,2006,7,Q3,1Fam,0
85000.0,1526,2,1.0,94,0.0,1013.0,3,8470,6,0,0.0,0.0,1013.0,1013,1979.0,0,0,0.0,2,IR1,0,50,105.0,26.11993393300743,50720.0,4.94,4.4,2009,10,Q4,1Fam,1
184111.729429665,1200,3,2.5,41,2.0,1174.0,7,8800,6,0,440.0,654.0,520.0,1200,1966.0,0,0,202.0,6,Reg,0,20,80.0,29.102296283256685,48910.0,6.385,2.6,2007,10,Q4,1Fam,0
186570.129421778,1200,3,2.0,53,1.0,1200.0,4,10400,6,0,294.0,155.0,295.0,1200,1956.0,0,189,0.0,5,Reg,0,20,80.0,26.11993393300743,50720.0,4.87,4.6,2009,11,Q4,1Fam,0
185807.928877601,1551,3,3.0,68,1.0,1058.0,5,10890,6,493,240.0,930.0,128.0,1058,1938.0,0,0,0.0,5,Reg,0,50,60.0,30.85894600589856,48130.0,6.765000000000001,2.8,2006,7,Q3,1Fam,1
244000.0,2054,3,3.5,9,2.0,992.0,6,12224,7,1032,390.0,695.0,297.0,1022,2000.0,24,48,40.0,5,IR1,0,60,68.0,26.11993393300743,50720.0,5.2,5.6,2009,7,Q3,1Fam,0
170000.0,1430,3,2.5,7,2.0,384.0,7,9967,8,656,400.0,0.0,384.0,774,2000.0,100,0,0.0,5,IR1,0,80,76.0,29.102296283256685,48910.0,6.125,3.0,2007,12,Q4,1Fam,0
180655.101535034,1323,3,1.0,60,2.0,780.0,5,9184,6,375,400.0,0.0,780.0,948,1948.0,0,0,0.0,7,Reg,0,50,57.0,27.363846269205577,50140.0,6.37,3.6,2008,7,Q3,1Fam,1
127000.0,1285,2,2.0,60,1.0,672.0,5,8635,6,213,240.0,336.0,295.0,1072,1948.0,0,0,0.0,5,Reg,0,50,50.0,27.363846269205577,50140.0,5.69,3.3,2008,1,Q1,1Fam,1
193879.0,1294,2,2.0,0,2.0,1286.0,7,6762,6,0,662.0,0.0,1286.0,1294,2006.0,168,55,0.0,5,Reg,0,20,64.0,30.85894600589856,48130.0,6.765000000000001,2.8,2006,7,Q3,1Fam,0
172410.28005086,1150,2,2.0,52,1.0,1078.0,5,9600,6,0,288.0,368.0,710.0,1150,1955.0,0,0,176.0,6,Reg,175,20,80.0,29.102296283256685,48910.0,6.385,2.6,2007,10,Q4,1Fam,0
179194.066390078,1673,3,3.0,7,2.0,1673.0,7,11354,7,0,583.0,1412.0,261.0,1673,2000.0,306,113,0.0,5,Reg,116,20,68.0,29.102296283256685,48910.0,6.220000000000001,3.0,2007,1,Q1,1Fam,0
195000.0,1660,3,2.5,7,2.0,831.0,7,8935,7,829,493.0,0.0,831.0,831,2002.0,144,68,95.0,5,IR1,0,60,68.0,26.11993393300743,50720.0,5.2,5.6,2009,7,Q3,1Fam,0
320000.0,1698,3,3.0,2,3.0,1698.0,9,13286,8,0,768.0,1234.0,464.0,1698,2007.0,327,64,340.0,5,IR1,0,20,86.0,26.11993393300743,50720.0,5.115,5.1,2009,2,Q1,1Fam,1
119000.0,948,3,2.0,53,1.0,948.0,4,8190,5,0,280.0,732.0,216.0,948,1956.0,0,36,0.0,6,Reg,0,20,60.0,29.102296283256685,48910.0,6.385,2.6,2007,10,Q4,1Fam,0
182829.898109257,2122,2,3.5,0,3.0,2108.0,8,14333,7,0,938.0,1518.0,590.0,2122,2007.0,130,142,0.0,5,Reg,0,20,110.0,29.102296283256685,48910.0,6.24,2.6,2007,11,Q4,1Fam,0
178534.950802179,1089,3,2.0,55,1.0,1089.0,5,7440,5,0,252.0,173.0,916.0,1089,1954.0,328,0,0.0,6,Reg,0,20,62.0,26.11993393300743,50720.0,5.055,4.7,2009,9,Q3,1Fam,0
148000.0,1113,3,2.5,31,1.0,1143.0,6,7917,6,0,504.0,751.0,392.0,1113,1987.0,370,30,174.0,7,IR1,0,20,68.0,29.102296283256685,48910.0,6.21,2.8,2007,5,Q2,1Fam,0
187948.65165563,1495,3,2.0,19,2.0,1495.0,6,12890,8,0,438.0,0.0,1495.0,1495,1989.0,252,0,128.0,5,IR1,0,20,75.0,27.363846269205577,50140.0,6.37,3.6,2008,7,Q3,1Fam,0
191930.561104806,1540,4,2.0,52,1.0,1190.0,4,7150,7,500,352.0,150.0,1040.0,1040,2002.0,0,0,0.0,4,Reg,0,50,55.0,29.102296283256685,48910.0,6.59,3.0,2007,8,Q3,1Fam,0
182164.26685407,1416,3,1.5,106,2.0,780.0,6,9600,7,476,400.0,381.0,399.0,940,1956.0,0,24,0.0,8,Reg,0,50,60.0,30.85894600589856,48130.0,6.67,3.1,2006,6,Q2,1Fam,1
159714.537012622,1073,2,3.0,2,1.0,1073.0,7,5500,4,0,246.0,510.0,190.0,1073,2004.0,0,120,0.0,5,Reg,0,20,50.0,30.85894600589856,48130.0,6.595,2.4,2006,5,Q2,1Fam,0
274300.0,2097,3,3.5,8,2.0,1108.0,7,9750,8,989,583.0,975.0,133.0,1108,1998.0,253,170,0.0,6,Reg,0,60,75.0,30.85894600589856,48130.0,6.67,3.1,2006,6,Q2,1Fam,0
183570.337896789,1879,3,3.5,16,2.0,1079.0,7,10560,8,800,473.0,474.0,605.0,1079,1993.0,400,100,0.0,5,Reg,0,60,85.0,26.11993393300743,50720.0,5.18,5.6,2009,8,Q3,1Fam,1
179591.789259484,1932,3,3.5,4,2.0,979.0,7,8749,7,940,610.0,654.0,325.0,992,2003.0,0,120,0.0,5,Reg,0,60,70.0,29.102296283256685,48910.0,6.68,3.4,2007,6,Q2,1Fam,0
135000.0,1229,3,1.0,53,1.0,1134.0,4,17140,6,0,284.0,1059.0,75.0,1229,1956.0,0,0,0.0,6,Reg,0,20,68.0,26.11993393300743,50720.0,4.8,4.9,2009,4,Q2,1Fam,0
177000.0,1913,3,1.5,81,2.0,896.0,6,7558,9,741,342.0,0.0,896.0,1172,1929.0,0,0,0.0,6,Reg,0,50,57.0,26.11993393300743,50720.0,5.005000000000001,5.2,2009,3,Q1,1Fam,1
111000.0,948,3,1.0,53,1.0,864.0,4,10215,5,0,248.0,492.0,372.0,948,1954.0,0,0,132.0,5,Reg,0,20,75.0,29.102296283256685,48910.0,6.29,3.0,2007,2,Q1,1Fam,0
198599.420028908,1480,4,2.0,56,1.0,1080.0,5,11100,7,400,253.0,1080.0,0.0,1080,1951.0,0,0,0.0,6,Reg,0,50,60.0,29.102296283256685,48910.0,6.710000000000001,3.0,2007,7,Q3,1Fam,1
259423.859147546,2486,5,2.0,44,2.0,1595.0,6,33120,8,875,576.0,0.0,1595.0,1611,1962.0,0,0,0.0,5,IR3,0,50,90.0,30.85894600589856,48130.0,6.365,2.4,2006,10,Q4,1Fam,0
178521.747964951,864,3,2.0,47,1.0,864.0,5,8100,5,0,420.0,764.0,100.0,864,1962.0,132,0,0.0,8,Reg,0,20,75.0,27.363846269205577,50140.0,6.37,3.6,2008,7,Q3,1Fam,1
137000.0,860,2,2.0,27,2.0,840.0,5,8740,4,0,528.0,672.0,168.0,860,1996.0,0,0,0.0,6,IR1,0,85,74.0,26.11993393300743,50720.0,5.2,5.6,2009,7,Q3,1Fam,0
178628.665952764,2044,3,2.5,28,2.0,738.0,7,10400,7,767,489.0,0.0,738.0,1277,1980.0,28,73,280.0,6,Reg,0,60,80.0,27.363846269205577,50140.0,5.95,3.0,2008,3,Q1,1Fam,1
178298.214633119,1668,3,1.5,63,1.0,672.0,7,7425,8,473,252.0,0.0,672.0,1195,1945.0,210,0,0.0,7,IR1,0,50,68.0,27.363846269205577,50140.0,6.494999999999999,3.6,2008,8,Q3,1Fam,1
137402.569855589,630,1,2.0,36,0.0,630.0,4,1470,3,0,0.0,522.0,108.0,630,1979.0,0,0,0.0,6,Reg,0,180,21.0,30.85894600589856,48130.0,6.51,2.4,2006,4,Q2,Twnhs,0
61000.0,904,1,1.5,87,0.0,683.0,1,10020,4,0,0.0,350.0,333.0,904,1979.0,0,0,0.0,1,IR1,0,30,68.0,26.11993393300743,50720.0,5.005000000000001,5.2,2009,3,Q1,1Fam,1
154650.199045978,1229,2,2.5,29,2.0,561.0,6,1488,5,668,462.0,471.0,90.0,561,1980.0,176,0,0.0,6,Reg,0,160,24.0,26.11993393300743,50720.0,4.94,4.4,2009,10,Q4,TwnhsE,1
207000.0,1358,2,3.0,4,2.0,1358.0,7,8198,6,0,484.0,720.0,638.0,1358,2004.0,192,30,146.0,5,Reg,0,120,59.0,27.363846269205577,50140.0,6.37,3.6,2008,7,Q3,TwnhsE,0
171226.050683054,1398,3,1.5,32,2.0,684.0,6,7200,6,714,440.0,288.0,396.0,684,1976.0,0,0,0.0,7,Reg,0,60,72.0,27.363846269205577,50140.0,5.88,3.1,2008,2,Q1,1Fam,1
184003.879764736,1964,3,3.5,3,3.0,1964.0,8,11447,7,0,892.0,1571.0,393.0,1964,2005.0,0,265,674.0,5,IR1,0,20,85.0,27.363846269205577,50140.0,6.37,3.7,2008,6,Q2,1Fam,1
180322.322067129,1916,3,3.5,12,3.0,1049.0,8,11050,8,880,741.0,615.0,434.0,1036,1998.0,0,70,0.0,5,Reg,0,60,85.0,25.221608273812684,49020.0,4.885,4.3,2010,5,Q2,1Fam,1
140000.0,1601,3,1.5,50,1.0,533.0,5,13825,6,580,300.0,0.0,533.0,1021,1958.0,280,34,0.0,6,Reg,0,80,85.0,27.363846269205577,50140.0,5.19,3.8,2008,12,Q4,1Fam,1
182450.956536015,1312,3,1.5,59,2.0,784.0,6,7500,6,412,649.0,0.0,784.0,900,1953.0,0,28,0.0,6,Reg,0,50,50.0,30.85894600589856,48130.0,6.365,2.4,2006,10,Q4,1Fam,1
215785.540813051,2500,5,3.5,3,3.0,1168.0,8,13543,9,1332,683.0,16.0,1152.0,1168,2005.0,192,32,130.0,5,IR1,0,60,101.0,27.363846269205577,50140.0,6.37,3.6,2008,7,Q3,1Fam,0
177668.192752792,1491,3,2.5,1,2.0,738.0,7,8333,7,753,484.0,0.0,738.0,738,2006.0,100,30,0.0,5,Reg,0,60,64.0,29.102296283256685,48910.0,6.21,2.8,2007,5,Q2,1Fam,0
157939.621592364,1382,1,2.0,58,1.0,0.0,4,11800,6,0,384.0,0.0,0.0,1382,1957.0,0,40,0.0,7,Reg,0,80,76.0,29.102296283256685,48910.0,6.21,2.8,2007,5,Q2,1Fam,1
228500.0,2169,3,2.5,5,2.0,1284.0,8,9375,7,885,647.0,0.0,1284.0,1284,2002.0,192,87,149.0,5,Reg,0,60,68.0,29.102296283256685,48910.0,6.59,3.0,2007,8,Q3,1Fam,0
342643.0,2596,4,3.5,0,3.0,1249.0,9,16259,9,1347,840.0,0.0,1249.0,1249,2006.0,240,154,370.0,5,Reg,0,60,111.0,30.85894600589856,48130.0,6.415,2.6,2006,9,Q3,1Fam,0
183690.595995738,2432,4,5.0,25,2.0,1216.0,5,7700,10,1216,616.0,0.0,1216.0,1216,1985.0,200,0,0.0,2,Reg,0,90,70.0,25.221608273812684,49020.0,4.99,5.3,2010,2,Q1,Duplex,1
183189.685319552,1295,3,2.5,39,2.0,1295.0,6,11700,6,0,528.0,910.0,385.0,1295,1968.0,0,194,196.0,5,Reg,200,20,130.0,29.102296283256685,48910.0,6.17,2.8,2007,4,Q2,1Fam,0
186348.958436557,1570,3,2.0,50,2.0,1395.0,6,13200,5,0,441.0,958.0,437.0,1570,1958.0,490,0,187.0,6,IR1,0,20,90.0,27.363846269205577,50140.0,6.05,3.0,2008,5,Q2,1Fam,0
180690.274752587,1606,3,2.0,3,3.0,1598.0,8,9658,6,0,871.0,0.0,1598.0,1606,2006.0,230,60,383.0,5,IR1,0,20,70.0,26.11993393300743,50720.0,5.2,5.6,2009,7,Q3,1Fam,0
157699.907796437,1337,2,3.0,19,2.0,1337.0,8,5950,5,0,462.0,319.0,1018.0,1337,1989.0,0,73,0.0,5,IR1,0,120,65.0,27.363846269205577,50140.0,5.88,2.7,2008,4,Q2,TwnhsE,0
176000.0,1382,3,2.0,47,2.0,1362.0,6,19296,6,0,884.0,672.0,0.0,1382,1991.0,0,0,399.0,5,Reg,0,80,120.0,26.11993393300743,50720.0,4.85,5.0,2009,5,Q2,1Fam,0
195848.788183328,2656,3,3.5,0,3.0,1934.0,9,13641,8,713,1040.0,1304.0,630.0,1943,2007.0,268,58,456.0,5,Reg,0,60,107.0,29.102296283256685,48910.0,6.125,3.0,2007,12,Q4,1Fam,0
209834.383092536,2944,3,3.0,31,3.0,994.0,9,24572,9,1345,864.0,410.0,584.0,1599,1977.0,140,70,1050.0,3,IR1,0,60,68.0,27.363846269205577,50140.0,6.37,3.7,2008,6,Q2,1Fam,0
194700.0,1362,2,2.0,2,2.0,1362.0,6,7577,6,0,460.0,20.0,1342.0,1362,2005.0,192,28,256.0,5,IR1,0,120,61.0,29.102296283256685,48910.0,6.68,3.4,2007,6,Q2,TwnhsE,1
153000.0,1306,2,2.0,52,1.0,992.0,5,8712,5,0,756.0,860.0,132.0,1306,1968.0,0,0,0.0,7,IR1,0,20,64.0,26.11993393300743,50720.0,4.85,5.0,2009,5,Q2,1Fam,1
153353.334123901,1200,2,3.5,3,2.0,600.0,6,3180,5,600,480.0,390.0,210.0,600,2005.0,0,166,0.0,5,Reg,0,160,30.0,27.363846269205577,50140.0,6.05,3.0,2008,5,Q2,TwnhsE,0
230000.0,1852,3,2.5,9,3.0,1004.0,8,9066,7,848,660.0,668.0,336.0,1004,1999.0,224,106,320.0,5,IR1,0,60,73.0,27.363846269205577,50140.0,5.19,3.8,2008,12,Q4,1Fam,1
164280.776562049,926,2,2.0,32,1.0,902.0,6,9750,5,0,351.0,767.0,135.0,926,1977.0,319,0,0.0,6,Reg,0,85,75.0,26.11993393300743,50720.0,4.8,4.9,2009,4,Q2,1Fam,0
166505.984017547,1072,2,2.0,84,5.0,1072.0,5,8635,5,0,1184.0,134.0,938.0,1072,1982.0,0,0,0.0,5,Reg,0,30,50.0,26.11993393300743,50720.0,5.18,5.6,2009,8,Q3,1Fam,1
181722.420373045,1298,3,2.0,46,2.0,1250.0,5,11200,5,0,504.0,0.0,1250.0,1298,1964.0,0,144,0.0,3,IR1,0,20,68.0,25.221608273812684,49020.0,4.734999999999999,5.0,2010,6,Q2,1Fam,0
187500.0,1472,3,3.0,29,2.0,1372.0,7,14115,6,0,588.0,1036.0,336.0,1472,1980.0,233,48,225.0,5,Reg,0,80,68.0,26.11993393300743,50720.0,5.4,6.0,2009,6,Q2,1Fam,0
135000.0,1469,3,1.0,102,1.0,756.0,6,10320,7,713,216.0,0.0,756.0,756,1906.0,57,0,0.0,7,Reg,0,50,60.0,27.363846269205577,50140.0,6.37,3.7,2008,6,Q2,1Fam,1
183389.78131415,1187,3,2.0,15,2.0,1168.0,7,9556,6,0,420.0,0.0,1168.0,1187,1992.0,0,21,52.0,5,IR1,0,20,68.0,29.102296283256685,48910.0,6.59,3.0,2007,8,Q3,1Fam,1
175000.0,1446,3,3.0,12,2.0,729.0,7,21872,6,717,406.0,604.0,125.0,729,1996.0,264,22,0.0,5,IR2,0,60,57.0,27.363846269205577,50140.0,6.494999999999999,3.6,2008,8,Q3,1Fam,1
383970.0,2696,4,3.5,0,3.0,1264.0,7,9965,10,1414,792.0,984.0,280.0,1282,2007.0,120,184,220.0,5,Reg,168,60,77.0,29.102296283256685,48910.0,6.385,2.6,2007,10,Q4,1Fam,0
128000.0,1362,3,2.0,88,2.0,611.0,6,6155,6,611,502.0,0.0,611.0,751,1920.0,0,0,0.0,8,IR1,0,70,60.0,27.363846269205577,50140.0,6.37,3.7,2008,6,Q2,1Fam,1
386250.0,2392,3,2.0,6,3.0,2392.0,10,13472,8,0,968.0,56.0,2336.0,2392,2003.0,248,105,922.0,5,Reg,0,20,103.0,26.11993393300743,50720.0,5.4,6.0,2009,6,Q2,1Fam,0
135000.0,1470,4,2.0,54,1.0,941.0,4,8172,7,473,548.0,0.0,941.0,997,1958.0,0,0,0.0,6,Reg,156,50,60.0,27.363846269205577,50140.0,6.05,3.0,2008,5,Q2,1Fam,1
172465.707083115,1037,2,2.0,33,2.0,1037.0,5,10751,5,0,431.0,787.0,250.0,1037,1974.0,136,47,44.0,5,IR1,0,20,44.0,29.102296283256685,48910.0,6.59,3.0,2007,8,Q3,1Fam,0
157816.77461318,1038,2,2.0,23,1.0,1038.0,5,3869,5,0,264.0,283.0,0.0,1038,1984.0,0,105,149.0,6,Reg,0,120,39.0,29.102296283256685,48910.0,6.710000000000001,3.0,2007,7,Q3,TwnhsE,0
186500.0,1792,3,3.5,8,2.0,936.0,6,10261,8,830,451.0,0.0,936.0,962,2000.0,0,0,318.0,5,IR1,0,60,93.0,27.363846269205577,50140.0,6.05,3.0,2008,5,Q2,1Fam,0
175590.266214964,925,3,2.0,52,1.0,923.0,5,8400,5,0,390.0,793.0,130.0,925,1955.0,81,0,0.0,5,Reg,0,20,70.0,29.102296283256685,48910.0,6.16,2.9,2007,3,Q1,1Fam,0
142125.0,1078,2,2.0,60,1.0,1078.0,5,9717,5,0,240.0,49.0,0.0,1078,1950.0,366,0,0.0,6,Reg,0,20,68.0,25.221608273812684,49020.0,5.07,4.3,2010,4,Q2,1Fam,1
228684.245137946,3390,5,3.5,0,3.0,1528.0,10,18062,10,1862,758.0,0.0,1528.0,1528,2006.0,204,34,662.0,5,IR1,0,60,60.0,30.85894600589856,48130.0,6.415,2.6,2006,9,Q3,1Fam,0
213000.0,1775,3,3.5,16,2.0,740.0,7,9317,7,769,425.0,513.0,227.0,1006,1993.0,234,72,137.0,5,Reg,0,60,75.0,26.11993393300743,50720.0,5.2,5.6,2009,7,Q3,1Fam,0
130000.0,1709,3,2.0,2,2.0,970.0,7,2522,7,739,380.0,0.0,970.0,970,2004.0,0,40,50.0,5,Reg,0,160,24.0,30.85894600589856,48130.0,6.595,2.4,2006,5,Q2,Twnhs,0
150730.079976501,1280,2,2.0,18,2.0,1280.0,8,5005,5,0,506.0,263.0,1017.0,1280,1992.0,0,82,0.0,5,IR1,144,120,43.0,25.221608273812684,49020.0,5.025,5.5,2010,1,Q1,TwnhsE,0
143000.0,1144,3,2.0,47,1.0,1144.0,5,8163,6,0,796.0,748.0,102.0,1144,1959.0,86,0,128.0,6,Reg,0,80,70.0,30.85894600589856,48130.0,6.34,2.7,2006,3,Q1,1Fam,0
200973.129447888,1430,3,2.5,34,2.0,1430.0,6,19508,6,0,484.0,800.0,630.0,1430,1974.0,117,108,144.0,5,Reg,0,20,95.0,27.363846269205577,50140.0,6.37,3.6,2008,7,Q3,1Fam,0
153909.578271486,2522,1,3.0,5,2.0,2208.0,8,7296,8,0,564.0,1965.0,243.0,2522,2004.0,182,57,0.0,5,IR1,0,120,28.0,26.11993393300743,50720.0,4.87,4.6,2009,11,Q4,TwnhsE,1
155000.0,1125,2,1.5,1,2.0,1125.0,5,8536,5,0,430.0,0.0,1125.0,1125,2007.0,80,64,0.0,5,Reg,0,20,74.0,29.102296283256685,48910.0,6.17,2.8,2007,4,Q2,1Fam,1
143250.0,981,3,2.5,36,2.0,981.0,6,10530,5,0,576.0,282.0,664.0,981,1979.0,0,312,0.0,5,IR1,0,20,68.0,29.102296283256685,48910.0,6.16,2.9,2007,3,Q1,1Fam,0
180181.19673723,1498,3,2.0,4,3.0,1498.0,8,11645,7,0,844.0,24.0,1474.0,1498,2005.0,144,98,76.0,5,Reg,0,20,78.0,26.11993393300743,50720.0,5.005000000000001,5.2,2009,3,Q1,1Fam,1
140000.0,1717,3,2.0,91,3.0,756.0,7,9550,7,756,642.0,216.0,540.0,961,1998.0,0,35,0.0,5,IR1,0,70,60.0,30.85894600589856,48130.0,6.25,3.0,2006,2,Q1,1Fam,1
107400.0,1605,3,2.0,95,1.0,840.0,3,5790,8,765,379.0,0.0,840.0,840,1915.0,0,0,0.0,6,Reg,0,50,60.0,25.221608273812684,49020.0,4.885,4.3,2010,5,Q2,1Fam,1
164146.306037354,894,2,2.0,49,2.0,894.0,4,7436,5,0,396.0,734.0,160.0,894,1988.0,0,0,0.0,7,Reg,0,20,60.0,26.11993393300743,50720.0,5.18,5.6,2009,8,Q3,1Fam,0
146500.0,1644,3,1.5,65,1.0,728.0,5,9480,7,756,312.0,386.0,342.0,888,1942.0,168,0,224.0,7,Reg,0,70,79.0,29.102296283256685,48910.0,6.68,3.4,2007,6,Q2,1Fam,1
143000.0,1362,1,2.5,16,2.0,796.0,5,14115,5,566,480.0,732.0,64.0,796,1993.0,40,30,0.0,5,IR1,0,50,85.0,26.11993393300743,50720.0,4.94,4.4,2009,10,Q4,1Fam,1
186500.0,1553,3,2.5,1,2.0,756.0,7,8125,6,797,615.0,0.0,756.0,756,2005.0,0,45,0.0,5,Reg,0,60,65.0,30.85894600589856,48130.0,6.34,2.7,2006,3,Q1,1Fam,1
176500.0,1414,3,2.0,50,2.0,1184.0,6,11029,6,0,601.0,528.0,245.0,1414,1990.0,0,51,0.0,8,IR1,190,20,87.0,27.363846269205577,50140.0,6.05,3.0,2008,5,Q2,1Fam,1
125000.0,912,3,1.0,43,1.0,912.0,5,8521,5,0,336.0,842.0,70.0,912,1974.0,0,0,0.0,5,Reg,0,20,70.0,25.221608273812684,49020.0,4.885,4.3,2010,5,Q2,1Fam,0
110500.0,1103,2,1.0,81,2.0,1103.0,6,6000,5,0,440.0,397.0,706.0,1103,1976.0,166,120,0.0,6,Reg,0,30,50.0,30.85894600589856,48130.0,6.765000000000001,2.8,2006,7,Q3,1Fam,1
79000.0,1440,3,1.0,106,1.0,540.0,5,5000,6,551,352.0,0.0,540.0,889,1940.0,0,0,0.0,4,Reg,0,50,63.0,30.85894600589856,48130.0,6.51,2.4,2006,4,Q2,1Fam,1
177086.476441481,1040,3,2.5,39,2.0,1040.0,5,7476,5,0,686.0,812.0,228.0,1040,1991.0,188,0,0.0,7,Reg,0,20,84.0,29.102296283256685,48910.0,6.68,3.4,2007,6,Q2,1Fam,0
146000.0,1456,3,2.5,32,2.0,855.0,6,2280,7,601,440.0,311.0,544.0,855,1978.0,26,0,0.0,5,Reg,0,160,24.0,25.221608273812684,49020.0,4.57,4.7,2010,7,Q3,Twnhs,0
193514.330894137,1798,4,2.5,107,2.0,1075.0,4,9639,7,642,342.0,0.0,1075.0,1156,1935.0,0,0,0.0,8,Reg,0,70,57.0,29.102296283256685,48910.0,6.21,2.8,2007,5,Q2,1Fam,1
159738.292580329,985,2,1.5,90,2.0,576.0,4,7898,4,0,676.0,0.0,576.0,985,1989.0,0,0,0.0,7,Reg,0,30,65.0,25.221608273812684,49020.0,5.07,4.3,2010,4,Q2,1Fam,1
177508.027228367,1285,3,2.5,33,2.0,1243.0,6,9620,6,0,473.0,679.0,564.0,1285,1977.0,375,26,0.0,7,Reg,0,80,74.0,25.221608273812684,49020.0,4.885,4.3,2010,5,Q2,1Fam,0
189388.291715481,2826,3,3.5,14,3.0,1334.0,8,11025,9,1306,888.0,1118.0,216.0,1520,1992.0,177,208,692.0,5,Reg,0,60,105.0,30.85894600589856,48130.0,6.365,2.4,2006,10,Q4,1Fam,1
201016.171121215,2541,4,4.5,2,3.0,1149.0,8,12328,10,1377,729.0,986.0,163.0,1164,2005.0,120,32,146.0,5,IR1,0,60,98.0,29.102296283256685,48910.0,6.710000000000001,3.0,2007,7,Q3,1Fam,0
159027.118197683,1282,2,2.0,65,1.0,672.0,5,4484,4,504,240.0,485.0,187.0,778,1942.0,0,88,0.0,6,IR1,0,190,59.0,29.102296283256685,48910.0,6.710000000000001,3.0,2007,7,Q3,2fmCon,1
190170.382266827,1986,4,2.5,5,2.0,847.0,7,8396,9,1139,434.0,0.0,847.0,847,2003.0,120,48,196.0,5,IR1,0,60,68.0,27.363846269205577,50140.0,6.05,3.0,2008,5,Q2,1Fam,0
185645.475220346,1694,3,2.0,1,3.0,1694.0,8,11825,7,0,856.0,0.0,1694.0,1694,2006.0,0,112,302.0,5,Reg,0,20,91.0,29.102296283256685,48910.0,6.68,3.4,2007,6,Q2,1Fam,1
169543.240620935,1575,2,3.0,5,3.0,1603.0,8,10845,7,0,732.0,1149.0,454.0,1575,2003.0,216,28,504.0,5,IR1,0,20,92.0,27.363846269205577,50140.0,6.37,3.7,2008,6,Q2,1Fam,1
191507.251872857,2140,4,2.5,44,2.0,744.0,5,8970,7,1315,549.0,388.0,356.0,825,1965.0,0,40,0.0,6,IR1,0,60,68.0,26.11993393300743,50720.0,5.4,6.0,2009,6,Q2,1Fam,0
325000.0,1652,2,3.0,3,2.0,1652.0,9,13173,6,0,840.0,1572.0,80.0,1652,2006.0,404,102,300.0,5,IR1,0,20,108.0,26.11993393300743,50720.0,4.87,4.6,2009,11,Q4,1Fam,1
167839.376779276,1612,3,1.5,60,1.0,988.0,5,5830,7,582,363.0,788.0,200.0,1030,1950.0,0,0,0.0,6,Reg,0,50,53.0,25.221608273812684,49020.0,4.965,5.2,2010,3,Q1,1Fam,1
135000.0,980,3,1.0,32,2.0,980.0,5,7064,6,0,484.0,560.0,420.0,980,1986.0,192,0,153.0,6,Reg,0,20,71.0,26.11993393300743,50720.0,5.2,5.6,2009,7,Q3,1Fam,0
175569.690441774,845,3,1.0,26,1.0,845.0,5,6600,6,0,264.0,638.0,207.0,845,1982.0,0,0,0.0,6,Reg,0,20,60.0,27.363846269205577,50140.0,6.37,3.6,2008,7,Q3,1Fam,1
198822.198942566,2349,4,3.5,17,3.0,1231.0,8,13143,9,1098,762.0,250.0,0.0,1251,1993.0,32,130,504.0,5,IR1,0,60,85.0,25.221608273812684,49020.0,4.734999999999999,5.0,2010,6,Q2,1Fam,0
136900.0,1855,4,2.0,52,1.0,994.0,6,9525,7,639,325.0,444.0,550.0,1216,1954.0,182,0,0.0,4,Reg,0,50,75.0,30.85894600589856,48130.0,6.365,2.4,2006,10,Q4,1Fam,1
625000.0,3627,4,4.5,11,3.0,1930.0,10,35760,10,1796,807.0,1387.0,543.0,1831,1995.0,361,76,1378.0,5,IR1,0,60,118.0,30.85894600589856,48130.0,6.765000000000001,2.8,2006,7,Q3,1Fam,1
94500.0,987,2,1.5,34,1.0,483.0,6,1680,5,504,288.0,0.0,483.0,483,1972.0,0,0,297.0,5,Reg,0,160,21.0,30.85894600589856,48130.0,6.67,3.1,2006,6,Q2,Twnhs,0
180000.0,2207,3,3.0,40,2.0,1947.0,7,19900,7,0,576.0,912.0,1035.0,2207,1970.0,301,0,287.0,5,Reg,0,20,68.0,25.221608273812684,49020.0,4.57,4.7,2010,7,Q3,1Fam,1
170588.771929588,1102,2,2.0,26,2.0,988.0,6,10464,5,0,582.0,850.0,138.0,1102,1980.0,140,22,130.0,6,IR1,0,85,68.0,30.85894600589856,48130.0,6.67,3.1,2006,6,Q2,1Fam,0
181510.375176825,1044,3,2.0,40,2.0,912.0,5,10180,5,0,372.0,744.0,168.0,1044,1990.0,200,48,0.0,6,IR1,0,20,78.0,27.363846269205577,50140.0,6.37,3.7,2008,6,Q2,1Fam,0
188000.0,1724,3,2.5,10,2.0,880.0,7,8924,8,844,527.0,0.0,880.0,880,1998.0,120,155,0.0,5,IR1,0,60,57.0,27.363846269205577,50140.0,6.37,3.6,2008,7,Q3,1Fam,1
84500.0,754,2,2.0,71,0.0,520.0,6,6780,5,0,0.0,490.0,30.0,520,1979.0,53,0,0.0,8,Reg,0,190,60.0,30.85894600589856,48130.0,6.67,3.1,2006,6,Q2,2fmCon,1
177473.606564978,1236,3,3.0,83,1.0,768.0,6,7006,6,448,384.0,121.0,647.0,788,1985.0,0,0,0.0,6,Reg,0,50,62.0,27.363846269205577,50140.0,6.494999999999999,3.6,2008,8,Q3,1Fam,1
165400.0,1656,3,2.5,5,2.0,746.0,7,6931,7,896,397.0,0.0,746.0,760,2003.0,178,128,92.0,5,Reg,0,60,60.0,27.363846269205577,50140.0,6.37,3.6,2008,7,Q3,1Fam,1
178003.582312015,1040,3,1.5,54,1.0,1040.0,6,7942,6,0,293.0,85.0,0.0,1040,1953.0,0,0,0.0,7,Reg,0,20,68.0,29.102296283256685,48910.0,6.68,3.4,2007,6,Q2,1Fam,0
202487.010170501,2649,4,3.5,7,3.0,1479.0,8,16900,10,1134,746.0,1075.0,404.0,1515,2001.0,0,60,1110.0,5,Reg,0,60,130.0,27.363846269205577,50140.0,5.69,3.3,2008,1,Q1,1Fam,1
207348.811884535,2154,5,2.5,43,2.0,845.0,6,8800,8,1309,539.0,414.0,431.0,845,1964.0,0,0,306.0,7,Reg,161,60,80.0,29.102296283256685,48910.0,6.710000000000001,3.0,2007,7,Q3,1Fam,1
148103.867006579,1321,1,2.0,17,2.0,1312.0,8,5118,4,0,484.0,926.0,386.0,1321,1990.0,0,64,0.0,5,IR1,0,120,35.0,29.102296283256685,48910.0,6.59,3.0,2007,8,Q3,TwnhsE,0
157950.170625222,876,2,1.0,57,2.0,876.0,5,7200,5,0,576.0,432.0,444.0,876,1972.0,0,0,0.0,7,Reg,0,20,60.0,27.363846269205577,50140.0,5.88,3.1,2008,2,Q1,1Fam,0
132500.0,999,3,2.0,45,1.0,999.0,5,7758,6,0,264.0,588.0,411.0,999,1963.0,0,132,0.0,7,IR1,0,20,68.0,29.102296283256685,48910.0,6.16,2.9,2007,3,Q1,1Fam,1
153999.100311019,1055,2,2.5,34,2.0,1057.0,7,2280,4,0,440.0,435.0,0.0,1055,1975.0,0,27,0.0,5,Reg,0,120,24.0,26.11993393300743,50720.0,5.18,5.6,2009,8,Q3,Twnhs,0
164210.746523801,1092,3,1.5,37,0.0,546.0,4,1495,5,546,0.0,384.0,162.0,546,1979.0,0,64,189.0,6,Reg,0,160,21.0,29.102296283256685,48910.0,6.21,2.8,2007,5,Q2,TwnhsE,0
192439.536044606,1160,3,2.0,40,1.0,1113.0,5,17979,6,0,257.0,785.0,328.0,1160,1968.0,81,0,0.0,6,IR1,0,20,68.0,27.363846269205577,50140.0,5.88,3.1,2008,2,Q1,1Fam,0
185299.601552401,1528,3,4.0,0,2.0,1528.0,7,9965,6,0,480.0,0.0,1528.0,1528,2007.0,0,228,0.0,5,Reg,0,20,85.0,29.102296283256685,48910.0,6.38,2.8,2007,9,Q3,1Fam,0
172154.713310956,1062,3,2.0,55,1.0,1062.0,6,8128,6,0,297.0,490.0,572.0,1062,1954.0,0,0,80.0,7,IR1,0,20,53.0,26.11993393300743,50720.0,5.115,5.1,2009,2,Q1,1Fam,0
238000.0,2127,4,3.5,16,3.0,1104.0,7,13125,8,1215,833.0,48.0,422.0,912,1991.0,72,192,0.0,5,IR1,0,60,103.0,29.102296283256685,48910.0,6.24,2.6,2007,11,Q4,1Fam,0
184534.676687694,1193,3,2.0,34,2.0,1176.0,7,11050,5,0,506.0,636.0,540.0,1193,1975.0,40,0,0.0,5,IR1,0,20,85.0,26.11993393300743,50720.0,5.18,5.6,2009,8,Q3,1Fam,0
167500.0,1264,3,2.0,50,2.0,1268.0,5,9300,6,0,461.0,697.0,571.0,1264,1960.0,0,0,324.0,5,Reg,143,20,73.0,25.221608273812684,49020.0,5.07,4.3,2010,4,Q2,1Fam,0
160000.0,1928,5,2.0,90,0.0,686.0,5,7082,10,980,0.0,0.0,686.0,948,1979.0,0,0,0.0,8,Reg,0,190,68.0,30.85894600589856,48130.0,6.765000000000001,2.8,2006,7,Q3,2fmCon,1
178000.0,1593,3,2.5,17,2.0,808.0,6,9636,7,785,389.0,0.0,808.0,808,1993.0,342,40,0.0,5,IR1,0,60,68.0,26.11993393300743,50720.0,4.94,5.1,2009,12,Q4,1Fam,1
167900.0,1334,2,2.5,32,2.0,1350.0,6,9650,6,0,630.0,686.0,664.0,1334,1977.0,0,16,360.0,5,Reg,0,20,80.0,26.11993393300743,50720.0,4.8,4.9,2009,4,Q2,1Fam,0
175332.239869971,1092,3,1.5,33,2.0,525.0,6,2760,6,567,440.0,0.0,525.0,525,1973.0,0,0,514.0,5,Reg,0,160,24.0,30.85894600589856,48130.0,6.125,2.5,2006,12,Q4,TwnhsE,0
190000.0,1574,3,3.5,30,2.0,796.0,6,18800,6,784,566.0,712.0,84.0,790,1976.0,306,111,120.0,5,IR1,0,60,68.0,30.85894600589856,48130.0,6.765000000000001,2.8,2006,7,Q3,1Fam,0
189432.689844522,1716,4,2.0,93,2.0,810.0,6,9144,8,546,672.0,0.0,810.0,1170,1970.0,0,195,0.0,4,Reg,0,50,60.0,27.363846269205577,50140.0,5.95,3.0,2008,3,Q1,1Fam,1
306000.0,1704,3,3.0,3,3.0,1704.0,8,11478,7,0,772.0,1218.0,486.0,1704,2008.0,0,50,200.0,5,Reg,0,20,98.0,25.221608273812684,49020.0,4.885,4.3,2010,5,Q2,1Fam,1
440000.0,1976,2,3.0,1,3.0,1976.0,8,14977,7,0,908.0,1350.0,626.0,1976,2006.0,250,63,304.0,5,IR1,0,20,110.0,29.102296283256685,48910.0,6.710000000000001,3.0,2007,7,Q3,1Fam,1
176000.0,1266,3,2.0,1,2.0,1257.0,7,7500,6,0,453.0,0.0,1257.0,1266,2005.0,38,144,0.0,5,Reg,0,20,62.0,30.85894600589856,48130.0,6.51,2.4,2006,4,Q2,1Fam,0
120500.0,864,3,1.0,39,2.0,864.0,4,6960,5,0,660.0,375.0,250.0,864,1989.0,96,0,0.0,6,Reg,0,20,60.0,26.11993393300743,50720.0,4.87,4.6,2009,11,Q4,1Fam,0
180500.0,1425,3,2.0,44,2.0,1425.0,6,10175,7,0,576.0,490.0,935.0,1425,1964.0,0,0,272.0,5,IR1,0,20,100.0,27.363846269205577,50140.0,6.37,3.6,2008,7,Q3,1Fam,0
85000.0,796,2,1.0,98,0.0,796.0,5,8777,4,0,0.0,0.0,796.0,796,1979.0,328,0,0.0,7,Reg,0,30,67.0,27.363846269205577,50140.0,6.05,3.0,2008,5,Q2,1Fam,1
205000.0,1541,3,2.0,5,3.0,1541.0,7,13704,6,0,843.0,0.0,1541.0,1541,2001.0,468,81,150.0,5,IR1,0,20,118.0,30.85894600589856,48130.0,6.135,3.1,2006,1,Q1,1Fam,1
210820.115134931,1680,4,2.0,12,2.0,1680.0,4,17871,7,0,628.0,0.0,1680.0,1680,1996.0,152,0,0.0,5,IR2,0,20,68.0,29.102296283256685,48910.0,6.68,3.4,2007,6,Q2,1Fam,1
162000.0,1395,3,2.0,37,2.0,723.0,6,12936,6,660,497.0,593.0,130.0,735,1972.0,294,116,0.0,6,IR1,0,60,68.0,26.11993393300743,50720.0,4.94,5.1,2009,12,Q4,1Fam,0
194297.789279905,1718,4,2.5,80,2.0,851.0,7,7230,8,851,264.0,0.0,851.0,867,1927.0,291,0,0.0,7,Reg,153,70,60.0,29.102296283256685,48910.0,6.385,2.6,2007,10,Q4,1Fam,1
165150.0,1790,4,3.0,34,2.0,732.0,6,10400,8,778,484.0,247.0,485.0,1012,1972.0,148,0,288.0,5,Reg,147,60,80.0,30.85894600589856,48130.0,6.24,2.4,2006,11,Q4,1Fam,0
183683.590595324,1337,3,2.0,58,1.0,572.0,5,9600,7,0,264.0,32.0,232.0,1337,1950.0,0,192,0.0,8,Reg,0,20,80.0,27.363846269205577,50140.0,6.01,3.0,2008,9,Q3,1Fam,1
227000.0,1573,3,3.0,7,2.0,1573.0,7,9808,6,0,544.0,788.0,785.0,1573,2002.0,0,72,110.0,5,IR1,0,20,67.0,26.11993393300743,50720.0,5.005000000000001,5.2,2009,3,Q1,1Fam,0
84900.0,930,2,1.0,64,1.0,0.0,4,11100,6,0,308.0,0.0,0.0,930,1946.0,0,0,0.0,7,Reg,0,20,60.0,25.221608273812684,49020.0,5.07,4.3,2010,4,Q2,1Fam,1
377426.0,1922,3,3.0,2,3.0,1922.0,9,14157,8,0,676.0,1249.0,673.0,1922,2005.0,178,51,200.0,5,IR1,0,20,86.0,29.102296283256685,48910.0,6.710000000000001,3.0,2007,7,Q3,1Fam,1
249700.0,1656,3,2.0,1,3.0,1656.0,8,11096,7,0,826.0,24.0,1632.0,1656,2006.0,0,146,0.0,5,Reg,0,20,84.0,29.102296283256685,48910.0,6.710000000000001,3.0,2007,7,Q3,1Fam,0
100000.0,1047,2,1.0,122,1.0,641.0,4,10800,6,0,273.0,0.0,641.0,1047,1954.0,0,0,0.0,7,Reg,0,30,60.0,29.102296283256685,48910.0,6.59,3.0,2007,8,Q3,1Fam,1
126000.0,990,3,1.0,13,1.0,990.0,5,8775,5,0,299.0,495.0,495.0,990,1996.0,0,64,0.0,5,Reg,0,20,65.0,29.102296283256685,48910.0,6.17,2.8,2007,4,Q2,1Fam,0
80000.0,924,2,2.0,69,1.0,672.0,4,12180,5,252,280.0,348.0,324.0,672,1941.0,0,0,0.0,4,Reg,0,190,60.0,25.221608273812684,49020.0,4.57,4.7,2010,7,Q3,2fmCon,1
158608.749069322,1266,2,2.0,0,2.0,1266.0,7,3710,6,0,388.0,0.0,1266.0,1266,2007.0,100,16,16.0,5,Reg,0,20,53.0,29.102296283256685,48910.0,6.59,3.0,2007,8,Q3,1Fam,0
145286.278144089,892,1,2.0,86,0.0,858.0,4,5160,5,0,0.0,749.0,46.0,892,1979.0,0,0,0.0,6,Reg,160,85,86.0,26.11993393300743,50720.0,5.2,5.6,2009,7,Q3,1Fam,1
191642.223478994,2061,4,3.0,35,2.0,1165.0,7,9600,8,896,498.0,698.0,467.0,1165,1974.0,0,77,252.0,5,Reg,196,60,80.0,26.11993393300743,50720.0,4.85,5.0,2009,5,Q2,1Fam,0
119500.0,950,3,1.0,36,1.0,950.0,5,9758,5,0,280.0,412.0,251.0,950,1981.0,0,0,0.0,5,IR1,0,20,61.0,29.102296283256685,48910.0,6.710000000000001,3.0,2007,7,Q3,1Fam,0
175470.149087545,1950,2,3.0,1,3.0,1950.0,9,14418,7,0,706.0,1375.0,575.0,1950,2007.0,156,207,480.0,5,IR1,0,20,104.0,27.363846269205577,50140.0,6.05,3.0,2008,5,Q2,1Fam,0
184750.0,4676,3,4.5,0,3.0,3138.0,10,40094,11,1538,884.0,2260.0,878.0,3138,2007.0,208,406,762.0,5,IR1,0,60,130.0,29.102296283256685,48910.0,6.385,2.6,2007,10,Q4,1Fam,1
119000.0,804,2,2.0,70,1.0,788.0,5,7200,4,0,240.0,510.0,278.0,804,1940.0,0,0,294.0,7,Reg,0,30,60.0,25.221608273812684,49020.0,4.99,5.3,2010,2,Q1,1Fam,1
164200.595496827,1341,1,2.5,8,2.0,1341.0,8,17227,5,0,482.0,915.0,426.0,1341,1999.0,240,84,158.0,5,IR2,0,20,73.0,29.102296283256685,48910.0,6.220000000000001,3.0,2007,1,Q1,1Fam,1
151000.0,1200,2,2.5,6,2.0,600.0,7,3182,4,600,480.0,0.0,600.0,600,2004.0,0,172,0.0,5,Reg,0,160,30.0,25.221608273812684,49020.0,4.734999999999999,5.0,2010,6,Q2,TwnhsE,1
165845.938616539,1468,2,3.0,5,2.0,1468.0,6,10440,6,0,528.0,1414.0,54.0,1468,2005.0,0,102,0.0,5,Reg,216,20,84.0,25.221608273812684,49020.0,4.885,4.3,2010,5,Q2,1Fam,0
189122.67702416,1816,3,3.0,1,3.0,1790.0,9,12469,7,0,730.0,1151.0,639.0,1816,2007.0,186,36,378.0,5,Reg,0,20,96.0,29.102296283256685,48910.0,6.59,3.0,2007,8,Q3,1Fam,1
158000.0,1158,3,2.5,2,2.0,1158.0,6,13072,5,0,576.0,941.0,217.0,1158,2006.0,0,50,0.0,5,Reg,0,20,63.0,30.85894600589856,48130.0,6.595,2.4,2006,5,Q2,1Fam,0
178100.589622319,1889,3,2.5,6,2.0,982.0,6,8658,9,881,431.0,732.0,250.0,1008,2000.0,0,0,0.0,5,IR1,0,60,68.0,30.85894600589856,48130.0,6.51,2.4,2006,4,Q2,1Fam,0
103600.0,1369,3,3.0,84,1.0,672.0,6,6629,6,672,300.0,551.0,121.0,697,1930.0,147,0,0.0,6,Reg,0,70,54.0,26.11993393300743,50720.0,5.2,5.6,2009,7,Q3,1Fam,1
163500.0,964,2,2.0,88,2.0,876.0,5,13360,5,0,432.0,713.0,163.0,964,1921.0,0,0,0.0,7,IR1,0,30,80.0,26.11993393300743,50720.0,5.18,5.6,2009,8,Q3,1Fam,1
129000.0,2380,3,2.5,42,2.0,1021.0,6,18450,7,915,596.0,187.0,111.0,1465,1965.0,0,265,113.0,5,IR1,0,60,68.0,29.102296283256685,48910.0,6.59,3.0,2007,8,Q3,1Fam,1
175127.59621604,1602,3,3.0,2,3.0,1578.0,8,10200,7,0,810.0,1478.0,100.0,1602,2007.0,0,48,180.0,5,Reg,195,20,85.0,26.11993393300743,50720.0,5.055,5.0,2009,1,Q1,1Fam,0
228500.0,1982,3,2.5,18,2.0,807.0,7,11287,7,807,575.0,421.0,386.0,1175,1989.0,0,84,340.0,6,Reg,0,60,82.0,29.102296283256685,48910.0,6.220000000000001,3.0,2007,1,Q1,1Fam,0
175011.481953462,1512,3,2.0,5,3.0,1512.0,8,10141,6,0,845.0,516.0,222.0,1512,2004.0,210,36,264.0,5,IR1,0,20,76.0,26.11993393300743,50720.0,5.055,5.0,2009,1,Q1,1Fam,0
280000.0,1924,3,3.5,8,2.0,1086.0,8,12011,7,838,592.0,956.0,130.0,1086,1998.0,208,75,530.0,5,IR1,374,60,78.0,30.85894600589856,48130.0,6.67,3.1,2006,6,Q2,1Fam,0
135000.0,1236,3,1.0,45,1.0,912.0,5,6993,6,0,288.0,465.0,447.0,1236,1961.0,0,0,0.0,7,Reg,0,20,65.0,30.85894600589856,48130.0,6.67,3.1,2006,6,Q2,1Fam,1
179136.097888261,1604,3,2.5,10,2.0,926.0,6,9535,7,678,472.0,851.0,75.0,926,1998.0,100,82,0.0,5,IR1,0,60,59.0,27.363846269205577,50140.0,6.05,3.0,2008,5,Q2,1Fam,0
176882.693978902,1651,3,2.5,9,2.0,831.0,7,8390,7,778,450.0,0.0,831.0,873,1999.0,0,103,0.0,5,IR1,0,60,77.0,27.363846269205577,50140.0,6.05,3.0,2008,5,Q2,1Fam,0
158762.648504781,816,2,1.5,25,1.0,816.0,5,6490,4,0,264.0,534.0,282.0,816,1983.0,315,0,0.0,7,Reg,0,20,59.0,27.363846269205577,50140.0,5.88,2.7,2008,4,Q2,1Fam,0
127500.0,864,2,1.0,50,1.0,864.0,6,9100,5,0,300.0,612.0,252.0,864,2008.0,0,0,0.0,6,Reg,0,20,70.0,26.11993393300743,50720.0,4.94,4.4,2009,10,Q4,1Fam,0
177801.266806344,2037,3,2.5,12,2.0,672.0,7,10541,8,735,472.0,0.0,672.0,1302,1996.0,100,33,0.0,5,IR1,0,80,85.0,27.363846269205577,50140.0,5.88,3.1,2008,2,Q1,1Fam,0
168322.342441945,960,2,2.0,48,1.0,960.0,5,6400,4,0,392.0,77.0,52.0,960,1959.0,144,0,0.0,7,Reg,0,20,64.0,29.102296283256685,48910.0,6.125,3.0,2007,12,Q4,1Fam,1
144000.0,884,2,2.0,24,2.0,840.0,5,9180,5,0,504.0,747.0,0.0,884,1983.0,240,0,0.0,7,IR1,0,85,68.0,29.102296283256685,48910.0,6.125,3.0,2007,12,Q4,1Fam,0
181943.343613558,2161,3,2.5,7,2.0,1257.0,7,10400,8,871,570.0,0.0,1257.0,1290,2001.0,0,84,227.0,5,Reg,0,60,68.0,27.363846269205577,50140.0,6.37,3.7,2008,6,Q2,1Fam,0
110000.0,1284,2,1.5,62,1.0,720.0,5,3500,5,564,240.0,312.0,408.0,720,1948.0,0,35,0.0,7,Reg,0,50,50.0,26.11993393300743,50720.0,4.8,4.9,2009,4,Q2,1Fam,1
164167.518301885,1456,3,2.5,35,2.0,855.0,6,2280,6,601,440.0,514.0,341.0,855,1975.0,173,0,0.0,6,Reg,0,160,24.0,25.221608273812684,49020.0,4.734999999999999,5.0,2010,6,Q2,Twnhs,0
188323.861214226,1627,4,2.0,108,2.0,797.0,5,9142,10,797,420.0,0.0,797.0,830,1950.0,192,0,0.0,5,Reg,0,190,69.0,27.363846269205577,50140.0,5.88,3.1,2008,2,Q1,2fmCon,1
80000.0,747,2,1.0,65,1.0,747.0,4,4608,4,0,220.0,0.0,747.0,747,1945.0,0,0,0.0,6,Reg,0,30,47.0,25.221608273812684,49020.0,4.734999999999999,5.0,2010,6,Q2,1Fam,1
175588.618271096,1772,3,3.5,11,2.0,928.0,6,8750,7,844,492.0,606.0,322.0,928,1998.0,150,96,120.0,5,Reg,0,60,70.0,26.11993393300743,50720.0,4.8,4.9,2009,4,Q2,1Fam,0
176489.659740359,1495,3,2.5,1,2.0,738.0,6,8857,7,757,440.0,0.0,738.0,738,2006.0,100,30,0.0,5,IR1,0,60,62.0,29.102296283256685,48910.0,6.16,2.9,2007,3,Q1,1Fam,0
171000.0,1959,5,3.0,18,3.0,1907.0,7,11070,9,0,766.0,0.0,1907.0,1959,1989.0,0,0,70.0,5,Reg,0,90,82.0,30.85894600589856,48130.0,6.765000000000001,2.8,2006,7,Q3,Duplex,1
143500.0,1285,3,1.5,30,2.0,660.0,6,8197,7,0,528.0,0.0,660.0,1285,1977.0,138,0,148.0,5,Reg,0,20,71.0,29.102296283256685,48910.0,6.17,2.8,2007,4,Q2,1Fam,0
180664.118686848,1445,3,2.0,4,2.0,1445.0,7,9750,6,0,470.0,24.0,1421.0,1445,2004.0,0,35,50.0,5,Reg,0,20,75.0,27.363846269205577,50140.0,6.37,3.7,2008,6,Q2,1Fam,0
148409.806476335,768,1,1.0,78,2.0,768.0,6,6291,4,0,440.0,0.0,768.0,768,1930.0,0,0,0.0,6,IR1,0,30,68.0,27.363846269205577,50140.0,6.37,3.6,2008,7,Q3,1Fam,1
179400.0,1501,3,2.5,9,2.0,744.0,7,2280,6,744,440.0,549.0,195.0,757,1999.0,0,0,360.0,5,Reg,0,160,24.0,27.363846269205577,50140.0,6.494999999999999,3.6,2008,8,Q3,Twnhs,0
248000.0,2285,4,2.5,7,3.0,969.0,8,11000,8,1288,648.0,0.0,969.0,997,2000.0,0,56,72.0,5,Reg,0,60,68.0,29.102296283256685,48910.0,6.68,3.4,2007,6,Q2,1Fam,0
213490.0,1506,2,2.0,1,2.0,1362.0,7,3013,6,0,440.0,16.0,1346.0,1506,2005.0,142,20,145.0,5,Reg,0,120,43.0,30.85894600589856,48130.0,6.51,2.4,2006,4,Q2,TwnhsE,0
186537.246201062,1820,3,2.5,12,3.0,910.0,7,11050,8,910,816.0,0.0,910.0,910,1996.0,318,32,0.0,5,Reg,0,60,68.0,27.363846269205577,50140.0,6.01,3.0,2008,9,Q3,1Fam,1
127500.0,1355,4,3.0,68,0.0,644.0,5,10106,6,547,0.0,351.0,112.0,808,1979.0,140,0,0.0,7,Reg,0,190,62.0,27.363846269205577,50140.0,6.01,3.0,2008,9,Q3,2fmCon,1
180000.0,1668,3,2.5,4,2.0,840.0,7,11317,8,828,500.0,0.0,840.0,840,2003.0,144,68,101.0,5,Reg,0,60,72.0,29.102296283256685,48910.0,6.38,2.8,2007,9,Q3,1Fam,0
132500.0,954,3,1.0,30,2.0,911.0,5,10780,6,0,576.0,483.0,428.0,954,1976.0,0,0,0.0,5,IR1,0,80,55.0,30.85894600589856,48130.0,6.765000000000001,2.8,2006,7,Q3,1Fam,0
181594.678867334,984,3,2.0,45,1.0,984.0,5,9100,5,0,384.0,53.0,132.0,984,1963.0,145,56,0.0,5,Reg,0,20,70.0,27.363846269205577,50140.0,6.494999999999999,3.6,2008,8,Q3,1Fam,0
190000.0,1888,2,2.5,44,2.0,1517.0,6,16492,6,0,578.0,247.0,557.0,1888,1966.0,0,0,0.0,6,IR1,0,20,137.0,25.221608273812684,49020.0,4.734999999999999,5.0,2010,6,Q2,1Fam,1
177500.0,1573,3,2.5,10,2.0,756.0,6,2117,5,804,440.0,378.0,378.0,769,2000.0,0,32,216.0,5,Reg,0,160,68.0,25.221608273812684,49020.0,4.734999999999999,5.0,2010,6,Q2,Twnhs,0
162820.928264556,1188,1,2.0,52,2.0,988.0,6,14175,4,0,621.0,776.0,212.0,1188,1956.0,102,89,0.0,8,Reg,0,20,88.0,27.363846269205577,50140.0,6.37,3.7,2008,6,Q2,1Fam,0
176500.0,1632,3,2.5,8,2.0,935.0,7,9084,8,677,462.0,0.0,935.0,955,1998.0,0,28,0.0,5,IR1,0,60,63.0,30.85894600589856,48130.0,6.67,3.1,2006,6,Q2,1Fam,0
175122.810326699,1590,2,3.5,1,3.0,1570.0,8,11645,6,0,754.0,1122.0,448.0,1590,2005.0,176,80,198.0,5,Reg,0,20,78.0,30.85894600589856,48130.0,6.52,2.6,2006,8,Q3,1Fam,1
152889.520990566,1079,2,1.0,60,1.0,570.0,7,5190,5,462,249.0,0.0,570.0,617,1948.0,135,0,0.0,5,Reg,0,50,50.0,27.363846269205577,50140.0,5.69,3.3,2008,1,Q1,1Fam,1
81000.0,630,1,2.0,36,0.0,630.0,4,1890,3,0,0.0,495.0,135.0,630,1979.0,88,0,0.0,7,Reg,0,180,21.0,27.363846269205577,50140.0,6.37,3.7,2008,6,Q2,Twnhs,0
146968.379365095,808,1,1.0,63,1.0,0.0,5,6120,6,0,164.0,0.0,0.0,808,1925.0,0,48,0.0,6,Reg,0,30,68.0,27.363846269205577,50140.0,6.37,3.7,2008,6,Q2,1Fam,1
164500.0,1320,3,2.0,40,2.0,1164.0,5,11777,6,0,564.0,328.0,285.0,1320,1966.0,160,68,97.0,6,IR1,0,80,96.0,30.85894600589856,48130.0,6.595,2.4,2006,5,Q2,1Fam,0
176713.19307219,1647,3,2.0,54,1.0,1105.0,4,9532,6,0,280.0,595.0,156.0,1647,1953.0,225,0,0.0,6,Reg,0,20,75.0,29.102296283256685,48910.0,6.29,3.0,2007,2,Q1,1Fam,0
187323.318406165,1326,3,2.0,0,2.0,1326.0,6,11660,6,0,427.0,0.0,1326.0,1326,2006.0,100,0,0.0,5,IR1,0,20,102.0,30.85894600589856,48130.0,6.765000000000001,2.8,2006,7,Q3,1Fam,0
182492.037566236,1383,2,1.0,55,2.0,0.0,4,15635,6,0,498.0,0.0,0.0,1383,1980.0,0,0,0.0,5,IR1,110,20,68.0,26.11993393300743,50720.0,4.94,4.4,2009,10,Q4,1Fam,0
215200.0,1547,3,2.5,1,2.0,756.0,7,8640,7,783,614.0,24.0,732.0,764,2009.0,169,45,0.0,5,Reg,0,60,72.0,25.221608273812684,49020.0,4.734999999999999,5.0,2010,6,Q2,1Fam,0
191000.0,1479,3,2.0,9,2.0,1468.0,7,9382,6,0,577.0,0.0,1468.0,1479,1999.0,120,25,125.0,5,IR1,0,20,93.0,27.363846269205577,50140.0,6.37,3.6,2008,7,Q3,1Fam,1
89500.0,987,2,1.5,37,1.0,483.0,6,1680,5,504,264.0,358.0,125.0,483,1971.0,0,0,604.0,3,Reg,0,160,21.0,27.363846269205577,50140.0,6.494999999999999,3.6,2008,8,Q3,TwnhsE,0
195174.031139141,2439,4,3.5,6,2.0,1531.0,8,12728,7,908,560.0,1198.0,333.0,1531,2001.0,184,121,256.0,5,Reg,0,60,68.0,29.102296283256685,48910.0,6.220000000000001,3.0,2007,1,Q1,1Fam,0
158163.720929772,1455,2,3.0,5,3.0,1415.0,7,3940,6,0,644.0,1073.0,342.0,1455,2003.0,156,20,143.0,5,Reg,144,120,68.0,27.363846269205577,50140.0,6.494999999999999,3.6,2008,8,Q3,TwnhsE,0
179500.0,2192,4,2.5,69,1.0,720.0,5,8400,8,720,240.0,378.0,342.0,1052,1939.0,262,24,0.0,8,Reg,0,75,60.0,27.363846269205577,50140.0,6.37,3.6,2008,7,Q3,1Fam,1
134900.0,858,2,2.0,27,2.0,858.0,5,7252,5,0,576.0,685.0,173.0,858,1983.0,120,0,0.0,5,IR1,0,85,68.0,26.11993393300743,50720.0,4.8,4.9,2009,4,Q2,1Fam,0
182873.903794044,990,3,2.0,14,2.0,990.0,5,9750,5,0,528.0,722.0,268.0,990,1997.0,168,0,0.0,7,Reg,0,20,65.0,27.363846269205577,50140.0,6.494999999999999,3.6,2008,8,Q3,1Fam,0
119000.0,904,2,1.0,83,1.0,884.0,6,6000,4,0,180.0,0.0,884.0,904,1926.0,0,0,0.0,7,Reg,0,45,50.0,26.11993393300743,50720.0,5.055,5.0,2009,1,Q1,1Fam,1
257500.0,1839,3,3.0,50,2.0,1477.0,6,14442,7,0,416.0,1186.0,291.0,1839,1957.0,0,87,106.0,7,Reg,200,20,110.0,29.102296283256685,48910.0,6.68,3.4,2007,6,Q2,1Fam,1
277000.0,2144,4,2.5,49,2.0,1444.0,6,159000,7,700,389.0,697.0,747.0,1444,1958.0,0,98,472.0,7,IR2,0,50,68.0,29.102296283256685,48910.0,6.68,3.4,2007,6,Q2,1Fam,1
176450.548582099,1512,3,3.0,83,1.0,798.0,8,7609,7,714,180.0,406.0,392.0,798,1925.0,85,16,0.0,9,Reg,0,70,54.0,27.363846269205577,50140.0,6.37,3.7,2008,6,Q2,1Fam,1
156705.730169433,1433,1,2.5,23,2.0,1433.0,7,11980,4,0,528.0,1433.0,0.0,1433,1987.0,0,278,177.0,5,Reg,266,20,83.0,25.221608273812684,49020.0,4.734999999999999,5.0,2010,6,Q2,1Fam,0
159448.670848577,1126,2,2.0,24,2.0,1060.0,5,7400,5,0,506.0,104.0,0.0,1126,1984.0,178,0,0.0,5,IR1,0,85,68.0,27.363846269205577,50140.0,5.95,3.0,2008,3,Q1,1Fam,0
223581.758190888,1800,6,2.0,47,0.0,1800.0,5,8513,10,0,0.0,0.0,1800.0,1800,1979.0,0,0,0.0,5,Reg,0,90,113.0,27.363846269205577,50140.0,6.09,3.1,2008,11,Q4,Duplex,0
172532.757660882,1044,3,2.0,31,2.0,960.0,6,6285,7,0,528.0,504.0,456.0,1044,1976.0,228,0,0.0,6,Reg,0,80,65.0,29.102296283256685,48910.0,6.17,2.8,2007,4,Q2,1Fam,0
171895.936275806,864,3,1.5,49,1.0,864.0,5,5400,6,0,399.0,453.0,411.0,864,1958.0,0,0,0.0,5,Reg,0,20,60.0,29.102296283256685,48910.0,6.21,2.8,2007,5,Q2,1Fam,0
178998.337067854,1456,3,2.5,1,2.0,728.0,6,10237,8,728,390.0,0.0,728.0,728,2005.0,0,24,0.0,5,Reg,0,60,65.0,30.85894600589856,48130.0,6.25,3.0,2006,2,Q1,1Fam,1
119500.0,1376,3,2.0,69,1.0,780.0,6,8600,7,596,198.0,0.0,780.0,780,1937.0,0,0,0.0,6,Reg,0,50,50.0,30.85894600589856,48130.0,6.67,3.1,2006,6,Q2,1Fam,1
160726.247831419,882,2,2.0,40,2.0,882.0,4,8400,4,0,525.0,804.0,0.0,882,1970.0,240,0,0.0,5,Reg,0,20,70.0,25.221608273812684,49020.0,5.07,4.3,2010,4,Q2,1Fam,0
159500.0,2554,3,1.5,117,2.0,718.0,7,10800,8,978,704.0,0.0,718.0,1576,1996.0,0,48,0.0,8,Reg,0,70,60.0,29.102296283256685,48910.0,6.710000000000001,3.0,2007,7,Q3,1Fam,1
195779.543033588,2385,4,2.5,9,3.0,1066.0,7,10790,8,1277,600.0,0.0,1066.0,1108,1998.0,120,38,275.0,5,Reg,0,60,83.0,29.102296283256685,48910.0,6.21,2.8,2007,5,Q2,1Fam,0
165448.004289838,1088,2,1.0,44,2.0,1088.0,4,8308,4,0,520.0,132.0,115.0,1088,2002.0,0,0,20.0,6,Reg,0,20,67.0,29.102296283256685,48910.0,6.68,3.4,2007,6,Q2,1Fam,0
228617.968325428,1728,6,2.0,43,2.0,1728.0,5,11072,10,0,576.0,0.0,1728.0,1728,1987.0,0,0,0.0,5,IR1,0,90,72.0,27.363846269205577,50140.0,6.09,3.1,2008,11,Q4,Duplex,0
176192.990728755,1273,2,1.0,49,1.0,1273.0,5,14680,5,0,307.0,793.0,480.0,1273,1960.0,483,0,0.0,4,IR1,115,20,80.0,26.11993393300743,50720.0,5.4,6.0,2009,6,Q2,1Fam,0
235000.0,2108,4,2.0,73,2.0,1127.0,6,13728,7,872,540.0,626.0,501.0,1236,1935.0,0,0,0.0,7,Reg,90,70,120.0,27.363846269205577,50140.0,6.37,3.6,2008,7,Q3,1Fam,1
245000.0,1563,3,2.0,1,3.0,1563.0,8,10206,6,0,758.0,33.0,1530.0,1563,2007.0,144,99,468.0,5,Reg,0,20,78.0,27.363846269205577,50140.0,6.1,2.9,2008,10,Q4,1Fam,0
165970.357492196,1266,2,1.5,27,1.0,630.0,6,8012,5,636,283.0,0.0,630.0,630,1980.0,340,0,0.0,5,Reg,0,160,50.0,29.102296283256685,48910.0,6.710000000000001,3.0,2007,7,Q3,TwnhsE,0
169277.0524984,896,2,1.0,49,1.0,882.0,5,11622,5,0,730.0,468.0,270.0,896,1961.0,140,0,0.0,6,Reg,120,20,80.0,25.221608273812684,49020.0,4.734999999999999,5.0,2010,6,Q2,1Fam,0
224118.280105941,1678,6,2.0,50,0.0,1678.0,5,10926,10,0,0.0,0.0,1678.0,1678,1979.0,0,0,74.0,5,Reg,0,90,65.0,26.11993393300743,50720.0,5.18,5.6,2009,8,Q3,Duplex,0
164279.13048219,1531,2,3.0,3,3.0,1504.0,9,10872,6,0,700.0,1037.0,467.0,1531,2006.0,184,52,122.0,5,IR1,0,20,77.0,26.11993393300743,50720.0,5.115,5.1,2009,2,Q1,1Fam,0
195556.581268962,2197,4,3.5,15,3.0,1080.0,7,10010,9,1089,783.0,228.0,0.0,1108,1993.0,385,99,320.0,5,Reg,0,60,91.0,27.363846269205577,50140.0,6.37,3.6,2008,7,Q3,1Fam,1
132500.0,970,2,2.0,44,2.0,970.0,5,8480,5,0,624.0,630.0,340.0,970,1996.0,0,24,0.0,6,Reg,192,20,80.0,29.102296283256685,48910.0,6.710000000000001,3.0,2007,7,Q3,1Fam,0
265000.0,2344,3,2.5,13,3.0,1264.0,7,10208,7,1067,889.0,0.0,1264.0,1277,1996.0,220,0,921.0,5,IR1,0,60,79.0,26.11993393300743,50720.0,5.2,5.6,2009,7,Q3,1Fam,1
168000.0,1572,3,2.5,12,2.0,806.0,6,10364,7,766,373.0,0.0,806.0,806,1995.0,0,40,0.0,5,IR1,0,60,68.0,29.102296283256685,48910.0,6.21,2.8,2007,5,Q2,1Fam,1
240000.0,1953,3,3.5,15,2.0,1580.0,6,53107,9,874,501.0,985.0,595.0,1079,1992.0,216,231,0.0,5,IR2,0,60,68.0,29.102296283256685,48910.0,6.68,3.4,2007,6,Q2,1Fam,0
158404.073081048,1352,2,3.0,1,2.0,1352.0,7,3606,5,0,466.0,937.0,415.0,1352,2006.0,0,241,0.0,5,Reg,0,120,40.0,29.102296283256685,48910.0,6.59,3.0,2007,8,Q3,TwnhsE,1
181416.732376013,1509,3,2.0,52,1.0,1509.0,5,9571,6,0,322.0,870.0,639.0,1509,1956.0,158,0,0.0,6,Reg,576,20,68.0,27.363846269205577,50140.0,6.37,3.6,2008,7,Q3,1Fam,0
179757.925656704,1636,3,3.5,11,2.0,952.0,6,7500,7,684,440.0,476.0,476.0,952,1998.0,0,84,0.0,5,Reg,0,60,60.0,26.11993393300743,50720.0,4.94,4.4,2009,10,Q4,1Fam,1
175079.328798445,960,3,2.0,51,2.0,960.0,5,6000,5,0,576.0,576.0,384.0,960,1976.0,0,0,0.0,7,Reg,0,190,50.0,30.85894600589856,48130.0,6.67,3.1,2006,6,Q2,2fmCon,0
392000.0,1419,2,3.0,0,2.0,1419.0,8,8089,7,0,567.0,945.0,474.0,1419,2007.0,140,0,0.0,6,Reg,0,20,60.0,29.102296283256685,48910.0,6.385,2.6,2007,10,Q4,1Fam,0
224900.0,1768,3,3.5,5,2.0,884.0,7,8158,8,884,543.0,550.0,334.0,884,2003.0,0,63,252.0,5,Reg,0,60,65.0,27.363846269205577,50140.0,6.37,3.6,2008,7,Q3,1Fam,0
202500.0,1370,2,2.0,1,2.0,1370.0,8,6442,6,0,484.0,24.0,1346.0,1370,2006.0,120,49,178.0,5,IR1,0,120,44.0,29.102296283256685,48910.0,6.385,2.6,2007,10,Q4,TwnhsE,0
164000.0,1646,4,2.0,66,1.0,918.0,7,7128,7,728,240.0,364.0,554.0,918,1941.0,0,0,0.0,5,Reg,126,75,53.0,29.102296283256685,48910.0,6.59,3.0,2007,8,Q3,1Fam,1
177862.778940605,1976,3,3.5,8,3.0,1044.0,8,9660,7,897,885.0,791.0,253.0,1079,1998.0,210,31,242.0,5,IR1,0,60,84.0,30.85894600589856,48130.0,6.25,3.0,2006,2,Q1,1Fam,0
180282.570719908,1144,3,1.0,47,1.0,1144.0,5,9100,6,0,336.0,0.0,1144.0,1144,1960.0,0,0,69.0,5,Reg,0,20,70.0,29.102296283256685,48910.0,6.68,3.4,2007,6,Q2,1Fam,0
161500.0,1788,5,2.0,52,1.0,1104.0,4,11250,8,684,304.0,0.0,1104.0,1104,1957.0,120,0,0.0,5,Reg,0,50,68.0,26.11993393300743,50720.0,4.87,4.6,2009,11,Q4,1Fam,1
97000.0,864,2,1.0,38,2.0,864.0,4,10500,4,0,576.0,524.0,160.0,864,1989.0,216,0,0.0,6,Reg,0,20,70.0,26.11993393300743,50720.0,5.005000000000001,5.2,2009,3,Q1,1Fam,0
188384.548444549,1137,4,1.5,61,0.0,0.0,5,8050,8,208,0.0,0.0,0.0,929,1979.0,0,0,0.0,8,Reg,0,50,57.0,27.363846269205577,50140.0,5.88,2.7,2008,4,Q2,1Fam,1
123000.0,1319,3,2.0,56,1.0,608.0,5,10634,5,0,270.0,428.0,0.0,1319,1953.0,66,0,0.0,6,Reg,0,20,79.0,26.11993393300743,50720.0,4.87,4.6,2009,11,Q4,1Fam,0
169234.6454828,1654,3,2.0,79,1.0,297.0,5,4960,7,653,336.0,0.0,297.0,1001,1955.0,244,60,0.0,7,Reg,0,70,50.0,26.11993393300743,50720.0,4.85,5.0,2009,5,Q2,1Fam,1
163590.677170026,1214,2,1.0,106,1.0,969.0,5,5680,6,245,216.0,0.0,969.0,969,1920.0,0,0,0.0,3,Reg,0,50,40.0,29.102296283256685,48910.0,6.38,2.8,2007,9,Q3,1Fam,1
163784.619440861,1020,2,1.0,88,0.0,1020.0,3,4761,5,0,0.0,0.0,1020.0,1020,1979.0,0,0,0.0,3,Reg,0,50,63.0,30.85894600589856,48130.0,6.365,2.4,2006,10,Q4,1Fam,1
188927.984063168,907,3,2.0,30,1.0,876.0,5,16300,5,0,308.0,60.0,399.0,907,1977.0,0,0,0.0,4,IR1,0,20,39.0,29.102296283256685,48910.0,6.220000000000001,3.0,2007,1,Q1,1Fam,0
184021.843582599,1178,3,2.5,31,2.0,1090.0,5,11000,6,0,502.0,1090.0,0.0,1178,1976.0,0,44,0.0,6,IR2,88,20,68.0,29.102296283256685,48910.0,6.68,3.4,2007,6,Q2,1Fam,1
118000.0,1077,2,2.0,69,1.0,991.0,5,7420,5,0,205.0,851.0,140.0,1077,1939.0,0,4,0.0,6,Reg,0,190,50.0,27.363846269205577,50140.0,5.69,3.3,2008,1,Q1,2fmCon,1
181824.300998793,1884,2,3.0,4,3.0,1884.0,9,15401,7,0,670.0,1337.0,547.0,1884,2004.0,214,76,296.0,5,IR1,0,20,53.0,27.363846269205577,50140.0,6.01,3.0,2008,9,Q3,1Fam,0
159040.069562187,704,2,1.5,63,1.0,560.0,4,4280,4,0,220.0,0.0,560.0,704,1946.0,0,0,0.0,9,IR1,0,20,50.0,26.11993393300743,50720.0,5.055,4.7,2009,9,Q3,1Fam,1
179540.0,1456,3,2.5,0,2.0,728.0,7,9018,8,728,400.0,0.0,728.0,728,2007.0,100,24,0.0,5,IR1,0,60,65.0,29.102296283256685,48910.0,6.710000000000001,3.0,2007,7,Q3,1Fam,0
230000.0,2291,4,2.5,7,2.0,975.0,7,8738,8,1286,429.0,0.0,975.0,1005,1999.0,192,0,302.0,5,IR1,0,60,66.0,30.85894600589856,48130.0,6.25,3.0,2006,2,Q1,1Fam,0
173364.161505756,874,3,1.0,39,1.0,864.0,5,6953,5,0,352.0,469.0,395.0,874,1971.0,0,0,0.0,7,Reg,0,20,50.0,25.221608273812684,49020.0,4.734999999999999,5.0,2010,6,Q2,1Fam,1
426000.0,2332,3,3.5,1,3.0,1682.0,10,12474,9,590,846.0,1280.0,402.0,1742,2008.0,196,134,272.0,5,Reg,0,60,96.0,27.363846269205577,50140.0,6.494999999999999,3.6,2008,8,Q3,1Fam,1
174401.317715566,876,3,2.0,38,2.0,876.0,5,7480,5,0,484.0,480.0,396.0,876,1977.0,0,0,0.0,6,Reg,0,20,68.0,25.221608273812684,49020.0,4.734999999999999,5.0,2010,6,Q2,1Fam,0
207500.0,1686,3,3.0,26,2.0,1686.0,6,10240,7,0,612.0,625.0,0.0,1686,1980.0,384,131,157.0,6,Reg,0,20,79.0,30.85894600589856,48130.0,6.595,2.4,2006,5,Q2,1Fam,0
173310.56154032,1607,3,3.5,9,2.0,960.0,8,2645,7,645,480.0,813.0,147.0,962,2000.0,169,0,456.0,5,Reg,0,160,24.0,27.363846269205577,50140.0,5.19,3.8,2008,12,Q4,Twnhs,1
177733.78193528,1534,3,2.0,1,2.0,1524.0,8,10612,7,0,484.0,28.0,1496.0,1534,2006.0,168,46,248.0,5,Reg,0,20,76.0,29.102296283256685,48910.0,6.220000000000001,3.0,2007,1,Q1,1Fam,0
184000.0,1490,3,3.5,4,2.0,788.0,7,15384,8,702,388.0,724.0,64.0,788,2004.0,100,75,0.0,5,IR1,0,60,60.0,27.363846269205577,50140.0,5.88,3.1,2008,2,Q1,1Fam,1
165281.292597397,1710,2,3.0,1,2.0,1710.0,9,8118,6,0,557.0,1034.0,676.0,1710,2007.0,156,48,178.0,5,Reg,0,120,60.0,27.363846269205577,50140.0,6.37,3.6,2008,7,Q3,TwnhsE,0
190000.0,1728,3,2.5,5,2.0,864.0,7,9313,7,864,572.0,0.0,864.0,864,2004.0,187,56,0.0,5,IR1,0,60,65.0,26.11993393300743,50720.0,4.8,4.9,2009,4,Q2,1Fam,0
160000.0,1324,3,2.0,41,2.0,1088.0,6,8658,6,0,440.0,643.0,445.0,1324,1965.0,0,138,101.0,5,Reg,0,20,84.0,30.85894600589856,48130.0,6.125,2.5,2006,12,Q4,1Fam,0
169000.0,2320,2,2.0,58,2.0,0.0,5,14762,7,720,672.0,0.0,0.0,1547,1979.0,120,144,0.0,6,IR2,0,60,68.0,30.85894600589856,48130.0,6.595,2.4,2006,5,Q2,1Fam,1
272000.0,1601,3,3.0,9,2.0,1581.0,8,11423,6,0,670.0,1358.0,223.0,1601,2001.0,180,0,479.0,5,Reg,0,20,68.0,25.221608273812684,49020.0,4.885,4.3,2010,5,Q2,1Fam,1
162162.525245786,1072,2,1.0,67,2.0,808.0,5,7200,5,0,379.0,0.0,808.0,1072,1940.0,0,0,279.0,8,Reg,0,30,60.0,29.102296283256685,48910.0,6.21,2.8,2007,5,Q2,1Fam,1
165500.0,1661,3,2.0,53,1.0,992.0,6,9600,8,0,377.0,831.0,161.0,1661,1955.0,0,28,0.0,6,Reg,178,80,80.0,27.363846269205577,50140.0,6.1,2.9,2008,10,Q4,1Fam,1
149000.0,1576,3,1.0,78,1.0,1042.0,5,6240,8,534,225.0,0.0,1042.0,1042,1928.0,0,0,0.0,6,Reg,0,50,52.0,30.85894600589856,48130.0,6.52,2.6,2006,8,Q3,1Fam,1
197000.0,3082,5,3.5,89,2.0,824.0,7,15863,12,998,672.0,523.0,301.0,1687,1970.0,136,63,0.0,3,Reg,0,75,102.0,26.11993393300743,50720.0,5.18,5.6,2009,8,Q3,1Fam,1
125000.0,752,2,2.0,26,1.0,744.0,6,7175,4,0,264.0,623.0,0.0,752,1984.0,353,0,0.0,5,Reg,90,120,50.0,25.221608273812684,49020.0,4.99,5.3,2010,2,Q1,TwnhsE,0
193500.0,1679,3,3.0,14,2.0,1408.0,6,8125,7,0,575.0,1138.0,270.0,1679,1994.0,224,42,258.0,5,Reg,0,20,65.0,27.363846269205577,50140.0,6.1,2.9,2008,10,Q4,1Fam,1
134000.0,1142,3,2.5,31,2.0,1142.0,5,4224,6,0,528.0,874.0,268.0,1142,1976.0,536,90,0.0,5,Reg,0,120,44.0,29.102296283256685,48910.0,6.59,3.0,2007,8,Q3,TwnhsE,0
135000.0,1098,3,2.0,53,1.0,1098.0,5,7390,6,0,260.0,902.0,196.0,1098,1955.0,0,0,151.0,7,IR1,0,20,68.0,27.363846269205577,50140.0,6.37,3.6,2008,7,Q3,1Fam,0
410000.0,3238,4,3.5,15,3.0,2033.0,8,14720,9,1185,666.0,816.0,1217.0,2053,1996.0,283,86,579.0,5,IR1,0,50,56.0,25.221608273812684,49020.0,4.965,5.2,2010,3,Q1,1Fam,1
84000.0,845,3,1.0,52,1.0,0.0,4,11500,5,0,290.0,0.0,0.0,845,1957.0,186,0,0.0,3,IR1,0,20,68.0,26.11993393300743,50720.0,5.055,5.0,2009,1,Q1,1Fam,0
212000.0,1502,1,2.5,25,2.0,1488.0,8,6820,4,0,528.0,368.0,0.0,1502,1985.0,0,54,0.0,5,IR1,140,120,68.0,25.221608273812684,49020.0,4.734999999999999,5.0,2010,6,Q2,TwnhsE,0
160000.0,1687,3,2.0,62,2.0,747.0,5,57200,7,0,572.0,353.0,60.0,1687,1966.0,0,0,0.0,5,IR1,0,20,68.0,25.221608273812684,49020.0,4.734999999999999,5.0,2010,6,Q2,1Fam,1
230841.338626282,5095,2,4.0,-1,3.0,5095.0,10,39290,15,0,1154.0,4010.0,1085.0,5095,2008.0,546,484,1224.0,5,IR1,0,20,128.0,29.102296283256685,48910.0,6.385,2.6,2007,10,Q4,1Fam,1
181922.15256011,1536,4,2.0,80,2.0,928.0,5,6240,7,608,480.0,448.0,480.0,928,1930.0,0,10,0.0,5,Reg,0,50,52.0,25.221608273812684,49020.0,4.965,5.2,2010,3,Q1,1Fam,1
301500.0,1987,2,3.0,14,2.0,1986.0,8,14303,7,0,691.0,1314.0,672.0,1987,1994.0,262,36,554.0,5,IR1,0,20,91.0,27.363846269205577,50140.0,6.494999999999999,3.6,2008,8,Q3,1Fam,0
181625.666399474,1436,3,2.0,68,2.0,884.0,6,10800,8,552,828.0,590.0,294.0,884,1940.0,0,0,0.0,6,Reg,0,190,60.0,27.363846269205577,50140.0,6.05,3.0,2008,5,Q2,2fmCon,1
175080.111822945,1224,3,1.5,93,1.0,689.0,5,10632,6,499,180.0,0.0,689.0,725,1917.0,0,0,0.0,3,IR1,0,50,72.0,25.221608273812684,49020.0,5.025,5.5,2010,1,Q1,1Fam,1
155225.19006632,1072,2,2.0,2,2.0,547.0,6,3675,5,0,525.0,467.0,80.0,1072,2005.0,0,44,76.0,5,Reg,0,180,35.0,29.102296283256685,48910.0,6.21,2.8,2007,5,Q2,TwnhsE,0
244000.0,2110,3,3.5,42,2.0,2110.0,7,11160,8,0,522.0,1065.0,1045.0,2110,1968.0,0,0,0.0,5,Reg,0,20,93.0,25.221608273812684,49020.0,5.07,4.3,2010,4,Q2,1Fam,0
183982.158993126,2061,3,3.5,14,2.0,1070.0,7,9085,7,967,647.0,816.0,254.0,1094,1995.0,296,102,286.0,5,Reg,0,60,79.0,26.11993393300743,50720.0,4.87,4.6,2009,11,Q4,1Fam,1
130000.0,874,3,2.0,41,1.0,864.0,5,9858,5,0,288.0,510.0,354.0,874,1968.0,33,0,0.0,6,Reg,0,20,62.0,26.11993393300743,50720.0,4.87,4.6,2009,11,Q4,1Fam,0
183433.472466085,1024,3,1.5,41,1.0,1024.0,5,13052,5,0,308.0,712.0,312.0,1024,1965.0,0,0,0.0,6,IR1,0,20,68.0,30.85894600589856,48130.0,6.135,3.1,2006,1,Q1,1Fam,0
110000.0,1230,2,1.5,99,2.0,440.0,5,10440,5,548,440.0,0.0,440.0,682,1966.0,74,0,0.0,6,Reg,0,50,60.0,26.11993393300743,50720.0,4.85,5.0,2009,5,Q2,1Fam,1
171900.0,1250,2,2.5,2,2.0,625.0,7,4017,5,625,625.0,0.0,625.0,625,2006.0,0,54,0.0,5,IR1,0,160,35.0,27.363846269205577,50140.0,5.95,3.0,2008,3,Q1,TwnhsE,1
116000.0,1250,3,2.0,88,1.0,686.0,5,8248,7,564,280.0,0.0,686.0,686,1955.0,207,0,0.0,7,Reg,0,50,45.0,30.85894600589856,48130.0,6.765000000000001,2.8,2006,7,Q3,1Fam,1
151217.259961305,1049,2,3.0,25,1.0,1049.0,5,4235,5,0,266.0,552.0,104.0,1049,1984.0,0,105,149.0,5,Reg,0,120,42.0,26.11993393300743,50720.0,5.115,5.1,2009,2,Q1,TwnhsE,0
157972.82120994,1648,2,3.5,1,2.0,1596.0,8,3843,5,0,525.0,1476.0,120.0,1648,2007.0,162,53,186.0,5,IR1,0,120,44.0,27.363846269205577,50140.0,6.494999999999999,3.6,2008,8,Q3,TwnhsE,1
163628.142248426,914,2,2.0,4,0.0,914.0,6,8050,4,0,0.0,475.0,142.0,914,1979.0,32,0,0.0,5,Reg,0,20,75.0,30.85894600589856,48130.0,6.51,2.4,2006,4,Q2,1Fam,0
176041.882371574,1086,2,1.0,88,2.0,723.0,2,11340,5,363,400.0,0.0,723.0,723,1920.0,0,24,0.0,1,Reg,0,70,60.0,27.363846269205577,50140.0,6.09,3.1,2008,11,Q4,1Fam,1
220000.0,1296,2,3.0,8,2.0,1267.0,8,6853,6,0,471.0,1005.0,262.0,1296,2001.0,192,25,136.0,5,IR1,0,20,68.0,26.11993393300743,50720.0,5.4,6.0,2009,6,Q2,1Fam,1
139000.0,952,2,2.0,57,2.0,952.0,5,7350,4,0,840.0,852.0,100.0,952,1988.0,0,0,0.0,7,Reg,0,20,60.0,27.363846269205577,50140.0,6.37,3.7,2008,6,Q2,1Fam,0
190000.0,1500,3,2.0,5,2.0,1500.0,7,8487,6,0,570.0,20.0,1480.0,1500,2004.0,192,36,210.0,5,Reg,0,20,63.0,26.11993393300743,50720.0,5.18,5.6,2009,8,Q3,1Fam,0
236500.0,1788,3,2.0,8,2.0,1753.0,8,11838,7,0,522.0,0.0,1753.0,1788,2001.0,202,151,0.0,5,Reg,0,20,68.0,26.11993393300743,50720.0,5.4,6.0,2009,6,Q2,1Fam,0
139500.0,1489,3,2.0,69,1.0,778.0,6,9900,7,545,240.0,0.0,778.0,944,1940.0,335,0,0.0,7,Reg,0,50,60.0,26.11993393300743,50720.0,5.2,5.6,2009,7,Q3,1Fam,1
154126.270249525,936,2,2.0,90,0.0,936.0,5,4485,5,0,0.0,579.0,357.0,936,1979.0,51,0,0.0,7,Reg,0,30,56.0,25.221608273812684,49020.0,4.885,4.3,2010,5,Q2,1Fam,1
134500.0,999,3,2.0,44,1.0,925.0,5,10205,6,0,300.0,784.0,141.0,999,1962.0,150,72,0.0,5,IR1,0,85,69.0,30.85894600589856,48130.0,6.595,2.4,2006,5,Q2,1Fam,0
147000.0,1322,3,3.0,35,2.0,855.0,6,2308,6,467,440.0,257.0,103.0,855,1974.0,260,0,0.0,5,Reg,0,160,24.0,26.11993393300743,50720.0,5.4,6.0,2009,6,Q2,TwnhsE,0
208353.269558209,2315,4,3.0,56,1.0,1168.0,5,15600,9,1037,342.0,760.0,408.0,1278,1950.0,0,0,405.0,7,Reg,192,60,78.0,30.85894600589856,48130.0,6.765000000000001,2.8,2006,7,Q3,1Fam,1
196400.046680661,2172,4,2.5,8,3.0,1519.0,9,11000,8,639,687.0,0.0,1519.0,1533,2000.0,162,153,295.0,5,Reg,0,60,68.0,27.363846269205577,50140.0,6.37,3.7,2008,6,Q2,1Fam,0
192463.969983091,1792,4,3.0,34,2.0,896.0,5,9000,8,896,480.0,0.0,896.0,896,1982.0,0,45,0.0,5,Reg,0,90,60.0,27.363846269205577,50140.0,6.37,3.7,2008,6,Q2,Duplex,0
105000.0,1258,2,1.0,70,1.0,560.0,6,9060,6,560,280.0,204.0,356.0,698,1939.0,0,0,0.0,5,Reg,0,50,60.0,26.11993393300743,50720.0,4.94,4.4,2009,10,Q4,1Fam,1
118858.0,1535,4,2.0,30,2.0,0.0,5,7018,8,0,400.0,0.0,0.0,1535,1979.0,0,0,0.0,5,Reg,0,90,64.0,26.11993393300743,50720.0,5.4,6.0,2009,6,Q2,Duplex,0
185000.0,2126,3,3.0,42,2.0,1013.0,5,28698,7,966,538.0,249.0,0.0,1160,1967.0,486,0,0.0,5,IR2,225,60,68.0,26.11993393300743,50720.0,5.4,6.0,2009,6,Q2,1Fam,0
186313.89385619,1388,3,1.5,29,1.0,675.0,6,8340,6,702,317.0,509.0,166.0,686,1977.0,406,36,62.0,6,IR1,0,60,50.0,30.85894600589856,48130.0,6.125,2.5,2006,12,Q4,1Fam,0
182084.790901946,1456,3,2.5,4,2.0,728.0,7,10928,8,728,390.0,0.0,728.0,728,2005.0,100,0,0.0,5,Reg,0,60,63.0,26.11993393300743,50720.0,5.4,6.0,2009,6,Q2,1Fam,0
220514.993999535,1822,4,2.0,23,2.0,1105.0,6,23920,7,717,515.0,0.0,1105.0,1105,1984.0,0,195,0.0,5,Reg,0,50,104.0,29.102296283256685,48910.0,6.17,2.8,2007,4,Q2,1Fam,0
163899.981149274,1302,2,1.5,67,1.0,680.0,7,6960,6,504,224.0,258.0,422.0,798,1940.0,0,0,0.0,8,Reg,126,50,70.0,29.102296283256685,48910.0,6.710000000000001,3.0,2007,7,Q3,1Fam,1
191745.386377068,1642,4,2.0,80,1.0,728.0,6,9863,9,728,374.0,196.0,322.0,914,1927.0,0,0,0.0,6,Reg,0,70,53.0,29.102296283256685,48910.0,6.16,2.9,2007,3,Q1,1Fam,1
191000.0,1716,2,2.5,13,2.0,880.0,7,8750,7,807,512.0,0.0,880.0,909,1996.0,0,120,0.0,5,Reg,0,60,70.0,26.11993393300743,50720.0,5.2,5.6,2009,7,Q3,1Fam,0
239000.0,1767,2,3.0,19,2.0,1064.0,7,5306,5,703,504.0,495.0,354.0,1064,1987.0,441,35,0.0,7,IR1,0,160,44.0,30.85894600589856,48130.0,6.67,3.1,2006,6,Q2,TwnhsE,0
109000.0,1057,3,2.0,57,1.0,1057.0,5,7922,5,0,246.0,731.0,326.0,1057,1953.0,0,52,0.0,7,Reg,0,20,68.0,25.221608273812684,49020.0,5.025,5.5,2010,1,Q1,1Fam,1
203840.874021305,1566,5,1.5,82,2.0,816.0,5,6000,7,750,450.0,0.0,816.0,816,1976.0,24,0,145.0,7,Reg,0,50,50.0,30.85894600589856,48130.0,6.52,2.6,2006,8,Q3,1Fam,1
129000.0,960,3,2.0,36,2.0,960.0,4,9873,6,0,576.0,789.0,171.0,960,1970.0,0,288,160.0,5,Reg,0,190,60.0,30.85894600589856,48130.0,6.595,2.4,2006,5,Q2,2fmCon,0
109900.0,1040,2,1.0,56,2.0,0.0,4,7200,4,0,420.0,0.0,0.0,1040,1950.0,0,29,0.0,5,Reg,0,20,60.0,30.85894600589856,48130.0,6.765000000000001,2.8,2006,7,Q3,1Fam,0
172912.518576433,1510,3,1.0,86,1.0,755.0,6,4899,6,755,216.0,305.0,450.0,755,1920.0,0,0,0.0,8,Reg,0,70,69.0,30.85894600589856,48130.0,6.67,3.1,2006,6,Q2,1Fam,1
271900.0,2196,3,2.0,19,3.0,2158.0,7,14684,7,0,701.0,485.0,1496.0,2196,1990.0,84,70,234.0,7,IR1,0,20,90.0,26.11993393300743,50720.0,5.4,6.0,2009,6,Q2,1Fam,1
192562.808057836,1022,3,1.5,13,2.0,1022.0,5,14217,6,0,747.0,550.0,472.0,1022,1995.0,0,0,0.0,5,IR2,0,20,68.0,29.102296283256685,48910.0,6.59,3.0,2007,8,Q3,1Fam,0
168202.892306596,1582,3,2.0,71,1.0,952.0,5,6120,6,588,250.0,273.0,679.0,994,1938.0,189,0,0.0,6,Reg,0,50,51.0,26.11993393300743,50720.0,5.115,5.1,2009,2,Q1,1Fam,1
218000.0,1437,3,3.0,31,2.0,1437.0,5,10768,6,0,528.0,1157.0,280.0,1437,1976.0,0,21,0.0,8,IR1,180,20,90.0,29.102296283256685,48910.0,6.710000000000001,3.0,2007,7,Q3,1Fam,1
147000.0,1795,2,2.0,1,3.0,1795.0,8,9986,7,0,895.0,0.0,1795.0,1795,2007.0,0,49,428.0,5,Reg,0,20,75.0,29.102296283256685,48910.0,6.29,3.0,2007,2,Q1,1Fam,1
210000.0,1436,3,3.0,4,2.0,1436.0,7,8450,8,0,484.0,946.0,490.0,1436,2004.0,139,98,266.0,5,Reg,0,20,65.0,27.363846269205577,50140.0,5.88,2.7,2008,4,Q2,1Fam,0
164900.0,1363,2,2.0,58,1.0,1008.0,5,14559,6,0,288.0,650.0,178.0,1363,1951.0,324,42,70.0,7,Reg,168,20,75.0,26.11993393300743,50720.0,5.4,6.0,2009,6,Q2,1Fam,1
157829.546854733,1456,2,2.0,1,2.0,1451.0,9,6472,6,0,539.0,0.0,1451.0,1456,2008.0,192,42,500.0,5,Reg,0,120,48.0,26.11993393300743,50720.0,4.8,4.9,2009,4,Q2,TwnhsE,0
120000.0,912,2,1.5,49,1.0,912.0,5,7535,5,0,297.0,111.0,522.0,912,1958.0,12,285,0.0,7,IR1,0,20,70.0,29.102296283256685,48910.0,6.68,3.4,2007,6,Q2,1Fam,1
186379.553524443,1411,3,1.0,52,1.0,1204.0,5,12198,7,0,310.0,780.0,424.0,1411,1955.0,278,82,0.0,6,IR1,0,20,70.0,29.102296283256685,48910.0,6.68,3.4,2007,6,Q2,1Fam,1
225810.160292177,2016,4,1.0,129,2.0,0.0,5,26400,7,728,576.0,0.0,0.0,1288,1900.0,0,0,0.0,7,Reg,0,70,120.0,26.11993393300743,50720.0,5.4,6.0,2009,6,Q2,1Fam,1
377500.0,1746,3,3.0,3,3.0,1746.0,9,14892,7,0,758.0,1320.0,426.0,1746,2006.0,201,39,160.0,5,IR1,0,20,42.0,26.11993393300743,50720.0,4.94,4.4,2009,10,Q4,1Fam,1
174418.207020775,1143,3,2.0,51,1.0,1143.0,5,8050,6,0,308.0,856.0,125.0,1143,1959.0,0,0,150.0,5,IR1,0,20,68.0,25.221608273812684,49020.0,4.885,4.3,2010,5,Q2,1Fam,0
181373.6165193,1387,3,2.0,39,1.0,943.0,5,7514,6,0,300.0,373.0,462.0,1387,1974.0,0,0,0.0,7,Reg,0,20,65.0,30.85894600589856,48130.0,6.415,2.6,2006,9,Q3,1Fam,1
176115.159022876,1256,3,2.5,49,1.0,1256.0,5,8000,6,0,311.0,476.0,292.0,1256,1959.0,0,240,0.0,6,Reg,0,20,80.0,27.363846269205577,50140.0,6.05,3.0,2008,5,Q2,1Fam,0
167186.995771991,1470,2,1.5,88,2.0,738.0,6,10560,6,602,624.0,283.0,455.0,868,1970.0,0,0,0.0,7,Reg,0,70,60.0,25.221608273812684,49020.0,4.734999999999999,5.0,2010,6,Q2,1Fam,1
229456.0,1314,3,3.0,0,2.0,1300.0,8,8640,6,0,552.0,936.0,364.0,1314,2009.0,135,112,72.0,5,Reg,0,20,72.0,26.11993393300743,50720.0,5.055,4.7,2009,9,Q3,1Fam,0
122500.0,2290,4,2.0,125,2.0,777.0,4,11340,11,1044,560.0,0.0,777.0,1246,1971.0,0,0,0.0,6,Reg,0,190,60.0,25.221608273812684,49020.0,5.07,4.3,2010,4,Q2,2fmCon,1
159695.999763546,1361,2,1.0,113,1.0,173.0,4,5280,6,536,185.0,0.0,173.0,825,1895.0,0,123,0.0,7,Reg,0,70,60.0,27.363846269205577,50140.0,6.37,3.6,2008,7,Q3,1Fam,1
172965.476488899,1142,3,1.5,1,0.0,1142.0,6,7733,5,0,0.0,24.0,1118.0,1142,1979.0,4,50,0.0,5,IR1,0,20,74.0,30.85894600589856,48130.0,6.135,3.1,2006,1,Q1,1Fam,0
166481.86647592,1358,2,3.0,2,2.0,1350.0,7,10307,6,0,484.0,876.0,474.0,1358,2008.0,192,26,176.0,5,IR1,0,120,80.0,26.11993393300743,50720.0,4.85,5.0,2009,5,Q2,TwnhsE,1
144000.0,1690,3,1.0,90,1.0,815.0,7,8850,7,875,225.0,0.0,815.0,815,1916.0,0,0,0.0,6,IR1,0,75,65.0,30.85894600589856,48130.0,6.765000000000001,2.8,2006,7,Q3,1Fam,1
173912.421165137,2068,3,1.5,88,1.0,1108.0,7,7793,8,908,315.0,474.0,634.0,1160,1928.0,0,0,0.0,7,IR1,0,75,68.0,25.221608273812684,49020.0,4.885,4.3,2010,5,Q2,1Fam,1
172000.0,1968,4,3.0,39,2.0,784.0,5,11075,7,800,530.0,562.0,29.0,1168,1969.0,305,189,232.0,4,IR1,0,60,68.0,27.363846269205577,50140.0,6.01,3.0,2008,9,Q3,1Fam,0
96500.0,1140,3,1.0,100,0.0,576.0,4,8800,7,348,0.0,0.0,576.0,792,1979.0,0,160,0.0,7,Reg,0,50,55.0,25.221608273812684,49020.0,4.734999999999999,5.0,2010,6,Q2,1Fam,1
216500.0,1960,4,3.5,8,2.0,860.0,6,7851,8,1100,440.0,625.0,235.0,860,2002.0,288,48,0.0,5,Reg,0,60,68.0,25.221608273812684,49020.0,4.885,4.3,2010,5,Q2,1Fam,0
222500.0,2031,3,2.5,10,2.0,1153.0,7,11404,8,878,541.0,252.0,901.0,1153,1998.0,192,84,202.0,5,IR1,0,60,75.0,27.363846269205577,50140.0,6.37,3.6,2008,7,Q3,1Fam,1
188506.431412274,1360,3,2.0,37,1.0,1104.0,5,13384,8,0,336.0,119.0,641.0,1360,1969.0,160,0,194.0,5,Reg,0,20,80.0,30.85894600589856,48130.0,6.595,2.4,2006,5,Q2,1Fam,1
179900.0,1265,3,2.5,43,2.0,1219.0,5,9350,6,0,502.0,633.0,586.0,1265,1965.0,0,92,0.0,8,Reg,0,80,85.0,27.363846269205577,50140.0,6.1,2.9,2008,10,Q4,1Fam,1
187193.313676329,1362,4,2.0,87,1.0,951.0,4,7550,7,376,280.0,0.0,951.0,986,1920.0,0,0,0.0,5,Reg,0,50,50.0,29.102296283256685,48910.0,6.16,2.9,2007,3,Q1,1Fam,1
290000.0,1660,3,3.0,0,2.0,1660.0,8,10182,8,0,500.0,1220.0,440.0,1660,2006.0,322,50,420.0,5,IR1,0,20,85.0,30.85894600589856,48130.0,6.595,2.4,2006,5,Q2,1Fam,0
328000.0,2260,3,3.5,14,2.0,1306.0,7,14000,7,954,533.0,1201.0,105.0,1306,1996.0,296,44,0.0,5,Reg,0,60,80.0,25.221608273812684,49020.0,5.07,4.3,2010,4,Q2,1Fam,1
178824.324789223,1626,3,3.5,14,2.0,1602.0,7,9938,7,0,534.0,1271.0,331.0,1626,1994.0,424,40,251.0,5,Reg,0,20,80.0,27.363846269205577,50140.0,5.88,2.7,2008,4,Q2,1Fam,0
90000.0,2337,5,2.0,107,2.0,662.0,5,13600,10,915,560.0,0.0,662.0,1422,1945.0,0,57,0.0,5,Reg,0,190,85.0,29.102296283256685,48910.0,6.38,2.8,2007,9,Q3,2fmCon,1
173000.0,1671,3,3.5,6,2.0,959.0,6,10852,7,712,472.0,786.0,173.0,959,2000.0,0,38,0.0,5,IR1,0,60,58.0,30.85894600589856,48130.0,6.25,3.0,2006,2,Q1,1Fam,0
187798.076714233,1494,3,3.0,36,2.0,1208.0,6,15410,7,0,461.0,126.0,223.0,1494,1974.0,296,0,250.0,6,IR1,0,20,39.0,25.221608273812684,49020.0,5.07,4.3,2010,4,Q2,1Fam,1
182503.520140218,1008,3,2.0,51,1.0,1008.0,5,6860,6,0,308.0,908.0,100.0,1008,1964.0,0,0,54.0,6,IR1,0,20,65.0,29.102296283256685,48910.0,6.125,3.0,2007,12,Q4,1Fam,0
100000.0,892,3,1.0,42,1.0,892.0,5,7150,5,0,288.0,432.0,460.0,892,1967.0,0,0,60.0,5,Reg,0,20,65.0,26.11993393300743,50720.0,5.2,5.6,2009,7,Q3,1Fam,0
204000.0,1501,3,3.0,10,2.0,1490.0,7,10335,6,0,577.0,679.0,811.0,1501,1999.0,144,29,183.0,5,IR1,0,20,78.0,26.11993393300743,50720.0,5.4,6.0,2009,6,Q2,1Fam,0
161647.329794081,1072,2,2.0,1,2.0,547.0,6,3675,5,0,525.0,547.0,0.0,1072,2005.0,0,44,82.0,5,Reg,0,180,35.0,30.85894600589856,48130.0,6.365,2.4,2006,10,Q4,TwnhsE,1
131500.0,848,1,2.0,4,2.0,848.0,6,4435,3,0,420.0,659.0,189.0,848,2003.0,140,0,170.0,5,Reg,0,120,36.0,29.102296283256685,48910.0,6.24,2.6,2007,11,Q4,TwnhsE,0
157000.0,1178,3,2.0,35,2.0,1176.0,5,10000,5,0,439.0,1084.0,92.0,1178,1973.0,224,0,0.0,6,Reg,0,20,80.0,27.363846269205577,50140.0,6.09,3.1,2008,11,Q4,1Fam,1
178152.259700828,1150,3,1.0,45,1.0,1150.0,5,7000,6,0,288.0,781.0,369.0,1150,1961.0,0,0,0.0,4,Reg,162,20,70.0,30.85894600589856,48130.0,6.765000000000001,2.8,2006,7,Q3,1Fam,0
73000.0,764,2,1.0,83,2.0,680.0,5,5232,4,0,504.0,0.0,680.0,764,1965.0,0,0,0.0,5,IR3,0,30,30.0,27.363846269205577,50140.0,6.37,3.7,2008,6,Q2,1Fam,1
91000.0,988,2,2.0,36,1.0,462.0,4,1596,5,462,297.0,462.0,0.0,526,1973.0,120,101,0.0,5,Reg,0,180,21.0,26.11993393300743,50720.0,4.87,4.6,2009,11,Q4,Twnhs,0
129000.0,1144,3,2.0,54,1.0,1144.0,5,9571,6,0,596.0,739.0,405.0,1144,1956.0,44,0,0.0,6,Reg,0,20,68.0,25.221608273812684,49020.0,4.734999999999999,5.0,2010,6,Q2,1Fam,0
181169.654933769,999,3,2.0,44,1.0,925.0,5,11235,6,0,308.0,925.0,0.0,999,1963.0,40,176,0.0,5,Reg,0,190,75.0,29.102296283256685,48910.0,6.16,2.9,2007,3,Q1,2fmCon,0
200468.161070551,1872,4,3.0,32,2.0,0.0,5,10260,8,936,484.0,0.0,0.0,936,1976.0,0,0,0.0,4,Reg,0,90,76.0,27.363846269205577,50140.0,6.09,3.1,2008,11,Q4,Duplex,0
183269.159407668,1141,3,2.0,39,1.0,1141.0,5,9600,6,0,568.0,602.0,137.0,1141,1967.0,0,78,140.0,7,Reg,0,80,80.0,30.85894600589856,48130.0,6.765000000000001,2.8,2006,7,Q3,1Fam,0
123000.0,894,2,1.0,37,2.0,894.0,5,7200,6,0,600.0,777.0,117.0,894,1985.0,215,0,0.0,5,Reg,0,20,60.0,26.11993393300743,50720.0,5.055,4.7,2009,9,Q3,1Fam,0
216000.0,1674,3,3.5,10,2.0,814.0,7,7500,7,860,663.0,533.0,281.0,814,2000.0,0,96,0.0,5,Reg,0,60,68.0,25.221608273812684,49020.0,5.025,5.5,2010,1,Q1,1Fam,0
180716.291710805,1568,3,2.0,5,2.0,1568.0,8,7180,6,0,564.0,0.0,1568.0,1568,2001.0,0,266,0.0,5,IR1,0,20,60.0,30.85894600589856,48130.0,6.415,2.6,2006,9,Q3,1Fam,1
169630.906956928,1112,2,2.0,55,1.0,1112.0,5,9100,6,0,390.0,154.0,264.0,1112,1954.0,0,0,0.0,6,Reg,0,20,70.0,26.11993393300743,50720.0,4.94,4.4,2009,10,Q4,1Fam,0
319000.0,1826,3,3.0,1,3.0,1814.0,8,11302,7,0,758.0,1422.0,392.0,1826,2005.0,180,75,238.0,5,IR1,120,20,69.0,30.85894600589856,48130.0,6.52,2.6,2006,8,Q3,1Fam,1
163299.477980171,1143,2,1.0,80,1.0,1008.0,5,7111,5,0,288.0,406.0,329.0,1143,1992.0,265,0,0.0,7,IR1,0,30,55.0,27.363846269205577,50140.0,6.37,3.6,2008,7,Q3,1Fam,1
155000.0,1128,3,3.0,45,2.0,1120.0,5,8700,6,0,525.0,776.0,344.0,1128,1963.0,192,20,148.0,6,Reg,0,20,80.0,27.363846269205577,50140.0,5.19,3.8,2008,12,Q4,1Fam,0
196297.95829524,1521,4,1.0,99,3.0,741.0,6,9720,8,741,640.0,0.0,741.0,780,1950.0,0,0,0.0,7,Reg,0,70,60.0,26.11993393300743,50720.0,5.055,4.7,2009,9,Q3,1Fam,1
116000.0,910,3,1.0,55,2.0,105.0,5,8892,5,0,414.0,0.0,105.0,910,1953.0,196,0,0.0,7,Reg,0,20,74.0,27.363846269205577,50140.0,6.1,2.9,2008,10,Q4,1Fam,1
183783.13937519,1809,3,2.5,1,2.0,945.0,7,10984,8,864,638.0,0.0,945.0,945,2005.0,144,54,0.0,5,IR1,0,60,91.0,30.85894600589856,48130.0,6.595,2.4,2006,5,Q2,1Fam,1
192252.496354076,1948,4,2.5,4,2.0,847.0,7,7875,8,1101,434.0,0.0,847.0,847,2003.0,0,48,16.0,5,Reg,0,60,63.0,29.102296283256685,48910.0,6.710000000000001,3.0,2007,7,Q3,1Fam,0
157580.177551642,1040,2,1.0,74,2.0,528.0,5,6240,5,492,624.0,276.0,252.0,548,1979.0,306,0,0.0,7,Reg,0,50,52.0,25.221608273812684,49020.0,4.885,4.3,2010,5,Q2,1Fam,1
145000.0,1097,3,1.5,15,2.0,1097.0,5,10859,6,0,672.0,0.0,1097.0,1097,1995.0,392,64,0.0,5,Reg,0,20,112.0,26.11993393300743,50720.0,5.4,6.0,2009,6,Q2,1Fam,1
162246.828936295,884,2,1.0,68,1.0,884.0,5,6120,5,0,240.0,0.0,884.0,884,1939.0,0,0,0.0,7,Reg,0,45,51.0,29.102296283256685,48910.0,6.710000000000001,3.0,2007,7,Q3,1Fam,1
181338.976717529,1140,3,2.0,88,2.0,1300.0,5,12900,6,0,400.0,1300.0,0.0,1140,1920.0,0,0,0.0,4,Reg,0,190,60.0,27.363846269205577,50140.0,5.69,3.3,2008,1,Q1,2fmCon,1
172934.351682851,1024,2,2.0,50,1.0,1008.0,6,10533,5,0,313.0,773.0,235.0,1024,1956.0,0,0,244.0,6,IR1,280,20,85.0,30.85894600589856,48130.0,6.52,2.6,2006,8,Q3,1Fam,0
199900.0,1241,1,2.5,1,2.0,1241.0,7,4274,4,0,569.0,1106.0,135.0,1241,2007.0,0,116,0.0,5,IR1,0,120,35.0,29.102296283256685,48910.0,6.24,2.6,2007,11,Q4,TwnhsE,1
178425.956138831,1172,3,2.0,56,1.0,1172.0,5,9525,5,0,366.0,954.0,218.0,1172,1954.0,240,0,0.0,7,Reg,0,20,75.0,25.221608273812684,49020.0,4.734999999999999,5.0,2010,6,Q2,1Fam,1
112000.0,960,3,1.0,53,1.0,672.0,4,8926,5,0,288.0,0.0,672.0,960,1956.0,64,0,0.0,3,IR1,160,20,68.0,26.11993393300743,50720.0,4.94,4.4,2009,10,Q4,1Fam,0
154846.252190699,1189,2,3.0,11,2.0,1189.0,6,4500,4,0,392.0,864.0,325.0,1189,1997.0,0,122,197.0,5,Reg,0,120,32.0,27.363846269205577,50140.0,5.88,2.7,2008,4,Q2,TwnhsE,0
183735.975076576,1368,3,2.0,59,1.0,1078.0,5,11767,6,0,195.0,1078.0,0.0,1368,1950.0,0,41,0.0,5,Reg,0,20,70.0,26.11993393300743,50720.0,5.4,6.0,2009,6,Q2,1Fam,0
148500.0,1441,3,2.5,31,2.0,855.0,6,2289,7,586,440.0,311.0,544.0,855,1978.0,28,0,0.0,6,Reg,0,160,24.0,26.11993393300743,50720.0,4.8,4.9,2009,4,Q2,Twnhs,0
110000.0,1776,4,3.0,51,3.0,1584.0,5,11475,9,0,888.0,0.0,1584.0,1776,1968.0,0,25,95.0,5,Reg,0,90,85.0,26.11993393300743,50720.0,5.2,5.6,2009,7,Q3,Duplex,0
222000.0,1478,2,3.5,1,2.0,1470.0,7,4403,7,0,484.0,578.0,892.0,1478,2009.0,0,144,432.0,5,IR2,0,20,68.0,25.221608273812684,49020.0,4.734999999999999,5.0,2010,6,Q2,1Fam,0
163276.324450004,1128,2,2.0,44,1.0,1080.0,6,11380,5,0,315.0,944.0,136.0,1128,1966.0,238,0,216.0,8,IR1,0,85,75.0,25.221608273812684,49020.0,5.025,5.5,2010,1,Q1,1Fam,1
177743.799385967,864,3,2.0,39,2.0,864.0,4,7038,5,0,576.0,726.0,138.0,864,2001.0,210,0,0.0,6,Reg,0,20,60.0,26.11993393300743,50720.0,5.055,4.7,2009,9,Q3,1Fam,0
385000.0,2084,2,3.0,1,3.0,2078.0,10,14803,7,0,1220.0,1636.0,442.0,2084,2007.0,188,45,816.0,5,Reg,0,20,114.0,27.363846269205577,50140.0,6.37,3.7,2008,6,Q2,1Fam,1
183200.0,1509,3,3.5,4,2.0,783.0,6,7861,7,702,393.0,457.0,326.0,807,2002.0,100,75,0.0,5,IR1,0,60,68.0,30.85894600589856,48130.0,6.67,3.1,2006,6,Q2,1Fam,1
259500.0,2320,3,3.5,62,1.0,1028.0,6,7259,9,884,180.0,774.0,104.0,1436,1945.0,224,0,0.0,8,IR1,0,70,61.0,29.102296283256685,48910.0,6.710000000000001,3.0,2007,7,Q3,1Fam,1
239000.0,2624,4,3.5,89,3.0,1370.0,6,22420,10,1254,864.0,1128.0,242.0,1370,1918.0,0,0,0.0,6,IR1,0,70,86.0,29.102296283256685,48910.0,6.24,2.6,2007,11,Q4,1Fam,1
193927.939041863,1434,4,3.0,35,2.0,1434.0,6,10200,7,0,528.0,844.0,590.0,1434,1974.0,80,21,440.0,5,Reg,0,20,85.0,26.11993393300743,50720.0,5.4,6.0,2009,6,Q2,1Fam,0
176261.296806135,1724,3,2.5,3,2.0,796.0,7,7162,8,918,616.0,0.0,796.0,806,2003.0,168,57,190.0,5,Reg,0,60,62.0,30.85894600589856,48130.0,6.595,2.4,2006,5,Q2,1Fam,1
123600.0,990,3,2.0,13,0.0,990.0,4,8070,5,0,0.0,588.0,402.0,990,1979.0,0,0,0.0,5,Reg,0,20,60.0,29.102296283256685,48910.0,6.59,3.0,2007,8,Q3,1Fam,1
172330.943236652,1588,3,1.5,53,2.0,768.0,5,7200,6,564,480.0,370.0,398.0,1024,1955.0,0,0,0.0,6,Reg,0,50,60.0,27.363846269205577,50140.0,5.95,3.0,2008,3,Q1,1Fam,1
275500.0,2098,3,2.5,1,3.0,1030.0,8,10240,8,1060,878.0,0.0,1030.0,1038,2005.0,192,52,178.0,5,Reg,0,60,80.0,30.85894600589856,48130.0,6.34,2.7,2006,3,Q1,1Fam,0
162931.203336223,1478,2,3.0,11,2.0,1418.0,8,7380,5,0,495.0,341.0,1077.0,1478,1998.0,168,43,0.0,5,IR1,0,120,61.0,26.11993393300743,50720.0,5.2,5.6,2009,7,Q3,1Fam,0
345000.0,2324,4,4.0,1,3.0,1175.0,9,11924,11,1142,736.0,998.0,177.0,1182,2005.0,147,21,286.0,5,IR1,0,60,85.0,30.85894600589856,48130.0,6.765000000000001,2.8,2006,7,Q3,1Fam,1
172929.156408918,1141,3,1.0,107,1.0,570.0,4,5925,6,380,252.0,122.0,0.0,761,1930.0,0,0,0.0,6,Reg,0,50,50.0,29.102296283256685,48910.0,6.21,2.8,2007,5,Q2,1Fam,1
179200.0,1575,2,3.0,15,2.0,1575.0,6,8012,5,0,529.0,430.0,1145.0,1575,1992.0,0,0,0.0,5,Reg,0,120,50.0,29.102296283256685,48910.0,6.710000000000001,3.0,2007,7,Q3,TwnhsE,0
178000.0,1571,3,2.5,16,2.0,799.0,6,7837,7,772,380.0,0.0,799.0,799,1993.0,0,40,0.0,7,IR1,0,60,59.0,26.11993393300743,50720.0,4.85,5.0,2009,5,Q2,1Fam,1
174000.0,1441,2,2.5,8,2.0,776.0,8,2645,5,677,492.0,0.0,776.0,764,1999.0,206,0,456.0,5,Reg,0,160,24.0,29.102296283256685,48910.0,6.24,2.6,2007,11,Q4,Twnhs,1
191000.0,2555,3,2.0,86,2.0,588.0,6,11526,11,748,672.0,0.0,588.0,1423,1993.0,431,0,0.0,7,IR1,0,70,79.0,27.363846269205577,50140.0,6.01,3.0,2008,9,Q3,1Fam,1
181465.935198741,1488,3,2.5,42,2.0,1008.0,6,10368,7,0,430.0,260.0,0.0,1488,1964.0,154,60,112.0,6,IR1,0,20,68.0,30.85894600589856,48130.0,6.51,2.4,2006,4,Q2,1Fam,0
180589.836175042,1565,3,3.0,41,1.0,1187.0,6,8800,7,0,299.0,901.0,34.0,1565,1965.0,200,25,0.0,7,Reg,0,190,80.0,30.85894600589856,48130.0,6.67,3.1,2006,6,Q2,2fmCon,1
181991.079479377,2318,3,3.5,1,2.0,960.0,7,9512,8,1358,541.0,788.0,172.0,960,2005.0,0,246,0.0,5,IR1,0,60,75.0,30.85894600589856,48130.0,6.67,3.1,2006,6,Q2,1Fam,1
209561.784211885,1610,4,2.5,72,1.0,972.0,3,18600,8,558,480.0,288.0,0.0,1052,1938.0,0,0,0.0,4,Reg,0,50,124.0,25.221608273812684,49020.0,4.734999999999999,5.0,2010,6,Q2,1Fam,1
199926.378957429,1651,4,2.5,44,1.0,725.0,7,10090,6,616,276.0,242.0,0.0,1035,1963.0,460,46,364.0,5,IR1,165,80,93.0,29.102296283256685,48910.0,6.385,2.6,2007,10,Q4,1Fam,1
183000.431679579,2140,3,2.5,1,3.0,2140.0,8,10481,8,0,894.0,0.0,2140.0,2140,2006.0,136,32,0.0,5,IR1,0,20,93.0,29.102296283256685,48910.0,6.68,3.4,2007,6,Q2,1Fam,1
179605.563663918,1630,3,2.5,5,2.0,868.0,7,7984,7,762,436.0,0.0,868.0,868,2004.0,120,48,200.0,5,IR1,0,60,62.0,26.11993393300743,50720.0,5.055,4.7,2009,9,Q3,1Fam,1
215000.0,1456,2,2.0,3,2.0,1273.0,8,3196,7,0,400.0,0.0,1273.0,1456,2003.0,143,20,40.0,5,Reg,0,120,68.0,30.85894600589856,48130.0,6.595,2.4,2006,5,Q2,TwnhsE,0
183653.890897141,2161,3,3.5,58,2.0,832.0,7,12392,8,943,506.0,435.0,397.0,1218,1994.0,0,96,0.0,9,Reg,0,50,70.0,27.363846269205577,50140.0,5.88,2.7,2008,4,Q2,1Fam,1
140000.0,1796,4,2.5,45,2.0,780.0,6,7056,8,813,483.0,400.0,380.0,983,1963.0,0,50,415.0,5,Reg,0,60,71.0,27.363846269205577,50140.0,6.1,2.9,2008,10,Q4,1Fam,0
430000.0,3228,4,4.0,15,2.0,3200.0,8,12692,10,0,546.0,1231.0,1969.0,3228,1992.0,264,75,0.0,5,IR1,0,20,68.0,29.102296283256685,48910.0,6.21,2.8,2007,5,Q2,1Fam,1
142398.022752011,1302,1,2.5,2,2.0,1302.0,6,3903,5,0,631.0,1030.0,272.0,1302,2005.0,110,50,182.0,5,Reg,0,120,34.0,29.102296283256685,48910.0,6.21,2.8,2007,5,Q2,Twnhs,1
197318.54715833,1352,4,2.5,70,2.0,676.0,5,10800,7,676,720.0,0.0,676.0,676,1939.0,187,0,0.0,7,Reg,0,60,60.0,26.11993393300743,50720.0,5.18,5.6,2009,8,Q3,1Fam,1
228950.0,1786,3,4.0,43,2.0,1499.0,5,164660,7,167,529.0,1249.0,103.0,1619,1965.0,670,0,0.0,6,IR1,0,190,68.0,27.363846269205577,50140.0,6.494999999999999,3.6,2008,8,Q3,2fmCon,0
402861.0,2020,3,3.5,0,3.0,2006.0,10,12220,9,0,900.0,1436.0,570.0,2020,2009.0,156,54,305.0,5,Reg,0,20,94.0,26.11993393300743,50720.0,5.055,4.7,2009,9,Q3,1Fam,0
215000.0,1494,3,3.0,9,2.0,1482.0,7,16196,5,0,514.0,1443.0,39.0,1494,1998.0,402,25,0.0,5,IR3,0,20,68.0,29.102296283256685,48910.0,6.59,3.0,2007,8,Q3,1Fam,0
227000.0,1665,3,3.5,8,2.0,810.0,8,8400,6,855,528.0,643.0,167.0,810,2001.0,0,45,0.0,6,Reg,0,60,70.0,26.11993393300743,50720.0,4.87,4.6,2009,11,Q4,1Fam,0
196761.386409959,1801,3,1.5,76,2.0,697.0,6,14210,8,697,365.0,0.0,697.0,1104,1930.0,0,90,0.0,7,IR1,0,70,70.0,30.85894600589856,48130.0,6.24,2.4,2006,11,Q4,1Fam,1
160277.142643643,792,2,1.0,51,1.0,792.0,3,5470,4,0,366.0,0.0,792.0,792,1958.0,0,90,0.0,5,Reg,0,20,53.0,26.11993393300743,50720.0,5.18,5.6,2009,8,Q3,1Fam,0
181065.347037275,2377,3,2.0,94,2.0,1313.0,4,10410,8,0,528.0,0.0,1313.0,1313,1954.0,0,0,0.0,5,Reg,0,50,60.0,26.11993393300743,50720.0,5.4,6.0,2009,6,Q2,1Fam,1
159932.1643654,672,2,1.0,68,1.0,672.0,4,5400,4,0,308.0,0.0,672.0,672,1997.0,88,108,0.0,7,Reg,0,30,60.0,27.363846269205577,50140.0,6.37,3.6,2008,7,Q3,1Fam,1
173000.0,1167,3,3.0,17,2.0,1158.0,6,9248,6,0,400.0,560.0,598.0,1167,1992.0,120,26,106.0,6,IR1,0,20,68.0,26.11993393300743,50720.0,5.2,5.6,2009,7,Q3,1Fam,0
221134.533635148,2049,4,2.5,10,2.0,1065.0,7,21533,9,984,467.0,0.0,1065.0,1065,1997.0,120,48,0.0,5,IR2,0,60,68.0,30.85894600589856,48130.0,6.52,2.6,2006,8,Q3,1Fam,1
302000.0,2810,4,2.5,17,2.0,1453.0,8,9572,9,1357,750.0,482.0,971.0,1453,1990.0,500,0,336.0,5,IR1,0,60,68.0,29.102296283256685,48910.0,6.68,3.4,2007,6,Q2,1Fam,0
180370.808623106,1190,3,2.0,16,2.0,1181.0,6,7250,6,0,430.0,0.0,1181.0,1190,1993.0,0,21,45.0,5,Reg,0,20,58.0,26.11993393300743,50720.0,4.87,4.6,2009,11,Q4,1Fam,0
140000.0,1069,2,2.0,31,2.0,1069.0,6,4043,4,0,440.0,559.0,510.0,1069,1977.0,0,55,0.0,6,Reg,200,120,53.0,27.363846269205577,50140.0,6.1,2.9,2008,10,Q4,TwnhsE,0
158234.96461859,1074,2,1.0,51,2.0,894.0,5,7450,6,0,396.0,438.0,250.0,1074,1966.0,0,72,0.0,5,IR1,0,20,74.0,29.102296283256685,48910.0,6.220000000000001,3.0,2007,1,Q1,1Fam,0
161596.052159825,1612,2,3.0,1,2.0,1612.0,9,8035,6,0,556.0,797.0,815.0,1612,2006.0,0,164,165.0,5,IR1,0,120,61.0,29.102296283256685,48910.0,6.16,2.9,2007,3,Q1,TwnhsE,0
147000.0,912,2,2.0,43,2.0,912.0,5,8872,5,0,576.0,595.0,317.0,912,1992.0,0,240,300.0,8,Reg,0,20,72.0,27.363846269205577,50140.0,5.19,3.8,2008,12,Q4,1Fam,1
228148.376399122,1676,3,2.5,30,2.0,1160.0,5,33983,6,0,672.0,1112.0,48.0,1676,1977.0,690,90,0.0,6,IR1,0,20,61.0,29.102296283256685,48910.0,6.21,2.8,2007,5,Q2,1Fam,1
132000.0,1057,3,1.0,45,2.0,1057.0,5,7420,6,0,576.0,417.0,640.0,1057,1977.0,0,0,0.0,5,Reg,0,20,70.0,29.102296283256685,48910.0,6.17,2.8,2007,4,Q2,1Fam,0
199144.242829024,1866,4,2.0,51,2.0,1866.0,5,9482,8,0,495.0,0.0,1866.0,1866,1958.0,0,0,657.0,4,Reg,0,90,76.0,26.11993393300743,50720.0,4.94,5.1,2009,12,Q4,Duplex,0
177804.057884623,1073,3,1.0,41,1.0,1073.0,5,9981,6,0,270.0,221.0,852.0,1073,1967.0,0,90,340.0,5,IR1,0,20,68.0,27.363846269205577,50140.0,5.95,3.0,2008,3,Q1,1Fam,0
240000.0,1710,3,2.0,5,2.0,1710.0,7,12118,7,0,550.0,0.0,1710.0,1710,2004.0,100,48,108.0,5,IR1,180,20,43.0,26.11993393300743,50720.0,4.8,4.9,2009,4,Q2,1Fam,1
136500.0,1694,4,2.0,83,2.0,1181.0,6,8400,7,304,576.0,423.0,758.0,1390,1925.0,342,0,0.0,5,Reg,0,50,60.0,27.363846269205577,50140.0,6.37,3.7,2008,6,Q2,1Fam,1
164228.45886894,1092,3,1.5,35,1.0,546.0,4,1504,5,546,253.0,252.0,294.0,546,1972.0,0,0,0.0,4,Reg,0,160,21.0,29.102296283256685,48910.0,6.21,2.8,2007,5,Q2,Twnhs,0
136500.0,1050,3,2.0,45,1.0,1050.0,5,10659,6,0,368.0,915.0,135.0,1050,1961.0,0,319,0.0,6,IR1,0,20,68.0,30.85894600589856,48130.0,6.135,3.1,2006,1,Q1,1Fam,0
160741.098612515,1884,2,3.0,1,2.0,1884.0,9,7390,6,0,649.0,800.0,1084.0,1884,2008.0,231,90,308.0,5,IR1,0,120,44.0,26.11993393300743,50720.0,4.85,5.0,2009,5,Q2,TwnhsE,1
235000.0,1252,1,2.0,48,2.0,1602.0,6,13500,4,0,564.0,429.0,93.0,1252,1960.0,409,0,0.0,7,Reg,0,20,68.0,27.363846269205577,50140.0,5.95,3.0,2008,3,Q1,1Fam,1
180568.187753206,941,3,1.0,39,1.0,912.0,5,8789,6,0,288.0,659.0,253.0,941,1967.0,64,0,0.0,6,IR1,0,20,68.0,30.85894600589856,48130.0,6.67,3.1,2006,6,Q2,1Fam,0
181900.0,1429,3,1.5,47,2.0,1144.0,6,14585,7,0,572.0,594.0,331.0,1429,1960.0,216,110,85.0,6,IR1,0,20,68.0,29.102296283256685,48910.0,6.68,3.4,2007,6,Q2,1Fam,1
157933.279456005,1337,2,3.0,11,2.0,1405.0,7,5858,5,0,511.0,1051.0,354.0,1337,1999.0,203,68,0.0,5,IR1,0,120,26.0,25.221608273812684,49020.0,4.734999999999999,5.0,2010,6,Q2,TwnhsE,0
140000.0,1812,4,2.0,110,2.0,360.0,5,7630,8,780,672.0,0.0,360.0,1032,1999.0,344,0,0.0,9,Reg,0,190,76.0,25.221608273812684,49020.0,4.885,4.3,2010,5,Q2,2fmCon,1
113000.0,672,2,2.0,68,1.0,672.0,4,9340,4,0,234.0,344.0,328.0,672,1941.0,0,113,0.0,6,Reg,0,30,50.0,26.11993393300743,50720.0,5.18,5.6,2009,8,Q3,1Fam,1
106500.0,951,2,1.0,70,1.0,951.0,4,8765,6,0,327.0,285.0,666.0,951,1936.0,0,28,0.0,6,Reg,0,30,50.0,30.85894600589856,48130.0,6.51,2.4,2006,4,Q2,1Fam,1
175000.0,1484,3,2.0,36,2.0,1484.0,5,12243,7,0,487.0,998.0,486.0,1484,1971.0,224,0,0.0,6,IR1,180,20,70.0,29.102296283256685,48910.0,6.29,3.0,2007,2,Q1,1Fam,0
234000.0,1557,2,2.0,3,2.0,1374.0,7,3196,7,0,420.0,0.0,1374.0,1557,2003.0,143,20,18.0,5,Reg,0,120,68.0,30.85894600589856,48130.0,6.365,2.4,2006,10,Q4,TwnhsE,1
197500.0,1868,4,3.5,33,2.0,780.0,5,10304,9,780,484.0,381.0,399.0,1088,1976.0,448,96,44.0,7,IR1,0,60,68.0,26.11993393300743,50720.0,4.94,4.4,2009,10,Q4,1Fam,0
133700.0,1040,3,1.0,47,1.0,1040.0,5,7560,6,0,286.0,369.0,671.0,1040,1959.0,140,0,0.0,5,Reg,0,20,70.0,30.85894600589856,48130.0,6.765000000000001,2.8,2006,7,Q3,1Fam,0
129900.0,864,3,2.0,48,2.0,864.0,5,9100,5,0,624.0,521.0,169.0,864,1964.0,0,0,0.0,5,Reg,0,20,70.0,30.85894600589856,48130.0,6.765000000000001,2.8,2006,7,Q3,1Fam,0
139400.0,1056,3,1.5,53,1.0,1056.0,5,9250,6,0,260.0,480.0,108.0,1056,1954.0,390,0,0.0,7,Reg,0,20,80.0,29.102296283256685,48910.0,6.710000000000001,3.0,2007,7,Q3,1Fam,1
160927.61044889,1743,0,2.5,31,2.0,966.0,8,20064,5,0,529.0,51.0,0.0,1743,1976.0,646,0,0.0,6,IR1,0,20,155.0,29.102296283256685,48910.0,6.21,2.8,2007,5,Q2,1Fam,0
184468.908382254,1736,3,2.0,1,3.0,1736.0,9,11578,7,0,834.0,0.0,1736.0,1736,2008.0,319,90,302.0,5,Reg,0,20,95.0,26.11993393300743,50720.0,5.2,5.6,2009,7,Q3,1Fam,0
165000.0,1502,3,1.5,84,1.0,602.0,6,10592,7,602,180.0,0.0,602.0,900,1923.0,96,0,0.0,7,Reg,53,70,55.0,29.102296283256685,48910.0,6.59,3.0,2007,8,Q3,1Fam,1
182207.6323195,1287,3,1.5,17,2.0,624.0,5,10429,6,663,440.0,330.0,294.0,624,2001.0,150,0,0.0,5,Reg,0,60,62.0,26.11993393300743,50720.0,5.2,5.6,2009,7,Q3,1Fam,0
124000.0,932,2,1.0,57,1.0,932.0,6,8280,4,0,306.0,0.0,932.0,932,1950.0,0,0,0.0,5,IR1,0,20,57.0,29.102296283256685,48910.0,6.24,2.6,2007,11,Q4,1Fam,0
171022.241447762,819,2,1.0,87,0.0,610.0,5,9000,4,0,0.0,0.0,610.0,819,1979.0,0,0,0.0,4,Reg,0,30,50.0,30.85894600589856,48130.0,6.415,2.6,2006,9,Q3,1Fam,1
139000.0,1092,3,1.5,47,1.0,1092.0,5,11616,6,0,288.0,170.0,252.0,1092,1962.0,0,20,116.0,5,Reg,0,20,68.0,26.11993393300743,50720.0,5.055,4.7,2009,9,Q3,1Fam,0
132000.0,1432,2,2.0,97,2.0,264.0,5,9600,7,664,360.0,0.0,264.0,768,1910.0,270,0,0.0,7,Reg,0,70,60.0,29.102296283256685,48910.0,6.21,2.8,2007,5,Q2,1Fam,1
171989.192193993,1827,2,1.0,82,1.0,848.0,6,11737,9,810,240.0,0.0,848.0,1017,1943.0,27,36,0.0,7,IR1,0,70,69.0,30.85894600589856,48130.0,6.595,2.4,2006,5,Q2,1Fam,1
155537.862252682,2470,1,3.5,5,3.0,2535.0,10,12720,7,0,789.0,2257.0,278.0,2470,2003.0,154,65,680.0,5,Reg,216,20,106.0,27.363846269205577,50140.0,5.88,3.1,2008,2,Q1,1Fam,0
133000.0,1040,3,2.5,47,1.0,1040.0,5,7500,5,0,308.0,824.0,216.0,1040,1963.0,0,0,0.0,5,Reg,0,20,75.0,25.221608273812684,49020.0,4.734999999999999,5.0,2010,6,Q2,1Fam,0
193283.746584832,1701,4,2.0,89,0.0,600.0,4,7627,8,600,0.0,0.0,600.0,1101,1979.0,0,0,0.0,6,Reg,0,190,63.0,26.11993393300743,50720.0,4.94,4.4,2009,10,Q4,2fmCon,1
166000.0,1392,3,2.5,51,2.0,1392.0,6,11900,6,0,458.0,1040.0,352.0,1392,1957.0,0,0,387.0,5,IR1,192,20,80.0,27.363846269205577,50140.0,6.37,3.7,2008,6,Q2,1Fam,0
163990.0,1456,3,2.5,1,2.0,728.0,6,8461,8,728,390.0,0.0,728.0,728,2005.0,0,24,0.0,5,Reg,0,60,65.0,30.85894600589856,48130.0,6.765000000000001,2.8,2006,7,Q3,1Fam,1
145500.0,1053,3,2.5,49,1.0,1053.0,5,10007,5,0,312.0,806.0,247.0,1053,1959.0,0,0,54.0,7,IR1,0,20,72.0,27.363846269205577,50140.0,6.494999999999999,3.6,2008,8,Q3,1Fam,1
201670.634365666,2358,4,3.5,1,3.0,1524.0,8,11643,10,814,784.0,880.0,644.0,1544,2005.0,120,34,142.0,5,IR1,0,60,82.0,30.85894600589856,48130.0,6.52,2.6,2006,8,Q3,1Fam,1
178378.906069427,1525,3,3.5,9,2.0,813.0,6,8238,6,712,400.0,700.0,113.0,813,1997.0,421,72,0.0,5,IR1,0,60,60.0,30.85894600589856,48130.0,6.595,2.4,2006,5,Q2,1Fam,1
177294.838897736,1390,3,3.0,3,2.0,1390.0,7,8810,7,0,545.0,1000.0,390.0,1390,2003.0,0,68,0.0,5,Reg,0,20,70.0,30.85894600589856,48130.0,6.34,2.7,2006,3,Q1,1Fam,0
200000.0,3395,8,2.0,93,0.0,1440.0,6,10896,14,1440,0.0,256.0,1184.0,1440,1979.0,0,110,0.0,7,Reg,0,190,60.0,29.102296283256685,48910.0,6.16,2.9,2007,3,Q1,2fmCon,1
162000.0,1287,3,2.0,51,2.0,1063.0,5,9830,7,0,576.0,72.0,733.0,1287,1997.0,364,17,0.0,7,IR1,182,20,68.0,25.221608273812684,49020.0,4.965,5.2,2010,3,Q1,1Fam,1
120500.0,778,2,1.0,68,1.0,740.0,5,6900,4,0,924.0,403.0,212.0,778,1966.0,0,25,0.0,6,Reg,0,30,71.0,27.363846269205577,50140.0,5.88,3.1,2008,2,Q1,1Fam,1
239686.0,2149,1,2.5,6,2.0,1434.0,7,12822,6,631,670.0,1351.0,83.0,1518,2003.0,168,43,0.0,5,IR1,198,50,48.0,26.11993393300743,50720.0,5.18,5.6,2009,8,Q3,1Fam,0
168000.0,1742,4,1.5,127,2.0,916.0,8,17671,8,826,424.0,216.0,700.0,916,1925.0,0,169,0.0,9,Reg,0,70,121.0,26.11993393300743,50720.0,4.87,4.6,2009,11,Q4,1Fam,1
132250.0,1040,3,2.0,44,2.0,1064.0,4,25286,5,0,648.0,633.0,431.0,1040,1963.0,0,0,0.0,5,Reg,0,20,94.0,29.102296283256685,48910.0,6.220000000000001,3.0,2007,1,Q1,1Fam,0
114500.0,912,2,1.0,49,1.0,912.0,5,10150,5,0,275.0,456.0,456.0,912,1958.0,0,0,1.0,5,Reg,0,20,70.0,29.102296283256685,48910.0,6.710000000000001,3.0,2007,7,Q3,1Fam,0
91500.0,1218,3,1.5,35,0.0,672.0,6,1680,7,546,0.0,0.0,672.0,672,1979.0,201,0,236.0,5,Reg,0,160,21.0,30.85894600589856,48130.0,6.51,2.4,2006,4,Q2,Twnhs,0
174000.0,1555,2,2.0,2,3.0,1373.0,7,3684,7,0,660.0,0.0,1373.0,1555,2007.0,143,20,130.0,5,Reg,0,120,53.0,26.11993393300743,50720.0,5.4,6.0,2009,6,Q2,TwnhsE,0
250000.0,2198,4,3.5,8,3.0,1145.0,8,14260,9,1053,836.0,655.0,490.0,1145,2000.0,192,84,350.0,5,IR1,0,60,84.0,27.363846269205577,50140.0,5.19,3.8,2008,12,Q4,1Fam,0
194631.100299584,2133,4,2.5,69,1.0,1528.0,7,10452,8,908,312.0,426.0,850.0,1225,1941.0,0,0,371.0,6,IR1,0,50,78.0,25.221608273812684,49020.0,4.57,4.7,2010,7,Q3,1Fam,1
192383.215486656,1496,3,3.0,0,2.0,768.0,6,15810,7,728,572.0,0.0,768.0,768,2007.0,100,0,0.0,5,IR1,0,60,59.0,29.102296283256685,48910.0,6.21,2.8,2007,5,Q2,1Fam,0
179749.876244365,1522,3,2.0,23,2.0,1190.0,6,11075,7,0,552.0,299.0,0.0,1522,1984.0,0,77,136.0,5,Reg,168,20,68.0,29.102296283256685,48910.0,6.29,3.0,2007,2,Q1,1Fam,0
138800.0,1096,3,2.0,37,1.0,1096.0,5,15870,6,0,299.0,75.0,230.0,1096,1969.0,240,32,0.0,5,IR1,0,20,68.0,30.85894600589856,48130.0,6.34,2.7,2006,3,Q1,1Fam,0
100000.0,987,2,2.5,35,1.0,483.0,6,1680,5,504,264.0,330.0,153.0,483,1973.0,0,0,158.0,5,Reg,0,160,21.0,27.363846269205577,50140.0,6.09,3.1,2008,11,Q4,Twnhs,0
159434.0,1520,3,1.0,77,1.0,793.0,5,4500,6,672,281.0,182.0,611.0,848,1968.0,0,0,0.0,5,IR2,0,50,55.0,26.11993393300743,50720.0,5.2,5.6,2009,7,Q3,1Fam,1
177271.291059307,1218,3,1.5,2,2.0,1218.0,7,9605,6,0,576.0,0.0,1218.0,1218,2007.0,0,178,0.0,6,Reg,0,20,80.0,26.11993393300743,50720.0,4.8,4.9,2009,4,Q2,1Fam,0
196559.709259637,2443,4,2.5,3,3.0,1158.0,6,10625,9,1285,744.0,0.0,1158.0,1158,2004.0,193,127,353.0,5,Reg,0,60,85.0,29.102296283256685,48910.0,6.68,3.4,2007,6,Q2,1Fam,0
196373.896176551,2503,3,3.5,17,2.0,1223.0,7,19522,7,1232,564.0,727.0,496.0,1271,1990.0,0,99,272.0,5,IR1,182,60,68.0,29.102296283256685,48910.0,6.29,3.0,2007,2,Q1,1Fam,0
160337.079183809,1424,2,2.0,87,1.0,1228.0,7,7290,7,0,312.0,0.0,1228.0,1424,1921.0,0,0,174.0,8,Reg,0,30,60.0,27.363846269205577,50140.0,5.88,2.7,2008,4,Q2,1Fam,1
116900.0,1111,2,1.0,82,1.0,572.0,7,5700,5,539,288.0,0.0,572.0,572,1982.0,0,0,0.0,7,Reg,0,50,68.0,27.363846269205577,50140.0,6.494999999999999,3.6,2008,8,Q3,1Fam,1
139000.0,1109,3,1.5,36,1.0,372.0,5,10500,5,533,288.0,349.0,23.0,576,1971.0,35,0,82.0,7,Reg,0,80,70.0,29.102296283256685,48910.0,6.125,3.0,2007,12,Q4,1Fam,1
177000.0,1470,3,2.5,10,2.0,794.0,6,13869,6,676,388.0,182.0,612.0,794,1997.0,0,75,0.0,6,IR2,0,60,68.0,29.102296283256685,48910.0,6.710000000000001,3.0,2007,7,Q3,1Fam,0
158000.0,1445,3,1.5,45,2.0,1127.0,6,12095,7,0,645.0,564.0,563.0,1445,1964.0,180,0,115.0,6,IR1,0,80,68.0,26.11993393300743,50720.0,5.18,5.6,2009,8,Q3,1Fam,0
156060.853810389,1342,2,2.0,2,2.0,1342.0,8,6240,6,0,550.0,24.0,1318.0,1342,2007.0,0,35,196.0,5,Reg,0,120,48.0,27.363846269205577,50140.0,5.88,3.1,2008,2,Q1,TwnhsE,1
176911.319164431,1432,3,1.0,86,1.0,1022.0,6,6615,6,0,216.0,0.0,1022.0,1432,1923.0,266,61,0.0,6,Reg,0,30,68.0,26.11993393300743,50720.0,5.055,4.7,2009,9,Q3,1Fam,1
167000.0,1516,3,1.5,45,2.0,1516.0,6,10004,6,0,472.0,196.0,975.0,1516,1964.0,0,0,180.0,6,Reg,152,20,100.0,26.11993393300743,50720.0,5.115,5.1,2009,2,Q1,1Fam,0
318000.0,1734,3,3.0,0,3.0,1734.0,8,12085,7,0,928.0,1004.0,730.0,1734,2007.0,0,0,328.0,5,Reg,0,20,93.0,29.102296283256685,48910.0,6.24,2.6,2007,11,Q4,1Fam,0
245350.0,1694,3,2.0,2,3.0,1694.0,8,10475,7,0,776.0,0.0,1694.0,1694,2008.0,160,33,72.0,5,IR1,0,20,64.0,25.221608273812684,49020.0,4.99,5.3,2010,2,Q1,1Fam,0
180352.919019023,1873,3,2.5,8,2.0,988.0,7,10820,7,885,597.0,342.0,646.0,988,1999.0,202,123,0.0,5,IR2,0,60,47.0,29.102296283256685,48910.0,6.16,2.9,2007,3,Q1,1Fam,0
189494.276162169,1906,3,2.5,55,2.0,1310.0,6,17500,6,0,576.0,784.0,91.0,1906,1954.0,0,201,420.0,5,Reg,0,20,100.0,26.11993393300743,50720.0,5.055,5.0,2009,1,Q1,1Fam,0
173000.0,1626,2,2.0,6,2.0,764.0,7,2268,6,862,474.0,567.0,197.0,764,2003.0,0,27,106.0,5,Reg,0,160,36.0,26.11993393300743,50720.0,5.2,5.6,2009,7,Q3,Twnhs,1
241000.0,1550,2,3.0,3,2.0,1092.0,7,8125,7,438,438.0,812.0,280.0,1112,2007.0,0,168,100.0,5,Reg,0,60,65.0,26.11993393300743,50720.0,4.94,4.4,2009,10,Q4,1Fam,1
160692.078640755,1550,2,2.5,1,2.0,1550.0,8,5330,5,0,528.0,0.0,1550.0,1550,2007.0,0,102,0.0,5,IR2,0,120,30.0,29.102296283256685,48910.0,6.710000000000001,3.0,2007,7,Q3,TwnhsE,1
139000.0,1339,3,1.0,51,1.0,1029.0,5,7560,6,0,294.0,504.0,525.0,1339,1958.0,0,0,0.0,6,Reg,0,20,70.0,26.11993393300743,50720.0,4.85,5.0,2009,5,Q2,1Fam,1
221000.0,1839,4,2.5,12,2.0,1195.0,7,16770,7,644,486.0,0.0,1195.0,1195,1998.0,0,81,30.0,5,IR2,0,60,58.0,25.221608273812684,49020.0,4.734999999999999,5.0,2010,6,Q2,1Fam,0
309000.0,2452,4,3.5,2,3.0,1117.0,8,13418,9,1320,691.0,0.0,1117.0,1132,2004.0,113,32,132.0,5,Reg,0,60,108.0,30.85894600589856,48130.0,6.415,2.6,2006,9,Q3,1Fam,1
174902.068073146,713,2,1.0,76,1.0,713.0,3,10410,5,0,371.0,0.0,713.0,713,1936.0,0,75,0.0,8,Reg,0,30,60.0,30.85894600589856,48130.0,6.365,2.4,2006,10,Q4,1Fam,1
315750.0,2398,3,3.5,11,3.0,1379.0,7,11787,8,1015,834.0,719.0,660.0,1383,1996.0,239,60,594.0,5,IR1,0,60,95.0,29.102296283256685,48910.0,6.59,3.0,2007,8,Q3,1Fam,1
176129.508722531,1435,3,2.0,57,1.0,910.0,5,8674,6,525,308.0,910.0,0.0,910,1950.0,0,33,0.0,6,Reg,0,50,55.0,29.102296283256685,48910.0,6.16,2.9,2007,3,Q1,1Fam,0
201000.0,1721,3,3.0,13,2.0,928.0,6,8462,7,785,471.0,814.0,114.0,936,1994.0,300,87,105.0,5,IR1,0,60,70.0,29.102296283256685,48910.0,6.710000000000001,3.0,2007,7,Q3,1Fam,0
189786.685274579,1112,4,3.0,75,1.0,585.0,5,9780,6,425,226.0,0.0,585.0,687,1934.0,0,0,0.0,3,Reg,0,50,60.0,26.11993393300743,50720.0,5.005000000000001,5.2,2009,3,Q1,1Fam,1
152324.943593181,1072,2,2.0,4,2.0,547.0,6,3675,5,0,525.0,547.0,0.0,1072,2005.0,0,28,80.0,5,Reg,0,180,35.0,26.11993393300743,50720.0,4.8,4.9,2009,4,Q2,TwnhsE,1
111250.0,864,3,1.0,36,2.0,864.0,4,12735,5,0,576.0,600.0,264.0,864,1980.0,216,0,0.0,5,IR1,0,20,68.0,27.363846269205577,50140.0,5.88,2.7,2008,4,Q2,1Fam,0
173622.088728263,2490,2,3.0,4,3.0,2458.0,9,11128,9,0,795.0,2158.0,300.0,2490,2005.0,70,226,198.0,5,Reg,0,20,85.0,26.11993393300743,50720.0,4.94,4.4,2009,10,Q4,1Fam,1
195596.307707478,1960,3,3.0,1,3.0,1728.0,8,13618,8,0,714.0,1350.0,378.0,1960,2005.0,172,38,198.0,5,Reg,0,20,95.0,30.85894600589856,48130.0,6.24,2.4,2006,11,Q4,1Fam,1
241500.0,1872,3,2.5,18,2.0,1845.0,7,10400,6,0,604.0,929.0,916.0,1872,1988.0,197,39,102.0,5,Reg,0,20,80.0,30.85894600589856,48130.0,6.67,3.1,2006,6,Q2,1Fam,0
128000.0,1484,3,2.0,94,0.0,742.0,6,6300,9,742,0.0,0.0,742.0,742,1979.0,0,291,0.0,6,Reg,0,75,35.0,27.363846269205577,50140.0,6.37,3.7,2008,6,Q2,1Fam,1
215000.0,2093,3,2.5,22,2.0,791.0,7,20544,7,857,542.0,0.0,791.0,1236,1986.0,364,63,123.0,6,IR1,0,60,46.0,27.363846269205577,50140.0,6.09,3.1,2008,11,Q4,1Fam,1
178403.094096818,1476,3,2.5,0,2.0,738.0,7,8145,7,738,552.0,0.0,738.0,738,2007.0,0,35,0.0,5,IR1,0,60,70.0,29.102296283256685,48910.0,6.68,3.4,2007,6,Q2,1Fam,0
125000.0,1200,4,1.0,83,1.0,1200.0,6,11340,7,0,312.0,0.0,1200.0,1200,1923.0,0,0,0.0,5,Reg,0,30,84.0,30.85894600589856,48130.0,6.34,2.7,2006,3,Q1,1Fam,1
181354.326716058,1374,3,2.5,5,2.0,384.0,7,9434,6,630,400.0,0.0,384.0,744,2004.0,100,0,0.0,5,IR1,0,80,59.0,26.11993393300743,50720.0,5.18,5.6,2009,8,Q3,1Fam,1
160000.0,1116,3,1.5,48,2.0,1116.0,6,10000,5,0,440.0,0.0,1116.0,1116,1962.0,0,0,261.0,6,IR1,385,20,87.0,25.221608273812684,49020.0,4.99,5.3,2010,2,Q1,1Fam,0
179171.703565498,1330,3,1.0,96,1.0,396.0,5,7518,7,665,390.0,0.0,396.0,665,2001.0,0,72,0.0,8,Reg,0,70,60.0,30.85894600589856,48130.0,6.765000000000001,2.8,2006,7,Q3,1Fam,1
262500.0,2156,3,2.0,38,2.0,1568.0,7,20781,9,0,508.0,297.0,1203.0,2156,1968.0,0,80,0.0,7,IR2,0,20,68.0,30.85894600589856,48130.0,6.67,3.1,2006,6,Q2,1Fam,1
135960.0,943,2,2.0,27,2.0,943.0,5,7032,4,0,600.0,943.0,0.0,943,1979.0,42,0,0.0,5,IR1,0,90,68.0,30.85894600589856,48130.0,6.125,2.5,2006,12,Q4,Duplex,0
188241.637896875,1728,3,3.0,53,2.0,1048.0,5,13495,7,0,576.0,625.0,222.0,1728,1956.0,0,99,70.0,6,IR1,0,20,68.0,26.11993393300743,50720.0,5.2,5.6,2009,7,Q3,1Fam,0
179471.23597476,1510,3,2.0,99,2.0,677.0,4,9600,7,677,720.0,0.0,677.0,833,1974.0,0,0,0.0,4,Reg,0,70,60.0,26.11993393300743,50720.0,5.4,6.0,2009,6,Q2,1Fam,1
192834.968917174,1790,3,2.0,51,2.0,998.0,6,14250,6,0,540.0,0.0,998.0,1790,1957.0,0,40,360.0,5,Reg,0,20,95.0,27.363846269205577,50140.0,6.01,3.0,2008,9,Q3,1Fam,0
87000.0,840,3,1.0,77,0.0,672.0,5,4388,5,0,0.0,116.0,556.0,840,1979.0,0,0,0.0,7,IR1,0,45,55.0,29.102296283256685,48910.0,6.68,3.4,2007,6,Q2,1Fam,1
197468.550532521,1664,4,2.0,28,2.0,1664.0,6,8385,10,0,616.0,0.0,1664.0,1664,1978.0,0,0,0.0,5,Reg,0,90,65.0,30.85894600589856,48130.0,6.365,2.4,2006,10,Q4,Duplex,0
182386.152242034,1660,3,2.0,1,3.0,1660.0,8,10625,7,0,660.0,0.0,1660.0,1660,2007.0,133,120,292.0,5,Reg,0,20,85.0,27.363846269205577,50140.0,6.37,3.7,2008,6,Q2,1Fam,0
178400.0,999,3,2.0,47,2.0,944.0,7,12122,6,0,588.0,867.0,77.0,999,1961.0,144,76,210.0,9,IR1,0,85,68.0,27.363846269205577,50140.0,6.37,3.6,2008,7,Q3,1Fam,1
156887.932862327,1778,2,4.0,1,2.0,1573.0,8,5748,5,0,495.0,1573.0,0.0,1778,2005.0,123,53,473.0,5,IR1,153,120,41.0,30.85894600589856,48130.0,6.25,3.0,2006,2,Q1,TwnhsE,1
315000.0,2727,3,2.5,75,2.0,853.0,8,10570,10,1178,440.0,297.0,556.0,1549,1932.0,0,74,0.0,8,Reg,0,70,70.0,29.102296283256685,48910.0,6.125,3.0,2007,12,Q4,1Fam,1
144000.0,1167,3,1.0,87,2.0,915.0,5,8731,6,0,495.0,645.0,270.0,1167,1972.0,0,0,0.0,5,IR1,126,30,98.0,29.102296283256685,48910.0,6.21,2.8,2007,5,Q2,1Fam,1
187000.0,1851,3,2.5,43,2.0,822.0,6,9760,7,831,440.0,536.0,169.0,1020,1964.0,239,42,340.0,8,Reg,0,60,80.0,29.102296283256685,48910.0,6.710000000000001,3.0,2007,7,Q3,1Fam,1
196000.0,1391,2,2.0,4,2.0,1391.0,7,4282,5,0,530.0,16.0,1375.0,1391,2004.0,156,158,0.0,5,IR2,0,120,59.0,27.363846269205577,50140.0,6.37,3.6,2008,7,Q3,TwnhsE,0
152000.0,1040,3,2.0,13,2.0,1040.0,5,12464,6,0,576.0,732.0,308.0,1040,2000.0,168,0,0.0,5,IR2,0,20,82.0,26.11993393300743,50720.0,4.87,4.6,2009,11,Q4,1Fam,0
177000.0,1525,3,2.5,7,2.0,756.0,6,2117,5,756,440.0,436.0,320.0,769,2000.0,0,0,456.0,5,Reg,0,160,68.0,29.102296283256685,48910.0,6.68,3.4,2007,6,Q2,Twnhs,0
267000.0,2452,4,2.5,9,2.0,1028.0,8,16226,9,1242,683.0,281.0,747.0,1210,1998.0,208,50,0.0,5,IR3,0,60,66.0,29.102296283256685,48910.0,6.21,2.8,2007,5,Q2,1Fam,1
195531.754886222,1351,3,2.0,82,2.0,901.0,5,16287,7,450,576.0,130.0,666.0,901,1975.0,0,0,0.0,6,Reg,100,50,74.0,29.102296283256685,48910.0,6.710000000000001,3.0,2007,7,Q3,1Fam,1
196325.442210366,1654,4,2.0,29,2.0,0.0,6,8927,10,368,528.0,0.0,0.0,1286,1977.0,0,0,0.0,6,Reg,0,90,68.0,30.85894600589856,48130.0,6.52,2.6,2006,8,Q3,Duplex,0
213500.0,1338,2,3.0,9,2.0,1338.0,8,4920,6,0,582.0,616.0,722.0,1338,2001.0,0,0,0.0,5,Reg,0,120,41.0,25.221608273812684,49020.0,5.07,4.3,2010,4,Q2,TwnhsE,0
169618.349900686,1008,2,2.0,54,1.0,1008.0,5,12778,4,0,280.0,658.0,350.0,1008,1952.0,0,154,0.0,6,Reg,0,20,66.0,30.85894600589856,48130.0,6.135,3.1,2006,1,Q1,1Fam,1
174126.297156192,984,3,1.0,76,1.0,984.0,6,7200,6,0,308.0,343.0,641.0,984,1930.0,0,0,0.0,6,Reg,0,30,60.0,30.85894600589856,48130.0,6.34,2.7,2006,3,Q1,1Fam,1
196544.144075798,1755,4,2.0,77,1.0,930.0,4,7810,7,525,231.0,189.0,741.0,1230,1930.0,0,40,0.0,6,IR1,0,50,110.0,29.102296283256685,48910.0,6.24,2.6,2007,11,Q4,1Fam,1
135000.0,893,2,1.5,58,2.0,845.0,5,9600,4,0,576.0,220.0,625.0,893,1985.0,0,0,0.0,7,Reg,0,45,60.0,29.102296283256685,48910.0,6.21,2.8,2007,5,Q2,1Fam,1
181502.754496154,1009,3,2.0,30,2.0,995.0,5,9720,6,0,576.0,755.0,240.0,1009,1977.0,0,0,51.0,7,Reg,0,80,72.0,29.102296283256685,48910.0,6.68,3.4,2007,6,Q2,1Fam,0
162447.639333636,1091,2,1.5,57,1.0,1091.0,6,7801,5,0,344.0,500.0,591.0,1091,1951.0,66,105,88.0,5,IR1,221,20,79.0,27.363846269205577,50140.0,6.05,3.0,2008,5,Q2,1Fam,0
465000.0,2076,2,3.5,0,3.0,2076.0,10,13891,7,0,850.0,1386.0,690.0,2076,2006.0,216,229,0.0,5,Reg,0,20,107.0,30.85894600589856,48130.0,6.415,2.6,2006,9,Q3,1Fam,0
149000.0,1004,2,2.0,40,2.0,1004.0,6,11241,5,0,480.0,578.0,426.0,1004,1970.0,0,0,180.0,7,IR1,0,20,68.0,25.221608273812684,49020.0,4.965,5.2,2010,3,Q1,1Fam,0
245283.198337927,1650,2,2.0,48,2.0,1632.0,6,50102,6,0,518.0,909.0,723.0,1650,1958.0,0,0,0.0,5,IR1,138,20,68.0,30.85894600589856,48130.0,6.34,2.7,2006,3,Q1,1Fam,0
210000.0,1635,3,1.5,84,2.0,1065.0,6,8737,6,720,440.0,300.0,765.0,915,1950.0,0,38,0.0,7,IR1,0,50,70.0,29.102296283256685,48910.0,6.21,2.8,2007,5,Q2,1Fam,1
97500.0,1458,3,1.5,62,1.0,912.0,6,17503,6,546,330.0,0.0,912.0,912,1948.0,192,0,0.0,5,Reg,0,50,78.0,25.221608273812684,49020.0,5.025,5.5,2010,1,Q1,1Fam,1
202357.62258493,2795,4,3.5,1,3.0,1390.0,9,15922,10,1405,660.0,0.0,1390.0,1390,2005.0,272,102,550.0,5,IR1,0,60,92.0,30.85894600589856,48130.0,6.135,3.1,2006,1,Q1,1Fam,1
184859.155270535,1914,3,3.5,2,3.0,1420.0,8,13215,9,488,746.0,994.0,426.0,1426,2004.0,168,127,112.0,5,IR1,0,60,68.0,30.85894600589856,48130.0,6.25,3.0,2006,2,Q1,1Fam,0
173214.912549738,1492,3,3.0,8,2.0,1492.0,7,8000,6,0,596.0,833.0,659.0,1492,2002.0,277,137,0.0,5,Reg,0,20,80.0,25.221608273812684,49020.0,5.07,4.3,2010,4,Q2,1Fam,0
155000.0,1416,3,3.5,11,2.0,696.0,7,2572,6,720,484.0,604.0,92.0,696,1999.0,0,44,0.0,5,Reg,0,160,24.0,25.221608273812684,49020.0,4.885,4.3,2010,5,Q2,Twnhs,0
197530.775205517,3078,4,3.5,9,3.0,1408.0,9,10557,9,1407,806.0,672.0,736.0,1671,1998.0,108,87,422.0,5,IR1,0,60,89.0,29.102296283256685,48910.0,6.710000000000001,3.0,2007,7,Q3,1Fam,0
110000.0,773,2,1.0,55,1.0,773.0,5,7677,4,0,240.0,570.0,203.0,773,1953.0,0,0,0.0,5,Reg,0,20,57.0,27.363846269205577,50140.0,5.88,2.7,2008,4,Q2,1Fam,0
112000.0,1302,3,2.5,38,1.0,630.0,5,1680,6,672,280.0,0.0,630.0,630,1991.0,0,0,142.0,5,Reg,0,160,21.0,26.11993393300743,50720.0,4.85,5.0,2009,5,Q2,Twnhs,0
186920.512597635,1081,3,2.0,48,1.0,1081.0,6,12929,5,0,401.0,697.0,384.0,1081,1960.0,36,82,276.0,6,IR1,0,20,68.0,27.363846269205577,50140.0,6.37,3.7,2008,6,Q2,1Fam,1
177427.267170302,1183,3,2.0,50,1.0,528.0,5,8000,6,0,288.0,433.0,0.0,1183,1959.0,0,0,0.0,5,Reg,0,80,80.0,26.11993393300743,50720.0,5.2,5.6,2009,7,Q3,1Fam,0
196899.720661579,1375,3,2.0,51,1.0,1240.0,5,14175,6,0,323.0,386.0,332.0,1375,1956.0,0,0,0.0,5,Reg,0,20,81.0,29.102296283256685,48910.0,6.125,3.0,2007,12,Q4,1Fam,1
186412.438609167,1609,3,1.5,74,3.0,637.0,7,12320,8,650,579.0,0.0,637.0,959,1963.0,0,0,0.0,7,IR1,104,70,70.0,30.85894600589856,48130.0,6.595,2.4,2006,5,Q2,1Fam,1
184299.838071218,1422,3,2.0,37,2.0,925.0,5,9457,7,0,576.0,566.0,359.0,1422,1988.0,252,0,0.0,6,Reg,0,20,63.0,29.102296283256685,48910.0,6.38,2.8,2007,9,Q3,1Fam,1
187462.725306432,1133,3,2.0,0,1.0,192.0,6,9836,7,0,308.0,96.0,96.0,1133,2008.0,0,175,0.0,5,Reg,0,20,56.0,27.363846269205577,50140.0,5.19,3.8,2008,12,Q4,1Fam,0
177174.535221728,1514,3,3.5,9,2.0,794.0,6,8433,7,695,394.0,683.0,111.0,819,2000.0,0,72,0.0,5,IR1,0,60,42.0,26.11993393300743,50720.0,5.4,6.0,2009,6,Q2,1Fam,0
139600.0,1733,4,2.0,54,2.0,0.0,3,13680,8,0,452.0,0.0,0.0,1733,1955.0,0,0,0.0,5,IR1,0,20,68.0,26.11993393300743,50720.0,5.4,6.0,2009,6,Q2,1Fam,0
187000.0,1710,3,2.5,15,2.0,832.0,6,9291,7,878,506.0,426.0,406.0,832,1993.0,144,70,120.0,5,IR1,0,60,76.0,27.363846269205577,50140.0,6.37,3.7,2008,6,Q2,1Fam,0
127500.0,980,4,3.0,31,0.0,945.0,6,9400,4,0,0.0,945.0,0.0,980,1979.0,0,0,250.0,5,IR1,0,90,35.0,30.85894600589856,48130.0,6.365,2.4,2006,10,Q4,Duplex,0
212992.120630876,1625,3,2.5,27,2.0,1625.0,6,23580,6,0,576.0,776.0,849.0,1625,1979.0,136,28,0.0,6,IR1,0,20,69.0,30.85894600589856,48130.0,6.415,2.6,2006,9,Q3,1Fam,0
264561.0,1567,1,3.0,0,3.0,1520.0,8,3982,7,0,648.0,1154.0,366.0,1567,2006.0,312,0,0.0,5,Reg,0,120,53.0,30.85894600589856,48130.0,6.365,2.4,2006,10,Q4,TwnhsE,0
185425.485520958,909,3,1.0,38,1.0,882.0,5,8450,5,0,294.0,162.0,450.0,909,1968.0,0,155,90.0,6,Reg,0,20,65.0,30.85894600589856,48130.0,6.24,2.4,2006,11,Q4,1Fam,0
80500.0,912,2,1.0,59,0.0,0.0,4,6240,3,240,0.0,0.0,0.0,672,1979.0,0,0,0.0,5,Reg,0,50,52.0,30.85894600589856,48130.0,6.765000000000001,2.8,2006,7,Q3,1Fam,1
235128.0,1580,3,2.0,1,3.0,1580.0,8,11932,7,0,830.0,0.0,1580.0,1580,2008.0,0,24,186.0,5,Reg,0,20,92.0,27.363846269205577,50140.0,6.37,3.7,2008,6,Q2,1Fam,1
175900.0,1569,1,2.5,2,3.0,1386.0,7,3635,7,0,660.0,988.0,398.0,1569,2007.0,143,20,130.0,5,Reg,0,120,51.0,26.11993393300743,50720.0,4.85,5.0,2009,5,Q2,TwnhsE,0
171289.393581756,810,2,2.0,35,2.0,782.0,5,10820,4,0,576.0,535.0,88.0,810,1973.0,0,0,153.0,7,Reg,0,85,72.0,30.85894600589856,48130.0,6.67,3.1,2006,6,Q2,1Fam,1
174445.759557658,1224,3,2.0,62,1.0,816.0,6,8064,5,408,280.0,481.0,161.0,816,1950.0,414,0,0.0,8,Reg,0,50,60.0,25.221608273812684,49020.0,4.885,4.3,2010,5,Q2,1Fam,1
181499.39185067,1282,3,2.5,28,3.0,995.0,6,10385,6,0,672.0,595.0,0.0,1282,1989.0,386,0,123.0,6,IR1,0,80,42.0,30.85894600589856,48130.0,6.51,2.4,2006,4,Q2,1Fam,0
225000.0,1983,3,2.5,10,2.0,978.0,7,10762,9,978,490.0,694.0,284.0,1005,1999.0,0,0,344.0,5,IR1,0,60,68.0,26.11993393300743,50720.0,4.85,5.0,2009,5,Q2,1Fam,0
168385.571141831,1248,2,2.0,86,0.0,624.0,5,5976,8,624,0.0,0.0,624.0,624,1979.0,0,130,0.0,7,Reg,0,90,33.0,30.85894600589856,48130.0,6.125,2.5,2006,12,Q4,Duplex,1
152799.812402444,1646,2,3.5,6,2.0,1594.0,8,3811,5,0,525.0,1373.0,221.0,1646,2004.0,128,53,186.0,5,IR1,155,120,44.0,25.221608273812684,49020.0,4.885,4.3,2010,5,Q2,TwnhsE,1
162500.0,1232,3,2.0,24,2.0,1232.0,6,11120,6,0,516.0,660.0,572.0,1232,1984.0,0,0,0.0,6,IR1,0,20,68.0,27.363846269205577,50140.0,6.37,3.7,2008,6,Q2,1Fam,0
181878.647956764,1432,3,2.0,3,2.0,1422.0,8,9139,7,0,492.0,379.0,1043.0,1432,2006.0,297,50,206.0,5,IR1,0,20,76.0,26.11993393300743,50720.0,5.055,4.7,2009,9,Q3,1Fam,0
124000.0,1229,2,1.5,29,2.0,561.0,6,1300,5,668,462.0,285.0,276.0,561,1980.0,150,0,0.0,6,Reg,0,160,24.0,26.11993393300743,50720.0,4.85,5.0,2009,5,Q2,TwnhsE,0
188885.11781517,1100,3,1.5,10,2.0,1100.0,5,13015,5,0,462.0,0.0,1100.0,1100,1996.0,0,0,0.0,6,Reg,0,20,95.0,30.85894600589856,48130.0,6.67,3.1,2006,6,Q2,1Fam,0
350000.0,2224,4,3.5,5,3.0,1462.0,9,8834,10,762,738.0,1170.0,292.0,1462,2004.0,184,0,216.0,5,Reg,0,60,74.0,26.11993393300743,50720.0,5.4,6.0,2009,6,Q2,1Fam,1
166878.587182445,1595,2,3.0,18,2.0,1582.0,5,11070,5,0,672.0,55.0,1527.0,1595,1991.0,0,0,0.0,5,Reg,0,20,82.0,26.11993393300743,50720.0,4.8,4.9,2009,4,Q2,1Fam,0
178298.791761954,1513,2,3.0,10,2.0,1462.0,8,15750,5,0,521.0,1246.0,216.0,1513,1999.0,135,34,260.0,5,Reg,0,20,90.0,26.11993393300743,50720.0,5.4,6.0,2009,6,Q2,1Fam,1
186581.830878692,1264,3,1.0,94,2.0,676.0,6,15564,6,588,400.0,0.0,676.0,676,1994.0,424,0,0.0,6,Reg,0,50,63.0,27.363846269205577,50140.0,5.69,3.3,2008,1,Q1,1Fam,1
83000.0,835,2,1.0,90,1.0,458.0,5,10625,5,0,366.0,108.0,350.0,835,1920.0,0,0,0.0,5,Reg,0,30,85.0,25.221608273812684,49020.0,4.885,4.3,2010,5,Q2,1Fam,1
234492.248263699,2640,5,4.5,81,3.0,2171.0,5,22136,10,1248,1008.0,1018.0,1153.0,1392,1977.0,631,48,0.0,5,Reg,0,190,94.0,30.85894600589856,48130.0,6.765000000000001,2.8,2006,7,Q3,2fmCon,1
218108.536769738,2592,6,4.0,84,0.0,1296.0,5,10890,12,1296,0.0,371.0,925.0,1296,1979.0,0,742,0.0,6,Reg,0,90,60.0,29.102296283256685,48910.0,6.220000000000001,3.0,2007,1,Q1,Duplex,1
158000.0,1302,3,2.5,43,1.0,1302.0,6,9350,7,0,309.0,270.0,452.0,1302,1964.0,333,0,108.0,7,Reg,0,80,85.0,29.102296283256685,48910.0,6.385,2.6,2007,10,Q4,1Fam,1
198900.0,1226,3,2.0,1,3.0,1226.0,7,10402,6,0,740.0,0.0,1226.0,1226,2009.0,0,36,0.0,5,IR1,0,20,94.0,25.221608273812684,49020.0,4.885,4.3,2010,5,Q2,1Fam,0
129000.0,913,3,2.0,41,1.0,814.0,6,8400,6,0,240.0,187.0,0.0,913,1990.0,0,0,0.0,5,Reg,0,85,70.0,29.102296283256685,48910.0,6.21,2.8,2007,5,Q2,1Fam,0
121000.0,952,2,1.0,93,1.0,952.0,6,8854,4,0,192.0,0.0,952.0,952,1916.0,0,98,0.0,6,Reg,40,30,68.0,26.11993393300743,50720.0,4.85,5.0,2009,5,Q2,1Fam,1
178430.966728182,1050,3,2.5,38,1.0,1043.0,5,8510,6,0,336.0,500.0,543.0,1050,1971.0,0,0,178.0,7,IR1,0,20,68.0,26.11993393300743,50720.0,5.2,5.6,2009,7,Q3,1Fam,0
130000.0,838,2,2.0,90,1.0,816.0,6,10267,5,0,275.0,210.0,0.0,838,1961.0,0,0,0.0,7,Reg,0,30,55.0,27.363846269205577,50140.0,6.05,3.0,2008,5,Q2,1Fam,1
153000.0,1520,3,2.0,55,1.0,1156.0,6,9600,7,0,364.0,674.0,350.0,1520,1955.0,0,0,164.0,6,Reg,0,80,80.0,25.221608273812684,49020.0,4.965,5.2,2010,3,Q1,1Fam,1
176023.232787689,1430,3,2.5,10,2.0,384.0,7,7848,7,656,410.0,0.0,384.0,774,1999.0,0,0,0.0,6,IR1,0,80,64.0,26.11993393300743,50720.0,5.4,6.0,2009,6,Q2,1Fam,0
168690.0722914,1450,3,1.0,88,1.0,624.0,7,5350,7,720,288.0,116.0,508.0,730,1935.0,0,192,0.0,8,Reg,0,75,53.0,27.363846269205577,50140.0,5.95,3.0,2008,3,Q1,1Fam,1
166956.093232213,1316,2,2.0,82,1.0,644.0,6,8969,6,644,369.0,379.0,265.0,672,2001.0,0,0,0.0,6,Reg,192,70,66.0,27.363846269205577,50140.0,6.37,3.6,2008,7,Q3,1Fam,1
258000.0,2263,4,2.5,8,2.0,1141.0,8,12090,10,1098,420.0,0.0,1141.0,1165,1998.0,144,123,650.0,5,Reg,0,60,93.0,30.85894600589856,48130.0,6.765000000000001,2.8,2006,7,Q3,1Fam,0
201800.0,1820,4,2.0,43,2.0,864.0,7,13700,8,918,492.0,454.0,410.0,902,1965.0,60,84,288.0,6,IR1,273,60,68.0,27.363846269205577,50140.0,6.05,3.0,2008,5,Q2,1Fam,1
180081.508849842,1553,3,2.5,11,2.0,691.0,7,7875,6,862,420.0,414.0,277.0,691,1996.0,0,44,0.0,5,Reg,0,60,63.0,29.102296283256685,48910.0,6.59,3.0,2007,8,Q3,1Fam,0
159675.423990355,1405,2,2.0,6,2.0,1405.0,7,3480,6,0,478.0,0.0,1405.0,1405,2003.0,148,36,163.0,5,Reg,0,120,48.0,26.11993393300743,50720.0,4.87,4.6,2009,11,Q4,TwnhsE,0
176401.34762338,1036,3,1.0,55,1.0,1036.0,5,7584,5,0,312.0,531.0,505.0,1036,1953.0,120,24,88.0,5,Reg,0,20,63.0,27.363846269205577,50140.0,6.37,3.7,2008,6,Q2,1Fam,0
172627.796932837,864,3,1.5,44,1.0,864.0,5,7000,5,0,336.0,468.0,396.0,864,1962.0,0,0,0.0,6,Reg,0,20,70.0,30.85894600589856,48130.0,6.25,3.0,2006,2,Q1,1Fam,0
204000.0,1756,3,3.5,11,2.0,872.0,6,9303,7,868,422.0,742.0,130.0,888,1996.0,144,122,42.0,5,IR1,0,60,68.0,29.102296283256685,48910.0,6.710000000000001,3.0,2007,7,Q3,1Fam,1
180803.277842406,1614,3,3.0,2,3.0,1614.0,7,9926,7,0,878.0,1178.0,436.0,1614,2005.0,100,38,210.0,5,IR1,0,20,70.0,29.102296283256685,48910.0,6.21,2.8,2007,5,Q2,1Fam,1
130500.0,816,3,1.5,26,1.0,816.0,5,6600,5,0,264.0,641.0,175.0,816,1982.0,0,0,0.0,9,Reg,0,20,60.0,27.363846269205577,50140.0,6.1,2.9,2008,10,Q4,1Fam,1
199929.884438451,1670,4,1.5,37,2.0,825.0,7,13355,7,825,464.0,583.0,242.0,845,1971.0,0,0,0.0,6,IR1,0,60,68.0,27.363846269205577,50140.0,6.05,3.0,2008,5,Q2,1Fam,0
157000.0,1090,2,2.5,2,2.0,1090.0,5,7024,5,0,450.0,980.0,110.0,1090,2005.0,0,49,0.0,5,Reg,0,20,60.0,29.102296283256685,48910.0,6.68,3.4,2007,6,Q2,1Fam,1
181518.750275669,1749,3,2.5,7,2.0,842.0,7,9272,7,893,515.0,500.0,342.0,856,1999.0,140,85,0.0,5,IR1,0,60,68.0,30.85894600589856,48130.0,6.67,3.1,2006,6,Q2,1Fam,0
168500.0,1512,2,2.5,7,2.0,756.0,6,2117,4,756,440.0,420.0,336.0,756,2000.0,0,32,513.0,5,Reg,0,160,68.0,29.102296283256685,48910.0,6.68,3.4,2007,6,Q2,TwnhsE,0
179374.482001188,1042,3,2.0,42,2.0,1042.0,6,9200,5,0,440.0,494.0,548.0,1042,1965.0,192,0,98.0,5,Reg,0,80,80.0,29.102296283256685,48910.0,6.21,2.8,2007,5,Q2,1Fam,0
164115.893800435,1217,2,2.0,15,2.0,1217.0,6,7175,5,0,484.0,278.0,939.0,1217,1991.0,0,64,0.0,5,Reg,0,120,50.0,30.85894600589856,48130.0,6.67,3.1,2006,6,Q2,TwnhsE,0
157929.594852031,599,2,2.0,69,0.0,416.0,2,5400,4,0,0.0,0.0,416.0,599,1979.0,0,81,0.0,5,Reg,0,30,90.0,26.11993393300743,50720.0,5.4,6.0,2009,6,Q2,1Fam,1
151000.0,1212,3,2.0,29,2.0,506.0,6,8471,6,0,492.0,506.0,0.0,1212,1978.0,292,12,46.0,7,IR1,0,80,88.0,30.85894600589856,48130.0,6.765000000000001,2.8,2006,7,Q3,1Fam,1
179007.601964376,1516,3,3.5,15,2.0,707.0,6,8803,7,809,409.0,600.0,107.0,707,1994.0,0,46,0.0,5,IR1,0,60,68.0,26.11993393300743,50720.0,5.2,5.6,2009,7,Q3,1Fam,1
149700.0,1236,2,2.0,53,2.0,912.0,6,7407,6,0,923.0,600.0,312.0,1236,1957.0,0,158,0.0,7,Reg,0,20,90.0,25.221608273812684,49020.0,5.07,4.3,2010,4,Q2,1Fam,1
191215.088671543,1920,4,5.0,78,2.0,960.0,6,7804,10,960,480.0,281.0,0.0,960,1930.0,248,0,0.0,7,Reg,0,90,64.0,27.363846269205577,50140.0,6.37,3.6,2008,7,Q3,Duplex,1
205578.333622415,2748,4,3.5,2,3.0,1850.0,9,13418,9,898,850.0,1420.0,430.0,1850,2006.0,212,182,270.0,5,Reg,0,60,108.0,27.363846269205577,50140.0,6.1,2.9,2008,10,Q4,1Fam,0
176734.841494027,1690,3,2.5,6,2.0,845.0,7,9543,7,845,517.0,0.0,845.0,845,2001.0,0,103,0.0,5,IR1,0,60,68.0,29.102296283256685,48910.0,6.29,3.0,2007,2,Q1,1Fam,0
185437.320523764,1806,4,1.5,45,2.0,780.0,6,7570,8,813,483.0,0.0,780.0,993,1964.0,0,55,420.0,5,Reg,0,60,76.0,26.11993393300743,50720.0,5.005000000000001,5.2,2009,3,Q1,1Fam,0
274000.0,1518,1,1.5,5,2.0,1518.0,8,12677,6,0,588.0,1218.0,300.0,1518,2003.0,185,140,472.0,5,IR1,0,120,62.0,27.363846269205577,50140.0,5.88,2.7,2008,4,Q2,TwnhsE,1
179208.665698449,1052,3,2.0,44,1.0,1052.0,6,10800,6,0,311.0,617.0,171.0,1052,1963.0,0,133,203.0,5,Reg,0,20,80.0,29.102296283256685,48910.0,6.29,3.0,2007,2,Q1,1Fam,0
190550.327866959,1824,3,2.0,1,3.0,1824.0,10,12633,8,0,932.0,0.0,1824.0,1824,2006.0,160,36,242.0,5,IR1,108,20,85.0,29.102296283256685,48910.0,6.38,2.8,2007,9,Q3,1Fam,1
173684.174293738,715,2,1.0,77,2.0,715.0,3,10914,4,0,660.0,0.0,715.0,715,1967.0,0,0,0.0,3,Reg,112,30,60.0,30.85894600589856,48130.0,6.52,2.6,2006,8,Q3,1Fam,1
171775.497189898,936,2,1.0,39,1.0,936.0,4,10295,4,0,288.0,252.0,684.0,936,1969.0,16,0,72.0,6,Reg,0,20,68.0,27.363846269205577,50140.0,6.01,3.0,2008,9,Q3,1Fam,0
160000.0,2414,3,2.0,106,2.0,954.0,5,10800,10,648,520.0,664.0,290.0,1766,1970.0,142,0,0.0,4,Reg,0,190,60.0,30.85894600589856,48130.0,6.595,2.4,2006,5,Q2,2fmCon,1
176349.927153587,1034,3,1.5,31,2.0,456.0,6,8014,5,0,504.0,456.0,0.0,1034,1978.0,0,0,23.0,5,IR1,0,85,68.0,26.11993393300743,50720.0,5.4,6.0,2009,6,Q2,1Fam,0
180330.624816201,912,3,2.0,46,1.0,912.0,5,7791,6,0,300.0,624.0,288.0,912,1963.0,0,0,0.0,8,IR1,0,20,68.0,26.11993393300743,50720.0,4.94,4.4,2009,10,Q4,1Fam,1
105000.0,875,2,2.0,78,1.0,715.0,5,6120,5,0,180.0,209.0,506.0,875,1931.0,48,0,0.0,7,Reg,0,30,51.0,26.11993393300743,50720.0,4.87,4.6,2009,11,Q4,1Fam,1
183003.613338104,1633,3,1.0,62,1.0,1027.0,5,11851,7,606,240.0,780.0,247.0,1027,1948.0,0,100,0.0,7,Reg,0,50,69.0,25.221608273812684,49020.0,4.734999999999999,5.0,2010,6,Q2,1Fam,1
152186.609341561,1246,2,2.0,1,2.0,1146.0,7,3710,5,0,428.0,0.0,1146.0,1246,2007.0,100,24,20.0,5,Reg,0,20,53.0,27.363846269205577,50140.0,5.95,3.0,2008,3,Q1,1Fam,1
232000.0,1668,3,3.0,7,2.0,1657.0,8,10635,8,0,502.0,370.0,315.0,1668,2003.0,0,262,171.0,5,IR2,0,20,48.0,25.221608273812684,49020.0,4.885,4.3,2010,5,Q2,1Fam,0
170563.252355189,1358,3,1.5,77,1.0,687.0,5,3600,6,671,336.0,316.0,371.0,687,2004.0,0,32,0.0,7,Reg,0,70,60.0,29.102296283256685,48910.0,6.710000000000001,3.0,2007,7,Q3,1Fam,1
184964.141507413,1436,3,3.0,96,2.0,676.0,4,8777,6,676,528.0,173.0,166.0,760,1950.0,147,0,0.0,6,Reg,0,70,67.0,30.85894600589856,48130.0,6.365,2.4,2006,10,Q4,1Fam,1
167000.0,1486,3,2.0,45,2.0,1486.0,5,9937,7,0,480.0,637.0,849.0,1486,1968.0,0,0,0.0,7,Reg,0,20,75.0,26.11993393300743,50720.0,5.005000000000001,5.2,2009,3,Q1,1Fam,1
178942.155617426,1105,3,1.0,52,1.0,1105.0,6,10454,5,0,308.0,546.0,559.0,1105,1957.0,0,0,143.0,6,IR1,0,20,90.0,26.11993393300743,50720.0,4.8,4.9,2009,4,Q2,1Fam,0
185127.237217638,1795,3,2.5,2,2.0,879.0,7,9316,7,916,578.0,0.0,879.0,879,2005.0,164,111,0.0,5,Reg,0,60,78.0,29.102296283256685,48910.0,6.385,2.6,2007,10,Q4,1Fam,1
173000.0,1217,3,3.0,19,2.0,1188.0,7,9947,6,0,497.0,611.0,577.0,1217,1990.0,168,27,0.0,5,IR1,0,80,68.0,26.11993393300743,50720.0,5.4,6.0,2009,6,Q2,1Fam,1
174500.0,1564,3,1.5,68,1.0,704.0,7,12000,7,704,234.0,275.0,429.0,860,1941.0,0,0,0.0,7,Reg,0,70,75.0,26.11993393300743,50720.0,5.2,5.6,2009,7,Q3,1Fam,1
359100.0,3194,4,2.5,73,2.0,965.0,8,12168,10,1254,380.0,428.0,537.0,1940,1934.0,0,0,0.0,6,Reg,0,70,78.0,29.102296283256685,48910.0,6.38,2.8,2007,9,Q3,1Fam,1
160735.445970193,784,2,2.0,53,0.0,784.0,4,6931,4,0,0.0,784.0,0.0,784,1979.0,112,0,0.0,5,Reg,0,190,56.0,27.363846269205577,50140.0,6.05,3.0,2008,5,Q2,2fmCon,0
162395.073865424,883,2,2.0,17,2.0,828.0,5,7669,5,0,698.0,718.0,0.0,883,1998.0,100,32,0.0,6,Reg,0,85,70.0,26.11993393300743,50720.0,5.4,6.0,2009,6,Q2,1Fam,1
235000.0,3112,4,3.5,88,2.0,1360.0,8,25419,8,1360,795.0,1036.0,140.0,1360,1918.0,0,16,0.0,4,Reg,0,75,174.0,30.85894600589856,48130.0,6.34,2.7,2006,3,Q1,1Fam,1
193954.849525775,1995,4,2.5,5,2.0,854.0,7,8740,8,1131,435.0,574.0,280.0,864,2002.0,264,48,0.0,5,IR1,0,60,68.0,29.102296283256685,48910.0,6.710000000000001,3.0,2007,7,Q3,1Fam,0
235000.0,2263,3,3.5,29,2.0,795.0,7,16659,9,795,539.0,795.0,0.0,1468,1977.0,0,250,34.0,7,IR1,0,60,68.0,30.85894600589856,48130.0,6.34,2.7,2006,3,Q1,1Fam,1
196500.0,1714,3,2.5,22,2.0,980.0,7,10421,7,734,496.0,394.0,586.0,980,1988.0,228,66,42.0,5,Reg,0,60,80.0,25.221608273812684,49020.0,4.965,5.2,2010,3,Q1,1Fam,0
245500.0,1288,1,2.5,12,2.0,1260.0,8,14963,4,0,500.0,786.0,474.0,1288,1996.0,120,30,0.0,5,IR2,224,120,38.0,27.363846269205577,50140.0,5.19,3.8,2008,12,Q4,TwnhsE,0
136000.0,1080,3,1.0,50,1.0,1080.0,6,9464,5,0,288.0,570.0,510.0,1080,1958.0,0,0,135.0,7,Reg,130,20,75.0,27.363846269205577,50140.0,6.37,3.7,2008,6,Q2,1Fam,0
112000.0,1310,2,2.0,82,1.0,617.0,6,7000,6,445,398.0,617.0,0.0,865,1924.0,0,0,0.0,6,Reg,0,50,50.0,30.85894600589856,48130.0,6.595,2.4,2006,5,Q2,1Fam,1
128000.0,1067,2,2.0,60,2.0,1067.0,4,9600,4,0,436.0,442.0,625.0,1067,1996.0,290,0,0.0,7,Reg,0,20,60.0,25.221608273812684,49020.0,4.99,5.3,2010,2,Q1,1Fam,1
185096.577205616,2290,2,4.5,0,3.0,2320.0,10,17169,7,0,1174.0,1684.0,636.0,2290,2007.0,192,30,970.0,5,IR2,0,20,59.0,29.102296283256685,48910.0,6.59,3.0,2007,8,Q3,1Fam,0
197000.0,1725,3,2.5,28,2.0,539.0,7,11584,6,685,550.0,315.0,114.0,1040,1979.0,0,88,96.0,6,Reg,0,60,80.0,29.102296283256685,48910.0,6.24,2.6,2007,11,Q4,1Fam,0
177807.420530107,1020,3,2.0,44,1.0,1024.0,5,9316,5,0,288.0,544.0,480.0,1020,1965.0,171,0,0.0,5,IR1,0,20,68.0,26.11993393300743,50720.0,4.85,5.0,2009,5,Q2,1Fam,0
204032.992922943,2312,4,3.5,10,3.0,1177.0,7,15896,8,1089,658.0,913.0,264.0,1223,1999.0,298,0,210.0,5,IR2,0,60,68.0,26.11993393300743,50720.0,4.85,5.0,2009,5,Q2,1Fam,0
176477.026606328,1402,3,2.0,1,2.0,1402.0,7,8640,7,0,625.0,0.0,1402.0,1402,2008.0,205,126,0.0,5,Reg,0,20,72.0,26.11993393300743,50720.0,4.85,5.0,2009,5,Q2,1Fam,0
181605.343963015,1596,3,2.5,1,2.0,784.0,7,9316,6,812,610.0,0.0,784.0,784,2005.0,144,45,532.0,5,IR1,0,60,78.0,30.85894600589856,48130.0,6.67,3.1,2006,6,Q2,1Fam,0
120500.0,816,2,1.0,78,1.0,816.0,6,5890,5,0,432.0,538.0,278.0,816,2002.0,0,0,0.0,8,Reg,0,30,68.0,27.363846269205577,50140.0,6.37,3.7,2008,6,Q2,1Fam,1
185988.233987516,2690,3,3.5,0,3.0,1365.0,9,12350,8,1325,864.0,986.0,379.0,1365,2009.0,0,197,0.0,5,Reg,0,60,95.0,26.11993393300743,50720.0,5.2,5.6,2009,7,Q3,1Fam,0
173454.944606532,1170,3,1.5,49,1.0,1170.0,5,7315,6,0,338.0,625.0,545.0,1170,1958.0,0,0,0.0,6,Reg,225,20,70.0,29.102296283256685,48910.0,6.16,2.9,2007,3,Q1,1Fam,0
174559.656173171,1313,3,2.5,48,2.0,1313.0,5,9350,6,0,610.0,310.0,491.0,1313,1961.0,172,28,217.0,6,Reg,121,20,85.0,26.11993393300743,50720.0,5.115,5.1,2009,2,Q1,1Fam,1
170000.0,1779,3,2.5,51,2.0,1763.0,5,17920,6,0,454.0,306.0,372.0,1779,1955.0,0,418,0.0,4,Reg,312,20,102.0,30.85894600589856,48130.0,6.765000000000001,2.8,2006,7,Q3,1Fam,1
172088.872655744,1096,3,2.0,35,1.0,1008.0,6,6305,5,0,352.0,528.0,480.0,1096,1975.0,0,0,0.0,6,Reg,0,80,65.0,25.221608273812684,49020.0,4.734999999999999,5.0,2010,6,Q2,1Fam,0
194089.683858004,2042,3,3.0,1,3.0,1742.0,10,13870,8,0,724.0,1152.0,590.0,2042,2007.0,240,52,250.0,5,IR1,174,20,81.0,29.102296283256685,48910.0,6.385,2.6,2007,10,Q4,1Fam,1
226000.0,1929,3,3.5,6,2.0,1057.0,7,7050,7,872,650.0,738.0,319.0,1057,2001.0,0,235,0.0,5,Reg,0,60,68.0,29.102296283256685,48910.0,6.21,2.8,2007,5,Q2,1Fam,0
181500.0,1262,3,2.5,31,2.0,1262.0,6,9600,6,0,460.0,978.0,284.0,1262,1976.0,298,0,0.0,8,Reg,0,20,80.0,29.102296283256685,48910.0,6.21,2.8,2007,5,Q2,1Fam,0
178762.170601992,1615,3,2.0,1,3.0,1615.0,8,9345,7,0,864.0,0.0,1615.0,1615,2007.0,168,30,156.0,5,IR1,0,20,65.0,27.363846269205577,50140.0,6.05,3.0,2008,5,Q2,1Fam,0
138500.0,894,3,2.0,45,1.0,894.0,5,8450,5,0,336.0,553.0,224.0,894,1973.0,416,144,0.0,8,Reg,0,20,65.0,25.221608273812684,49020.0,5.07,4.3,2010,4,Q2,1Fam,1
185102.616730563,1934,3,3.5,32,2.0,1122.0,5,11900,6,988,567.0,400.0,722.0,946,1977.0,0,176,157.0,6,Reg,200,60,85.0,26.11993393300743,50720.0,5.2,5.6,2009,7,Q3,1Fam,0
119500.0,1302,3,2.5,37,1.0,630.0,5,1680,6,672,264.0,231.0,399.0,630,1972.0,185,0,268.0,7,Reg,0,160,21.0,26.11993393300743,50720.0,5.115,5.1,2009,2,Q1,Twnhs,0
166374.879866351,864,2,1.0,56,1.0,576.0,4,7200,5,0,528.0,0.0,576.0,864,1952.0,0,0,0.0,5,Reg,115,20,60.0,30.85894600589856,48130.0,6.52,2.6,2006,8,Q3,1Fam,0
193892.880023125,1176,3,2.0,49,1.0,1158.0,5,13770,6,0,303.0,190.0,95.0,1176,1958.0,0,0,340.0,6,Reg,0,20,85.0,29.102296283256685,48910.0,6.385,2.6,2007,10,Q4,1Fam,1
179682.709603774,1206,3,1.0,51,1.0,1206.0,5,10725,6,0,312.0,936.0,270.0,1206,1959.0,0,21,91.0,5,IR1,0,20,87.0,25.221608273812684,49020.0,4.885,4.3,2010,5,Q2,1Fam,0
156342.717587562,1061,1,2.5,19,2.0,1054.0,7,10778,4,0,462.0,460.0,308.0,1061,1990.0,114,36,0.0,6,IR1,0,80,74.0,26.11993393300743,50720.0,5.2,5.6,2009,7,Q3,1Fam,1
119000.0,1252,3,1.0,58,1.0,1032.0,6,9600,6,220,288.0,280.0,752.0,1032,1950.0,0,0,0.0,5,Reg,0,50,80.0,27.363846269205577,50140.0,5.88,2.7,2008,4,Q2,1Fam,0
172725.053851858,1150,3,1.0,64,1.0,799.0,5,6488,6,351,215.0,230.0,569.0,799,1942.0,264,0,0.0,5,Reg,0,50,62.0,30.85894600589856,48130.0,6.34,2.7,2006,3,Q1,1Fam,1
166386.7567182,1734,2,3.0,14,2.0,1587.0,8,8013,6,0,528.0,741.0,846.0,1734,1995.0,52,50,0.0,5,IR1,0,120,57.0,26.11993393300743,50720.0,5.055,4.7,2009,9,Q3,TwnhsE,1
196380.366297173,2125,4,3.5,12,2.0,1064.0,7,10990,12,1061,576.0,851.0,213.0,1064,1996.0,168,0,0.0,5,IR1,0,60,97.0,27.363846269205577,50140.0,6.37,3.7,2008,6,Q2,1Fam,1
137500.0,1181,3,3.0,36,2.0,1138.0,4,10012,6,0,588.0,920.0,38.0,1181,1974.0,0,0,0.0,5,Reg,0,85,90.0,27.363846269205577,50140.0,5.88,2.7,2008,4,Q2,1Fam,0
285000.0,1668,3,3.0,5,3.0,1626.0,9,11248,7,0,702.0,1059.0,567.0,1668,2002.0,257,45,215.0,5,IR1,0,20,90.0,29.102296283256685,48910.0,6.710000000000001,3.0,2007,7,Q3,1Fam,0
99900.0,864,2,1.0,87,0.0,864.0,5,4060,4,0,0.0,0.0,864.0,864,1979.0,0,96,0.0,8,Reg,0,30,56.0,26.11993393300743,50720.0,5.2,5.6,2009,7,Q3,1Fam,1
270000.0,1959,3,2.5,1,3.0,1088.0,8,9000,8,871,1025.0,0.0,1088.0,1088,2006.0,208,46,0.0,5,Reg,0,60,75.0,29.102296283256685,48910.0,6.125,3.0,2007,12,Q4,1Fam,0
155000.0,1839,4,1.5,44,2.0,756.0,6,7700,7,788,442.0,0.0,756.0,1051,1966.0,0,124,351.0,5,Reg,0,60,70.0,25.221608273812684,49020.0,4.734999999999999,5.0,2010,6,Q2,1Fam,0
160000.0,1126,3,3.0,29,2.0,1126.0,5,17400,5,0,484.0,936.0,190.0,1126,1977.0,295,41,0.0,5,Reg,0,20,80.0,30.85894600589856,48130.0,6.595,2.4,2006,5,Q2,1Fam,0
187823.339254278,2696,3,3.5,7,3.0,2846.0,9,14300,10,0,958.0,1373.0,1473.0,2696,2003.0,220,150,1095.0,5,Reg,0,20,110.0,25.221608273812684,49020.0,4.734999999999999,5.0,2010,6,Q2,1Fam,1
109900.0,904,3,1.0,42,1.0,876.0,5,7162,6,0,408.0,0.0,876.0,904,1966.0,0,0,41.0,7,IR1,0,20,68.0,27.363846269205577,50140.0,5.19,3.8,2008,12,Q4,1Fam,0
150500.0,1040,3,2.0,32,2.0,1040.0,5,8800,5,0,484.0,532.0,364.0,1040,1977.0,0,0,0.0,7,IR1,288,20,61.0,26.11993393300743,50720.0,5.055,4.7,2009,9,Q3,1Fam,1
186965.204048443,1329,3,1.5,49,2.0,1329.0,7,12285,5,0,441.0,544.0,785.0,1329,1960.0,0,0,128.0,6,IR1,0,20,68.0,26.11993393300743,50720.0,5.18,5.6,2009,8,Q3,1Fam,0
99500.0,918,2,2.0,31,1.0,918.0,6,7892,5,0,264.0,0.0,918.0,918,1979.0,28,0,0.0,5,Reg,0,120,55.0,25.221608273812684,49020.0,5.07,4.3,2010,4,Q2,TwnhsE,0
182424.87095604,1598,3,2.5,2,2.0,848.0,7,9171,7,750,433.0,0.0,848.0,848,2004.0,100,48,0.0,5,IR1,0,60,59.0,30.85894600589856,48130.0,6.765000000000001,2.8,2006,7,Q3,1Fam,1
191403.199177104,2855,4,3.5,6,3.0,1540.0,9,9233,9,1315,774.0,1182.0,358.0,1540,2000.0,247,55,877.0,5,IR1,0,60,68.0,30.85894600589856,48130.0,6.34,2.7,2006,3,Q1,1Fam,0
202500.0,1368,2,2.0,1,2.0,1368.0,7,6955,6,0,474.0,0.0,1368.0,1368,2005.0,132,35,94.0,5,IR1,0,120,48.0,30.85894600589856,48130.0,6.415,2.6,2006,9,Q3,TwnhsE,1
120000.0,1158,3,1.0,79,1.0,862.0,6,6000,5,208,208.0,0.0,862.0,950,1929.0,0,0,0.0,7,Reg,0,50,50.0,27.363846269205577,50140.0,6.37,3.6,2008,7,Q3,1Fam,1
125500.0,1363,3,1.0,100,2.0,622.0,4,7740,6,622,528.0,0.0,622.0,741,1966.0,0,0,0.0,7,Reg,168,70,60.0,25.221608273812684,49020.0,4.734999999999999,5.0,2010,6,Q2,1Fam,1
171318.59033449,1344,2,4.0,11,4.0,1344.0,7,8940,8,0,784.0,1309.0,35.0,1344,1997.0,0,0,200.0,5,IR1,0,90,97.0,27.363846269205577,50140.0,6.09,3.1,2008,11,Q4,Duplex,1
147797.702836811,1680,2,2.5,6,2.0,840.0,7,3515,3,840,588.0,0.0,840.0,840,2004.0,0,111,0.0,5,Reg,0,160,39.0,25.221608273812684,49020.0,5.025,5.5,2010,1,Q1,TwnhsE,0
158908.146068683,1239,1,2.5,13,2.0,1230.0,8,11064,4,0,477.0,560.0,0.0,1239,1995.0,172,24,0.0,5,IR2,0,120,22.0,27.363846269205577,50140.0,6.494999999999999,3.6,2008,8,Q3,TwnhsE,0
164507.672539365,1395,2,2.0,47,2.0,1395.0,6,9760,7,0,440.0,717.0,415.0,1395,1963.0,657,0,218.0,7,Reg,240,20,80.0,25.221608273812684,49020.0,4.885,4.3,2010,5,Q2,1Fam,1
170935.85921771,2674,2,4.5,2,3.0,2630.0,10,13693,8,0,762.0,2288.0,342.0,2674,2007.0,360,50,472.0,5,Reg,0,20,105.0,26.11993393300743,50720.0,5.005000000000001,5.2,2009,3,Q1,1Fam,0
235000.0,1865,3,3.5,8,3.0,992.0,7,10316,7,873,839.0,735.0,257.0,992,2000.0,0,184,0.0,5,IR1,0,60,68.0,27.363846269205577,50140.0,6.37,3.7,2008,6,Q2,1Fam,0
184114.270899227,1755,3,3.5,7,2.0,840.0,6,9468,7,915,530.0,639.0,201.0,840,1999.0,176,73,148.0,5,IR2,0,60,45.0,30.85894600589856,48130.0,6.52,2.6,2006,8,Q3,1Fam,0
174750.988352687,936,3,1.0,58,1.0,624.0,4,6956,5,312,265.0,0.0,624.0,624,1948.0,0,0,0.0,7,Reg,0,50,56.0,30.85894600589856,48130.0,6.51,2.4,2006,4,Q2,1Fam,1
181666.922855025,1811,3,2.5,7,2.0,972.0,8,8470,7,839,565.0,225.0,471.0,972,2002.0,225,48,0.0,5,Reg,0,60,68.0,26.11993393300743,50720.0,4.94,4.4,2009,10,Q4,1Fam,0
200141.0,1316,3,2.0,0,2.0,1316.0,7,11175,6,0,440.0,0.0,1316.0,1316,2007.0,0,20,0.0,5,IR1,0,20,103.0,29.102296283256685,48910.0,6.385,2.6,2007,10,Q4,1Fam,0
171000.0,1564,3,2.5,30,2.0,650.0,6,8400,7,676,476.0,0.0,650.0,888,1980.0,0,50,130.0,6,Reg,204,60,70.0,25.221608273812684,49020.0,5.07,4.3,2010,4,Q2,1Fam,1
185682.618340257,1131,3,1.5,1,0.0,1131.0,6,13072,6,0,0.0,0.0,1131.0,1131,1979.0,0,39,0.0,5,Reg,0,20,63.0,30.85894600589856,48130.0,6.34,2.7,2006,3,Q1,1Fam,1
198342.504228533,1652,3,3.5,16,2.0,423.0,7,19645,6,756,473.0,343.0,80.0,896,1994.0,0,0,44.0,6,IR1,0,80,85.0,25.221608273812684,49020.0,4.734999999999999,5.0,2010,6,Q2,1Fam,1
163883.229117973,1092,3,1.5,31,1.0,546.0,4,1890,6,546,286.0,0.0,546.0,546,1976.0,0,0,0.0,3,Reg,0,160,21.0,29.102296283256685,48910.0,6.17,2.8,2007,4,Q2,Twnhs,0
183421.020319014,1248,3,2.0,46,1.0,1248.0,5,10800,6,0,286.0,632.0,616.0,1248,1960.0,0,0,88.0,7,Reg,0,20,80.0,30.85894600589856,48130.0,6.595,2.4,2006,5,Q2,1Fam,0
180269.86896412,1169,3,2.5,13,2.0,1160.0,6,8076,6,0,402.0,705.0,455.0,1169,1993.0,0,26,112.0,6,IR1,144,20,68.0,30.85894600589856,48130.0,6.765000000000001,2.8,2006,7,Q3,1Fam,1
153796.714319583,816,2,1.0,99,0.0,624.0,4,3300,5,0,0.0,0.0,624.0,816,1979.0,0,33,0.0,3,Reg,0,30,68.0,26.11993393300743,50720.0,5.4,6.0,2009,6,Q2,1Fam,1
185080.145268797,1114,3,3.0,6,2.0,1114.0,5,12450,6,0,576.0,836.0,278.0,1114,2004.0,0,42,0.0,5,Reg,0,20,60.0,26.11993393300743,50720.0,5.4,6.0,2009,6,Q2,1Fam,1
120000.0,1130,2,2.0,86,2.0,1120.0,5,10800,5,0,720.0,821.0,299.0,1130,1970.0,229,0,0.0,6,Reg,0,30,60.0,30.85894600589856,48130.0,6.67,3.1,2006,6,Q2,1Fam,1
198678.469082978,1696,3,2.0,36,2.0,1696.0,7,20693,7,0,625.0,434.0,1262.0,1696,1971.0,0,146,652.0,5,IR1,0,20,68.0,29.102296283256685,48910.0,6.29,3.0,2007,2,Q1,1Fam,0
220000.0,1991,3,1.5,75,2.0,854.0,6,11275,7,895,432.0,297.0,0.0,1096,1977.0,0,0,480.0,7,IR1,0,50,68.0,29.102296283256685,48910.0,6.16,2.9,2007,3,Q1,1Fam,1
315000.0,1838,2,3.0,3,3.0,1838.0,9,14601,8,0,765.0,1260.0,578.0,1838,2006.0,270,68,584.0,5,Reg,0,20,85.0,26.11993393300743,50720.0,5.005000000000001,5.2,2009,3,Q1,1Fam,0
191719.161659178,2200,3,3.5,6,3.0,2200.0,8,15262,8,0,685.0,1557.0,643.0,2200,2003.0,208,55,470.0,5,IR1,0,20,117.0,26.11993393300743,50720.0,5.2,5.6,2009,7,Q3,1Fam,1
183141.236914997,1458,3,2.5,39,2.0,1176.0,5,9535,7,0,512.0,194.0,0.0,1458,1967.0,284,0,450.0,5,IR1,0,20,68.0,30.85894600589856,48130.0,6.765000000000001,2.8,2006,7,Q3,1Fam,0
180638.463702549,1729,3,2.5,5,2.0,860.0,7,8158,7,869,542.0,0.0,860.0,860,2002.0,386,63,214.0,5,Reg,0,60,65.0,29.102296283256685,48910.0,6.59,3.0,2007,8,Q3,1Fam,0
178071.137668844,1362,3,2.0,52,3.0,1040.0,4,9450,6,0,768.0,775.0,265.0,1362,1982.0,0,0,160.0,5,IR1,0,20,68.0,26.11993393300743,50720.0,4.85,5.0,2009,5,Q2,1Fam,0
190060.105331152,1479,3,4.5,22,2.0,1645.0,7,14419,7,0,578.0,904.0,117.0,1479,1987.0,224,238,310.0,5,IR1,0,80,125.0,26.11993393300743,50720.0,5.2,5.6,2009,7,Q3,1Fam,1
185000.0,1470,3,2.5,16,2.0,680.0,6,9765,6,790,420.0,310.0,370.0,680,1993.0,232,63,68.0,8,IR2,0,60,68.0,26.11993393300743,50720.0,4.8,4.9,2009,4,Q2,1Fam,0
176000.0,1132,2,2.5,3,2.0,1132.0,4,7024,5,0,451.0,1024.0,108.0,1132,2005.0,252,64,0.0,5,Reg,0,20,60.0,27.363846269205577,50140.0,6.37,3.7,2008,6,Q2,1Fam,0
185000.0,1674,4,2.0,90,2.0,1163.0,6,21780,8,511,396.0,0.0,1163.0,1163,1955.0,72,36,0.0,7,Reg,144,50,66.0,27.363846269205577,50140.0,6.37,3.6,2008,7,Q3,1Fam,1
132500.0,1148,3,2.0,50,1.0,1148.0,5,7931,6,0,672.0,1148.0,0.0,1148,1959.0,0,0,0.0,5,Reg,0,20,70.0,26.11993393300743,50720.0,5.2,5.6,2009,7,Q3,1Fam,0
185855.300905493,1374,3,3.5,6,2.0,384.0,7,13300,7,630,400.0,326.0,58.0,744,2004.0,100,0,0.0,5,IR1,0,80,67.0,25.221608273812684,49020.0,4.734999999999999,5.0,2010,6,Q2,1Fam,0
198127.73287817,2184,4,2.5,6,2.0,1068.0,8,12334,8,1116,570.0,0.0,1068.0,1068,2003.0,192,132,198.0,5,IR1,0,60,68.0,26.11993393300743,50720.0,5.4,6.0,2009,6,Q2,1Fam,0
97000.0,1344,3,1.5,39,0.0,546.0,4,1533,6,546,0.0,0.0,546.0,798,1979.0,0,0,0.0,6,Reg,0,160,21.0,26.11993393300743,50720.0,4.85,5.0,2009,5,Q2,Twnhs,1
143900.0,1696,3,1.5,45,1.0,1140.0,5,13673,8,0,349.0,0.0,1140.0,1696,1962.0,0,30,0.0,5,IR1,0,20,40.0,29.102296283256685,48910.0,6.16,2.9,2007,3,Q1,1Fam,0
106500.0,882,3,1.0,48,1.0,0.0,5,8339,5,0,294.0,0.0,0.0,882,1959.0,0,0,0.0,7,IR1,0,20,68.0,29.102296283256685,48910.0,6.710000000000001,3.0,2007,7,Q3,1Fam,0
109500.0,894,2,1.0,47,1.0,894.0,5,6600,5,0,308.0,0.0,894.0,894,1962.0,0,0,0.0,5,Reg,0,20,60.0,26.11993393300743,50720.0,5.18,5.6,2009,8,Q3,1Fam,0
169500.0,1812,4,2.0,45,1.0,864.0,5,7590,8,936,264.0,540.0,324.0,876,1962.0,0,168,288.0,5,Reg,0,60,69.0,29.102296283256685,48910.0,6.710000000000001,3.0,2007,7,Q3,1Fam,0
166231.535025379,1032,2,1.0,71,1.0,0.0,5,8250,6,0,260.0,0.0,0.0,1032,1939.0,0,0,0.0,7,Reg,0,30,55.0,30.85894600589856,48130.0,6.67,3.1,2006,6,Q2,1Fam,1
105000.0,1376,3,2.0,66,1.0,768.0,5,9492,6,408,240.0,368.0,359.0,968,1941.0,0,0,0.0,5,Reg,0,50,79.0,29.102296283256685,48910.0,6.17,2.8,2007,4,Q2,1Fam,1
174841.84007522,1716,3,2.5,1,2.0,858.0,6,8125,7,858,615.0,0.0,858.0,858,2005.0,0,53,0.0,5,Reg,0,60,65.0,30.85894600589856,48130.0,6.25,3.0,2006,2,Q1,1Fam,0
174350.470676986,1733,3,2.5,6,2.0,847.0,7,8577,7,886,433.0,0.0,847.0,847,2004.0,144,48,0.0,5,IR1,0,60,63.0,25.221608273812684,49020.0,5.07,4.3,2010,4,Q2,1Fam,0
173756.812589691,1792,2,3.0,1,3.0,1792.0,9,13758,6,0,925.0,1232.0,560.0,1792,2005.0,204,49,430.0,5,IR1,0,20,121.0,30.85894600589856,48130.0,6.34,2.7,2006,3,Q1,1Fam,1
116500.0,858,2,2.0,52,0.0,858.0,5,7207,4,0,0.0,696.0,162.0,858,1979.0,117,0,0.0,7,IR1,0,20,50.0,25.221608273812684,49020.0,4.99,5.3,2010,2,Q1,1Fam,1
178081.549427793,1531,3,1.0,63,1.0,756.0,4,9350,8,0,209.0,192.0,564.0,1169,1947.0,0,0,0.0,6,Reg,0,50,50.0,25.221608273812684,49020.0,4.734999999999999,5.0,2010,6,Q2,1Fam,1
181059.374300472,1668,3,2.0,58,1.0,1212.0,5,9600,6,442,240.0,276.0,936.0,1226,1948.0,0,0,264.0,6,Reg,0,50,60.0,30.85894600589856,48130.0,6.595,2.4,2006,5,Q2,1Fam,1
180054.276407441,1298,3,1.0,68,1.0,720.0,5,8212,6,444,256.0,626.0,94.0,854,1940.0,84,0,0.0,6,Reg,0,50,45.0,26.11993393300743,50720.0,5.055,4.7,2009,9,Q3,1Fam,1
168027.530997889,1043,2,1.0,59,1.0,938.0,5,9724,5,0,273.0,0.0,938.0,1043,1947.0,125,48,0.0,7,Reg,0,20,68.0,30.85894600589856,48130.0,6.595,2.4,2006,5,Q2,1Fam,1
188832.479997186,1721,3,3.0,48,2.0,988.0,5,10532,7,0,626.0,988.0,0.0,1721,1960.0,50,84,275.0,3,Reg,0,190,68.0,27.363846269205577,50140.0,5.19,3.8,2008,12,Q4,1Fam,0
118000.0,1128,2,1.0,52,1.0,936.0,5,9000,5,0,286.0,812.0,124.0,1128,1954.0,0,0,0.0,5,Reg,0,20,75.0,30.85894600589856,48130.0,6.67,3.1,2006,6,Q2,1Fam,0
161334.301195429,864,2,1.5,42,1.0,864.0,5,7130,5,0,312.0,648.0,216.0,864,1967.0,0,0,0.0,6,Reg,0,20,62.0,26.11993393300743,50720.0,5.4,6.0,2009,6,Q2,1Fam,0
151520.381580069,1060,1,2.0,82,1.0,756.0,5,6854,6,144,308.0,317.0,212.0,916,1969.0,0,65,0.0,7,Reg,150,40,55.0,29.102296283256685,48910.0,6.59,3.0,2007,8,Q3,1Fam,1
140000.0,1214,2,2.0,42,2.0,1214.0,5,9170,6,0,461.0,698.0,420.0,1214,1965.0,0,0,0.0,7,Reg,0,20,70.0,29.102296283256685,48910.0,6.17,2.8,2007,4,Q2,1Fam,0
135000.0,1004,2,2.0,29,2.0,975.0,6,10530,4,0,504.0,975.0,0.0,1004,1977.0,0,0,90.0,5,Reg,0,90,78.0,30.85894600589856,48130.0,6.595,2.4,2006,5,Q2,Duplex,0
220522.352084222,2787,6,7.0,9,4.0,1168.0,7,7976,8,1619,820.0,820.0,348.0,1168,2000.0,312,0,23.0,5,Reg,0,90,68.0,26.11993393300743,50720.0,4.94,4.4,2009,10,Q4,Duplex,0
140000.0,1121,2,2.0,7,2.0,1121.0,4,8546,5,0,440.0,0.0,1121.0,1121,2003.0,132,64,0.0,5,Reg,0,20,80.0,25.221608273812684,49020.0,4.965,5.2,2010,3,Q1,1Fam,1
180422.049969947,1361,3,2.0,1,2.0,1351.0,7,9627,6,0,610.0,24.0,1327.0,1361,2007.0,0,50,0.0,5,Reg,0,20,74.0,27.363846269205577,50140.0,6.37,3.7,2008,6,Q2,1Fam,0
159856.233909727,672,2,1.0,68,1.0,672.0,5,4800,4,0,256.0,0.0,672.0,672,1950.0,0,0,0.0,4,Reg,0,30,60.0,27.363846269205577,50140.0,6.494999999999999,3.6,2008,8,Q3,1Fam,1
182379.855682734,914,3,1.0,37,1.0,914.0,5,7920,5,0,368.0,81.0,214.0,914,1970.0,120,0,32.0,5,Reg,0,20,66.0,29.102296283256685,48910.0,6.385,2.6,2007,10,Q4,1Fam,1
183077.684392615,1133,3,1.0,59,2.0,795.0,6,8064,5,368,900.0,621.0,174.0,765,1989.0,0,0,0.0,5,Reg,231,50,60.0,26.11993393300743,50720.0,4.94,5.1,2009,12,Q4,1Fam,0
394432.0,1856,1,2.5,0,3.0,1856.0,9,11394,8,0,834.0,1445.0,411.0,1856,2010.0,113,0,350.0,2,Reg,0,20,88.0,25.221608273812684,49020.0,4.734999999999999,5.0,2010,6,Q2,1Fam,0
185191.359443218,1369,3,2.0,0,2.0,1369.0,7,9910,5,0,605.0,0.0,1369.0,1369,2007.0,0,203,0.0,6,Reg,0,20,75.0,29.102296283256685,48910.0,6.38,2.8,2007,9,Q3,1Fam,0
126000.0,1134,3,2.5,67,1.0,756.0,5,8160,7,378,240.0,312.0,444.0,756,1940.0,0,0,0.0,6,Reg,0,50,60.0,29.102296283256685,48910.0,6.17,2.8,2007,4,Q2,1Fam,1
181734.480075862,2063,3,3.0,15,3.0,2024.0,8,10750,7,0,815.0,236.0,262.0,2063,1994.0,182,56,634.0,5,IR1,0,20,68.0,26.11993393300743,50720.0,5.4,6.0,2009,6,Q2,1Fam,1
215000.0,1961,3,3.5,8,2.0,804.0,6,12209,7,1157,560.0,690.0,114.0,804,2001.0,125,192,0.0,5,IR1,0,60,71.0,26.11993393300743,50720.0,5.4,6.0,2009,6,Q2,1Fam,1
174126.297156192,874,3,1.5,35,2.0,864.0,4,7200,5,0,576.0,20.0,224.0,874,1995.0,63,0,0.0,4,Reg,0,20,60.0,30.85894600589856,48130.0,6.34,2.7,2006,3,Q1,1Fam,0
171756.918091777,1337,3,1.0,54,1.0,832.0,4,8382,5,505,263.0,0.0,832.0,832,1956.0,0,0,0.0,5,Reg,0,50,60.0,25.221608273812684,49020.0,4.99,5.3,2010,2,Q1,1Fam,0
129000.0,894,3,1.0,39,2.0,894.0,5,8724,5,0,450.0,492.0,402.0,894,1968.0,0,0,0.0,5,Reg,0,20,109.0,29.102296283256685,48910.0,6.21,2.8,2007,5,Q2,1Fam,0
152605.298564403,1488,2,3.0,6,2.0,1488.0,7,4835,6,0,506.0,1298.0,190.0,1488,2004.0,168,50,0.0,5,IR1,0,120,25.0,25.221608273812684,49020.0,4.965,5.2,2010,3,Q1,TwnhsE,1
174976.489722867,1585,3,2.5,1,2.0,784.0,7,7632,7,754,449.0,0.0,784.0,831,2005.0,100,77,96.0,5,IR1,0,60,74.0,30.85894600589856,48130.0,6.34,2.7,2006,3,Q1,1Fam,0
151143.549016705,1392,2,2.0,1,2.0,689.0,7,3180,5,689,540.0,0.0,689.0,703,2007.0,0,102,0.0,5,Reg,0,160,30.0,27.363846269205577,50140.0,5.95,3.0,2008,3,Q1,TwnhsE,0
230000.0,1811,2,1.0,50,2.0,1073.0,6,14115,6,0,470.0,296.0,230.0,1811,1956.0,0,0,0.0,7,IR1,0,20,90.0,30.85894600589856,48130.0,6.765000000000001,2.8,2006,7,Q3,1Fam,1
127000.0,1475,4,2.0,29,1.0,757.0,5,2665,6,550,336.0,548.0,36.0,925,1977.0,104,26,0.0,6,Reg,0,160,41.0,30.85894600589856,48130.0,6.765000000000001,2.8,2006,7,Q3,TwnhsE,0
208156.398935188,1488,3,2.5,39,2.0,1488.0,6,21579,7,0,552.0,813.0,675.0,1488,1968.0,0,0,0.0,6,IR1,0,20,68.0,29.102296283256685,48910.0,6.38,2.8,2007,9,Q3,1Fam,0
219500.0,2034,3,3.5,12,2.0,1057.0,7,9375,8,977,645.0,739.0,318.0,1057,1998.0,576,36,573.0,5,Reg,0,60,68.0,26.11993393300743,50720.0,5.115,5.1,2009,2,Q1,1Fam,1
169837.623333323,882,2,2.0,56,1.0,720.0,5,11556,4,0,240.0,148.0,572.0,882,1952.0,0,0,52.0,6,Reg,0,20,60.0,27.363846269205577,50140.0,6.05,3.0,2008,5,Q2,1Fam,0
250000.0,2514,4,2.5,16,2.0,1216.0,7,11170,8,1216,693.0,1216.0,0.0,1298,1990.0,0,0,0.0,5,IR2,0,60,68.0,30.85894600589856,48130.0,6.51,2.4,2006,4,Q2,1Fam,1
172785.0,1456,3,2.5,0,2.0,728.0,6,15578,8,728,429.0,0.0,728.0,728,2006.0,0,0,0.0,5,IR1,0,60,105.0,30.85894600589856,48130.0,6.595,2.4,2006,5,Q2,1Fam,0
179000.0,1800,3,2.5,9,2.0,982.0,6,8123,7,793,463.0,0.0,982.0,1007,2000.0,100,63,16.0,5,IR1,0,60,60.0,26.11993393300743,50720.0,5.4,6.0,2009,6,Q2,1Fam,0
178483.353073443,1728,3,3.0,1,2.0,1884.0,8,11449,7,0,520.0,1011.0,873.0,1728,2007.0,0,276,0.0,5,IR1,0,20,79.0,27.363846269205577,50140.0,5.69,3.3,2008,1,Q1,1Fam,0
337000.0,2365,3,3.5,10,3.0,1252.0,8,9430,8,1097,856.0,1163.0,89.0,1268,1999.0,0,128,673.0,5,Reg,180,60,82.0,26.11993393300743,50720.0,5.2,5.6,2009,7,Q3,1Fam,0
249768.279823405,1424,3,2.5,38,3.0,1100.0,5,41600,7,0,828.0,1047.0,53.0,1424,1969.0,144,0,0.0,5,IR1,0,190,195.0,29.102296283256685,48910.0,6.24,2.6,2007,11,Q4,2fmCon,1
146800.0,1062,3,2.0,31,2.0,1029.0,6,11333,5,0,539.0,539.0,490.0,1062,1976.0,120,0,0.0,5,IR1,0,80,68.0,29.102296283256685,48910.0,6.21,2.8,2007,5,Q2,1Fam,0
170000.0,1466,3,2.5,70,2.0,796.0,5,10800,7,370,566.0,626.0,170.0,1096,1950.0,436,21,0.0,8,Reg,0,50,60.0,30.85894600589856,48130.0,6.51,2.4,2006,4,Q2,1Fam,1
148000.0,1155,3,2.0,49,2.0,1109.0,5,11782,6,0,576.0,899.0,210.0,1155,1987.0,192,0,0.0,7,IR1,0,85,88.0,25.221608273812684,49020.0,4.734999999999999,5.0,2010,6,Q2,1Fam,1
214000.0,1536,3,3.0,6,2.0,1536.0,7,9135,7,0,532.0,810.0,726.0,1536,2002.0,192,74,113.0,5,Reg,0,20,70.0,27.363846269205577,50140.0,5.19,3.8,2008,12,Q4,1Fam,1
196613.598849219,1556,4,2.0,46,0.0,1556.0,5,8512,8,0,0.0,0.0,1556.0,1556,1979.0,0,0,0.0,5,Reg,0,90,75.0,30.85894600589856,48130.0,6.415,2.6,2006,9,Q3,Duplex,0
182381.322639642,1977,3,2.5,1,3.0,982.0,7,9605,7,995,574.0,0.0,982.0,982,2006.0,240,53,0.0,5,Reg,0,60,70.0,29.102296283256685,48910.0,6.710000000000001,3.0,2007,7,Q3,1Fam,0
203000.0,1504,3,3.0,13,2.0,1504.0,7,11883,6,0,478.0,690.0,814.0,1504,1996.0,115,66,196.0,5,Reg,0,20,73.0,26.11993393300743,50720.0,5.4,6.0,2009,6,Q2,1Fam,0
137000.0,1920,4,2.0,59,2.0,928.0,5,11345,10,992,400.0,220.0,708.0,928,1948.0,0,0,567.0,5,Reg,0,90,95.0,29.102296283256685,48910.0,6.710000000000001,3.0,2007,7,Q3,Duplex,1
175500.0,1242,3,1.5,34,2.0,1242.0,7,9600,6,0,528.0,916.0,326.0,1242,1973.0,0,0,320.0,6,Reg,0,20,80.0,29.102296283256685,48910.0,6.38,2.8,2007,9,Q3,1Fam,0
224900.0,1661,3,2.0,12,2.0,1649.0,7,12137,6,0,598.0,0.0,1649.0,1661,1998.0,0,34,442.0,5,IR2,0,20,48.0,25.221608273812684,49020.0,4.885,4.3,2010,5,Q2,1Fam,0
185197.764639705,1504,3,2.5,0,2.0,752.0,6,8229,6,752,440.0,0.0,752.0,752,2007.0,100,32,22.0,5,IR1,0,60,72.0,29.102296283256685,48910.0,6.125,3.0,2007,12,Q4,1Fam,0
121600.0,1230,3,2.5,60,1.0,747.0,4,4712,5,456,305.0,384.0,363.0,774,1946.0,0,57,0.0,7,IR1,63,50,51.0,30.85894600589856,48130.0,6.52,2.6,2006,8,Q3,1Fam,1
160480.424024781,1342,2,3.0,2,2.0,1342.0,8,6240,6,0,550.0,846.0,496.0,1342,2007.0,0,35,176.0,5,Reg,0,120,48.0,27.363846269205577,50140.0,6.37,3.7,2008,6,Q2,TwnhsE,1
171500.0,1279,3,2.5,31,2.0,1196.0,6,10125,6,0,473.0,641.0,276.0,1279,1980.0,238,83,0.0,6,Reg,0,20,75.0,27.363846269205577,50140.0,5.88,3.1,2008,2,Q1,1Fam,0
412500.0,2668,3,3.5,5,3.0,1572.0,9,13688,10,1096,726.0,1016.0,556.0,1572,2003.0,400,0,664.0,5,IR1,0,60,110.0,27.363846269205577,50140.0,5.95,3.0,2008,3,Q1,1Fam,1
175846.179822063,1692,3,2.5,13,2.0,878.0,7,9337,8,800,513.0,353.0,525.0,892,1997.0,0,39,0.0,5,IR1,0,60,68.0,25.221608273812684,49020.0,5.07,4.3,2010,4,Q2,1Fam,1
158893.54306269,1004,2,1.0,76,1.0,502.0,7,3960,5,502,200.0,0.0,502.0,502,1930.0,280,0,0.0,8,Reg,0,70,66.0,30.85894600589856,48130.0,6.765000000000001,2.8,2006,7,Q3,1Fam,1
184425.470567051,1650,3,2.0,97,2.0,926.0,6,8398,6,659,468.0,259.0,667.0,991,1979.0,128,103,0.0,8,Reg,0,50,56.0,29.102296283256685,48910.0,6.24,2.6,2007,11,Q4,1Fam,1
361919.0,2576,4,2.5,0,3.0,1234.0,8,12438,10,1312,666.0,0.0,1234.0,1264,2006.0,324,100,466.0,5,IR1,0,60,82.0,30.85894600589856,48130.0,6.765000000000001,2.8,2006,7,Q3,1Fam,0
151164.372534604,1512,2,3.5,10,2.0,756.0,6,2980,5,756,440.0,466.0,290.0,756,2000.0,0,32,1159.0,5,Reg,0,160,68.0,25.221608273812684,49020.0,4.885,4.3,2010,5,Q2,TwnhsE,0
140000.0,936,2,2.0,27,2.0,936.0,5,7200,4,0,672.0,936.0,0.0,936,1980.0,49,0,180.0,5,Reg,0,90,60.0,29.102296283256685,48910.0,6.59,3.0,2007,8,Q3,Duplex,0
189562.873697309,887,3,1.5,23,1.0,864.0,5,10447,5,0,288.0,516.0,348.0,887,1984.0,140,0,0.0,6,Reg,0,20,62.0,29.102296283256685,48910.0,6.125,3.0,2007,12,Q4,1Fam,0
194000.0,1220,2,3.0,0,2.0,1199.0,7,7406,6,0,632.0,684.0,515.0,1220,2006.0,105,54,84.0,5,Reg,0,20,64.0,30.85894600589856,48130.0,6.765000000000001,2.8,2006,7,Q3,1Fam,0
161468.198288911,640,2,1.0,65,1.0,0.0,3,8777,5,0,240.0,0.0,0.0,640,1945.0,0,0,0.0,6,Reg,0,30,67.0,25.221608273812684,49020.0,5.07,4.3,2010,4,Q2,1Fam,1
206003.107947263,2840,4,3.0,30,4.0,1420.0,7,12511,8,1420,1314.0,988.0,432.0,1420,1978.0,0,16,168.0,7,IR1,208,60,68.0,27.363846269205577,50140.0,5.19,3.8,2008,12,Q4,1Fam,0
179028.429210291,1694,3,2.5,13,2.0,392.0,6,10147,7,770,398.0,186.0,206.0,924,1994.0,256,64,32.0,5,IR1,0,80,68.0,29.102296283256685,48910.0,6.16,2.9,2007,3,Q1,1Fam,0
277500.0,1561,2,3.0,2,2.0,1561.0,9,7313,6,0,556.0,1153.0,408.0,1561,2005.0,203,47,246.0,5,Reg,0,120,60.0,29.102296283256685,48910.0,6.59,3.0,2007,8,Q3,TwnhsE,0
162000.0,1204,2,3.0,11,2.0,1204.0,6,4500,5,0,412.0,866.0,338.0,1204,1998.0,0,247,320.0,5,Reg,0,120,32.0,26.11993393300743,50720.0,5.4,6.0,2009,6,Q2,TwnhsE,0
182875.801346628,864,3,2.0,52,2.0,864.0,4,8172,5,0,528.0,682.0,182.0,864,1996.0,196,0,0.0,5,Reg,0,20,60.0,29.102296283256685,48910.0,6.385,2.6,2007,10,Q4,1Fam,0
183053.458213802,1822,3,2.0,5,3.0,1822.0,8,14122,8,0,678.0,28.0,1794.0,1822,2005.0,0,119,240.0,5,IR1,0,20,79.0,25.221608273812684,49020.0,4.99,5.3,2010,2,Q1,1Fam,1
235000.0,1525,3,3.0,6,2.0,1525.0,7,9100,6,0,541.0,1400.0,125.0,1525,2000.0,219,36,244.0,5,Reg,0,20,70.0,30.85894600589856,48130.0,6.415,2.6,2006,9,Q3,1Fam,0
182782.55099007,992,3,2.0,41,1.0,992.0,5,10265,6,0,294.0,758.0,234.0,992,1967.0,204,0,0.0,7,IR1,0,20,68.0,27.363846269205577,50140.0,6.37,3.6,2008,7,Q3,1Fam,1
156932.0,1412,3,2.5,1,2.0,616.0,6,8499,6,796,432.0,0.0,616.0,616,2007.0,0,36,0.0,5,IR1,0,60,73.0,29.102296283256685,48910.0,6.16,2.9,2007,3,Q1,1Fam,1
170871.094939159,816,2,2.0,24,1.0,816.0,5,11625,4,0,264.0,596.0,220.0,816,1983.0,330,0,0.0,7,IR1,0,20,65.0,29.102296283256685,48910.0,6.21,2.8,2007,5,Q2,1Fam,0
184772.239624699,1488,3,1.0,54,2.0,0.0,5,12048,7,0,569.0,0.0,0.0,1488,2002.0,0,189,232.0,6,Reg,348,20,80.0,30.85894600589856,48130.0,6.51,2.4,2006,4,Q2,1Fam,1
174026.247294886,1812,3,2.5,6,2.0,952.0,7,7500,7,860,469.0,0.0,952.0,952,2002.0,144,112,0.0,5,Reg,0,60,68.0,27.363846269205577,50140.0,5.88,2.7,2008,4,Q2,1Fam,0
110500.0,866,2,1.0,62,0.0,686.0,5,3880,4,0,0.0,329.0,357.0,866,1979.0,58,42,0.0,9,Reg,0,30,40.0,29.102296283256685,48910.0,6.59,3.0,2007,8,Q3,1Fam,1
179782.759465081,1104,3,2.0,52,1.0,1104.0,5,10425,5,0,384.0,774.0,330.0,1104,1956.0,0,0,0.0,5,Reg,0,20,75.0,27.363846269205577,50140.0,5.88,2.7,2008,4,Q2,1Fam,1
168590.782409896,1055,2,2.0,34,2.0,1044.0,6,12712,5,0,542.0,968.0,76.0,1055,1973.0,455,0,0.0,7,IR1,0,20,43.0,29.102296283256685,48910.0,6.220000000000001,3.0,2007,1,Q1,1Fam,1
275000.0,1904,3,3.5,1,2.0,1058.0,8,10927,8,846,736.0,546.0,512.0,1058,2003.0,179,60,280.0,5,Reg,0,60,74.0,30.85894600589856,48130.0,6.67,3.1,2006,6,Q2,1Fam,0
177254.582741058,925,3,1.0,46,1.0,0.0,5,7000,7,0,300.0,0.0,0.0,925,1961.0,0,0,0.0,6,Reg,0,20,70.0,29.102296283256685,48910.0,6.710000000000001,3.0,2007,7,Q3,1Fam,0
140000.0,1072,2,3.0,1,2.0,547.0,6,3675,5,0,525.0,547.0,0.0,1072,2005.0,0,44,82.0,5,Reg,0,180,35.0,30.85894600589856,48130.0,6.67,3.1,2006,6,Q2,TwnhsE,1
161642.711648983,912,2,1.0,78,1.0,520.0,5,7392,5,0,360.0,0.0,520.0,912,1934.0,0,90,0.0,7,Reg,0,30,60.0,27.363846269205577,50140.0,6.05,3.0,2008,5,Q2,1Fam,1
157054.253944128,869,1,1.0,60,1.0,0.0,4,10122,3,0,390.0,0.0,0.0,869,1948.0,0,0,0.0,6,Reg,0,20,60.0,27.363846269205577,50140.0,6.494999999999999,3.6,2008,8,Q3,1Fam,1
98300.0,1048,3,1.0,58,2.0,0.0,5,7200,7,0,420.0,0.0,0.0,1048,1950.0,0,27,0.0,5,Reg,0,20,60.0,27.363846269205577,50140.0,6.37,3.6,2008,7,Q3,1Fam,0
174706.363659627,1175,3,1.5,50,2.0,1175.0,5,7635,6,0,484.0,588.0,237.0,1175,1960.0,0,0,0.0,6,IR1,0,20,81.0,25.221608273812684,49020.0,4.734999999999999,5.0,2010,6,Q2,1Fam,0
194255.566948886,1288,4,1.0,65,1.0,824.0,5,6191,6,464,240.0,384.0,440.0,824,1941.0,0,0,0.0,4,Reg,0,50,51.0,30.85894600589856,48130.0,6.24,2.4,2006,11,Q4,1Fam,1
378500.0,2018,3,2.0,2,3.0,2002.0,9,13214,10,0,746.0,0.0,2002.0,2018,2009.0,144,76,0.0,5,IR1,0,20,89.0,25.221608273812684,49020.0,4.885,4.3,2010,5,Q2,1Fam,1
173554.489658383,1228,3,1.0,91,1.0,600.0,7,7155,6,600,215.0,0.0,600.0,628,1918.0,0,113,0.0,8,Reg,195,70,53.0,26.11993393300743,50720.0,4.85,5.0,2009,5,Q2,1Fam,1
108000.0,996,3,2.0,68,0.0,996.0,5,13907,6,0,0.0,290.0,706.0,996,1979.0,144,0,0.0,6,Reg,0,30,63.0,27.363846269205577,50140.0,6.37,3.6,2008,7,Q3,1Fam,1
181059.374300472,1216,3,2.0,55,1.0,1056.0,5,9600,7,0,280.0,996.0,60.0,1216,1951.0,0,0,144.0,5,Reg,0,20,80.0,30.85894600589856,48130.0,6.595,2.4,2006,5,Q2,1Fam,0
286000.0,1593,0,2.5,7,2.0,1593.0,8,4923,5,0,682.0,1153.0,440.0,1593,2001.0,0,120,0.0,5,Reg,224,120,41.0,27.363846269205577,50140.0,6.494999999999999,3.6,2008,8,Q3,TwnhsE,1
194138.519145183,1944,4,3.0,99,2.0,972.0,6,10307,12,972,324.0,633.0,339.0,972,1920.0,0,28,0.0,5,Reg,0,90,57.0,26.11993393300743,50720.0,5.4,6.0,2009,6,Q2,Duplex,1
165000.0,1382,3,3.5,6,2.0,673.0,7,2651,6,709,490.0,641.0,32.0,673,2000.0,153,50,0.0,5,Reg,0,160,68.0,30.85894600589856,48130.0,6.51,2.4,2006,4,Q2,Twnhs,0
181739.671652174,1145,3,1.0,50,2.0,301.0,5,7700,6,0,684.0,271.0,30.0,1145,1993.0,0,0,0.0,7,Reg,0,80,55.0,30.85894600589856,48130.0,6.415,2.6,2006,9,Q3,1Fam,0
178570.948923671,925,3,2.0,43,2.0,912.0,5,8125,5,0,576.0,260.0,196.0,925,1978.0,233,0,0.0,7,Reg,0,20,65.0,27.363846269205577,50140.0,6.37,3.6,2008,7,Q3,1Fam,1
174378.777632042,1422,3,1.0,81,1.0,1290.0,5,7223,6,0,352.0,319.0,971.0,1422,1973.0,0,0,0.0,5,Reg,0,30,54.0,29.102296283256685,48910.0,6.17,2.8,2007,4,Q2,1Fam,1
192000.0,1459,3,2.0,5,2.0,1459.0,7,8749,6,0,527.0,0.0,1459.0,1459,2002.0,192,39,100.0,5,Reg,0,20,70.0,29.102296283256685,48910.0,6.38,2.8,2007,9,Q3,1Fam,0
251000.0,1652,2,3.0,7,2.0,1494.0,8,5330,6,0,499.0,1196.0,298.0,1652,2000.0,96,48,0.0,5,Reg,0,120,41.0,29.102296283256685,48910.0,6.59,3.0,2007,8,Q3,TwnhsE,0
265979.0,2640,4,1.5,129,4.0,1240.0,7,11700,8,1320,864.0,0.0,1240.0,1320,1950.0,181,0,0.0,7,IR1,0,70,65.0,26.11993393300743,50720.0,4.85,5.0,2009,5,Q2,1Fam,1
189317.51282069,1818,3,3.5,0,3.0,895.0,8,12568,8,923,774.0,669.0,226.0,895,2007.0,196,104,246.0,5,Reg,0,60,68.0,29.102296283256685,48910.0,6.59,3.0,2007,8,Q3,1Fam,0
139400.0,1108,3,1.0,77,1.0,637.0,7,7449,6,0,280.0,0.0,637.0,1108,1930.0,0,0,0.0,7,Reg,0,45,57.0,29.102296283256685,48910.0,6.68,3.4,2007,6,Q2,1Fam,1
110000.0,1203,3,2.0,59,1.0,709.0,5,7015,5,224,352.0,185.0,524.0,979,1950.0,0,0,161.0,4,IR1,0,50,68.0,26.11993393300743,50720.0,5.2,5.6,2009,7,Q3,1Fam,0
186700.0,1572,3,2.5,44,3.0,1572.0,5,35133,5,0,995.0,1159.0,413.0,1572,1963.0,0,263,226.0,4,Reg,263,20,50.0,29.102296283256685,48910.0,6.21,2.8,2007,5,Q2,1Fam,0
181686.10402108,1525,3,2.5,1,2.0,1510.0,7,10936,6,0,534.0,0.0,1510.0,1525,2006.0,100,18,0.0,5,IR1,0,20,59.0,29.102296283256685,48910.0,6.17,2.8,2007,4,Q2,1Fam,0
145000.0,1958,4,2.0,61,2.0,979.0,6,7136,8,979,492.0,484.0,495.0,979,1946.0,0,0,423.0,6,IR1,0,90,82.0,29.102296283256685,48910.0,6.59,3.0,2007,8,Q3,Duplex,1
125000.0,894,3,1.0,41,1.0,894.0,5,7094,5,0,384.0,180.0,340.0,894,1966.0,0,0,0.0,5,IR1,0,20,99.0,29.102296283256685,48910.0,6.21,2.8,2007,5,Q2,1Fam,0
176821.936262814,1242,3,2.5,47,1.0,1242.0,5,7903,6,0,324.0,739.0,503.0,1242,1960.0,0,0,0.0,5,Reg,0,20,70.0,29.102296283256685,48910.0,6.21,2.8,2007,5,Q2,1Fam,0
143237.803559736,848,1,2.0,3,2.0,848.0,6,4435,4,0,420.0,717.0,131.0,848,2003.0,140,0,170.0,5,Reg,0,120,37.0,30.85894600589856,48130.0,6.51,2.4,2006,4,Q2,TwnhsE,0
188321.073833569,1556,3,2.0,61,2.0,782.0,6,17360,6,537,470.0,300.0,482.0,1019,1949.0,0,0,340.0,6,Reg,0,50,120.0,25.221608273812684,49020.0,5.025,5.5,2010,1,Q1,1Fam,1
173931.531845427,894,3,1.0,47,1.0,894.0,5,8680,5,0,312.0,0.0,894.0,894,1965.0,0,0,0.0,7,Reg,0,20,70.0,29.102296283256685,48910.0,6.220000000000001,3.0,2007,1,Q1,1Fam,0
538000.0,3279,4,4.5,7,3.0,1650.0,8,53504,12,1589,841.0,1416.0,234.0,1690,2003.0,503,36,603.0,5,IR2,210,60,47.0,25.221608273812684,49020.0,4.734999999999999,5.0,2010,6,Q2,1Fam,0
155774.270901623,1220,2,2.0,4,2.0,1220.0,7,3182,5,0,397.0,16.0,1204.0,1220,2005.0,100,16,16.0,5,Reg,0,120,43.0,26.11993393300743,50720.0,5.18,5.6,2009,8,Q3,TwnhsE,1
226000.0,2157,4,2.5,40,2.0,924.0,7,14200,8,941,487.0,445.0,479.0,1216,1966.0,105,66,309.0,6,Reg,0,60,88.0,30.85894600589856,48130.0,6.595,2.4,2006,5,Q2,1Fam,0
180681.007992057,1344,3,2.0,93,0.0,536.0,3,10320,8,536,0.0,0.0,536.0,808,1979.0,42,0,0.0,3,Reg,0,190,60.0,27.363846269205577,50140.0,6.05,3.0,2008,5,Q2,2fmCon,1
190552.829321091,1324,3,2.0,5,2.0,1324.0,6,18494,6,0,430.0,0.0,1324.0,1324,2005.0,36,23,0.0,5,IR1,0,20,100.0,25.221608273812684,49020.0,5.025,5.5,2010,1,Q1,1Fam,0
119000.0,1728,6,2.5,43,1.0,1728.0,5,10624,10,0,352.0,40.0,1424.0,1728,2002.0,155,0,84.0,4,IR1,0,90,68.0,29.102296283256685,48910.0,6.24,2.6,2007,11,Q4,Duplex,0
142500.0,1141,3,1.5,1,2.0,1141.0,6,13072,6,0,484.0,0.0,1141.0,1141,2005.0,0,0,0.0,5,Reg,0,20,63.0,30.85894600589856,48130.0,6.34,2.7,2006,3,Q1,1Fam,0
167000.0,1277,2,2.0,37,2.0,1277.0,7,10628,5,0,526.0,778.0,499.0,1277,1970.0,0,0,0.0,5,Reg,176,20,85.0,29.102296283256685,48910.0,6.17,2.8,2007,4,Q2,1Fam,0
184365.175780982,1823,3,3.5,8,2.0,928.0,7,12192,6,895,626.0,663.0,265.0,928,2000.0,192,36,0.0,5,IR1,0,60,75.0,27.363846269205577,50140.0,6.05,3.0,2008,5,Q2,1Fam,1
184294.576009142,1671,3,2.0,31,2.0,1427.0,6,10928,7,0,484.0,363.0,1064.0,1671,1978.0,252,55,101.0,6,Reg,0,20,80.0,26.11993393300743,50720.0,5.18,5.6,2009,8,Q3,1Fam,1
176432.0,1314,3,2.0,1,2.0,1314.0,6,9317,6,0,440.0,24.0,1290.0,1314,2006.0,0,22,0.0,5,IR1,0,20,78.0,29.102296283256685,48910.0,6.16,2.9,2007,3,Q1,1Fam,0
135000.0,1981,4,3.0,81,2.0,1122.0,4,7804,7,653,576.0,622.0,500.0,1328,1981.0,431,44,0.0,3,Reg,0,50,65.0,26.11993393300743,50720.0,4.94,5.1,2009,12,Q4,1Fam,1
115000.0,864,2,2.0,51,2.0,864.0,5,8172,5,0,572.0,167.0,697.0,864,1957.0,0,0,0.0,7,Reg,0,20,60.0,30.85894600589856,48130.0,6.51,2.4,2006,4,Q2,1Fam,1
189950.0,1426,3,1.5,89,1.0,912.0,7,7642,7,514,216.0,0.0,912.0,912,1925.0,0,240,0.0,8,Reg,0,50,55.0,29.102296283256685,48910.0,6.68,3.4,2007,6,Q2,1Fam,1
