SalePrice,GrLivArea,BedroomAbvGr,Bathrooms,PropertyAge,GarageCars,TotalBsmtSF,OverallQual,LotArea,TotRmsAbvGrd,2ndFlrSF,GarageArea,BsmtFinSF1,BsmtUnfSF,1stFlrSF,GarageYrBlt,WoodDeckSF,OpenPorchSF,MasVnrArea,OverallCond,LotShape,ScreenPorch,MSSubClass,LotFrontage,CrimeRate,MedianIncome,InterestRate,UnemploymentRate,YrSold,MoSold,QrtSold,BldgType,RenovationFlag
200000.0,2090,3,3.5,36,2.0,1107.0,7,10382,7,983,484.0,859.0,216.0,1107,1973.0,235,204,240.0,6,IR1,0,60,68.0,26.11993393300743,50720.0,4.87,4.6,2009,11,Q4,1Fam,0
154000.0,1154,3,1.5,43,2.0,1154.0,5,11000,6,0,480.0,740.0,184.0,1154,1966.0,0,58,200.0,6,IR1,0,20,68.0,26.11993393300743,50720.0,4.87,4.6,2009,11,Q4,1Fam,0
172500.0,1683,3,2.5,31,2.0,918.0,6,11184,7,765,440.0,226.0,192.0,918,1978.0,243,0,92.0,5,Reg,0,60,70.0,26.11993393300743,50720.0,5.2,5.6,2009,7,Q3,1Fam,0
190054.639237419,1830,2,2.0,39,2.0,1865.0,7,20355,6,0,521.0,810.0,229.0,1830,1967.0,0,115,123.0,6,Reg,0,20,68.0,30.85894600589856,48130.0,6.67,3.1,2006,6,Q2,1Fam,0
124900.0,1869,2,1.0,119,2.0,1088.0,5,8820,7,561,456.0,1088.0,0.0,1188,1963.0,48,0,0.0,6,Reg,0,50,98.0,26.11993393300743,50720.0,5.055,4.7,2009,9,Q3,1Fam,1
200000.0,1861,3,3.5,4,2.0,916.0,7,13450,8,941,492.0,700.0,216.0,920,2002.0,146,91,0.0,5,IR1,0,60,95.0,30.85894600589856,48130.0,6.67,3.1,2006,6,Q2,1Fam,0
89500.0,1406,3,1.0,88,0.0,319.0,6,7920,6,371,0.0,0.0,319.0,1035,1979.0,0,144,0.0,7,IR1,0,50,68.0,27.363846269205577,50140.0,5.95,3.0,2008,3,Q1,1Fam,1
55993.0,1044,2,1.0,58,2.0,540.0,5,8712,4,0,504.0,0.0,540.0,1044,1952.0,0,0,0.0,5,Reg,0,20,66.0,25.221608273812684,49020.0,4.734999999999999,5.0,2010,6,Q2,1Fam,0
93000.0,1387,3,2.0,55,1.0,811.0,5,6000,7,576,256.0,0.0,811.0,811,1954.0,0,0,0.0,4,Reg,0,190,50.0,26.11993393300743,50720.0,4.87,4.6,2009,11,Q4,2fmCon,0
76000.0,784,2,1.0,81,2.0,784.0,6,9000,5,0,360.0,0.0,784.0,784,1950.0,0,0,0.0,3,Reg,0,45,60.0,26.11993393300743,50720.0,4.94,4.4,2009,10,Q4,1Fam,1
178173.79762147,1662,3,3.0,3,3.0,1652.0,7,10625,8,0,711.0,1430.0,222.0,1662,2006.0,168,120,0.0,5,Reg,0,20,85.0,26.11993393300743,50720.0,5.005000000000001,5.2,2009,3,Q1,1Fam,1
171339.303381589,1409,3,2.5,69,2.0,861.0,6,6240,6,548,528.0,52.0,809.0,861,1968.0,225,0,0.0,5,Reg,0,50,68.0,29.102296283256685,48910.0,6.16,2.9,2007,3,Q1,1Fam,1
164865.215329881,1211,2,1.0,44,2.0,864.0,5,9240,6,0,576.0,612.0,252.0,1211,1972.0,161,0,0.0,6,IR1,0,20,68.0,30.85894600589856,48130.0,6.34,2.7,2006,3,Q1,1Fam,1
143000.0,1482,3,1.5,89,2.0,650.0,7,9000,7,650,324.0,624.0,26.0,832,1930.0,0,0,0.0,9,Reg,0,70,50.0,26.11993393300743,50720.0,5.2,5.6,2009,7,Q3,1Fam,1
181869.381196234,1861,3,3.0,1,3.0,1341.0,8,9801,7,520,851.0,0.0,1341.0,1341,2007.0,144,60,156.0,5,Reg,0,60,73.0,27.363846269205577,50140.0,6.37,3.6,2008,7,Q3,1Fam,0
172500.0,1920,4,3.0,48,2.0,1052.0,5,13650,8,668,451.0,57.0,554.0,1252,1958.0,0,0,0.0,5,Reg,0,50,68.0,30.85894600589856,48130.0,6.765000000000001,2.8,2006,7,Q3,1Fam,0
275000.0,1644,2,3.5,20,2.0,1518.0,7,12800,5,0,569.0,1518.0,0.0,1644,1989.0,80,0,145.0,5,Reg,396,80,68.0,26.11993393300743,50720.0,5.18,5.6,2009,8,Q3,1Fam,0
91300.0,886,2,1.0,71,1.0,190.0,5,5784,4,0,273.0,0.0,190.0,886,1938.0,144,20,0.0,8,Reg,0,30,50.0,26.11993393300743,50720.0,4.94,5.1,2009,12,Q4,1Fam,1
200000.0,2082,3,2.5,5,2.0,1362.0,7,11426,6,720,484.0,0.0,1362.0,1362,2003.0,280,238,0.0,5,Reg,0,50,63.0,27.363846269205577,50140.0,6.37,3.7,2008,6,Q2,1Fam,0
144000.0,1524,3,1.5,49,1.0,874.0,5,11344,7,650,315.0,460.0,414.0,874,1958.0,0,0,180.0,5,Reg,0,50,78.0,29.102296283256685,48910.0,6.710000000000001,3.0,2007,7,Q3,1Fam,0
230000.0,1517,3,1.0,77,2.0,792.0,8,11435,7,725,400.0,0.0,792.0,792,1931.0,0,0,0.0,7,IR1,0,70,68.0,30.85894600589856,48130.0,6.67,3.1,2006,6,Q2,1Fam,1
127000.0,1252,3,1.0,98,2.0,504.0,5,7438,5,316,576.0,0.0,504.0,936,1986.0,104,0,0.0,8,IR1,0,50,92.0,30.85894600589856,48130.0,6.67,3.1,2006,6,Q2,1Fam,1
180953.241201168,1582,3,3.0,1,3.0,1582.0,8,12704,7,0,905.0,1012.0,570.0,1582,2007.0,209,95,302.0,5,Reg,0,20,98.0,27.363846269205577,50140.0,5.69,3.3,2008,1,Q1,1Fam,0
189196.845337149,2098,4,2.5,13,2.0,1040.0,7,9375,9,1054,621.0,0.0,1040.0,1044,1997.0,331,38,0.0,5,Reg,0,60,75.0,25.221608273812684,49020.0,5.07,4.3,2010,4,Q2,1Fam,0
152125.028585543,1565,2,3.0,1,2.0,1511.0,8,3784,5,0,476.0,60.0,1451.0,1565,2006.0,0,120,36.0,5,IR1,0,120,32.0,29.102296283256685,48910.0,6.29,3.0,2007,2,Q1,TwnhsE,1
185150.926027596,1560,3,2.5,44,2.0,1776.0,5,11679,6,0,528.0,612.0,0.0,1560,1962.0,453,253,96.0,5,IR1,0,80,78.0,30.85894600589856,48130.0,6.595,2.4,2006,5,Q2,1Fam,0
157443.925537187,759,1,1.0,96,2.0,451.0,5,10320,5,0,576.0,0.0,451.0,759,1997.0,40,0,0.0,8,Reg,0,30,60.0,27.363846269205577,50140.0,6.494999999999999,3.6,2008,8,Q3,1Fam,1
181000.0,1309,3,2.5,32,2.0,1040.0,6,10140,5,0,484.0,663.0,0.0,1309,1974.0,265,0,99.0,6,Reg,0,20,78.0,30.85894600589856,48130.0,6.135,3.1,2006,1,Q1,1Fam,1
198168.490116289,2322,4,2.5,9,2.0,1037.0,7,12460,8,1285,400.0,870.0,167.0,1037,1999.0,144,44,0.0,5,IR1,0,60,41.0,27.363846269205577,50140.0,6.05,3.0,2008,5,Q2,1Fam,1
123000.0,872,3,1.0,36,4.0,858.0,4,8294,5,0,480.0,0.0,858.0,872,1974.0,0,0,0.0,5,Reg,0,20,70.0,29.102296283256685,48910.0,6.68,3.4,2007,6,Q2,1Fam,0
153346.220086301,1494,1,2.5,13,2.0,1494.0,8,9466,5,0,478.0,457.0,0.0,1494,1994.0,0,30,0.0,5,IR2,217,120,50.0,29.102296283256685,48910.0,6.21,2.8,2007,5,Q2,TwnhsE,1
140000.0,1283,3,2.0,46,2.0,931.0,5,7763,6,0,506.0,504.0,319.0,1283,1980.0,0,0,0.0,7,Reg,0,20,70.0,27.363846269205577,50140.0,6.1,2.9,2008,10,Q4,1Fam,1
205000.0,1548,3,2.5,84,2.0,952.0,7,7264,5,596,672.0,0.0,952.0,952,1978.0,74,0,0.0,7,Reg,144,50,55.0,26.11993393300743,50720.0,4.94,4.4,2009,10,Q4,1Fam,1
86000.0,630,1,2.0,39,1.0,630.0,4,1526,3,0,286.0,515.0,115.0,630,1970.0,0,0,0.0,8,Reg,0,180,21.0,26.11993393300743,50720.0,4.85,5.0,2009,5,Q2,Twnhs,1
190311.050228337,1394,3,2.5,4,2.0,384.0,7,11950,7,640,400.0,0.0,384.0,754,2003.0,100,0,0.0,5,IR1,0,80,68.0,29.102296283256685,48910.0,6.385,2.6,2007,10,Q4,1Fam,0
176156.558313965,1568,3,1.5,42,2.0,1568.0,5,9600,7,0,440.0,0.0,1568.0,1568,1967.0,160,40,0.0,5,Reg,0,20,80.0,26.11993393300743,50720.0,5.005000000000001,5.2,2009,3,Q1,1Fam,0
141000.0,848,1,2.0,4,2.0,848.0,6,4426,3,0,420.0,697.0,151.0,848,2004.0,149,0,147.0,5,Reg,0,120,68.0,27.363846269205577,50140.0,6.05,3.0,2008,5,Q2,TwnhsE,0
165407.889104689,832,2,1.0,87,2.0,678.0,2,9656,5,0,780.0,0.0,678.0,832,1928.0,0,0,0.0,2,Reg,0,30,68.0,25.221608273812684,49020.0,4.734999999999999,5.0,2010,6,Q2,1Fam,1
198375.31512987,1857,4,2.5,28,2.0,945.0,7,10530,8,912,482.0,0.0,945.0,945,1978.0,400,105,68.0,5,Reg,0,60,81.0,30.85894600589856,48130.0,6.765000000000001,2.8,2006,7,Q3,1Fam,0
177150.989247307,1655,3,2.5,17,2.0,763.0,6,10000,7,892,440.0,0.0,763.0,763,1993.0,157,84,0.0,5,IR1,0,60,75.0,25.221608273812684,49020.0,5.07,4.3,2010,4,Q2,1Fam,1
174444.479149339,950,2,1.0,55,2.0,984.0,5,12774,5,0,400.0,624.0,232.0,950,1953.0,0,32,0.0,5,Reg,0,20,68.0,27.363846269205577,50140.0,6.37,3.6,2008,7,Q3,1Fam,0
212000.0,1768,3,2.5,2,2.0,866.0,8,10769,7,902,578.0,20.0,846.0,866,2007.0,144,105,0.0,5,IR1,0,60,68.0,26.11993393300743,50720.0,4.8,4.9,2009,4,Q2,1Fam,0
179555.219570787,912,3,2.0,41,1.0,912.0,5,8169,6,0,315.0,216.0,261.0,912,1966.0,204,0,0.0,7,Reg,0,20,68.0,29.102296283256685,48910.0,6.710000000000001,3.0,2007,7,Q3,1Fam,0
194698.882220432,2640,3,4.5,0,3.0,2036.0,9,13162,11,604,792.0,1836.0,200.0,2036,2006.0,0,265,0.0,5,Reg,0,60,100.0,30.85894600589856,48130.0,6.24,2.4,2006,11,Q4,1Fam,0
159500.0,1194,3,1.5,47,2.0,655.0,6,8910,6,0,539.0,655.0,0.0,1194,1954.0,0,0,0.0,6,Reg,0,20,79.0,30.85894600589856,48130.0,6.765000000000001,2.8,2006,7,Q3,1Fam,0
320000.0,3222,5,4.0,20,3.0,1673.0,7,12376,11,1523,594.0,1470.0,203.0,1699,1990.0,367,0,0.0,5,Reg,0,60,90.0,25.221608273812684,49020.0,4.885,4.3,2010,5,Q2,1Fam,0
208500.0,1710,3,3.5,5,2.0,856.0,7,8450,8,854,548.0,706.0,150.0,856,2003.0,0,61,196.0,5,Reg,0,60,65.0,27.363846269205577,50140.0,5.88,3.1,2008,2,Q1,1Fam,0
170000.0,1173,3,3.0,36,2.0,1053.0,7,10625,6,0,528.0,885.0,0.0,1173,1974.0,0,120,81.0,6,Reg,0,85,85.0,25.221608273812684,49020.0,5.025,5.5,2010,1,Q1,1Fam,0
185000.0,1262,2,2.0,0,2.0,1262.0,6,7200,5,0,572.0,905.0,357.0,1262,2006.0,0,120,68.0,5,Reg,0,20,60.0,30.85894600589856,48130.0,6.595,2.4,2006,5,Q2,1Fam,0
166285.243628001,768,2,1.0,52,1.0,768.0,4,8172,4,0,355.0,544.0,224.0,768,1959.0,0,0,0.0,5,Reg,0,20,60.0,29.102296283256685,48910.0,6.710000000000001,3.0,2007,7,Q3,1Fam,0
155835.0,1456,3,2.5,1,2.0,728.0,7,11103,8,728,440.0,0.0,728.0,728,2006.0,0,0,0.0,5,IR1,0,60,85.0,29.102296283256685,48910.0,6.710000000000001,3.0,2007,7,Q3,1Fam,0
189893.003058465,1664,3,3.0,29,2.0,1529.0,7,12299,7,0,663.0,1328.0,201.0,1664,1978.0,0,0,67.0,6,Reg,0,20,93.0,29.102296283256685,48910.0,6.38,2.8,2007,9,Q3,1Fam,1
184901.735847457,1338,3,2.0,0,2.0,1338.0,8,8640,6,0,598.0,24.0,1314.0,1338,2007.0,0,141,0.0,5,Reg,0,20,72.0,29.102296283256685,48910.0,6.24,2.6,2007,11,Q4,1Fam,0
184306.637575967,1939,3,3.0,8,3.0,1054.0,7,11250,8,869,555.0,796.0,258.0,1070,1998.0,128,84,227.0,5,IR1,0,60,90.0,30.85894600589856,48130.0,6.595,2.4,2006,5,Q2,1Fam,0
175080.614768394,1947,3,3.5,7,3.0,1357.0,9,9720,7,581,725.0,1194.0,163.0,1366,2001.0,168,116,134.0,5,IR1,0,60,68.0,27.363846269205577,50140.0,5.69,3.3,2008,1,Q1,1Fam,1
179021.448718583,1978,3,3.5,7,3.0,1978.0,8,10389,8,0,850.0,1682.0,296.0,1978,2003.0,188,25,320.0,5,Reg,0,20,80.0,25.221608273812684,49020.0,4.885,4.3,2010,5,Q2,1Fam,0
154287.264375509,845,1,1.0,68,1.0,0.0,2,11067,4,0,256.0,0.0,0.0,640,1950.0,48,0,0.0,4,Reg,0,50,64.0,29.102296283256685,48910.0,6.16,2.9,2007,3,Q1,1Fam,1
295000.0,3493,3,3.0,128,3.0,1470.0,7,18386,10,1818,870.0,0.0,1470.0,1675,2003.0,302,0,0.0,9,Reg,0,75,87.0,27.363846269205577,50140.0,6.05,3.0,2008,5,Q2,1Fam,1
157304.402574096,1450,2,2.0,1,3.0,1450.0,7,7328,6,0,788.0,0.0,1450.0,1450,2008.0,0,93,140.0,5,Reg,0,20,61.0,26.11993393300743,50720.0,5.115,5.1,2009,2,Q1,1Fam,1
179184.153848562,1652,3,2.5,8,2.0,782.0,7,8998,6,870,532.0,527.0,255.0,782,2000.0,0,70,120.0,5,IR1,0,60,68.0,27.363846269205577,50140.0,6.37,3.7,2008,6,Q2,1Fam,0
177000.0,1357,2,2.0,49,1.0,1019.0,6,11512,5,0,312.0,719.0,300.0,1357,1959.0,0,0,84.0,7,IR1,163,80,124.0,27.363846269205577,50140.0,6.05,3.0,2008,5,Q2,1Fam,1
118500.0,1216,2,1.0,61,1.0,832.0,5,8480,6,384,336.0,442.0,390.0,832,1947.0,158,0,0.0,5,Reg,0,50,80.0,27.363846269205577,50140.0,6.1,2.9,2008,10,Q4,1Fam,1
206492.534215854,2640,5,2.5,42,2.0,932.0,6,10400,8,1369,515.0,0.0,932.0,1271,1967.0,0,120,256.0,7,Reg,168,60,80.0,26.11993393300743,50720.0,4.85,5.0,2009,5,Q2,1Fam,1
199202.898960871,1482,3,2.5,52,2.0,954.0,4,16012,6,0,609.0,691.0,263.0,1482,1956.0,0,30,60.0,4,IR1,0,20,60.0,30.85894600589856,48130.0,6.365,2.4,2006,10,Q4,1Fam,1
165956.259265265,1152,2,2.0,52,0.0,0.0,4,6882,6,0,0.0,0.0,0.0,1152,1979.0,0,0,128.0,3,Reg,0,90,74.0,29.102296283256685,48910.0,6.38,2.8,2007,9,Q3,Duplex,0
82500.0,708,2,1.0,69,0.0,420.0,4,5330,5,0,0.0,280.0,140.0,708,1979.0,164,0,0.0,7,Reg,0,30,50.0,26.11993393300743,50720.0,4.94,5.1,2009,12,Q4,1Fam,1
182271.503072356,1074,3,2.0,60,1.0,663.0,6,11479,6,0,467.0,104.0,172.0,1074,1987.0,0,52,0.0,7,Reg,0,20,65.0,25.221608273812684,49020.0,4.734999999999999,5.0,2010,6,Q2,1Fam,1
171595.397975647,1292,3,1.5,85,1.0,949.0,4,5142,6,343,205.0,224.0,725.0,949,1923.0,0,0,0.0,7,Reg,0,30,67.0,27.363846269205577,50140.0,6.37,3.7,2008,6,Q2,1Fam,1
183849.408762071,1336,3,3.0,1,2.0,1336.0,7,8772,6,0,502.0,996.0,340.0,1336,2005.0,136,43,0.0,5,Reg,0,20,65.0,30.85894600589856,48130.0,6.415,2.6,2006,9,Q3,1Fam,1
144959.835250915,1310,1,2.5,7,2.0,1310.0,9,4538,5,0,545.0,1004.0,306.0,1310,2001.0,277,45,179.0,5,IR1,0,120,68.0,27.363846269205577,50140.0,6.37,3.6,2008,7,Q3,TwnhsE,0
168500.0,1350,3,2.5,44,2.0,1248.0,6,9020,6,0,520.0,624.0,288.0,1350,1964.0,176,0,259.0,5,Reg,0,80,82.0,27.363846269205577,50140.0,6.37,3.7,2008,6,Q2,1Fam,0
230000.0,1654,3,3.0,4,3.0,1654.0,7,8125,6,0,900.0,986.0,668.0,1654,2002.0,0,136,295.0,5,Reg,0,20,68.0,30.85894600589856,48130.0,6.25,3.0,2006,2,Q1,1Fam,0
159000.0,1734,3,1.5,44,2.0,912.0,6,9786,7,649,440.0,600.0,312.0,1085,1962.0,0,0,0.0,7,IR1,128,50,77.0,30.85894600589856,48130.0,6.67,3.1,2006,6,Q2,1Fam,1
164682.185899437,1350,2,2.5,67,3.0,576.0,5,8375,6,486,627.0,336.0,240.0,864,1973.0,0,0,0.0,7,Reg,0,50,63.0,27.363846269205577,50140.0,6.37,3.7,2008,6,Q2,1Fam,1
157000.0,1336,2,2.0,53,1.0,1165.0,5,15750,5,0,375.0,841.0,324.0,1336,1953.0,0,0,56.0,5,Reg,0,190,90.0,30.85894600589856,48130.0,6.67,3.1,2006,6,Q2,2fmCon,0
182760.651095509,1120,3,1.5,43,2.0,864.0,5,10710,5,0,656.0,644.0,220.0,1120,1966.0,0,162,165.0,7,Reg,0,20,68.0,26.11993393300743,50720.0,5.2,5.6,2009,7,Q3,1Fam,1
175559.920735795,1342,3,3.5,6,2.0,698.0,7,8174,7,644,393.0,494.0,204.0,698,2003.0,100,56,0.0,5,IR1,0,60,68.0,26.11993393300743,50720.0,4.85,5.0,2009,5,Q2,1Fam,0
317000.0,2473,4,2.5,3,3.0,1143.0,8,9591,9,1330,852.0,0.0,1143.0,1143,2004.0,192,151,344.0,5,Reg,0,60,76.0,29.102296283256685,48910.0,6.385,2.6,2007,10,Q4,1Fam,1
199437.232798284,2373,4,2.5,2,3.0,1052.0,8,11631,9,1321,632.0,0.0,1052.0,1052,2004.0,120,46,236.0,5,IR1,0,60,96.0,30.85894600589856,48130.0,6.67,3.1,2006,6,Q2,1Fam,1
122900.0,924,3,1.0,58,2.0,672.0,5,8064,6,252,576.0,0.0,672.0,672,2003.0,0,0,0.0,7,Reg,0,50,60.0,29.102296283256685,48910.0,6.710000000000001,3.0,2007,7,Q3,1Fam,1
177030.477842021,1340,3,2.0,61,1.0,780.0,6,6430,6,524,440.0,780.0,0.0,816,1945.0,0,0,0.0,6,Reg,0,190,58.0,30.85894600589856,48130.0,6.765000000000001,2.8,2006,7,Q3,2fmCon,1
163399.983345859,1092,3,1.5,38,1.0,546.0,4,1890,5,546,286.0,294.0,252.0,546,1972.0,0,0,0.0,6,Reg,0,160,21.0,25.221608273812684,49020.0,4.734999999999999,5.0,2010,6,Q2,TwnhsE,0
148000.0,1194,3,2.0,51,1.0,1194.0,6,8760,6,0,312.0,0.0,1194.0,1194,1959.0,0,0,220.0,6,Reg,0,20,73.0,25.221608273812684,49020.0,5.07,4.3,2010,4,Q2,1Fam,0
289000.0,1801,1,3.0,51,2.0,1501.0,7,15602,6,0,484.0,1247.0,254.0,1801,1959.0,0,54,0.0,8,IR1,161,20,100.0,25.221608273812684,49020.0,4.965,5.2,2010,3,Q1,1Fam,1
115000.0,1005,2,1.0,54,2.0,1005.0,4,10434,5,0,672.0,0.0,1005.0,1005,1977.0,0,0,0.0,5,Reg,0,20,60.0,26.11993393300743,50720.0,4.87,4.6,2009,11,Q4,1Fam,0
151000.0,1054,3,2.5,39,2.0,1054.0,6,9750,6,0,460.0,602.0,14.0,1054,1969.0,180,0,0.0,8,Reg,80,20,65.0,27.363846269205577,50140.0,6.37,3.6,2008,7,Q3,1Fam,0
176866.557227858,1173,3,2.0,106,1.0,592.0,5,5680,7,240,240.0,0.0,592.0,933,1920.0,0,25,0.0,4,Reg,0,45,40.0,29.102296283256685,48910.0,6.38,2.8,2007,9,Q3,1Fam,1
183367.953769362,1753,3,3.5,9,2.0,853.0,7,12352,7,900,534.0,638.0,215.0,853,1998.0,0,74,290.0,5,IR2,0,60,43.0,29.102296283256685,48910.0,6.16,2.9,2007,3,Q1,1Fam,1
181000.0,1504,1,2.0,4,2.0,1346.0,7,3182,7,0,457.0,16.0,1330.0,1504,2005.0,156,0,16.0,5,Reg,0,120,43.0,26.11993393300743,50720.0,4.85,5.0,2009,5,Q2,TwnhsE,1
153500.0,1559,2,2.0,59,2.0,1559.0,5,8100,5,0,812.0,338.0,1221.0,1559,1948.0,0,116,0.0,6,Reg,0,30,90.0,29.102296283256685,48910.0,6.68,3.4,2007,6,Q2,1Fam,1
174388.867432503,1672,3,1.5,68,1.0,981.0,6,6000,6,658,240.0,521.0,460.0,1014,1940.0,0,11,0.0,7,Reg,0,50,50.0,27.363846269205577,50140.0,6.37,3.6,2008,7,Q3,1Fam,1
219500.0,1928,4,2.5,4,2.0,847.0,7,8200,8,1081,434.0,0.0,847.0,847,2003.0,100,48,0.0,5,Reg,0,60,65.0,29.102296283256685,48910.0,6.710000000000001,3.0,2007,7,Q3,1Fam,1
162011.698831665,1341,2,2.5,20,2.0,1300.0,7,10176,5,0,506.0,637.0,663.0,1341,1990.0,192,0,0.0,5,Reg,0,20,85.0,25.221608273812684,49020.0,4.99,5.3,2010,2,Q1,1Fam,0
160206.365612859,1014,2,1.0,52,1.0,0.0,5,7785,6,0,267.0,0.0,0.0,1014,1956.0,0,0,0.0,5,IR1,200,20,74.0,27.363846269205577,50140.0,5.95,3.0,2008,3,Q1,1Fam,0
179176.352180931,1453,3,3.0,48,2.0,1453.0,6,10573,6,0,530.0,1312.0,141.0,1453,1961.0,0,49,3.0,6,IR1,288,20,92.0,26.11993393300743,50720.0,4.8,4.9,2009,4,Q2,1Fam,0
189579.65066771,1951,4,2.0,106,2.0,938.0,4,7745,9,867,576.0,0.0,938.0,1084,1993.0,0,6,0.0,6,Reg,0,190,56.0,30.85894600589856,48130.0,6.51,2.4,2006,4,Q2,2fmCon,1
178750.613844623,1873,3,3.5,19,2.0,929.0,7,8883,7,927,619.0,608.0,0.0,946,1988.0,108,48,360.0,5,IR1,144,60,68.0,29.102296283256685,48910.0,6.21,2.8,2007,5,Q2,1Fam,0
162000.0,1320,3,2.5,4,2.0,660.0,7,7750,6,660,400.0,0.0,660.0,660,2003.0,0,48,0.0,5,Reg,0,60,68.0,29.102296283256685,48910.0,6.59,3.0,2007,8,Q3,1Fam,0
128950.0,1225,3,2.5,51,0.0,950.0,4,9320,6,0,0.0,569.0,381.0,1225,1979.0,352,0,0.0,5,IR1,0,20,77.0,25.221608273812684,49020.0,5.025,5.5,2010,1,Q1,1Fam,0
176761.317654248,1444,3,2.5,4,2.0,384.0,5,9802,7,700,400.0,0.0,384.0,744,2007.0,100,0,0.0,5,Reg,0,60,73.0,25.221608273812684,49020.0,5.07,4.3,2010,4,Q2,1Fam,1
248900.0,1646,3,2.0,1,3.0,1638.0,8,10656,6,0,870.0,0.0,1638.0,1646,2007.0,192,80,274.0,5,IR1,0,20,67.0,29.102296283256685,48910.0,6.24,2.6,2007,11,Q4,1Fam,1
154300.0,2274,5,2.0,50,2.0,1105.0,5,11600,12,1169,480.0,443.0,662.0,1105,1960.0,0,0,361.0,5,Reg,0,90,80.0,25.221608273812684,49020.0,5.025,5.5,2010,1,Q1,Duplex,0
132500.0,1190,3,2.0,44,2.0,1106.0,5,7728,6,0,540.0,803.0,303.0,1190,1962.0,0,18,120.0,6,Reg,0,90,70.0,30.85894600589856,48130.0,6.595,2.4,2006,5,Q2,Duplex,0
200624.0,2515,4,4.0,50,2.0,2035.0,6,32668,9,0,484.0,1219.0,816.0,2515,1975.0,0,0,0.0,3,IR1,0,20,68.0,29.102296283256685,48910.0,6.16,2.9,2007,3,Q1,1Fam,1
60000.0,800,1,1.0,73,0.0,264.0,2,6120,4,0,0.0,0.0,264.0,800,1979.0,0,0,0.0,3,Reg,0,30,51.0,26.11993393300743,50720.0,5.055,5.0,2009,1,Q1,1Fam,1
475000.0,3608,4,2.5,114,3.0,1107.0,10,22950,12,1518,840.0,0.0,1107.0,1518,1993.0,0,260,0.0,9,IR2,410,75,90.0,30.85894600589856,48130.0,6.67,3.1,2006,6,Q2,1Fam,1
178556.671573788,1442,3,2.5,2,2.0,352.0,5,9802,6,730,400.0,0.0,352.0,712,2007.0,100,0,0.0,5,Reg,0,80,73.0,27.363846269205577,50140.0,5.88,2.7,2008,4,Q2,1Fam,1
187904.461286262,1177,3,2.0,23,2.0,1153.0,6,11850,6,0,495.0,781.0,372.0,1177,1984.0,204,103,98.0,6,Reg,0,20,79.0,29.102296283256685,48910.0,6.59,3.0,2007,8,Q3,1Fam,0
117500.0,925,2,1.5,44,1.0,925.0,5,9100,5,0,429.0,338.0,121.0,925,1965.0,0,0,0.0,6,Reg,0,20,70.0,26.11993393300743,50720.0,5.2,5.6,2009,7,Q3,1Fam,0
278000.0,1659,2,3.0,9,2.0,1501.0,8,5664,5,0,499.0,1158.0,343.0,1659,2000.0,212,59,0.0,5,IR1,0,120,40.0,26.11993393300743,50720.0,4.94,4.4,2009,10,Q4,TwnhsE,0
189547.199876284,1612,3,2.5,0,3.0,796.0,7,12018,6,816,666.0,0.0,796.0,796,2008.0,0,64,60.0,5,IR1,0,60,81.0,27.363846269205577,50140.0,6.1,2.9,2008,10,Q4,1Fam,0
290000.0,2526,4,3.5,12,3.0,1165.0,8,10120,8,1323,844.0,740.0,425.0,1203,1994.0,309,78,391.0,5,Reg,0,60,92.0,30.85894600589856,48130.0,6.125,2.5,2006,12,Q4,1Fam,0
159505.170529478,1290,2,3.0,2,2.0,1282.0,7,6762,6,0,662.0,902.0,380.0,1290,2007.0,168,0,0.0,5,Reg,0,20,64.0,26.11993393300743,50720.0,4.85,5.0,2009,5,Q2,1Fam,0
225000.0,2008,3,4.0,58,1.0,896.0,5,7800,8,896,230.0,603.0,293.0,1112,1948.0,103,0,0.0,8,Reg,0,20,78.0,30.85894600589856,48130.0,6.52,2.6,2006,8,Q3,1Fam,1
171750.0,1405,2,2.0,3,2.0,1405.0,7,3136,6,0,478.0,0.0,1405.0,1405,2003.0,148,36,163.0,5,IR1,0,120,68.0,30.85894600589856,48130.0,6.34,2.7,2006,3,Q1,TwnhsE,0
372402.0,1710,2,3.0,1,3.0,1710.0,8,13891,6,0,866.0,1400.0,310.0,1710,2007.0,0,102,436.0,5,Reg,0,20,107.0,27.363846269205577,50140.0,5.69,3.3,2008,1,Q1,1Fam,1
168991.29635758,1594,2,2.0,14,2.0,1594.0,7,9547,6,0,472.0,0.0,1594.0,1594,1993.0,190,80,112.0,6,Reg,0,20,80.0,29.102296283256685,48910.0,6.710000000000001,3.0,2007,7,Q3,1Fam,0
191215.589752983,1902,4,2.0,85,2.0,1100.0,5,6120,7,676,576.0,203.0,897.0,1226,1960.0,0,139,0.0,5,Reg,0,70,51.0,27.363846269205577,50140.0,6.1,2.9,2008,10,Q4,1Fam,1
187500.0,1146,3,3.0,4,2.0,868.0,7,9590,6,0,438.0,786.0,82.0,1146,2003.0,160,22,442.0,5,IR1,0,80,73.0,29.102296283256685,48910.0,6.21,2.8,2007,5,Q2,1Fam,0
167735.39270528,1251,3,1.0,72,1.0,827.0,6,6900,6,424,240.0,0.0,827.0,827,1938.0,0,0,0.0,7,Reg,0,45,50.0,25.221608273812684,49020.0,5.025,5.5,2010,1,Q1,1Fam,1
168095.583738538,1030,3,1.5,34,1.0,494.0,6,1890,6,536,264.0,282.0,212.0,494,1973.0,0,0,380.0,7,Reg,0,160,21.0,30.85894600589856,48130.0,6.765000000000001,2.8,2006,7,Q3,Twnhs,0
181732.443415757,2091,3,3.5,1,2.0,1606.0,9,9942,8,466,521.0,1290.0,316.0,1625,2005.0,194,84,385.0,5,IR1,0,60,82.0,30.85894600589856,48130.0,6.595,2.4,2006,5,Q2,1Fam,1
129900.0,1060,3,2.0,31,2.0,1040.0,5,4224,6,0,572.0,840.0,200.0,1060,1976.0,100,110,0.0,7,Reg,0,120,44.0,29.102296283256685,48910.0,6.68,3.4,2007,6,Q2,TwnhsE,0
155134.227842592,1068,2,2.0,87,1.0,1124.0,6,6120,5,0,288.0,960.0,164.0,1068,1923.0,0,0,0.0,5,Reg,0,30,51.0,25.221608273812684,49020.0,4.965,5.2,2010,3,Q1,1Fam,1
254900.0,1947,3,2.5,6,2.0,991.0,7,12552,8,956,678.0,222.0,769.0,991,2004.0,0,136,0.0,5,Reg,0,60,100.0,25.221608273812684,49020.0,4.885,4.3,2010,5,Q2,1Fam,1
131500.0,1039,3,2.5,45,2.0,1039.0,5,11625,6,0,504.0,841.0,198.0,1039,1965.0,0,0,0.0,4,Reg,0,190,75.0,25.221608273812684,49020.0,5.07,4.3,2010,4,Q2,2fmCon,0
180000.0,1509,3,2.5,3,2.0,783.0,7,7875,8,702,393.0,0.0,783.0,807,2003.0,0,75,0.0,5,Reg,0,60,63.0,30.85894600589856,48130.0,6.765000000000001,2.8,2006,7,Q3,1Fam,0
183269.159407668,1051,3,2.0,38,2.0,1051.0,5,9600,6,0,504.0,758.0,293.0,1051,1968.0,0,0,0.0,5,Reg,0,20,80.0,30.85894600589856,48130.0,6.765000000000001,2.8,2006,7,Q3,1Fam,0
160031.711281258,1152,2,2.0,53,0.0,0.0,4,6012,6,0,0.0,0.0,0.0,1152,1979.0,0,0,0.0,5,Reg,0,90,65.0,27.363846269205577,50140.0,6.37,3.7,2008,6,Q2,Duplex,0
210000.0,1908,4,3.5,14,2.0,915.0,7,8750,8,975,493.0,642.0,273.0,933,1994.0,144,133,0.0,5,Reg,0,60,70.0,27.363846269205577,50140.0,6.37,3.6,2008,7,Q3,1Fam,1
188374.936650438,1176,2,2.0,37,1.0,1176.0,5,16133,5,0,360.0,847.0,329.0,1176,1969.0,0,92,0.0,4,Reg,112,20,73.0,30.85894600589856,48130.0,6.125,2.5,2006,12,Q4,1Fam,0
164677.676391525,1091,2,1.5,16,1.0,384.0,6,7706,5,0,429.0,114.0,0.0,1091,1993.0,280,0,0.0,5,Reg,0,80,62.0,26.11993393300743,50720.0,5.18,5.6,2009,8,Q3,1Fam,1
193000.0,1617,2,3.0,15,2.0,1604.0,6,8012,5,0,533.0,165.0,598.0,1617,1993.0,0,69,0.0,5,Reg,0,120,50.0,27.363846269205577,50140.0,6.37,3.6,2008,7,Q3,TwnhsE,1
178751.551083369,729,2,1.0,61,0.0,0.0,3,12366,5,0,0.0,0.0,0.0,729,1979.0,0,0,0.0,5,Reg,0,30,69.0,30.85894600589856,48130.0,6.365,2.4,2006,10,Q4,1Fam,1
156286.534303521,1557,2,3.0,9,2.0,1557.0,9,4109,5,0,484.0,1141.0,416.0,1557,1999.0,124,113,260.0,5,IR1,0,120,35.0,27.363846269205577,50140.0,6.37,3.7,2008,6,Q2,TwnhsE,1
132000.0,972,2,2.0,61,1.0,972.0,6,8000,5,0,240.0,680.0,292.0,972,1948.0,0,0,0.0,6,Reg,0,20,50.0,26.11993393300743,50720.0,4.85,5.0,2009,5,Q2,1Fam,1
125000.0,825,2,2.0,53,2.0,825.0,5,8235,4,0,720.0,180.0,0.0,825,1963.0,140,50,0.0,7,IR1,0,20,49.0,27.363846269205577,50140.0,6.37,3.7,2008,6,Q2,1Fam,1
166558.113328453,1288,3,2.0,92,1.0,624.0,6,3600,5,624,280.0,0.0,624.0,664,1917.0,0,103,0.0,7,Reg,0,70,60.0,26.11993393300743,50720.0,4.85,5.0,2009,5,Q2,1Fam,1
189000.0,2601,4,3.5,87,2.0,612.0,5,9842,8,1611,621.0,0.0,612.0,990,1998.0,183,0,0.0,6,Reg,0,70,51.0,27.363846269205577,50140.0,6.05,3.0,2008,5,Q2,1Fam,1
225000.0,2243,4,3.5,17,3.0,700.0,7,13474,8,1121,746.0,700.0,0.0,1122,1990.0,127,44,246.0,5,Reg,0,60,116.0,29.102296283256685,48910.0,6.68,3.4,2007,6,Q2,1Fam,1
88000.0,858,3,1.0,35,0.0,858.0,4,8125,5,0,0.0,614.0,244.0,858,1979.0,0,0,0.0,4,IR1,0,20,68.0,30.85894600589856,48130.0,6.67,3.1,2006,6,Q2,1Fam,0
141500.0,1539,3,1.5,73,2.0,927.0,5,6120,5,472,576.0,0.0,927.0,1067,1995.0,112,0,0.0,6,Reg,0,50,51.0,26.11993393300743,50720.0,4.8,4.9,2009,4,Q2,1Fam,1
82500.0,861,1,1.0,69,2.0,861.0,4,12342,4,0,539.0,262.0,599.0,861,1961.0,158,0,0.0,5,IR1,0,30,68.0,26.11993393300743,50720.0,5.005000000000001,5.2,2009,3,Q1,1Fam,1
203074.34678979,2389,4,2.5,0,3.0,1054.0,8,10672,10,1335,672.0,0.0,1054.0,1054,2006.0,176,64,0.0,5,IR1,0,60,82.0,30.85894600589856,48130.0,6.24,2.4,2006,11,Q4,1Fam,0
98000.0,1529,4,2.0,64,1.0,0.0,4,8405,9,441,240.0,0.0,0.0,1088,1945.0,92,0,0.0,3,Reg,0,50,50.0,26.11993393300743,50720.0,4.8,4.9,2009,4,Q2,1Fam,1
189698.740693148,2253,3,2.5,1,2.0,1209.0,8,12867,8,1044,575.0,0.0,1209.0,1209,2005.0,243,142,0.0,5,IR1,0,60,103.0,30.85894600589856,48130.0,6.765000000000001,2.8,2006,7,Q3,1Fam,1
131000.0,902,2,2.0,23,2.0,864.0,5,8885,5,0,484.0,301.0,239.0,902,1983.0,164,0,0.0,5,IR1,0,20,68.0,30.85894600589856,48130.0,6.67,3.1,2006,6,Q2,1Fam,0
179082.825442944,1868,2,3.0,1,3.0,1868.0,9,14780,7,0,1085.0,1505.0,363.0,1868,2005.0,354,56,568.0,5,IR1,156,20,120.0,30.85894600589856,48130.0,6.67,3.1,2006,6,Q2,1Fam,0
181520.466841293,1746,3,3.5,1,3.0,698.0,6,9729,6,1048,350.0,0.0,698.0,698,2007.0,0,34,0.0,5,IR1,0,60,63.0,29.102296283256685,48910.0,6.68,3.4,2007,6,Q2,1Fam,1
176000.0,1456,3,2.5,3,2.0,728.0,6,8029,8,728,400.0,0.0,728.0,728,2005.0,100,24,0.0,5,IR1,0,60,51.0,27.363846269205577,50140.0,6.37,3.6,2008,7,Q3,1Fam,0
184733.12846644,1534,3,1.5,112,0.0,736.0,5,10800,6,783,0.0,0.0,736.0,751,1979.0,0,112,0.0,9,Reg,0,70,60.0,29.102296283256685,48910.0,6.710000000000001,3.0,2007,7,Q3,1Fam,1
135000.0,1192,4,1.5,57,0.0,720.0,4,10800,6,472,0.0,0.0,720.0,720,1979.0,0,0,0.0,4,Reg,0,50,60.0,30.85894600589856,48130.0,6.125,2.5,2006,12,Q4,1Fam,1
279500.0,1494,3,2.0,1,3.0,1494.0,7,10652,7,0,840.0,0.0,1494.0,1494,2006.0,160,33,306.0,5,IR1,0,20,91.0,29.102296283256685,48910.0,6.59,3.0,2007,8,Q3,1Fam,1
133000.0,1268,3,1.0,60,1.0,832.0,5,12144,6,0,288.0,375.0,457.0,1036,1949.0,0,28,0.0,7,Reg,0,40,60.0,26.11993393300743,50720.0,5.055,4.7,2009,9,Q3,1Fam,1
159950.0,1086,3,2.0,40,2.0,1024.0,5,13400,6,0,484.0,516.0,380.0,1086,1966.0,0,0,1047.0,5,Reg,0,80,85.0,30.85894600589856,48130.0,6.67,3.1,2006,6,Q2,1Fam,0
96500.0,789,2,1.0,81,1.0,768.0,5,10594,5,0,200.0,0.0,768.0,789,1926.0,0,0,0.0,5,Reg,0,45,55.0,29.102296283256685,48910.0,6.68,3.4,2007,6,Q2,1Fam,1
184901.735847457,1792,3,2.5,0,2.0,896.0,8,8640,8,896,590.0,350.0,546.0,896,2007.0,184,96,0.0,5,Reg,0,60,72.0,29.102296283256685,48910.0,6.24,2.6,2007,11,Q4,1Fam,0
339750.0,2078,3,3.5,1,3.0,1034.0,8,10800,8,1028,836.0,789.0,245.0,1050,2008.0,0,102,100.0,5,Reg,0,60,85.0,27.363846269205577,50140.0,5.88,2.7,2008,4,Q2,1Fam,1
185750.0,1489,3,2.0,41,2.0,1489.0,6,9156,7,0,462.0,0.0,1489.0,1489,1968.0,0,0,0.0,7,IR1,0,20,68.0,26.11993393300743,50720.0,5.18,5.6,2009,8,Q3,1Fam,0
182138.358533039,1204,3,1.0,54,1.0,416.0,4,7692,6,0,312.0,0.0,416.0,1204,1954.0,0,0,0.0,6,Reg,0,80,62.0,27.363846269205577,50140.0,6.09,3.1,2008,11,Q4,1Fam,0
139000.0,1824,4,3.0,39,0.0,912.0,6,9400,8,912,0.0,0.0,912.0,912,1979.0,128,0,0.0,5,Reg,0,90,94.0,25.221608273812684,49020.0,5.07,4.3,2010,4,Q2,Duplex,0
218200.642127877,1949,6,2.0,29,2.0,1949.0,5,8235,10,0,586.0,483.0,1466.0,1949,1977.0,32,0,99.0,4,Reg,0,90,75.0,30.85894600589856,48130.0,6.595,2.4,2006,5,Q2,Duplex,0
128900.0,1050,2,1.0,53,1.0,1050.0,5,9600,5,0,338.0,504.0,546.0,1050,1956.0,0,0,0.0,6,Reg,0,20,80.0,26.11993393300743,50720.0,5.4,6.0,2009,6,Q2,1Fam,0
200000.0,2634,6,4.5,40,4.0,1248.0,5,11643,12,1296,968.0,500.0,748.0,1338,1969.0,0,0,368.0,5,Reg,0,90,91.0,26.11993393300743,50720.0,5.18,5.6,2009,8,Q3,Duplex,0
213500.0,1797,3,2.5,1,2.0,939.0,7,9245,8,858,639.0,0.0,939.0,939,2006.0,144,53,0.0,5,IR1,0,60,79.0,29.102296283256685,48910.0,6.17,2.8,2007,4,Q2,1Fam,0
203717.470295797,1630,3,2.0,54,2.0,1073.0,5,22692,6,0,649.0,587.0,486.0,1630,1953.0,0,64,0.0,5,IR1,0,20,68.0,29.102296283256685,48910.0,6.16,2.9,2007,3,Q1,1Fam,0
207271.484957719,1984,5,2.0,98,1.0,1242.0,6,8094,8,742,360.0,196.0,1046.0,1242,1979.0,64,0,0.0,8,Reg,0,60,57.0,27.363846269205577,50140.0,6.01,3.0,2008,9,Q3,2fmCon,1
175500.0,1626,2,2.5,7,2.0,764.0,7,2628,6,862,474.0,0.0,764.0,764,2003.0,0,27,106.0,5,Reg,0,160,36.0,25.221608273812684,49020.0,4.734999999999999,5.0,2010,6,Q2,Twnhs,0
180500.0,1824,3,1.0,88,2.0,764.0,6,13515,8,764,520.0,0.0,764.0,1060,1940.0,0,0,0.0,6,Reg,0,70,60.0,29.102296283256685,48910.0,6.710000000000001,3.0,2007,7,Q3,1Fam,1
255500.0,1717,3,2.0,3,3.0,1709.0,8,11146,7,0,908.0,0.0,1709.0,1717,2006.0,169,39,250.0,5,IR1,0,20,87.0,26.11993393300743,50720.0,5.2,5.6,2009,7,Q3,1Fam,0
179900.0,1552,3,3.5,31,2.0,713.0,6,11475,6,741,434.0,550.0,163.0,811,1975.0,209,208,0.0,6,Reg,0,60,85.0,30.85894600589856,48130.0,6.25,3.0,2006,2,Q1,1Fam,0
127000.0,1355,3,1.5,93,0.0,684.0,6,6882,7,582,0.0,0.0,684.0,773,1979.0,136,0,0.0,7,Reg,0,70,60.0,29.102296283256685,48910.0,6.16,2.9,2007,3,Q1,1Fam,1
184728.870431253,879,3,1.0,32,2.0,864.0,5,9675,5,0,440.0,330.0,102.0,879,1975.0,0,80,0.0,6,Reg,0,20,75.0,29.102296283256685,48910.0,6.38,2.8,2007,9,Q3,1Fam,0
129900.0,1774,2,2.0,77,2.0,952.0,7,6120,8,752,468.0,0.0,952.0,1022,1931.0,90,0,0.0,5,Reg,0,50,51.0,27.363846269205577,50140.0,5.88,2.7,2008,4,Q2,1Fam,1
164305.538020654,1254,2,3.0,1,3.0,1254.0,8,10324,5,0,810.0,872.0,382.0,1254,2008.0,168,92,140.0,5,IR1,0,20,95.0,26.11993393300743,50720.0,5.005000000000001,5.2,2009,3,Q1,1Fam,0
260000.0,2353,4,3.5,29,2.0,845.0,7,13005,10,1200,484.0,692.0,153.0,1153,1983.0,288,195,278.0,7,IR1,0,60,94.0,26.11993393300743,50720.0,5.18,5.6,2009,8,Q3,1Fam,0
109008.0,907,3,1.0,51,1.0,907.0,4,8593,5,0,352.0,288.0,619.0,907,1964.0,0,0,0.0,6,IR1,0,20,77.0,27.363846269205577,50140.0,6.37,3.6,2008,7,Q3,1Fam,0
170774.84018302,1190,2,3.0,2,2.0,1169.0,7,8769,5,0,578.0,709.0,460.0,1190,2005.0,100,41,0.0,5,Reg,0,20,65.0,29.102296283256685,48910.0,6.385,2.6,2007,10,Q4,1Fam,0
250000.0,1992,3,2.5,5,2.0,1053.0,8,9375,9,939,648.0,0.0,1053.0,1053,2003.0,140,45,768.0,5,Reg,0,60,75.0,27.363846269205577,50140.0,6.494999999999999,3.6,2008,8,Q3,1Fam,1
136000.0,1792,4,3.0,35,0.0,896.0,5,9000,8,896,0.0,0.0,896.0,896,1979.0,32,45,0.0,5,Reg,0,90,60.0,26.11993393300743,50720.0,5.055,4.7,2009,9,Q3,Duplex,0
189114.303789324,1020,3,2.5,43,2.0,980.0,5,14149,5,0,528.0,68.0,190.0,1020,1970.0,0,0,50.0,8,IR1,0,80,65.0,29.102296283256685,48910.0,6.21,2.8,2007,5,Q2,1Fam,1
100000.0,1123,3,1.0,68,1.0,732.0,4,6060,4,351,264.0,0.0,732.0,772,1979.0,0,0,0.0,5,Reg,0,50,50.0,29.102296283256685,48910.0,6.68,3.4,2007,6,Q2,1Fam,1
161474.534863641,1362,2,3.0,2,2.0,1362.0,6,6289,6,0,460.0,762.0,600.0,1362,2005.0,192,28,256.0,5,IR1,0,120,41.0,29.102296283256685,48910.0,6.68,3.4,2007,6,Q2,TwnhsE,1
203326.392972343,2104,5,2.0,96,2.0,1226.0,7,6300,9,878,432.0,0.0,1226.0,1226,1910.0,0,341,0.0,6,Reg,0,75,70.0,30.85894600589856,48130.0,6.765000000000001,2.8,2006,7,Q3,1Fam,1
183203.318752456,1491,3,2.0,11,2.0,1491.0,6,7777,7,0,571.0,0.0,1491.0,1491,1996.0,0,35,203.0,5,IR1,0,20,68.0,29.102296283256685,48910.0,6.24,2.6,2007,11,Q4,1Fam,0
180962.868071609,875,3,1.0,35,2.0,385.0,4,7200,5,0,728.0,385.0,0.0,875,1975.0,352,0,0.0,8,Reg,0,20,60.0,29.102296283256685,48910.0,6.385,2.6,2007,10,Q4,1Fam,1
193008.659237315,1779,3,3.5,7,2.0,951.0,7,13426,7,828,586.0,894.0,57.0,951,1999.0,208,107,0.0,5,IR1,0,60,72.0,30.85894600589856,48130.0,6.415,2.6,2006,9,Q3,1Fam,1
176000.0,1458,2,2.5,8,2.0,729.0,6,3230,5,729,440.0,419.0,310.0,729,1999.0,0,32,1129.0,5,Reg,0,160,34.0,29.102296283256685,48910.0,6.68,3.4,2007,6,Q2,TwnhsE,0
189673.295302136,1026,3,2.5,33,1.0,1026.0,5,15240,5,0,308.0,198.0,140.0,1026,1977.0,316,85,0.0,8,IR1,0,20,38.0,25.221608273812684,49020.0,4.734999999999999,5.0,2010,6,Q2,1Fam,1
148356.669440918,1682,1,2.5,11,2.0,1664.0,8,6264,6,0,528.0,656.0,1008.0,1682,1997.0,0,0,0.0,5,IR1,0,120,45.0,27.363846269205577,50140.0,6.37,3.6,2008,7,Q3,1Fam,0
166809.886827197,1174,2,1.0,107,2.0,680.0,5,9000,6,494,576.0,130.0,550.0,680,2000.0,116,26,0.0,8,Reg,0,50,120.0,29.102296283256685,48910.0,6.68,3.4,2007,6,Q2,1Fam,1
182012.405942725,898,3,2.0,38,1.0,833.0,5,8400,6,0,326.0,744.0,89.0,898,1968.0,143,0,0.0,6,Reg,0,85,70.0,30.85894600589856,48130.0,6.52,2.6,2006,8,Q3,1Fam,0
182818.156667308,1414,3,1.0,84,0.0,864.0,4,8248,8,0,0.0,0.0,864.0,964,1979.0,0,0,0.0,4,Reg,0,50,45.0,30.85894600589856,48130.0,6.415,2.6,2006,9,Q3,1Fam,1
194868.409899858,2225,4,3.5,18,3.0,1390.0,8,11134,7,823,713.0,1129.0,261.0,1402,1992.0,198,30,180.0,5,Reg,0,60,88.0,25.221608273812684,49020.0,4.734999999999999,5.0,2010,6,Q2,1Fam,1
183621.508757866,1610,3,2.0,35,2.0,1124.0,7,11358,8,0,515.0,346.0,778.0,1610,1972.0,202,0,0.0,7,IR1,256,20,108.0,29.102296283256685,48910.0,6.21,2.8,2007,5,Q2,1Fam,1
165000.0,1208,3,2.5,29,2.0,1208.0,6,11250,6,0,546.0,767.0,441.0,1208,1977.0,198,42,0.0,6,IR1,0,20,68.0,30.85894600589856,48130.0,6.67,3.1,2006,6,Q2,1Fam,0
135000.0,1656,4,2.0,35,2.0,1656.0,5,9246,8,0,506.0,0.0,1656.0,1656,1973.0,0,211,564.0,5,IR1,0,90,87.0,27.363846269205577,50140.0,6.09,3.1,2008,11,Q4,Duplex,0
161067.859766557,1092,3,2.5,38,0.0,546.0,6,1477,6,546,0.0,358.0,188.0,546,1979.0,187,0,0.0,9,Reg,0,160,21.0,27.363846269205577,50140.0,5.95,3.0,2008,3,Q1,Twnhs,1
451950.0,2296,3,3.5,1,3.0,1722.0,10,13478,10,568,842.0,1338.0,384.0,1728,2008.0,382,274,420.0,5,IR1,0,60,97.0,26.11993393300743,50720.0,5.4,6.0,2009,6,Q2,1Fam,0
213252.926930889,2486,5,4.5,4,2.0,1122.0,7,11800,10,1340,452.0,766.0,356.0,1146,2003.0,143,32,94.0,5,IR1,0,60,68.0,29.102296283256685,48910.0,6.710000000000001,3.0,2007,7,Q3,1Fam,1
268000.0,2217,4,3.0,37,2.0,2217.0,8,15865,8,0,621.0,351.0,1043.0,2217,1970.0,81,207,0.0,6,IR1,224,20,95.0,29.102296283256685,48910.0,6.385,2.6,2007,10,Q4,1Fam,0
198825.563452058,2050,4,2.5,31,2.0,832.0,7,13250,8,896,529.0,0.0,832.0,1154,1978.0,192,192,256.0,6,IR1,0,60,68.0,26.11993393300743,50720.0,4.85,5.0,2009,5,Q2,1Fam,0
104900.0,1738,4,2.0,89,1.0,715.0,4,12513,7,457,368.0,0.0,715.0,1281,1920.0,55,0,0.0,4,IR1,0,50,68.0,26.11993393300743,50720.0,5.4,6.0,2009,6,Q2,1Fam,1
177304.425752748,864,3,2.0,48,2.0,864.0,5,8499,5,0,732.0,660.0,204.0,864,1982.0,0,312,0.0,6,IR1,0,20,68.0,26.11993393300743,50720.0,5.4,6.0,2009,6,Q2,1Fam,0
156000.0,990,3,1.5,11,2.0,990.0,5,13568,5,0,576.0,716.0,274.0,990,1996.0,224,0,0.0,5,IR2,0,20,43.0,30.85894600589856,48130.0,6.765000000000001,2.8,2006,7,Q3,1Fam,0
179503.046546829,1444,3,3.0,7,2.0,1431.0,7,10739,6,0,577.0,1259.0,172.0,1444,2002.0,144,40,68.0,5,IR1,0,20,65.0,26.11993393300743,50720.0,4.8,4.9,2009,4,Q2,1Fam,1
174744.400305232,1392,3,2.0,95,0.0,1212.0,5,9900,6,180,0.0,1026.0,186.0,1212,1979.0,0,0,0.0,4,Reg,0,190,60.0,25.221608273812684,49020.0,4.99,5.3,2010,2,Q1,2fmCon,1
200000.0,1688,4,3.5,11,2.0,616.0,6,12798,8,1072,603.0,462.0,154.0,616,1997.0,403,114,0.0,5,IR1,0,60,79.0,27.363846269205577,50140.0,6.05,3.0,2008,5,Q2,1Fam,0
184361.992258449,1216,3,2.0,52,1.0,1216.0,5,10050,5,0,336.0,288.0,928.0,1216,1955.0,0,0,0.0,5,Reg,0,20,75.0,29.102296283256685,48910.0,6.59,3.0,2007,8,Q3,1Fam,0
136500.0,848,1,2.0,5,2.0,848.0,6,4435,3,0,420.0,686.0,162.0,848,2003.0,140,0,170.0,5,Reg,0,120,37.0,27.363846269205577,50140.0,5.95,3.0,2008,3,Q1,TwnhsE,0
157230.369671007,1049,2,1.0,98,1.0,356.0,4,5150,5,378,195.0,0.0,356.0,671,1910.0,0,0,0.0,7,Reg,0,50,52.0,27.363846269205577,50140.0,6.05,3.0,2008,5,Q2,1Fam,1
161495.5393685,1501,2,3.0,20,2.0,1501.0,7,4054,5,0,512.0,949.0,552.0,1501,1987.0,240,0,352.0,6,IR1,0,120,46.0,29.102296283256685,48910.0,6.385,2.6,2007,10,Q4,TwnhsE,0
183994.54251844,1875,3,3.0,31,2.0,675.0,6,10530,8,766,485.0,548.0,127.0,1109,1975.0,48,28,248.0,6,Reg,0,80,81.0,30.85894600589856,48130.0,6.67,3.1,2006,6,Q2,1Fam,1
139000.0,1632,3,3.0,51,1.0,1240.0,6,9600,6,0,338.0,620.0,0.0,1632,1958.0,289,0,183.0,6,Reg,0,20,80.0,26.11993393300743,50720.0,4.8,4.9,2009,4,Q2,1Fam,1
129500.0,845,2,2.0,25,2.0,845.0,4,7599,4,0,360.0,565.0,280.0,845,1987.0,0,0,0.0,6,Reg,0,20,69.0,29.102296283256685,48910.0,6.68,3.4,2007,6,Q2,1Fam,1
185922.465682076,1760,3,3.0,6,2.0,1760.0,7,12878,8,0,583.0,1262.0,498.0,1760,2003.0,165,190,418.0,5,IR1,0,20,90.0,26.11993393300743,50720.0,5.4,6.0,2009,6,Q2,1Fam,1
252000.0,1953,3,2.5,4,3.0,1082.0,8,10574,9,871,1043.0,0.0,1082.0,1082,2005.0,160,50,0.0,5,Reg,0,60,85.0,26.11993393300743,50720.0,4.85,5.0,2009,5,Q2,1Fam,1
109000.0,1034,2,1.0,67,1.0,735.0,5,10134,5,299,240.0,0.0,735.0,735,1940.0,0,39,0.0,6,Reg,0,50,60.0,29.102296283256685,48910.0,6.710000000000001,3.0,2007,7,Q3,1Fam,1
325000.0,2775,3,3.5,115,2.0,1237.0,10,13500,9,1254,880.0,0.0,1237.0,1521,1988.0,105,502,0.0,9,Reg,0,75,75.0,27.363846269205577,50140.0,6.37,3.6,2008,7,Q3,1Fam,1
177559.628685119,1461,3,1.0,81,1.0,686.0,6,7155,6,775,225.0,0.0,686.0,686,1926.0,0,0,0.0,8,Reg,0,70,53.0,29.102296283256685,48910.0,6.710000000000001,3.0,2007,7,Q3,1Fam,1
158682.460013921,1638,2,3.0,8,2.0,1614.0,9,4765,5,0,495.0,1027.0,587.0,1638,2000.0,230,68,260.0,5,IR1,0,120,68.0,27.363846269205577,50140.0,6.37,3.6,2008,7,Q3,TwnhsE,0
113000.0,1218,3,1.5,34,1.0,672.0,6,1890,7,546,264.0,356.0,316.0,672,1973.0,144,28,285.0,5,Reg,0,160,21.0,29.102296283256685,48910.0,6.21,2.8,2007,5,Q2,Twnhs,0
181613.606696657,1870,3,2.5,8,2.0,944.0,7,11250,6,926,608.0,0.0,944.0,944,2001.0,256,43,0.0,5,Reg,0,60,68.0,26.11993393300743,50720.0,4.85,5.0,2009,5,Q2,1Fam,0
179053.762236101,1356,3,2.5,1,2.0,628.0,7,10616,6,728,484.0,0.0,628.0,628,2007.0,100,24,0.0,5,IR1,0,60,65.0,27.363846269205577,50140.0,5.95,3.0,2008,3,Q1,1Fam,0
183972.071056674,1210,3,3.0,31,2.0,1128.0,6,11080,6,0,528.0,576.0,552.0,1210,1975.0,0,0,257.0,6,Reg,0,80,140.0,30.85894600589856,48130.0,6.595,2.4,2006,5,Q2,1Fam,0
186732.584943041,1492,3,2.5,0,2.0,738.0,7,10237,8,754,440.0,0.0,738.0,738,2006.0,0,32,0.0,5,Reg,0,60,65.0,30.85894600589856,48130.0,6.415,2.6,2006,9,Q3,1Fam,0
162986.378895754,1595,2,2.0,5,3.0,1595.0,8,8987,6,0,880.0,0.0,1595.0,1595,2005.0,144,0,226.0,5,Reg,0,20,73.0,25.221608273812684,49020.0,4.885,4.3,2010,5,Q2,1Fam,1
181715.622732304,1608,3,2.5,12,2.0,945.0,6,10179,7,663,470.0,847.0,98.0,945,1997.0,252,30,0.0,5,IR1,0,60,88.0,26.11993393300743,50720.0,5.2,5.6,2009,7,Q3,1Fam,0
180500.0,1442,3,2.0,19,2.0,1424.0,7,11851,5,0,500.0,0.0,1424.0,1442,1990.0,0,34,0.0,5,Reg,0,20,99.0,26.11993393300743,50720.0,4.85,5.0,2009,5,Q2,1Fam,0
131400.0,1144,3,2.0,48,1.0,864.0,5,10000,6,0,264.0,594.0,270.0,1144,1961.0,165,0,0.0,6,Reg,0,20,80.0,26.11993393300743,50720.0,5.005000000000001,5.2,2009,3,Q1,1Fam,1
223000.0,1844,3,3.0,37,2.0,1844.0,6,16381,7,0,540.0,1110.0,734.0,1844,1969.0,0,73,312.0,5,IR1,0,20,68.0,30.85894600589856,48130.0,6.125,2.5,2006,12,Q4,1Fam,0
132000.0,928,2,1.0,51,1.0,928.0,5,13300,4,0,252.0,377.0,551.0,928,1956.0,261,0,0.0,7,Reg,0,20,70.0,29.102296283256685,48910.0,6.68,3.4,2007,6,Q2,1Fam,1
179196.465024103,1050,3,2.0,52,1.0,1050.0,6,8092,6,0,286.0,824.0,226.0,1050,1954.0,0,0,176.0,8,Reg,0,20,70.0,30.85894600589856,48130.0,6.67,3.1,2006,6,Q2,1Fam,1
611657.0,2364,2,3.5,1,3.0,2330.0,9,12919,11,0,820.0,2188.0,142.0,2364,2009.0,0,67,760.0,5,IR1,0,20,100.0,25.221608273812684,49020.0,4.965,5.2,2010,3,Q1,1Fam,1
340000.0,2466,4,3.0,3,2.0,1580.0,8,11143,8,886,610.0,0.0,1580.0,1580,2004.0,159,214,0.0,5,IR1,0,60,102.0,29.102296283256685,48910.0,6.125,3.0,2007,12,Q4,1Fam,1
183050.846258475,1344,3,2.0,11,2.0,1344.0,5,11875,7,0,686.0,0.0,1344.0,1344,2001.0,328,0,0.0,5,Reg,0,20,68.0,25.221608273812684,49020.0,4.734999999999999,5.0,2010,6,Q2,1Fam,0
165643.341167808,796,2,1.5,36,0.0,796.0,5,6723,5,0,0.0,796.0,0.0,796,1979.0,129,0,0.0,7,Reg,0,85,50.0,29.102296283256685,48910.0,6.38,2.8,2007,9,Q3,1Fam,0
169355.202465146,1560,2,1.0,53,1.0,1150.0,5,11767,7,0,313.0,546.0,604.0,1560,1956.0,0,0,259.0,5,Reg,0,20,70.0,26.11993393300743,50720.0,4.85,5.0,2009,5,Q2,1Fam,0
81000.0,1184,5,1.0,96,0.0,658.0,5,8410,8,526,0.0,0.0,658.0,658,1979.0,0,151,0.0,3,Reg,0,50,58.0,30.85894600589856,48130.0,6.595,2.4,2006,5,Q2,1Fam,1
104000.0,2229,5,1.0,97,0.0,755.0,6,5520,8,929,0.0,0.0,755.0,929,1979.0,0,198,0.0,6,Reg,0,75,92.0,26.11993393300743,50720.0,5.2,5.6,2009,7,Q3,1Fam,1
176485.0,1302,3,2.0,0,2.0,1302.0,7,8993,6,0,436.0,0.0,1302.0,1302,2007.0,0,22,0.0,5,IR1,0,20,73.0,29.102296283256685,48910.0,6.59,3.0,2007,8,Q3,1Fam,0
185900.0,1582,3,2.5,4,2.0,770.0,7,8320,6,812,520.0,490.0,280.0,770,2004.0,0,45,0.0,5,Reg,0,60,64.0,27.363846269205577,50140.0,6.01,3.0,2008,9,Q3,1Fam,0
234000.0,2080,3,1.5,83,1.0,1276.0,7,10918,9,804,282.0,0.0,1276.0,1276,1926.0,0,0,0.0,9,Reg,145,70,53.0,26.11993393300743,50720.0,5.4,6.0,2009,6,Q2,1Fam,1
185724.838807268,1561,3,3.0,49,2.0,1561.0,6,13339,6,0,463.0,65.0,621.0,1561,1960.0,0,148,132.0,6,IR1,120,20,90.0,26.11993393300743,50720.0,4.85,5.0,2009,5,Q2,1Fam,0
175000.0,1412,3,3.0,21,2.0,1392.0,6,11457,6,0,576.0,1005.0,387.0,1412,1988.0,0,0,0.0,5,IR1,0,20,130.0,26.11993393300743,50720.0,5.005000000000001,5.2,2009,3,Q1,1Fam,0
160000.0,1251,3,2.0,42,1.0,1251.0,6,8800,6,0,461.0,553.0,698.0,1251,1964.0,0,116,425.0,6,Reg,0,20,80.0,30.85894600589856,48130.0,6.34,2.7,2006,3,Q1,1Fam,0
141000.0,1100,3,2.0,48,1.0,1100.0,4,12493,6,0,312.0,419.0,375.0,1100,1960.0,355,0,0.0,5,IR1,0,20,68.0,27.363846269205577,50140.0,5.88,2.7,2008,4,Q2,1Fam,0
133000.0,1578,3,2.0,65,1.0,806.0,6,9490,5,620,240.0,403.0,238.0,958,1941.0,0,0,0.0,7,Reg,0,50,79.0,30.85894600589856,48130.0,6.52,2.6,2006,8,Q3,1Fam,1
178290.666302221,1614,3,2.0,1,2.0,1614.0,7,9316,7,0,576.0,56.0,1558.0,1614,2005.0,100,45,140.0,5,Reg,0,20,78.0,30.85894600589856,48130.0,6.34,2.7,2006,3,Q1,1Fam,0
269790.0,2013,3,3.5,11,2.0,1117.0,7,9920,8,886,455.0,862.0,255.0,1127,1997.0,180,130,0.0,5,IR1,0,60,92.0,29.102296283256685,48910.0,6.68,3.4,2007,6,Q2,1Fam,1
185546.680858653,1492,3,2.5,0,2.0,738.0,7,9073,8,754,440.0,0.0,738.0,738,2006.0,100,32,0.0,5,IR1,0,60,75.0,30.85894600589856,48130.0,6.365,2.4,2006,10,Q4,1Fam,0
95000.0,1699,3,3.0,109,2.0,978.0,3,10615,7,685,420.0,440.0,538.0,1014,1920.0,0,74,0.0,5,IR1,0,190,107.0,26.11993393300743,50720.0,5.18,5.6,2009,8,Q3,2fmCon,1
104900.0,1221,4,2.0,82,1.0,784.0,5,9738,7,272,392.0,392.0,392.0,949,1965.0,0,0,0.0,7,Reg,0,50,60.0,30.85894600589856,48130.0,6.34,2.7,2006,3,Q1,1Fam,1
183313.601249761,1146,3,1.5,43,1.0,1083.0,6,10184,6,0,294.0,580.0,503.0,1146,1963.0,345,75,379.0,5,Reg,0,80,83.0,30.85894600589856,48130.0,6.67,3.1,2006,6,Q2,1Fam,0
144000.0,848,1,2.0,6,2.0,848.0,6,4435,4,0,420.0,685.0,163.0,848,2003.0,140,0,170.0,5,Reg,0,120,68.0,26.11993393300743,50720.0,5.4,6.0,2009,6,Q2,TwnhsE,1
126500.0,1065,3,1.5,47,2.0,1065.0,5,8892,6,0,461.0,0.0,1065.0,1065,1974.0,74,0,66.0,5,IR1,0,20,80.0,29.102296283256685,48910.0,6.710000000000001,3.0,2007,7,Q3,1Fam,0
145708.764336107,1302,1,2.5,2,2.0,1302.0,6,3901,5,0,631.0,866.0,436.0,1302,2005.0,110,50,182.0,5,Reg,0,120,34.0,29.102296283256685,48910.0,6.59,3.0,2007,8,Q3,Twnhs,1
191284.655779772,1766,3,3.5,0,3.0,1751.0,9,11778,8,0,874.0,1153.0,598.0,1766,2008.0,216,36,402.0,5,Reg,0,20,91.0,27.363846269205577,50140.0,5.19,3.8,2008,12,Q4,1Fam,0
325300.0,2376,4,3.5,1,3.0,1158.0,8,14215,9,1218,853.0,0.0,1158.0,1158,2005.0,240,154,380.0,5,IR1,0,60,101.0,30.85894600589856,48130.0,6.24,2.4,2006,11,Q4,1Fam,1
202916.221653487,2340,4,3.5,12,3.0,1236.0,8,14311,9,1104,787.0,1023.0,213.0,1236,1996.0,192,180,402.0,5,IR1,0,60,68.0,27.363846269205577,50140.0,6.37,3.7,2008,6,Q2,1Fam,0
182333.472575006,1884,4,1.5,103,0.0,707.0,4,6449,7,942,0.0,73.0,634.0,942,1979.0,0,0,0.0,1,IR1,0,70,68.0,25.221608273812684,49020.0,4.965,5.2,2010,3,Q1,1Fam,1
169071.62025834,1328,3,1.5,59,1.0,768.0,5,6000,6,560,308.0,384.0,384.0,768,1950.0,0,12,0.0,7,Reg,0,50,50.0,26.11993393300743,50720.0,5.005000000000001,5.2,2009,3,Q1,1Fam,1
184516.716597846,1671,3,2.5,11,2.0,781.0,6,13041,7,890,423.0,0.0,781.0,781,1995.0,0,84,0.0,5,IR2,0,60,68.0,30.85894600589856,48130.0,6.25,3.0,2006,2,Q1,1Fam,0
181627.061006609,1447,3,1.0,99,0.0,801.0,5,10134,6,646,0.0,0.0,801.0,801,1979.0,80,0,0.0,5,Reg,0,50,56.0,26.11993393300743,50720.0,5.2,5.6,2009,7,Q3,1Fam,1
182000.0,1428,3,2.0,1,2.0,1428.0,7,11639,6,0,480.0,0.0,1428.0,1428,2007.0,0,120,0.0,5,Reg,0,20,95.0,27.363846269205577,50140.0,5.19,3.8,2008,12,Q4,1Fam,1
159851.977738548,1080,2,2.5,3,2.0,530.0,7,4447,4,550,496.0,0.0,530.0,530,2003.0,0,50,0.0,5,IR1,0,160,68.0,30.85894600589856,48130.0,6.765000000000001,2.8,2006,7,Q3,TwnhsE,0
118500.0,2230,5,2.0,94,1.0,795.0,4,6204,10,795,440.0,0.0,795.0,954,1997.0,0,188,0.0,5,Reg,0,75,60.0,30.85894600589856,48130.0,6.34,2.7,2006,3,Q1,1Fam,1
128000.0,1324,3,1.0,73,1.0,672.0,4,6000,6,567,240.0,672.0,0.0,757,1936.0,0,0,0.0,6,Reg,0,50,50.0,26.11993393300743,50720.0,5.2,5.6,2009,7,Q3,1Fam,1
180340.215399228,1515,3,2.5,4,2.0,789.0,6,9024,8,702,393.0,0.0,789.0,813,2004.0,0,75,0.0,5,IR1,0,60,80.0,27.363846269205577,50140.0,6.37,3.6,2008,7,Q3,1Fam,0
174388.867432503,1090,3,1.0,68,1.0,720.0,6,6000,5,330,240.0,0.0,720.0,760,1940.0,0,0,0.0,8,Reg,0,50,60.0,27.363846269205577,50140.0,6.37,3.6,2008,7,Q3,1Fam,1
145000.0,1712,4,2.0,47,2.0,1626.0,5,8393,8,0,588.0,528.0,1098.0,1712,2005.0,272,54,122.0,5,Reg,0,90,70.0,30.85894600589856,48130.0,6.67,3.1,2006,6,Q2,Duplex,1
183083.159775993,1033,3,1.5,32,2.0,456.0,5,12102,6,0,504.0,456.0,0.0,1033,1976.0,224,0,222.0,5,Reg,0,85,64.0,27.363846269205577,50140.0,5.88,2.7,2008,4,Q2,1Fam,0
166115.491248565,922,2,2.0,50,1.0,922.0,5,9770,5,0,308.0,512.0,410.0,922,1957.0,0,34,0.0,5,Reg,0,20,72.0,29.102296283256685,48910.0,6.17,2.8,2007,4,Q2,1Fam,0
137450.0,1608,3,2.5,84,1.0,976.0,6,6171,7,448,216.0,264.0,712.0,1160,1925.0,147,16,0.0,6,Reg,0,50,51.0,26.11993393300743,50720.0,4.94,4.4,2009,10,Q4,1Fam,1
176905.917994834,1344,3,2.5,78,2.0,672.0,7,5700,6,672,456.0,336.0,336.0,672,1979.0,0,0,0.0,6,IR1,0,70,68.0,29.102296283256685,48910.0,6.38,2.8,2007,9,Q3,1Fam,1
239000.0,1571,3,2.0,0,3.0,1571.0,8,10991,7,0,722.0,0.0,1571.0,1571,2007.0,100,36,80.0,5,IR1,0,20,89.0,29.102296283256685,48910.0,6.125,3.0,2007,12,Q4,1Fam,0
176889.171525162,1828,3,2.0,84,2.0,859.0,5,9060,6,886,480.0,548.0,311.0,942,1979.0,174,0,0.0,6,Reg,0,70,50.0,29.102296283256685,48910.0,6.16,2.9,2007,3,Q1,1Fam,1
161000.0,1666,3,1.0,83,1.0,588.0,8,5100,7,833,228.0,0.0,588.0,833,1925.0,192,63,0.0,7,Reg,0,70,68.0,27.363846269205577,50140.0,6.37,3.7,2008,6,Q2,1Fam,1
177818.083761781,1144,3,2.0,53,1.0,1169.0,5,8760,6,0,286.0,856.0,313.0,1144,1956.0,257,0,164.0,7,Reg,0,20,73.0,26.11993393300743,50720.0,5.4,6.0,2009,6,Q2,1Fam,0
136500.0,1768,4,2.0,42,0.0,1768.0,4,10778,8,0,0.0,0.0,1768.0,1768,1979.0,0,0,0.0,5,Reg,0,90,72.0,25.221608273812684,49020.0,5.07,4.3,2010,4,Q2,Duplex,0
187992.451444752,1388,3,3.0,38,2.0,1388.0,6,12000,6,0,522.0,853.0,535.0,1388,1968.0,0,58,0.0,5,Reg,0,20,80.0,30.85894600589856,48130.0,6.765000000000001,2.8,2006,7,Q3,1Fam,0
185850.0,1364,2,3.0,1,2.0,1364.0,7,7052,6,0,484.0,659.0,705.0,1364,2005.0,192,36,240.0,5,IR1,0,120,43.0,30.85894600589856,48130.0,6.67,3.1,2006,6,Q2,TwnhsE,0
255000.0,1636,3,3.0,1,3.0,1623.0,8,13501,8,0,865.0,63.0,1560.0,1636,2006.0,0,60,208.0,5,IR1,0,20,116.0,29.102296283256685,48910.0,6.68,3.4,2007,6,Q2,1Fam,0
179317.47751083,1604,3,2.5,12,2.0,926.0,6,9978,7,678,470.0,602.0,324.0,926,1998.0,360,36,20.0,6,IR1,0,60,78.0,25.221608273812684,49020.0,4.734999999999999,5.0,2010,6,Q2,1Fam,0
182022.387105998,1537,3,3.0,2,3.0,1518.0,8,11563,8,0,788.0,1036.0,482.0,1537,2007.0,0,26,258.0,5,IR1,0,20,74.0,27.363846269205577,50140.0,5.88,2.7,2008,4,Q2,1Fam,1
189228.701486278,2212,3,3.5,1,3.0,1700.0,7,13751,9,512,773.0,60.0,1640.0,1700,2006.0,237,38,248.0,5,IR1,115,60,42.0,30.85894600589856,48130.0,6.595,2.4,2006,5,Q2,1Fam,1
127000.0,1691,3,2.0,86,1.0,1026.0,5,5000,6,665,308.0,218.0,808.0,1026,1924.0,0,0,0.0,6,Reg,0,50,50.0,25.221608273812684,49020.0,4.885,4.3,2010,5,Q2,1Fam,1
198785.059550672,2550,4,2.5,1,3.0,1108.0,8,13440,11,1402,670.0,0.0,1108.0,1148,2006.0,120,39,190.0,5,Reg,0,60,110.0,29.102296283256685,48910.0,6.16,2.9,2007,3,Q1,1Fam,1
138607.971472497,1034,1,2.0,21,2.0,982.0,8,3907,4,0,598.0,747.0,235.0,1034,1989.0,141,36,0.0,6,IR1,0,120,35.0,25.221608273812684,49020.0,5.07,4.3,2010,4,Q2,TwnhsE,0
183072.740591406,2128,4,2.0,87,0.0,1040.0,5,3000,11,1040,0.0,0.0,1040.0,1088,1979.0,0,56,0.0,1,Reg,0,90,50.0,26.11993393300743,50720.0,5.055,4.7,2009,9,Q3,Duplex,1
165000.0,1350,3,2.0,35,2.0,1064.0,6,10140,7,0,478.0,0.0,1064.0,1350,1974.0,0,0,174.0,5,Reg,0,20,78.0,26.11993393300743,50720.0,5.18,5.6,2009,8,Q3,1Fam,0
168557.001935469,846,2,1.0,89,2.0,720.0,5,10800,4,0,576.0,0.0,720.0,846,1980.0,0,0,0.0,7,Reg,0,30,60.0,26.11993393300743,50720.0,5.4,6.0,2009,6,Q2,1Fam,1
227875.0,1761,3,3.0,0,2.0,874.0,7,10207,7,887,578.0,0.0,874.0,874,2007.0,144,105,0.0,6,Reg,0,60,84.0,29.102296283256685,48910.0,6.59,3.0,2007,8,Q3,1Fam,0
185249.261156892,1242,2,1.0,61,1.0,484.0,4,17808,4,0,336.0,0.0,484.0,1242,1946.0,0,0,0.0,5,Reg,0,20,84.0,29.102296283256685,48910.0,6.710000000000001,3.0,2007,7,Q3,1Fam,1
305900.0,2000,3,3.0,3,3.0,2000.0,8,10386,8,0,888.0,1464.0,536.0,2000,2004.0,168,0,246.0,5,Reg,0,20,80.0,29.102296283256685,48910.0,6.710000000000001,3.0,2007,7,Q3,1Fam,1
145000.0,1092,3,2.0,44,2.0,1092.0,6,8250,6,0,504.0,787.0,305.0,1092,1964.0,0,0,260.0,7,Reg,0,20,75.0,27.363846269205577,50140.0,6.37,3.6,2008,7,Q3,1Fam,0
180347.194026928,2048,3,3.5,4,2.0,1054.0,8,8010,8,976,552.0,964.0,90.0,1072,2003.0,0,48,0.0,5,IR1,180,60,68.0,29.102296283256685,48910.0,6.59,3.0,2007,8,Q3,1Fam,1
209270.051606246,2200,4,2.5,15,2.0,812.0,7,14171,9,1099,453.0,355.0,457.0,1101,1993.0,168,98,0.0,5,IR2,0,60,68.0,27.363846269205577,50140.0,5.19,3.8,2008,12,Q4,1Fam,1
164185.777305524,1646,2,3.5,2,2.0,1594.0,8,3842,5,0,525.0,1564.0,30.0,1646,2004.0,128,53,186.0,5,IR1,155,120,44.0,30.85894600589856,48130.0,6.125,2.5,2006,12,Q4,TwnhsE,1
190878.69508543,2495,4,3.5,17,2.0,1280.0,6,10791,9,1215,660.0,1137.0,143.0,1280,1993.0,224,32,0.0,5,Reg,0,60,80.0,25.221608273812684,49020.0,4.965,5.2,2010,3,Q1,1Fam,0
328900.0,1709,2,3.0,9,2.0,1698.0,9,5119,5,0,506.0,1238.0,460.0,1709,1999.0,97,65,60.0,5,IR1,0,120,50.0,27.363846269205577,50140.0,5.69,3.3,2008,1,Q1,TwnhsE,1
170211.043976522,1210,3,1.0,67,1.0,672.0,5,5000,6,378,240.0,600.0,72.0,832,1941.0,0,0,0.0,7,Reg,0,50,50.0,27.363846269205577,50140.0,6.05,3.0,2008,5,Q2,1Fam,1
188444.597319524,1771,3,3.5,11,2.0,864.0,6,13142,6,899,600.0,688.0,176.0,872,1997.0,0,96,128.0,5,IR1,0,60,68.0,27.363846269205577,50140.0,6.37,3.6,2008,7,Q3,1Fam,0
188613.66763056,1675,3,2.0,51,1.0,1422.0,5,15263,8,0,365.0,766.0,656.0,1675,1959.0,0,132,90.0,5,IR1,0,20,100.0,25.221608273812684,49020.0,4.885,4.3,2010,5,Q2,1Fam,0
182477.505046008,1696,3,3.5,5,2.0,835.0,6,10110,7,861,542.0,80.0,200.0,835,2003.0,143,66,0.0,5,Reg,0,60,68.0,27.363846269205577,50140.0,6.37,3.6,2008,7,Q3,1Fam,0
184000.0,1479,4,2.5,35,2.0,725.0,7,7472,7,754,484.0,626.0,99.0,725,1972.0,0,32,138.0,9,IR1,0,60,68.0,29.102296283256685,48910.0,6.68,3.4,2007,6,Q2,1Fam,1
212693.502958393,2294,5,3.0,44,2.0,741.0,6,13200,9,797,658.0,375.0,366.0,1497,1963.0,0,110,234.0,6,Reg,0,80,120.0,29.102296283256685,48910.0,6.17,2.8,2007,4,Q2,1Fam,0
183900.0,1452,3,3.5,7,2.0,691.0,7,3735,6,739,506.0,450.0,241.0,713,1999.0,0,34,218.0,5,Reg,0,160,35.0,30.85894600589856,48130.0,6.34,2.7,2006,3,Q1,TwnhsE,0
164000.0,1216,2,3.0,8,2.0,1216.0,6,4500,5,0,402.0,897.0,319.0,1216,1998.0,0,125,116.0,5,Reg,0,120,32.0,30.85894600589856,48130.0,6.595,2.4,2006,5,Q2,Twnhs,0
75000.0,1092,3,1.5,37,1.0,546.0,4,2001,6,546,286.0,0.0,546.0,546,1970.0,0,0,80.0,5,Reg,0,160,21.0,29.102296283256685,48910.0,6.220000000000001,3.0,2007,1,Q1,Twnhs,0
179857.975518011,864,3,2.0,35,2.0,864.0,5,7200,5,0,576.0,671.0,193.0,864,1977.0,155,0,0.0,5,Reg,0,20,60.0,29.102296283256685,48910.0,6.38,2.8,2007,9,Q3,1Fam,1
141000.0,864,2,1.0,59,2.0,864.0,4,19138,4,0,400.0,120.0,744.0,864,1951.0,0,0,0.0,5,Reg,0,20,140.0,25.221608273812684,49020.0,4.734999999999999,5.0,2010,6,Q2,1Fam,0
195000.0,2030,4,2.5,31,2.0,848.0,6,12046,8,912,551.0,156.0,692.0,1118,1976.0,0,224,298.0,6,IR1,0,60,68.0,29.102296283256685,48910.0,6.68,3.4,2007,6,Q2,1Fam,0
174016.157494425,1082,3,2.0,38,2.0,973.0,6,8723,6,0,480.0,973.0,0.0,1082,1969.0,160,0,0.0,6,IR1,0,85,68.0,29.102296283256685,48910.0,6.220000000000001,3.0,2007,1,Q1,1Fam,0
178762.742169197,988,3,3.0,50,1.0,988.0,6,9240,6,0,297.0,708.0,280.0,988,1959.0,156,0,0.0,8,IR1,0,20,66.0,26.11993393300743,50720.0,5.4,6.0,2009,6,Q2,1Fam,1
160713.294602908,864,2,2.0,42,1.0,864.0,5,7832,4,0,280.0,775.0,89.0,864,1969.0,226,0,0.0,5,Reg,0,20,65.0,25.221608273812684,49020.0,4.885,4.3,2010,5,Q2,1Fam,0
120000.0,864,2,2.0,47,1.0,864.0,6,7332,4,0,288.0,414.0,450.0,864,1959.0,168,0,207.0,6,Reg,0,20,60.0,30.85894600589856,48130.0,6.365,2.4,2006,10,Q4,1Fam,0
173900.0,1500,3,2.5,1,2.0,750.0,6,8846,6,750,564.0,0.0,750.0,750,2005.0,0,35,0.0,5,Reg,0,60,68.0,30.85894600589856,48130.0,6.52,2.6,2006,8,Q3,1Fam,1
179200.0,1294,3,3.0,17,2.0,1278.0,6,7153,6,0,496.0,1200.0,78.0,1294,1991.0,112,51,88.0,5,Reg,0,20,68.0,27.363846269205577,50140.0,6.37,3.7,2008,6,Q2,1Fam,0
171059.523675194,1978,2,3.0,2,3.0,1978.0,9,12633,7,0,920.0,1640.0,338.0,1978,2007.0,308,52,290.0,5,IR1,0,20,85.0,26.11993393300743,50720.0,4.85,5.0,2009,5,Q2,1Fam,0
369900.0,2028,2,3.0,1,3.0,1868.0,8,11443,7,0,880.0,1460.0,408.0,2028,2005.0,326,66,208.0,5,Reg,0,20,88.0,30.85894600589856,48130.0,6.34,2.7,2006,3,Q1,1Fam,1
164400.75641556,1800,2,3.0,1,3.0,1800.0,9,8232,6,0,944.0,1204.0,596.0,1800,2008.0,210,0,714.0,5,IR1,0,120,89.0,27.363846269205577,50140.0,6.37,3.7,2008,6,Q2,TwnhsE,1
172917.456816012,1092,3,1.5,36,1.0,546.0,4,1533,5,546,286.0,408.0,138.0,546,1970.0,0,0,0.0,5,Reg,0,160,21.0,30.85894600589856,48130.0,6.125,2.5,2006,12,Q4,Twnhs,0
175044.797633861,1215,3,1.0,67,2.0,720.0,6,7000,6,495,720.0,375.0,345.0,720,1965.0,0,0,0.0,7,Reg,0,50,50.0,29.102296283256685,48910.0,6.21,2.8,2007,5,Q2,1Fam,1
140000.0,1136,3,2.0,43,1.0,1136.0,6,9200,5,0,384.0,892.0,244.0,1136,1965.0,426,0,0.0,6,Reg,0,20,80.0,27.363846269205577,50140.0,6.37,3.6,2008,7,Q3,1Fam,0
185170.284452595,2214,3,3.5,7,3.0,1090.0,8,10566,8,1124,646.0,920.0,170.0,1090,1999.0,197,80,261.0,5,IR1,0,60,67.0,30.85894600589856,48130.0,6.765000000000001,2.8,2006,7,Q3,1Fam,0
127000.0,1040,3,2.5,48,1.0,1040.0,5,6897,6,0,260.0,659.0,381.0,1040,1962.0,0,104,0.0,8,IR1,0,20,68.0,25.221608273812684,49020.0,5.07,4.3,2010,4,Q2,1Fam,1
199900.0,1886,4,2.5,8,2.0,930.0,7,11214,10,930,431.0,0.0,930.0,956,1998.0,89,0,0.0,5,IR1,0,60,68.0,30.85894600589856,48130.0,6.765000000000001,2.8,2006,7,Q3,1Fam,1
177322.000823979,882,2,1.0,53,1.0,882.0,6,13008,5,0,502.0,564.0,318.0,882,1956.0,0,0,0.0,5,IR1,0,20,74.0,26.11993393300743,50720.0,4.94,4.4,2009,10,Q4,1Fam,0
200328.822792041,2004,4,3.5,7,3.0,870.0,8,12891,8,1126,644.0,651.0,219.0,878,2002.0,0,48,0.0,5,IR1,0,60,68.0,26.11993393300743,50720.0,5.2,5.6,2009,7,Q3,1Fam,0
179436.704810176,1775,3,2.0,46,2.0,533.0,6,10600,8,644,480.0,0.0,533.0,1131,1964.0,0,172,0.0,5,IR1,0,80,68.0,25.221608273812684,49020.0,4.885,4.3,2010,5,Q2,1Fam,0
165830.697255197,930,2,1.0,55,1.0,911.0,4,9520,5,0,286.0,767.0,144.0,930,1953.0,134,0,115.0,5,Reg,0,20,68.0,27.363846269205577,50140.0,6.05,3.0,2008,5,Q2,1Fam,0
153219.437030419,992,2,2.0,37,1.0,530.0,4,1533,4,462,297.0,503.0,27.0,530,1970.0,112,97,0.0,5,Reg,0,180,68.0,29.102296283256685,48910.0,6.710000000000001,3.0,2007,7,Q3,Twnhs,0
161748.271317074,1589,2,3.0,4,3.0,1406.0,8,3621,7,0,630.0,1084.0,322.0,1589,2003.0,143,20,72.0,5,Reg,0,120,68.0,29.102296283256685,48910.0,6.24,2.6,2007,11,Q4,TwnhsE,0
176825.940961269,952,3,1.0,114,1.0,756.0,4,8712,5,0,330.0,0.0,756.0,952,1896.0,0,0,0.0,7,Reg,0,30,66.0,25.221608273812684,49020.0,4.734999999999999,5.0,2010,6,Q2,1Fam,1
196264.754980043,2726,4,2.5,11,3.0,1342.0,8,10019,9,1368,725.0,527.0,815.0,1358,1995.0,307,169,397.0,5,IR1,0,60,83.0,30.85894600589856,48130.0,6.67,3.1,2006,6,Q2,1Fam,0
169900.0,1034,3,2.0,34,3.0,1012.0,6,12328,6,0,888.0,539.0,473.0,1034,1976.0,0,0,335.0,5,IR1,0,80,68.0,25.221608273812684,49020.0,4.885,4.3,2010,5,Q2,1Fam,0
167000.0,1644,3,2.0,56,2.0,1416.0,6,9600,7,0,418.0,1285.0,131.0,1644,1953.0,110,0,238.0,5,Reg,0,20,80.0,26.11993393300743,50720.0,4.94,4.4,2009,10,Q4,1Fam,0
143000.0,1473,1,3.0,41,1.0,1437.0,5,25095,5,0,452.0,1324.0,113.0,1473,1968.0,0,48,0.0,8,IR1,60,20,65.0,26.11993393300743,50720.0,5.4,6.0,2009,6,Q2,1Fam,1
180000.0,1339,2,3.0,16,2.0,1309.0,7,8049,6,0,484.0,1053.0,256.0,1339,1990.0,0,58,54.0,5,IR1,90,20,50.0,30.85894600589856,48130.0,6.765000000000001,2.8,2006,7,Q3,1Fam,0
161595.015798593,1364,2,3.0,0,2.0,1220.0,7,3087,6,0,437.0,453.0,767.0,1364,2006.0,100,16,14.0,5,Reg,0,120,43.0,30.85894600589856,48130.0,6.24,2.4,2006,11,Q4,TwnhsE,0
177199.618638821,1702,3,3.0,2,3.0,1702.0,8,10130,7,0,844.0,1294.0,408.0,1702,2007.0,0,69,260.0,5,Reg,0,20,85.0,26.11993393300743,50720.0,5.005000000000001,5.2,2009,3,Q1,1Fam,0
191777.196949138,2582,4,3.5,9,3.0,1389.0,8,11002,9,1171,758.0,1048.0,341.0,1411,1998.0,286,60,0.0,5,IR1,0,60,74.0,29.102296283256685,48910.0,6.220000000000001,3.0,2007,1,Q1,1Fam,1
281643.976116786,3820,5,3.5,49,2.0,0.0,5,47007,11,0,624.0,0.0,0.0,3820,1959.0,0,372,0.0,7,IR1,0,20,123.0,27.363846269205577,50140.0,6.37,3.6,2008,7,Q3,1Fam,1
135000.0,1389,3,1.5,63,1.0,651.0,7,3378,6,682,240.0,0.0,651.0,707,1947.0,0,0,0.0,8,Reg,0,60,60.0,26.11993393300743,50720.0,5.055,4.7,2009,9,Q3,1Fam,1
178000.0,1414,3,2.5,2,2.0,707.0,8,9056,6,707,403.0,0.0,707.0,707,2004.0,100,35,0.0,5,IR1,0,60,74.0,30.85894600589856,48130.0,6.365,2.4,2006,10,Q4,1Fam,0
255000.0,1989,3,3.5,4,2.0,1065.0,8,11367,7,898,586.0,932.0,133.0,1091,2002.0,199,60,210.0,5,Reg,0,60,90.0,30.85894600589856,48130.0,6.24,2.4,2006,11,Q4,1Fam,0
171308.313985441,1452,3,3.5,10,2.0,691.0,7,3768,6,739,506.0,549.0,142.0,713,1999.0,0,34,218.0,5,Reg,0,160,35.0,26.11993393300743,50720.0,5.055,4.7,2009,9,Q3,TwnhsE,0
168715.950111702,864,2,1.0,45,1.0,864.0,5,6600,5,0,294.0,110.0,312.0,864,1962.0,58,0,0.0,5,Reg,0,20,60.0,29.102296283256685,48910.0,6.125,3.0,2007,12,Q4,1Fam,0
227000.0,1588,3,2.0,1,3.0,1588.0,8,10000,7,0,825.0,0.0,1588.0,1588,2006.0,144,45,410.0,5,Reg,0,20,85.0,29.102296283256685,48910.0,6.125,3.0,2007,12,Q4,1Fam,0
150750.0,1327,3,2.0,48,2.0,1063.0,5,7388,7,0,624.0,405.0,658.0,1327,1974.0,0,0,0.0,6,Reg,0,20,75.0,29.102296283256685,48910.0,6.710000000000001,3.0,2007,7,Q3,1Fam,1
175338.355442312,1141,3,2.5,3,2.0,1141.0,7,7500,6,0,484.0,54.0,1087.0,1141,2006.0,182,0,0.0,5,Reg,0,20,63.0,26.11993393300743,50720.0,5.4,6.0,2009,6,Q2,1Fam,0
170636.827889889,1083,2,2.0,30,2.0,1047.0,7,9927,5,0,596.0,1005.0,42.0,1083,1976.0,444,0,252.0,5,IR1,0,85,68.0,30.85894600589856,48130.0,6.765000000000001,2.8,2006,7,Q3,1Fam,0
183438.730800145,1460,3,2.0,2,2.0,1460.0,8,10037,6,0,480.0,666.0,794.0,1460,2006.0,0,20,0.0,5,Reg,0,20,87.0,27.363846269205577,50140.0,6.494999999999999,3.6,2008,8,Q3,1Fam,1
162243.399502668,1409,1,2.5,5,2.0,1409.0,7,12864,4,0,576.0,1392.0,17.0,1409,2002.0,0,144,0.0,5,IR1,145,20,44.0,29.102296283256685,48910.0,6.710000000000001,3.0,2007,7,Q3,1Fam,0
174081.601977368,1268,3,1.5,71,1.0,832.0,5,6300,7,436,250.0,832.0,0.0,832,1938.0,0,0,88.0,4,Reg,0,50,70.0,26.11993393300743,50720.0,5.2,5.6,2009,7,Q3,1Fam,1
185034.62891405,1544,3,2.0,1,3.0,1544.0,8,12883,7,0,868.0,0.0,1544.0,1544,2009.0,0,35,256.0,5,IR1,0,20,94.0,25.221608273812684,49020.0,4.734999999999999,5.0,2010,6,Q2,1Fam,1
141000.0,1092,2,2.0,49,1.0,1092.0,5,14850,6,0,299.0,895.0,197.0,1092,1957.0,268,0,0.0,5,IR1,122,20,69.0,30.85894600589856,48130.0,6.595,2.4,2006,5,Q2,1Fam,0
196314.53120359,2365,3,3.0,38,2.0,1803.0,7,17597,7,0,551.0,803.0,581.0,2365,1971.0,200,144,0.0,9,Reg,0,20,68.0,26.11993393300743,50720.0,5.2,5.6,2009,7,Q3,1Fam,1
257000.0,1844,2,3.0,4,2.0,1844.0,8,10994,7,0,620.0,976.0,868.0,1844,2005.0,165,44,366.0,5,IR1,0,20,88.0,26.11993393300743,50720.0,5.055,4.7,2009,9,Q3,1Fam,1
197092.08733832,1356,3,4.0,30,2.0,1244.0,6,15957,6,0,528.0,1148.0,96.0,1356,1977.0,1424,0,0.0,6,IR1,0,80,68.0,29.102296283256685,48910.0,6.38,2.8,2007,9,Q3,1Fam,0
142600.0,1728,6,2.0,43,2.0,1728.0,5,13101,10,0,576.0,231.0,1497.0,1728,1987.0,0,0,108.0,5,IR1,0,90,74.0,27.363846269205577,50140.0,6.09,3.1,2008,11,Q4,Duplex,0
95000.0,1111,3,1.5,67,1.0,616.0,5,9084,5,495,200.0,236.0,0.0,616,1941.0,48,0,0.0,6,Reg,0,50,60.0,27.363846269205577,50140.0,5.95,3.0,2008,3,Q1,1Fam,1
98600.0,1235,2,1.0,45,2.0,1235.0,5,8500,6,0,480.0,600.0,635.0,1235,1961.0,0,0,203.0,3,Reg,0,20,85.0,30.85894600589856,48130.0,6.125,2.5,2006,12,Q4,1Fam,0
205939.810625621,2559,4,2.5,17,2.0,868.0,6,12128,9,1246,506.0,549.0,319.0,1313,1989.0,0,245,232.0,4,IR1,168,60,88.0,30.85894600589856,48130.0,6.24,2.4,2006,11,Q4,1Fam,0
196895.599900301,1316,4,1.0,81,2.0,750.0,5,8550,7,356,576.0,0.0,750.0,960,1965.0,0,0,0.0,5,Reg,0,50,60.0,29.102296283256685,48910.0,6.385,2.6,2007,10,Q4,1Fam,1
171000.0,1118,3,2.0,31,1.0,1096.0,6,9880,6,0,358.0,522.0,574.0,1118,1977.0,203,0,0.0,6,Reg,0,80,76.0,27.363846269205577,50140.0,6.37,3.6,2008,7,Q3,1Fam,0
123000.0,900,3,2.0,39,1.0,864.0,5,7838,6,0,288.0,769.0,95.0,900,1967.0,175,144,0.0,5,Reg,0,85,68.0,30.85894600589856,48130.0,6.125,2.5,2006,12,Q4,1Fam,0
132500.0,1412,4,1.0,70,1.0,780.0,6,6000,6,587,280.0,0.0,780.0,825,1939.0,45,0,0.0,6,Reg,0,50,50.0,26.11993393300743,50720.0,4.85,5.0,2009,5,Q2,1Fam,1
169611.619017694,1120,2,1.0,62,2.0,744.0,4,11792,5,328,480.0,0.0,744.0,792,1956.0,0,0,0.0,5,Reg,160,50,89.0,25.221608273812684,49020.0,4.734999999999999,5.0,2010,6,Q2,1Fam,1
157025.945155458,1554,2,2.0,1,2.0,1554.0,8,4590,6,0,627.0,24.0,1530.0,1554,2006.0,156,73,108.0,5,Reg,0,120,34.0,29.102296283256685,48910.0,6.21,2.8,2007,5,Q2,Twnhs,0
171000.0,1716,4,1.5,46,2.0,858.0,6,9247,8,858,490.0,319.0,539.0,858,1962.0,0,84,318.0,6,IR1,120,60,70.0,27.363846269205577,50140.0,5.95,3.0,2008,3,Q1,1Fam,0
123500.0,1148,2,1.5,54,1.0,980.0,5,6420,6,0,308.0,210.0,219.0,1148,1952.0,0,0,0.0,7,IR1,0,20,57.0,30.85894600589856,48130.0,6.415,2.6,2006,9,Q3,1Fam,0
160620.728178758,960,2,1.0,81,2.0,850.0,5,6978,5,0,576.0,0.0,850.0,960,1981.0,0,0,0.0,7,Reg,0,30,60.0,29.102296283256685,48910.0,6.17,2.8,2007,4,Q2,1Fam,1
154000.0,1626,2,3.5,5,2.0,764.0,7,2448,6,862,474.0,573.0,191.0,764,2003.0,0,27,106.0,5,Reg,0,160,36.0,27.363846269205577,50140.0,6.1,2.9,2008,10,Q4,Twnhs,1
161112.987374671,949,2,1.0,84,2.0,949.0,5,6000,5,0,370.0,0.0,949.0,949,1924.0,0,0,0.0,7,Reg,0,30,50.0,27.363846269205577,50140.0,6.37,3.6,2008,7,Q3,1Fam,1
175053.355553278,1337,2,3.0,10,2.0,1405.0,6,10943,5,0,522.0,930.0,475.0,1337,1997.0,0,68,0.0,5,IR2,0,120,26.0,29.102296283256685,48910.0,6.385,2.6,2007,10,Q4,TwnhsE,1
151611.37057651,1151,2,3.0,1,2.0,1141.0,8,3523,5,0,484.0,60.0,1081.0,1151,2006.0,0,60,30.0,5,IR1,0,120,80.0,29.102296283256685,48910.0,6.29,3.0,2007,2,Q1,TwnhsE,1
167388.238629016,984,2,2.0,49,1.0,984.0,5,9750,5,0,308.0,200.0,784.0,984,1959.0,0,0,164.0,6,Reg,0,20,65.0,27.363846269205577,50140.0,6.37,3.7,2008,6,Q2,1Fam,0
94000.0,1020,2,1.0,135,0.0,780.0,5,6342,6,240,0.0,0.0,780.0,780,1979.0,0,0,0.0,8,Reg,0,50,54.0,25.221608273812684,49020.0,4.885,4.3,2010,5,Q2,1Fam,1
172080.434496773,2492,2,3.5,5,3.0,2492.0,10,14836,8,0,949.0,2146.0,346.0,2492,2004.0,226,235,730.0,5,IR1,0,20,100.0,26.11993393300743,50720.0,5.115,5.1,2009,2,Q1,1Fam,1
110000.0,892,3,1.0,42,1.0,864.0,5,9477,5,0,264.0,340.0,524.0,892,1966.0,0,0,65.0,5,Reg,0,20,68.0,27.363846269205577,50140.0,6.1,2.9,2008,10,Q4,1Fam,0
186735.697979808,1773,3,3.0,45,2.0,1313.0,6,10800,6,0,418.0,913.0,400.0,1773,1961.0,355,98,104.0,6,Reg,144,20,80.0,30.85894600589856,48130.0,6.52,2.6,2006,8,Q3,1Fam,1
170010.168655046,1575,2,1.5,55,2.0,216.0,6,10170,5,0,400.0,0.0,216.0,1575,1951.0,0,0,522.0,6,Reg,0,20,75.0,30.85894600589856,48130.0,6.67,3.1,2006,6,Q2,1Fam,0
128500.0,864,3,1.0,34,1.0,864.0,5,9560,5,0,288.0,360.0,504.0,864,1972.0,0,0,0.0,7,IR1,0,20,120.0,30.85894600589856,48130.0,6.67,3.1,2006,6,Q2,1Fam,0
188090.100808026,1544,3,2.0,117,0.0,925.0,4,14190,7,544,0.0,0.0,925.0,1000,1979.0,231,0,0.0,7,Reg,0,50,60.0,29.102296283256685,48910.0,6.17,2.8,2007,4,Q2,1Fam,1
210000.0,1590,3,2.5,1,2.0,768.0,8,9000,6,804,676.0,0.0,768.0,786,2008.0,0,30,0.0,5,Reg,0,60,75.0,26.11993393300743,50720.0,5.4,6.0,2009,6,Q2,1Fam,0
145000.0,2002,4,2.0,58,3.0,1001.0,5,6270,8,1001,871.0,284.0,717.0,1001,1949.0,0,0,0.0,6,Reg,0,90,82.0,29.102296283256685,48910.0,6.59,3.0,2007,8,Q3,Duplex,1
148000.0,1382,3,1.5,43,2.0,1051.0,4,11235,6,0,459.0,547.0,504.0,1382,1974.0,0,82,51.0,5,Reg,0,20,75.0,30.85894600589856,48130.0,6.365,2.4,2006,10,Q4,1Fam,1
139000.0,1250,3,2.0,97,2.0,661.0,5,5362,8,589,552.0,0.0,661.0,661,1985.0,242,0,0.0,6,Reg,0,50,53.0,29.102296283256685,48910.0,6.24,2.6,2007,11,Q4,1Fam,1
177643.434991809,1740,2,1.5,28,2.0,1740.0,7,15417,7,0,540.0,121.0,1619.0,1740,1981.0,228,20,0.0,5,Reg,0,20,110.0,26.11993393300743,50720.0,5.4,6.0,2009,6,Q2,1Fam,0
153000.0,1297,3,1.5,55,2.0,1297.0,5,8532,5,0,498.0,1213.0,84.0,1297,1954.0,0,0,650.0,6,Reg,0,20,74.0,26.11993393300743,50720.0,4.94,4.4,2009,10,Q4,1Fam,1
167500.0,2019,3,1.0,99,2.0,728.0,7,11414,8,883,532.0,0.0,728.0,1136,1997.0,509,135,0.0,8,IR1,0,70,60.0,26.11993393300743,50720.0,4.94,4.4,2009,10,Q4,1Fam,1
186131.188248242,1731,3,3.5,14,2.0,836.0,6,9370,7,887,462.0,758.0,78.0,844,1992.0,307,85,0.0,5,IR2,224,60,70.0,30.85894600589856,48130.0,6.365,2.4,2006,10,Q4,1Fam,1
255900.0,2290,4,2.5,6,2.0,1128.0,8,11250,9,1141,779.0,0.0,1128.0,1149,2002.0,0,0,0.0,5,Reg,0,60,68.0,27.363846269205577,50140.0,6.05,3.0,2008,5,Q2,1Fam,0
167411.02835165,1304,3,1.5,29,1.0,264.0,5,2665,5,688,336.0,0.0,264.0,616,1977.0,141,0,0.0,6,Reg,0,160,41.0,30.85894600589856,48130.0,6.595,2.4,2006,5,Q2,TwnhsE,0
167523.919076265,1427,3,1.0,94,1.0,483.0,6,5775,7,686,379.0,0.0,483.0,741,1915.0,0,24,0.0,7,IR2,0,70,68.0,26.11993393300743,50720.0,5.115,5.1,2009,2,Q1,1Fam,1
160387.604263899,1280,2,2.0,16,2.0,1280.0,8,5070,5,0,506.0,0.0,1280.0,1280,1992.0,0,82,0.0,5,IR1,144,120,39.0,27.363846269205577,50140.0,6.494999999999999,3.6,2008,8,Q3,TwnhsE,0
82000.0,1152,2,2.0,53,0.0,0.0,4,6040,6,0,0.0,0.0,0.0,1152,1979.0,0,0,0.0,5,Reg,0,90,65.0,27.363846269205577,50140.0,6.37,3.7,2008,6,Q2,Duplex,0
157680.227412949,896,2,1.0,62,1.0,989.5,4,5940,4,0,280.0,368.5,467.0,896,1946.0,0,0,0.0,7,IR1,0,20,99.0,27.363846269205577,50140.0,5.88,2.7,2008,4,Q2,1Fam,1
228000.0,1707,2,2.5,25,2.0,1686.0,8,16669,6,0,511.0,0.0,1686.0,1707,1981.0,574,64,653.0,6,IR1,0,20,68.0,30.85894600589856,48130.0,6.135,3.1,2006,1,Q1,1Fam,0
170000.0,1920,4,3.0,38,2.0,570.0,7,10192,8,698,487.0,0.0,570.0,1222,1968.0,0,98,143.0,6,IR1,0,80,102.0,30.85894600589856,48130.0,6.415,2.6,2006,9,Q3,1Fam,1
239900.0,1801,3,2.5,1,3.0,893.0,8,10463,8,900,800.0,0.0,893.0,901,2005.0,0,116,0.0,5,IR1,0,60,72.0,30.85894600589856,48130.0,6.67,3.1,2006,6,Q2,1Fam,0
287090.0,1578,3,2.0,1,3.0,1573.0,8,9262,7,0,840.0,0.0,1573.0,1578,2008.0,0,36,194.0,5,Reg,0,20,78.0,26.11993393300743,50720.0,4.85,5.0,2009,5,Q2,1Fam,1
159488.713683953,1204,2,2.0,19,2.0,1191.0,8,3701,5,0,461.0,0.0,1191.0,1204,1987.0,120,70,0.0,5,IR1,0,120,30.0,30.85894600589856,48130.0,6.52,2.6,2006,8,Q3,TwnhsE,0
176676.04995228,1737,3,3.0,16,2.0,836.0,7,8285,7,893,506.0,397.0,439.0,844,1992.0,192,85,0.0,5,Reg,0,60,75.0,27.363846269205577,50140.0,6.05,3.0,2008,5,Q2,1Fam,0
144000.0,1056,0,2.0,30,2.0,1056.0,6,6979,4,0,576.0,1056.0,0.0,1056,1980.0,264,56,0.0,5,Reg,0,90,64.0,25.221608273812684,49020.0,4.734999999999999,5.0,2010,6,Q2,Duplex,0
180031.162892704,1601,3,2.0,82,0.0,936.0,5,7288,6,665,0.0,0.0,936.0,936,1979.0,0,0,0.0,7,Reg,0,50,50.0,29.102296283256685,48910.0,6.38,2.8,2007,9,Q3,1Fam,1
166380.852603154,951,2,2.0,51,2.0,951.0,6,8010,6,0,480.0,745.0,206.0,951,1985.0,0,0,0.0,9,Reg,0,20,62.0,26.11993393300743,50720.0,5.055,4.7,2009,9,Q3,1Fam,1
180500.0,1152,3,2.0,46,2.0,1152.0,5,14112,6,0,484.0,1014.0,138.0,1152,1964.0,227,0,86.0,7,IR1,0,80,68.0,25.221608273812684,49020.0,5.07,4.3,2010,4,Q2,1Fam,0
58500.0,864,2,2.0,96,1.0,864.0,3,8212,5,0,200.0,203.0,661.0,864,1938.0,0,0,0.0,3,Reg,0,30,45.0,25.221608273812684,49020.0,4.734999999999999,5.0,2010,6,Q2,1Fam,1
131500.0,1795,4,2.0,54,1.0,1050.0,5,12150,7,745,352.0,0.0,1050.0,1050,1954.0,0,0,335.0,5,Reg,0,50,81.0,27.363846269205577,50140.0,6.09,3.1,2008,11,Q4,1Fam,0
214500.0,2134,5,2.0,93,2.0,844.0,6,11888,10,689,441.0,0.0,844.0,1445,1930.0,0,60,0.0,6,IR1,0,75,68.0,26.11993393300743,50720.0,5.2,5.6,2009,7,Q3,1Fam,1
171418.640195797,1278,2,2.0,0,2.0,1278.0,8,8640,5,0,584.0,24.0,1254.0,1278,2006.0,0,60,0.0,5,Reg,0,20,72.0,30.85894600589856,48130.0,6.365,2.4,2006,10,Q4,1Fam,0
154500.0,1068,3,1.5,43,1.0,1059.0,6,8414,6,0,264.0,663.0,396.0,1068,1963.0,192,0,0.0,8,Reg,0,20,70.0,30.85894600589856,48130.0,6.25,3.0,2006,2,Q1,1Fam,1
181902.586375439,1400,3,2.5,23,2.0,676.0,6,10274,6,702,465.0,331.0,345.0,698,1986.0,0,48,141.0,7,IR1,0,60,68.0,26.11993393300743,50720.0,5.2,5.6,2009,7,Q3,1Fam,0
176000.0,1253,3,2.0,12,2.0,1237.0,7,7875,6,0,402.0,0.0,1237.0,1253,1995.0,220,21,38.0,5,Reg,0,20,63.0,29.102296283256685,48910.0,6.68,3.4,2007,6,Q2,1Fam,1
320000.0,2462,4,3.5,1,2.0,1392.0,7,19378,9,1070,576.0,57.0,1335.0,1392,2006.0,239,132,456.0,5,IR1,0,60,134.0,30.85894600589856,48130.0,6.34,2.7,2006,3,Q1,1Fam,1
157900.0,1188,3,1.0,48,1.0,1188.0,5,26142,6,0,312.0,593.0,595.0,1188,1962.0,261,39,189.0,7,IR1,0,20,68.0,25.221608273812684,49020.0,5.07,4.3,2010,4,Q2,1Fam,0
156002.955794336,1132,2,2.0,71,1.0,608.0,6,6000,5,524,240.0,452.0,144.0,608,1939.0,0,0,0.0,7,Reg,0,50,50.0,25.221608273812684,49020.0,5.07,4.3,2010,4,Q2,1Fam,1
194798.320499104,1128,3,2.0,43,2.0,1302.0,6,18160,6,0,480.0,550.0,752.0,1128,1964.0,0,108,138.0,6,Reg,0,20,160.0,29.102296283256685,48910.0,6.16,2.9,2007,3,Q1,1Fam,0
101000.0,1111,3,1.0,87,1.0,530.0,5,7200,6,530,288.0,0.0,530.0,581,1935.0,0,0,0.0,7,Reg,0,75,60.0,29.102296283256685,48910.0,6.16,2.9,2007,3,Q1,1Fam,1
187000.0,1855,3,2.5,31,2.0,528.0,6,9600,7,761,512.0,0.0,528.0,1094,1976.0,113,100,360.0,7,Reg,0,80,80.0,29.102296283256685,48910.0,6.59,3.0,2007,8,Q3,1Fam,1
175142.948078577,1159,3,1.0,83,1.0,747.0,5,7506,5,412,288.0,0.0,747.0,747,1932.0,84,0,0.0,8,Reg,0,50,45.0,27.363846269205577,50140.0,6.05,3.0,2008,5,Q2,1Fam,1
182283.177756557,872,2,1.0,82,1.0,872.0,5,17529,5,0,322.0,0.0,872.0,872,1924.0,0,0,65.0,5,Reg,0,30,68.0,30.85894600589856,48130.0,6.51,2.4,2006,4,Q2,1Fam,1
262280.0,2329,4,3.5,18,2.0,1475.0,7,11839,10,797,514.0,1085.0,390.0,1532,1990.0,192,121,99.0,5,Reg,0,60,86.0,27.363846269205577,50140.0,6.05,3.0,2008,5,Q2,1Fam,0
175075.785166001,888,3,1.5,46,1.0,920.0,5,8700,5,0,240.0,192.0,728.0,888,1961.0,0,0,53.0,7,IR1,0,20,75.0,29.102296283256685,48910.0,6.29,3.0,2007,2,Q1,1Fam,0
177604.891703134,1558,3,1.5,70,2.0,690.0,5,6406,7,690,400.0,421.0,269.0,868,1939.0,0,36,0.0,6,Reg,182,70,57.0,26.11993393300743,50720.0,4.94,4.4,2009,10,Q4,1Fam,1
189369.756330412,1838,3,3.0,1,3.0,1838.0,9,11577,9,0,682.0,1455.0,383.0,1838,2005.0,161,225,382.0,5,Reg,0,20,88.0,30.85894600589856,48130.0,6.415,2.6,2006,9,Q3,1Fam,1
135000.0,1048,3,2.0,51,1.0,1048.0,5,10152,6,0,286.0,586.0,462.0,1048,1956.0,0,20,120.0,5,Reg,192,20,72.0,29.102296283256685,48910.0,6.68,3.4,2007,6,Q2,1Fam,0
385000.0,1842,0,2.5,25,3.0,1842.0,9,50271,5,0,894.0,1810.0,32.0,1842,1981.0,857,72,0.0,5,IR1,0,20,68.0,30.85894600589856,48130.0,6.24,2.4,2006,11,Q4,1Fam,1
231500.0,1792,3,2.5,7,2.0,963.0,7,12435,7,829,564.0,361.0,602.0,963,2001.0,0,96,172.0,5,Reg,0,60,80.0,27.363846269205577,50140.0,6.05,3.0,2008,5,Q2,1Fam,0
124500.0,1960,4,2.0,57,2.0,960.0,5,7596,10,1000,400.0,0.0,960.0,960,1952.0,0,0,360.0,5,Reg,0,90,60.0,26.11993393300743,50720.0,5.2,5.6,2009,7,Q3,Duplex,0
217000.0,1494,3,3.0,9,2.0,1479.0,6,9236,6,0,576.0,1200.0,279.0,1494,1997.0,168,27,0.0,5,IR1,0,20,79.0,30.85894600589856,48130.0,6.765000000000001,2.8,2006,7,Q3,1Fam,0
161718.71259042,1073,2,2.0,53,1.0,1073.0,5,9571,5,0,340.0,257.0,816.0,1073,1956.0,0,0,0.0,5,Reg,0,20,68.0,26.11993393300743,50720.0,5.115,5.1,2009,2,Q1,1Fam,0
151579.558140433,1229,2,1.5,29,2.0,561.0,6,1612,5,668,462.0,0.0,561.0,561,1980.0,154,0,0.0,6,Reg,0,160,24.0,26.11993393300743,50720.0,5.2,5.6,2009,7,Q3,Twnhs,0
188129.459710994,2036,3,3.0,1,3.0,2190.0,9,13438,9,0,780.0,1758.0,432.0,2036,2008.0,90,154,246.0,5,IR1,0,20,113.0,26.11993393300743,50720.0,5.2,5.6,2009,7,Q3,1Fam,0
171774.925622692,1353,2,3.0,28,2.0,1259.0,6,10400,5,0,478.0,903.0,356.0,1353,1979.0,240,141,253.0,5,Reg,0,20,80.0,29.102296283256685,48910.0,6.59,3.0,2007,8,Q3,1Fam,1
219222.423400059,1224,4,2.0,46,2.0,1224.0,5,20000,7,0,576.0,1224.0,0.0,1224,1960.0,474,0,0.0,7,Reg,0,20,160.0,30.85894600589856,48130.0,6.415,2.6,2006,9,Q3,1Fam,1
158527.164107319,1032,2,1.0,28,2.0,516.0,6,1879,5,516,462.0,366.0,150.0,516,1980.0,213,0,0.0,6,Reg,0,160,24.0,27.363846269205577,50140.0,5.19,3.8,2008,12,Q4,Twnhs,0
131000.0,1218,3,1.5,66,2.0,735.0,6,6000,6,349,440.0,375.0,360.0,869,2003.0,0,0,0.0,6,Reg,0,50,60.0,29.102296283256685,48910.0,6.16,2.9,2007,3,Q1,1Fam,1
122000.0,1889,4,1.5,97,1.0,925.0,7,10120,9,925,308.0,0.0,925.0,964,1960.0,0,0,0.0,4,IR1,0,190,60.0,29.102296283256685,48910.0,6.220000000000001,3.0,2007,1,Q1,2fmCon,1
156727.948324862,666,2,1.5,61,0.0,666.0,3,5000,4,0,0.0,299.0,367.0,666,1979.0,0,52,0.0,3,Reg,0,20,50.0,29.102296283256685,48910.0,6.17,2.8,2007,4,Q2,1Fam,1
202551.677190573,2448,3,4.0,44,2.0,1438.0,7,18275,9,548,441.0,636.0,802.0,1900,1962.0,520,102,0.0,8,IR1,0,60,68.0,30.85894600589856,48130.0,6.415,2.6,2006,9,Q3,1Fam,1
102000.0,1220,2,1.0,55,2.0,836.0,4,8877,6,0,396.0,836.0,0.0,1220,1951.0,0,0,0.0,5,Reg,0,20,67.0,30.85894600589856,48130.0,6.51,2.4,2006,4,Q2,1Fam,0
196053.029878304,1440,4,1.5,42,2.0,720.0,5,9350,7,720,480.0,360.0,360.0,720,1964.0,0,32,0.0,6,Reg,0,60,85.0,30.85894600589856,48130.0,6.765000000000001,2.8,2006,7,Q3,1Fam,0
181294.784484153,1707,3,2.0,31,2.0,1140.0,6,11088,7,0,479.0,832.0,308.0,1707,1978.0,0,0,144.0,5,Reg,0,20,80.0,26.11993393300743,50720.0,4.85,5.0,2009,5,Q2,1Fam,1
177560.202116333,1338,3,2.0,91,2.0,832.0,6,7822,7,492,528.0,0.0,832.0,846,1974.0,0,0,0.0,3,Reg,0,50,72.0,30.85894600589856,48130.0,6.595,2.4,2006,5,Q2,1Fam,1
147000.0,996,2,2.0,18,2.0,936.0,6,9069,5,0,564.0,747.0,189.0,996,1992.0,120,0,0.0,6,Reg,0,85,73.0,25.221608273812684,49020.0,5.07,4.3,2010,4,Q2,1Fam,0
170818.344786366,1290,3,1.5,108,1.0,554.0,6,5870,6,554,200.0,0.0,554.0,736,1926.0,38,112,0.0,9,Reg,0,70,59.0,27.363846269205577,50140.0,5.88,2.7,2008,4,Q2,1Fam,1
200210.353608489,2064,3,3.0,30,2.0,2048.0,7,18559,7,0,550.0,1206.0,656.0,2064,1978.0,200,0,383.0,5,IR1,0,20,56.0,27.363846269205577,50140.0,6.494999999999999,3.6,2008,8,Q3,1Fam,0
55000.0,796,2,1.0,86,0.0,796.0,4,3636,5,0,0.0,0.0,796.0,796,1979.0,0,0,0.0,4,Reg,0,30,40.0,27.363846269205577,50140.0,5.69,3.3,2008,1,Q1,1Fam,1
167565.362080406,1440,2,3.0,49,1.0,1248.0,5,9840,7,0,480.0,1053.0,195.0,1440,1959.0,150,0,0.0,7,Reg,256,20,82.0,27.363846269205577,50140.0,6.37,3.7,2008,6,Q2,1Fam,1
146966.230339786,540,1,1.0,69,1.0,480.0,2,8154,4,0,200.0,480.0,0.0,540,1951.0,0,0,0.0,5,Reg,0,30,58.0,25.221608273812684,49020.0,5.07,4.3,2010,4,Q2,1Fam,1
176363.773907793,1566,3,2.0,110,1.0,930.0,8,9600,7,636,288.0,0.0,930.0,930,1930.0,54,228,0.0,9,Reg,0,70,60.0,25.221608273812684,49020.0,5.07,4.3,2010,4,Q2,1Fam,1
179883.057071096,864,3,1.0,50,1.0,864.0,5,8125,5,0,308.0,403.0,461.0,864,1960.0,0,0,0.0,7,Reg,0,20,65.0,26.11993393300743,50720.0,5.055,4.7,2009,9,Q3,1Fam,0
205469.409444832,1981,4,3.5,32,2.0,1117.0,6,17082,8,864,522.0,964.0,153.0,1117,1978.0,336,104,288.0,5,IR1,0,60,68.0,25.221608273812684,49020.0,4.885,4.3,2010,5,Q2,1Fam,1
156969.695083273,1098,2,2.0,77,1.0,531.0,7,4000,5,531,216.0,246.0,285.0,567,1930.0,0,0,0.0,8,Reg,0,70,63.0,29.102296283256685,48910.0,6.68,3.4,2007,6,Q2,1Fam,1
162182.59620952,1107,2,1.0,89,1.0,629.0,6,9140,5,380,625.0,308.0,321.0,727,1950.0,0,56,0.0,5,Reg,200,50,50.0,25.221608273812684,49020.0,5.07,4.3,2010,4,Q2,1Fam,1
108959.0,1258,0,3.0,39,2.0,1198.0,4,12900,6,0,400.0,1198.0,0.0,1258,1969.0,120,0,0.0,4,Reg,0,90,60.0,27.363846269205577,50140.0,5.69,3.3,2008,1,Q1,Duplex,0
239000.0,1800,2,2.0,2,2.0,1800.0,9,11923,7,0,702.0,0.0,1800.0,1800,2007.0,288,136,0.0,5,IR1,0,20,122.0,26.11993393300743,50720.0,4.85,5.0,2009,5,Q2,1Fam,0
192577.796112839,1669,4,1.5,82,1.0,1093.0,4,8707,9,576,288.0,0.0,1093.0,1093,1924.0,0,0,0.0,5,Reg,0,50,62.0,30.85894600589856,48130.0,6.595,2.4,2006,5,Q2,1Fam,1
188885.573319552,1962,4,1.5,95,2.0,888.0,4,8094,9,1074,572.0,0.0,888.0,888,1915.0,160,0,0.0,5,Reg,0,50,57.0,25.221608273812684,49020.0,4.734999999999999,5.0,2010,6,Q2,1Fam,1
67000.0,1077,2,1.0,87,1.0,961.0,5,8967,6,0,338.0,0.0,961.0,1077,1920.0,0,0,0.0,2,Reg,0,30,60.0,29.102296283256685,48910.0,6.24,2.6,2007,11,Q4,1Fam,1
133000.0,1573,3,1.0,74,1.0,884.0,4,6120,6,584,240.0,0.0,884.0,989,1935.0,0,0,0.0,7,Reg,120,50,51.0,26.11993393300743,50720.0,5.2,5.6,2009,7,Q3,1Fam,1
192500.0,1776,3,2.5,4,2.0,936.0,7,14006,7,840,474.0,0.0,936.0,936,2002.0,144,96,144.0,5,IR1,0,60,65.0,30.85894600589856,48130.0,6.25,3.0,2006,2,Q1,1Fam,0
213000.0,1484,3,3.0,6,2.0,1473.0,7,8400,7,0,606.0,712.0,761.0,1484,2004.0,0,35,109.0,5,Reg,0,20,70.0,25.221608273812684,49020.0,4.885,4.3,2010,5,Q2,1Fam,1
79900.0,1198,4,1.0,88,0.0,901.0,6,5586,7,110,0.0,0.0,901.0,1088,1979.0,0,98,0.0,7,IR1,0,50,60.0,27.363846269205577,50140.0,6.01,3.0,2008,9,Q3,1Fam,1
131000.0,1716,3,1.5,60,1.0,768.0,5,11409,8,568,281.0,292.0,476.0,1148,1949.0,0,0,0.0,4,Reg,160,50,60.0,26.11993393300743,50720.0,5.055,5.0,2009,1,Q1,1Fam,1
130000.0,1709,3,2.0,2,2.0,970.0,6,2522,7,739,380.0,0.0,970.0,970,2004.0,0,40,50.0,5,Reg,0,160,24.0,30.85894600589856,48130.0,6.51,2.4,2006,4,Q2,Twnhs,1
196595.568243212,1636,3,2.5,12,2.0,916.0,6,15038,7,720,386.0,138.0,778.0,916,1996.0,168,84,0.0,5,IR2,0,60,68.0,27.363846269205577,50140.0,6.09,3.1,2008,11,Q4,1Fam,0
180660.683691591,1320,3,2.0,60,2.0,768.0,6,8064,5,501,576.0,315.0,453.0,819,1994.0,108,0,0.0,6,Reg,0,50,60.0,27.363846269205577,50140.0,6.01,3.0,2008,9,Q3,1Fam,1
233170.0,1502,3,2.0,0,2.0,1502.0,7,9541,7,0,644.0,0.0,1502.0,1502,2009.0,0,114,268.0,5,IR1,0,20,79.0,26.11993393300743,50720.0,5.055,4.7,2009,9,Q3,1Fam,0
223500.0,1786,3,3.5,7,2.0,920.0,7,11250,6,866,608.0,486.0,434.0,920,2001.0,0,42,162.0,5,IR1,0,60,68.0,27.363846269205577,50140.0,6.01,3.0,2008,9,Q3,1Fam,1
145000.0,1477,3,2.5,81,1.0,861.0,7,6292,6,600,216.0,0.0,861.0,877,1928.0,0,50,0.0,7,Reg,0,50,52.0,26.11993393300743,50720.0,5.18,5.6,2009,8,Q3,1Fam,1
190702.440251029,1846,3,3.0,0,2.0,1836.0,6,13377,7,0,495.0,1576.0,260.0,1846,2006.0,0,32,0.0,5,Reg,0,20,90.0,30.85894600589856,48130.0,6.765000000000001,2.8,2006,7,Q3,1Fam,0
155000.0,1215,3,1.0,51,1.0,1215.0,6,12400,6,0,297.0,585.0,630.0,1215,1958.0,0,0,176.0,7,IR1,234,20,66.0,26.11993393300743,50720.0,5.4,6.0,2009,6,Q2,1Fam,1
183778.44888032,2020,3,3.0,1,3.0,2020.0,9,12350,7,0,896.0,1232.0,788.0,2020,2008.0,192,98,450.0,5,Reg,0,20,95.0,26.11993393300743,50720.0,4.85,5.0,2009,5,Q2,1Fam,0
186847.944787446,1611,3,3.0,7,3.0,1569.0,7,11664,6,0,1231.0,1234.0,335.0,1611,2002.0,262,93,0.0,5,Reg,0,20,90.0,26.11993393300743,50720.0,5.055,4.7,2009,9,Q3,1Fam,0
175000.0,1126,3,2.5,31,2.0,1126.0,5,15611,6,0,540.0,767.0,266.0,1126,1977.0,180,0,0.0,6,IR1,0,20,68.0,27.363846269205577,50140.0,5.95,3.0,2008,3,Q1,1Fam,0
175500.0,1422,3,2.0,27,2.0,1422.0,6,12090,7,0,576.0,588.0,606.0,1422,1981.0,276,0,210.0,6,IR1,0,20,78.0,27.363846269205577,50140.0,6.37,3.7,2008,6,Q2,1Fam,0
148000.0,914,2,1.0,10,2.0,870.0,5,8846,5,0,576.0,298.0,572.0,914,1998.0,0,0,0.0,5,IR1,0,85,57.0,30.85894600589856,48130.0,6.765000000000001,2.8,2006,7,Q3,1Fam,0
155412.151845447,1512,2,3.5,9,2.0,756.0,6,2998,4,756,440.0,507.0,249.0,756,2000.0,0,32,513.0,5,Reg,0,160,34.0,26.11993393300743,50720.0,5.18,5.6,2009,8,Q3,TwnhsE,0
241500.0,1363,2,2.0,54,2.0,1385.0,7,39104,5,0,439.0,226.0,96.0,1363,1954.0,81,0,0.0,7,IR1,0,20,73.0,27.363846269205577,50140.0,5.88,2.7,2008,4,Q2,1Fam,1
89000.0,616,2,1.0,85,1.0,616.0,5,6000,4,0,205.0,616.0,0.0,616,1921.0,0,0,0.0,7,Reg,0,30,50.0,30.85894600589856,48130.0,6.67,3.1,2006,6,Q2,1Fam,1
164553.120272354,936,2,1.0,90,0.0,216.0,3,8520,6,360,0.0,0.0,216.0,576,1979.0,0,0,0.0,5,Reg,0,50,60.0,30.85894600589856,48130.0,6.51,2.4,2006,4,Q2,1Fam,1
205000.0,2110,3,3.5,16,2.0,948.0,7,8880,8,888,463.0,695.0,253.0,1222,1994.0,0,130,0.0,5,IR1,0,60,68.0,25.221608273812684,49020.0,4.885,4.3,2010,5,Q2,1Fam,1
173550.025727531,1008,2,1.0,43,2.0,1008.0,6,9723,5,0,430.0,0.0,1008.0,1008,1963.0,0,0,332.0,7,IR1,0,20,109.0,30.85894600589856,48130.0,6.365,2.4,2006,10,Q4,1Fam,0
208900.0,1493,3,3.0,11,2.0,1478.0,6,13125,7,0,508.0,994.0,484.0,1493,1997.0,140,39,215.0,5,Reg,0,20,75.0,27.363846269205577,50140.0,5.88,2.7,2008,4,Q2,1Fam,1
169556.835902417,833,2,2.0,26,2.0,833.0,5,12887,5,0,495.0,207.0,36.0,833,1984.0,431,0,0.0,7,Reg,0,20,76.0,25.221608273812684,49020.0,5.07,4.3,2010,4,Q2,1Fam,0
160172.72797397,1214,2,2.0,1,2.0,1214.0,7,9803,6,0,520.0,0.0,1214.0,1214,2010.0,0,25,0.0,5,Reg,0,20,73.0,25.221608273812684,49020.0,5.025,5.5,2010,1,Q1,1Fam,1
182924.499359899,1540,3,3.5,15,2.0,754.0,7,9109,6,786,495.0,36.0,122.0,754,1994.0,140,32,0.0,5,Reg,0,60,70.0,26.11993393300743,50720.0,4.94,4.4,2009,10,Q4,1Fam,0
191736.7598055,1440,4,1.5,42,2.0,720.0,5,11227,7,720,480.0,267.0,0.0,720,1968.0,192,38,0.0,5,Reg,0,60,86.0,25.221608273812684,49020.0,4.965,5.2,2010,3,Q1,1Fam,0
185948.625475832,2646,3,4.0,32,2.0,1748.0,7,14330,9,495,550.0,1023.0,228.0,2151,1974.0,641,100,145.0,4,IR1,0,80,100.0,30.85894600589856,48130.0,6.135,3.1,2006,1,Q1,1Fam,0
175942.474593632,1479,3,2.0,80,1.0,624.0,7,7000,6,736,312.0,424.0,200.0,743,1926.0,530,0,0.0,8,Reg,0,70,43.0,30.85894600589856,48130.0,6.595,2.4,2006,5,Q2,1Fam,1
171728.4720292,1041,3,1.0,51,1.0,1041.0,5,7350,6,0,294.0,0.0,1041.0,1041,1958.0,0,0,0.0,6,Reg,0,20,71.0,26.11993393300743,50720.0,5.005000000000001,5.2,2009,3,Q1,1Fam,0
185635.132083154,2067,3,2.5,35,2.0,752.0,7,12732,7,782,784.0,560.0,150.0,1285,1974.0,297,40,0.0,6,IR1,0,60,68.0,26.11993393300743,50720.0,5.4,6.0,2009,6,Q2,1Fam,0
76500.0,1306,3,1.0,70,0.0,728.0,3,5350,6,0,0.0,0.0,728.0,1306,1979.0,263,0,0.0,2,IR1,0,30,55.0,25.221608273812684,49020.0,4.885,4.3,2010,5,Q2,1Fam,1
115000.0,1028,2,1.0,83,2.0,1008.0,5,8960,5,0,360.0,0.0,1008.0,1028,1927.0,0,0,0.0,6,Reg,0,30,56.0,25.221608273812684,49020.0,4.965,5.2,2010,3,Q1,1Fam,1
229000.0,2183,4,2.5,18,3.0,1204.0,7,13837,9,806,786.0,1002.0,0.0,1377,1988.0,0,0,178.0,5,IR1,0,50,68.0,30.85894600589856,48130.0,6.25,3.0,2006,2,Q1,1Fam,0
165000.0,1224,2,3.0,10,2.0,1224.0,6,4500,5,0,402.0,883.0,341.0,1224,1999.0,0,304,425.0,5,Reg,0,120,68.0,26.11993393300743,50720.0,5.4,6.0,2009,6,Q2,TwnhsE,0
179000.0,1200,3,6.0,22,0.0,1200.0,5,10800,5,0,0.0,1200.0,0.0,1200,1979.0,120,0,0.0,5,Reg,0,90,60.0,26.11993393300743,50720.0,5.005000000000001,5.2,2009,3,Q1,Duplex,1
165600.0,1501,3,2.5,13,2.0,697.0,6,7685,6,804,420.0,518.0,179.0,697,1993.0,190,63,112.0,5,IR1,0,60,68.0,30.85894600589856,48130.0,6.595,2.4,2006,5,Q2,1Fam,1
182902.420342386,1802,3,3.0,17,4.0,946.0,6,12361,8,838,1017.0,860.0,86.0,964,2000.0,450,92,85.0,7,IR1,0,60,87.0,25.221608273812684,49020.0,4.885,4.3,2010,5,Q2,1Fam,0
165000.0,1383,3,2.0,54,1.0,1383.0,5,13284,6,0,354.0,1064.0,319.0,1383,1954.0,511,116,0.0,5,Reg,0,20,68.0,27.363846269205577,50140.0,6.37,3.7,2008,6,Q2,1Fam,0
93500.0,974,3,1.0,16,0.0,974.0,5,10712,5,0,0.0,212.0,762.0,974,1979.0,0,28,0.0,5,Reg,0,20,63.0,29.102296283256685,48910.0,6.38,2.8,2007,9,Q3,1Fam,1
92000.0,630,1,2.0,36,0.0,630.0,5,1533,3,0,0.0,553.0,77.0,630,1979.0,0,0,0.0,7,Reg,0,180,21.0,30.85894600589856,48130.0,6.52,2.6,2006,8,Q3,Twnhs,0
186030.317211014,1876,3,2.5,1,3.0,1308.0,7,11003,7,568,848.0,0.0,1308.0,1308,2005.0,0,40,0.0,5,IR2,0,60,133.0,30.85894600589856,48130.0,6.765000000000001,2.8,2006,7,Q3,1Fam,1
132000.0,854,2,1.0,78,2.0,832.0,7,6120,5,0,576.0,0.0,832.0,854,1991.0,48,112,0.0,8,Reg,0,45,51.0,29.102296283256685,48910.0,6.710000000000001,3.0,2007,7,Q3,1Fam,1
183659.795012187,889,3,1.0,24,2.0,864.0,5,12395,6,0,484.0,647.0,217.0,889,1984.0,0,0,0.0,6,Reg,0,20,74.0,27.363846269205577,50140.0,5.88,2.7,2008,4,Q2,1Fam,0
143000.0,848,1,2.0,6,2.0,848.0,6,4426,3,0,420.0,662.0,186.0,848,2004.0,160,0,169.0,5,Reg,0,120,68.0,25.221608273812684,49020.0,4.885,4.3,2010,5,Q2,TwnhsE,0
179900.0,1416,3,2.5,38,2.0,708.0,6,11700,7,708,776.0,404.0,304.0,708,1968.0,0,169,420.0,6,Reg,119,60,90.0,30.85894600589856,48130.0,6.595,2.4,2006,5,Q2,1Fam,0
173388.854342604,1436,3,1.0,86,1.0,585.0,6,6720,7,585,228.0,0.0,585.0,851,1992.0,184,0,0.0,7,Reg,0,70,53.0,29.102296283256685,48910.0,6.17,2.8,2007,4,Q2,1Fam,1
336000.0,2612,4,3.5,11,3.0,1225.0,8,12203,8,1336,676.0,854.0,371.0,1276,1998.0,250,0,975.0,5,IR1,0,60,98.0,26.11993393300743,50720.0,5.2,5.6,2009,7,Q3,1Fam,1
206486.17086841,2288,4,2.0,32,2.0,908.0,7,13774,8,972,520.0,432.0,476.0,1316,1977.0,321,72,283.0,7,IR1,156,60,68.0,26.11993393300743,50720.0,4.87,4.6,2009,11,Q4,1Fam,1
163351.721489893,1281,2,2.0,81,2.0,756.0,5,6120,6,378,379.0,351.0,405.0,903,1926.0,25,0,0.0,6,Reg,0,50,51.0,29.102296283256685,48910.0,6.59,3.0,2007,8,Q3,1Fam,1
177017.595099274,1486,3,2.0,1,2.0,1461.0,7,7441,7,0,566.0,0.0,1461.0,1486,2006.0,0,32,170.0,5,IR1,0,20,65.0,29.102296283256685,48910.0,6.68,3.4,2007,6,Q2,1Fam,0
118000.0,987,2,1.5,37,1.0,483.0,6,1680,5,504,264.0,162.0,321.0,483,1972.0,250,0,510.0,8,Reg,0,160,21.0,26.11993393300743,50720.0,4.85,5.0,2009,5,Q2,Twnhs,1
178640.723791573,1468,3,2.0,1,3.0,1468.0,8,9178,6,0,904.0,0.0,1468.0,1468,2008.0,192,142,0.0,5,Reg,0,20,71.0,26.11993393300743,50720.0,5.4,6.0,2009,6,Q2,1Fam,0
120000.0,1340,3,1.0,50,1.0,0.0,5,9060,7,0,252.0,0.0,0.0,1340,1957.0,116,0,98.0,6,Reg,0,20,60.0,29.102296283256685,48910.0,6.68,3.4,2007,6,Q2,1Fam,1
125000.0,1164,3,2.0,58,1.0,1164.0,5,10880,5,0,240.0,1040.0,124.0,1164,1950.0,0,48,0.0,5,Reg,0,190,68.0,27.363846269205577,50140.0,6.494999999999999,3.6,2008,8,Q3,2fmCon,0
187643.992594193,1513,4,2.0,30,2.0,0.0,5,7007,8,0,400.0,0.0,0.0,1513,1979.0,0,0,0.0,5,Reg,0,90,64.0,26.11993393300743,50720.0,5.4,6.0,2009,6,Q2,Duplex,0
158000.0,1352,4,1.5,41,1.0,663.0,6,9364,7,689,299.0,371.0,292.0,663,1969.0,379,36,143.0,7,Reg,0,60,80.0,25.221608273812684,49020.0,4.965,5.2,2010,3,Q1,1Fam,0
151713.38474815,987,2,2.5,36,1.0,483.0,6,1680,5,504,264.0,254.0,229.0,483,1973.0,0,0,504.0,5,Reg,0,160,21.0,26.11993393300743,50720.0,5.2,5.6,2009,7,Q3,Twnhs,0
173186.215014436,1373,3,2.0,32,2.0,1319.0,5,7424,5,0,591.0,1319.0,0.0,1373,1978.0,0,0,0.0,5,IR1,0,90,68.0,25.221608273812684,49020.0,4.885,4.3,2010,5,Q2,Duplex,0
212900.0,1552,3,2.0,1,3.0,1552.0,7,10084,7,0,782.0,24.0,1528.0,1552,2005.0,144,20,196.0,5,Reg,0,20,84.0,30.85894600589856,48130.0,6.765000000000001,2.8,2006,7,Q3,1Fam,1
135000.0,1656,3,2.5,93,1.0,660.0,5,10410,8,704,180.0,0.0,660.0,808,1916.0,0,0,0.0,7,Reg,0,50,60.0,26.11993393300743,50720.0,5.18,5.6,2009,8,Q3,1Fam,1
305000.0,2262,4,3.5,5,3.0,1482.0,8,12244,10,780,749.0,871.0,611.0,1482,2003.0,168,0,226.0,5,Reg,0,60,85.0,27.363846269205577,50140.0,6.494999999999999,3.6,2008,8,Q3,1Fam,0
180770.649792036,2497,2,3.0,26,2.0,2461.0,8,17778,7,0,676.0,1632.0,0.0,2497,1981.0,266,0,0.0,5,IR1,0,20,94.0,29.102296283256685,48910.0,6.16,2.9,2007,3,Q1,1Fam,0
285000.0,2872,4,2.5,15,2.0,1683.0,8,10678,9,743,541.0,700.0,983.0,2129,1992.0,0,33,337.0,5,Reg,0,50,85.0,29.102296283256685,48910.0,6.17,2.8,2007,4,Q2,1Fam,1
183884.65246539,1260,3,3.0,25,2.0,1260.0,7,10825,6,0,598.0,747.0,513.0,1260,1983.0,152,0,174.0,7,IR1,0,20,68.0,27.363846269205577,50140.0,6.37,3.6,2008,7,Q3,1Fam,0
183463.17030026,1054,3,1.0,61,1.0,1046.0,5,9488,6,0,240.0,0.0,1046.0,1054,1947.0,0,60,0.0,6,Reg,0,20,82.0,27.363846269205577,50140.0,6.01,3.0,2008,9,Q3,1Fam,1
75500.0,630,1,2.0,38,0.0,630.0,4,1491,3,0,0.0,150.0,0.0,630,1979.0,96,24,0.0,6,Reg,0,180,21.0,25.221608273812684,49020.0,4.885,4.3,2010,5,Q2,TwnhsE,0
172070.659229164,1187,3,3.0,18,2.0,1168.0,6,7980,6,0,420.0,935.0,233.0,1187,1992.0,483,21,0.0,7,IR1,0,20,68.0,25.221608273812684,49020.0,4.965,5.2,2010,3,Q1,1Fam,1
182584.280198283,1680,3,3.0,15,2.0,886.0,6,8480,7,794,474.0,602.0,284.0,886,1993.0,144,96,120.0,5,IR1,0,60,50.0,27.363846269205577,50140.0,6.1,2.9,2008,10,Q4,1Fam,1
337500.0,1718,3,3.0,3,3.0,1700.0,10,12456,7,0,786.0,1172.0,528.0,1718,2008.0,216,48,230.0,5,Reg,0,20,96.0,26.11993393300743,50720.0,5.2,5.6,2009,7,Q3,1Fam,1
242000.0,2069,4,3.0,48,2.0,585.0,7,27650,9,0,505.0,425.0,160.0,2069,1960.0,0,0,0.0,7,IR2,0,20,313.0,27.363846269205577,50140.0,6.09,3.1,2008,11,Q4,1Fam,1
134432.0,1588,4,2.0,49,2.0,0.0,4,17120,7,468,680.0,0.0,0.0,1120,1991.0,0,59,0.0,4,Reg,0,50,80.0,27.363846269205577,50140.0,6.37,3.6,2008,7,Q3,1Fam,0
178498.634450214,1040,3,2.0,28,2.0,960.0,6,7176,6,0,616.0,794.0,166.0,1040,1979.0,131,0,200.0,6,IR1,180,80,68.0,30.85894600589856,48130.0,6.765000000000001,2.8,2006,7,Q3,1Fam,0
168864.404664512,1540,3,1.5,103,0.0,572.0,5,6000,7,656,0.0,0.0,572.0,884,1979.0,240,77,0.0,9,Reg,0,70,60.0,27.363846269205577,50140.0,5.88,3.1,2008,2,Q1,1Fam,1
140000.0,848,1,2.0,6,2.0,848.0,6,4435,4,0,420.0,685.0,163.0,848,2003.0,140,0,170.0,5,Reg,0,120,68.0,26.11993393300743,50720.0,4.85,5.0,2009,5,Q2,TwnhsE,0
181578.684951827,2180,3,1.5,92,2.0,1138.0,6,10320,7,1042,720.0,375.0,763.0,1138,2006.0,0,0,0.0,5,Reg,0,50,60.0,29.102296283256685,48910.0,6.21,2.8,2007,5,Q2,1Fam,1
222000.0,1680,3,3.0,21,2.0,880.0,6,21695,5,0,540.0,808.0,72.0,1680,1988.0,292,44,260.0,9,IR1,0,20,68.0,26.11993393300743,50720.0,4.94,5.1,2009,12,Q4,1Fam,1
109500.0,784,2,2.0,84,0.0,784.0,5,6130,5,0,0.0,784.0,0.0,784,1979.0,0,0,0.0,6,Reg,0,45,50.0,27.363846269205577,50140.0,6.05,3.0,2008,5,Q2,1Fam,1
148800.0,1102,2,2.5,3,2.0,551.0,7,5105,4,551,480.0,239.0,312.0,551,2004.0,0,60,0.0,5,IR2,0,160,68.0,29.102296283256685,48910.0,6.16,2.9,2007,3,Q1,TwnhsE,0
181150.551679116,1518,2,2.0,68,0.0,1580.0,5,19550,5,0,0.0,1035.0,545.0,1518,1979.0,0,39,0.0,7,Reg,0,30,85.0,27.363846269205577,50140.0,5.69,3.3,2008,1,Q1,1Fam,1
143000.0,1214,3,2.0,40,1.0,1214.0,5,10355,5,0,318.0,695.0,519.0,1214,1967.0,0,111,196.0,5,IR1,0,20,68.0,29.102296283256685,48910.0,6.710000000000001,3.0,2007,7,Q3,1Fam,0
135000.0,2080,5,2.5,38,2.0,1040.0,5,11606,9,1040,504.0,650.0,390.0,1040,1969.0,335,0,192.0,5,IR1,0,60,70.0,29.102296283256685,48910.0,6.38,2.8,2007,9,Q3,1Fam,0
192000.0,1638,3,3.5,10,2.0,943.0,6,9042,7,695,472.0,828.0,115.0,943,1998.0,100,38,0.0,5,IR1,0,60,59.0,27.363846269205577,50140.0,6.37,3.6,2008,7,Q3,1Fam,0
157437.192820581,1626,2,2.5,5,2.0,764.0,7,2448,6,862,474.0,0.0,764.0,764,2003.0,0,27,106.0,5,Reg,0,160,36.0,27.363846269205577,50140.0,6.1,2.9,2008,10,Q4,Twnhs,1
139169.86642879,988,1,2.0,35,1.0,462.0,4,1596,4,462,297.0,437.0,25.0,526,1973.0,0,101,0.0,6,Reg,0,180,21.0,27.363846269205577,50140.0,6.37,3.6,2008,7,Q3,Twnhs,0
280000.0,1836,3,3.0,5,3.0,1836.0,8,11362,7,0,862.0,1039.0,797.0,1836,2004.0,125,185,42.0,5,IR1,0,20,107.0,26.11993393300743,50720.0,5.005000000000001,5.2,2009,3,Q1,1Fam,1
193440.372174434,1759,3,3.5,17,2.0,1449.0,7,16698,7,815,525.0,800.0,649.0,944,1992.0,150,193,0.0,5,IR1,0,60,68.0,26.11993393300743,50720.0,5.4,6.0,2009,6,Q2,1Fam,1
189959.344795118,1499,3,2.5,11,2.0,781.0,6,12438,6,704,473.0,0.0,781.0,795,1995.0,413,91,68.0,5,IR1,0,60,65.0,30.85894600589856,48130.0,6.52,2.6,2006,8,Q3,1Fam,0
52000.0,729,2,1.0,73,0.0,270.0,3,4130,5,0,0.0,0.0,270.0,729,1979.0,0,0,0.0,6,IR1,0,30,56.0,27.363846269205577,50140.0,6.37,3.6,2008,7,Q3,1Fam,1
80000.0,630,1,2.0,39,1.0,630.0,4,1477,3,0,286.0,509.0,121.0,630,1970.0,0,0,0.0,4,Reg,0,180,21.0,26.11993393300743,50720.0,4.8,4.9,2009,4,Q2,TwnhsE,0
164786.741540638,732,2,2.0,57,1.0,732.0,5,7200,4,0,240.0,630.0,0.0,732,1952.0,0,68,0.0,7,Reg,0,20,60.0,26.11993393300743,50720.0,5.055,4.7,2009,9,Q3,1Fam,0
188985.371708134,1882,4,2.0,28,2.0,0.0,6,8250,8,918,612.0,0.0,0.0,964,1981.0,0,0,0.0,7,Reg,0,90,75.0,26.11993393300743,50720.0,4.85,5.0,2009,5,Q2,Duplex,0
194822.365690957,1384,3,3.0,12,2.0,1348.0,5,14137,7,0,404.0,450.0,898.0,1384,1996.0,0,39,0.0,5,IR1,0,20,53.0,27.363846269205577,50140.0,6.09,3.1,2008,11,Q4,1Fam,1
192458.431539585,2799,3,3.5,13,3.0,1286.0,8,12585,8,1234,704.0,247.0,0.0,1565,1993.0,432,136,420.0,5,IR1,0,60,68.0,30.85894600589856,48130.0,6.365,2.4,2006,10,Q4,1Fam,0
164968.947931153,968,2,1.0,51,1.0,0.0,4,8626,5,0,331.0,0.0,0.0,968,1956.0,0,0,1.0,6,Reg,0,20,52.0,29.102296283256685,48910.0,6.21,2.8,2007,5,Q2,1Fam,0
129900.0,816,2,2.0,49,1.0,816.0,5,7100,5,0,308.0,708.0,108.0,816,1957.0,0,0,0.0,7,IR1,0,20,73.0,30.85894600589856,48130.0,6.765000000000001,2.8,2006,7,Q3,1Fam,0
178740.0,1414,2,2.0,2,2.0,1375.0,7,3072,6,0,398.0,0.0,1375.0,1414,2004.0,144,20,18.0,5,Reg,0,120,68.0,30.85894600589856,48130.0,6.595,2.4,2006,5,Q2,TwnhsE,0
137900.0,2136,4,2.0,55,2.0,2136.0,5,10680,7,0,528.0,756.0,1380.0,2136,1951.0,0,30,44.0,3,Reg,0,20,89.0,30.85894600589856,48130.0,6.365,2.4,2006,10,Q4,1Fam,0
172386.297919134,1142,3,1.0,85,1.0,468.0,5,6000,6,320,320.0,220.0,248.0,822,1924.0,0,0,444.0,5,Reg,0,50,60.0,26.11993393300743,50720.0,5.4,6.0,2009,6,Q2,1Fam,1
175942.474593632,1285,3,1.5,80,2.0,861.0,6,7000,6,424,506.0,374.0,487.0,861,1950.0,96,0,0.0,7,Reg,0,50,50.0,30.85894600589856,48130.0,6.595,2.4,2006,5,Q2,1Fam,1
186328.880047186,1218,4,1.5,34,1.0,672.0,6,2058,7,546,264.0,0.0,672.0,672,1973.0,0,28,265.0,5,Reg,0,160,21.0,29.102296283256685,48910.0,6.125,3.0,2007,12,Q4,Twnhs,0
191849.439072822,1645,4,2.0,39,2.0,715.0,6,9600,7,715,441.0,329.0,386.0,930,1971.0,0,78,0.0,6,Reg,0,60,80.0,25.221608273812684,49020.0,4.734999999999999,5.0,2010,6,Q2,1Fam,0
106000.0,1302,3,2.5,37,2.0,630.0,5,2016,6,672,440.0,0.0,630.0,630,1970.0,0,0,304.0,5,Reg,0,160,24.0,29.102296283256685,48910.0,6.17,2.8,2007,4,Q2,TwnhsE,0
161157.177744039,1229,2,3.0,30,2.0,1094.0,5,7040,6,0,672.0,1094.0,0.0,1229,1979.0,120,0,216.0,5,Reg,0,90,64.0,26.11993393300743,50720.0,5.4,6.0,2009,6,Q2,Duplex,0
202500.0,1621,3,3.0,22,2.0,1208.0,7,14145,8,0,440.0,213.0,995.0,1621,1984.0,108,45,0.0,7,Reg,0,20,91.0,30.85894600589856,48130.0,6.595,2.4,2006,5,Q2,1Fam,1
221813.00948166,1474,3,1.0,56,2.0,1632.0,6,31220,7,0,495.0,0.0,1632.0,1474,1952.0,0,0,0.0,2,IR1,0,20,68.0,27.363846269205577,50140.0,6.05,3.0,2008,5,Q2,1Fam,0
180539.88079815,1380,3,1.5,46,1.0,1380.0,6,10143,6,0,364.0,384.0,996.0,1380,1963.0,0,0,295.0,7,Reg,216,20,83.0,26.11993393300743,50720.0,5.4,6.0,2009,6,Q2,1Fam,0
181612.141603756,1772,3,2.5,97,2.0,725.0,8,10337,7,863,816.0,0.0,725.0,909,1992.0,0,0,0.0,9,IR1,0,70,68.0,29.102296283256685,48910.0,6.21,2.8,2007,5,Q2,1Fam,1
167926.839083612,816,2,2.0,72,1.0,816.0,6,8550,4,0,240.0,574.0,242.0,816,1949.0,228,0,0.0,8,Reg,0,30,60.0,30.85894600589856,48130.0,6.765000000000001,2.8,2006,7,Q3,1Fam,1
179598.085818785,1511,3,3.0,13,3.0,1401.0,8,11454,6,0,811.0,770.0,631.0,1511,1995.0,168,42,302.0,5,IR2,0,80,68.0,27.363846269205577,50140.0,5.88,3.1,2008,2,Q1,1Fam,0
195499.830115336,1427,4,2.5,39,2.0,1427.0,6,11104,7,0,516.0,828.0,599.0,1427,1969.0,0,0,0.0,6,IR1,216,80,68.0,27.363846269205577,50140.0,6.05,3.0,2008,5,Q2,1Fam,0
205328.078219268,1640,3,1.0,56,2.0,0.0,5,21370,7,0,394.0,0.0,0.0,1640,1950.0,0,0,0.0,5,Reg,0,20,100.0,30.85894600589856,48130.0,6.67,3.1,2006,6,Q2,1Fam,0
137000.0,1008,2,1.0,52,1.0,1008.0,5,11425,4,0,275.0,486.0,522.0,1008,1954.0,0,0,0.0,6,IR1,0,20,68.0,30.85894600589856,48130.0,6.765000000000001,2.8,2006,7,Q3,1Fam,0
167900.0,1611,4,2.5,44,2.0,780.0,6,9760,7,813,442.0,674.0,0.0,798,1964.0,328,128,360.0,6,Reg,189,60,80.0,27.363846269205577,50140.0,6.37,3.7,2008,6,Q2,1Fam,0
124500.0,816,2,1.0,25,1.0,816.0,5,8314,5,0,264.0,546.0,270.0,816,1982.0,168,0,0.0,7,Reg,0,20,76.0,29.102296283256685,48910.0,6.68,3.4,2007,6,Q2,1Fam,0
191905.870131966,1200,4,1.0,78,0.0,780.0,5,8155,7,420,0.0,0.0,780.0,780,1979.0,0,0,0.0,7,Reg,0,50,58.0,27.363846269205577,50140.0,6.37,3.6,2008,7,Q3,1Fam,1
148500.0,1002,3,2.0,39,2.0,1002.0,5,8750,5,0,902.0,828.0,174.0,1002,1973.0,0,0,76.0,6,IR1,0,20,68.0,26.11993393300743,50720.0,5.18,5.6,2009,8,Q3,1Fam,0
178000.0,1732,3,2.5,25,2.0,741.0,6,9206,7,755,476.0,0.0,741.0,977,1985.0,192,46,336.0,5,Reg,0,60,77.0,25.221608273812684,49020.0,4.734999999999999,5.0,2010,6,Q2,1Fam,0
151133.706960953,1080,2,2.5,7,2.0,530.0,7,2403,4,550,496.0,244.0,286.0,530,2003.0,0,50,0.0,5,IR1,0,160,68.0,25.221608273812684,49020.0,4.734999999999999,5.0,2010,6,Q2,TwnhsE,0
180983.443844799,1059,3,2.0,40,1.0,1059.0,5,9000,6,0,286.0,773.0,286.0,1059,1966.0,0,88,0.0,6,Reg,0,20,75.0,30.85894600589856,48130.0,6.67,3.1,2006,6,Q2,1Fam,0
215000.0,1656,3,2.0,50,2.0,1080.0,6,31770,7,0,528.0,639.0,441.0,1656,1960.0,210,62,112.0,5,IR1,0,20,141.0,25.221608273812684,49020.0,4.885,4.3,2010,5,Q2,1Fam,0
115000.0,789,2,1.0,60,1.0,789.0,5,6000,5,0,250.0,104.0,516.0,789,1948.0,0,0,0.0,5,Reg,0,20,50.0,27.363846269205577,50140.0,5.88,2.7,2008,4,Q2,1Fam,1
139010.847766793,1256,1,2.5,1,2.0,1145.0,6,4217,5,0,641.0,962.0,183.0,1256,2008.0,0,169,252.0,5,IR1,0,120,68.0,26.11993393300743,50720.0,5.005000000000001,5.2,2009,3,Q1,TwnhsE,0
179423.751581665,1580,3,2.5,51,2.0,1244.0,6,10032,6,0,440.0,734.0,510.0,1580,1956.0,0,28,432.0,5,Reg,160,20,80.0,25.221608273812684,49020.0,4.734999999999999,5.0,2010,6,Q2,1Fam,0
187709.555003968,874,3,2.0,38,1.0,864.0,5,10172,5,0,288.0,441.0,423.0,874,1968.0,0,120,0.0,7,IR1,0,20,58.0,30.85894600589856,48130.0,6.365,2.4,2006,10,Q4,1Fam,1
178344.62451356,1720,3,2.5,6,2.0,840.0,7,8010,7,880,400.0,0.0,840.0,840,2002.0,138,48,0.0,5,IR1,0,60,68.0,27.363846269205577,50140.0,6.37,3.6,2008,7,Q3,1Fam,1
188997.797082492,1273,3,1.0,96,1.0,616.0,4,11388,5,218,275.0,0.0,616.0,1055,1910.0,212,0,0.0,7,Reg,0,50,76.0,30.85894600589856,48130.0,6.415,2.6,2006,9,Q3,1Fam,1
204264.39284654,2480,5,2.5,69,2.0,920.0,7,8145,13,1240,400.0,246.0,674.0,1240,1940.0,0,0,0.0,6,IR1,0,90,68.0,26.11993393300743,50720.0,5.2,5.6,2009,7,Q3,Duplex,1
183004.186769318,1008,3,1.0,41,1.0,1008.0,5,12518,6,0,384.0,532.0,476.0,1008,1968.0,144,0,182.0,7,IR1,0,20,75.0,26.11993393300743,50720.0,4.8,4.9,2009,4,Q2,1Fam,0
185968.161159774,1117,3,2.0,31,2.0,1029.0,6,9638,6,0,542.0,368.0,541.0,1117,1977.0,292,0,0.0,6,IR1,0,80,68.0,27.363846269205577,50140.0,6.09,3.1,2008,11,Q4,1Fam,0
175648.484325498,1324,3,2.5,31,2.0,1228.0,7,8991,5,0,585.0,624.0,0.0,1324,1976.0,407,36,130.0,6,IR1,0,80,64.0,29.102296283256685,48910.0,6.29,3.0,2007,2,Q1,1Fam,0
174354.336267919,1884,3,3.5,6,2.0,926.0,7,7000,7,868,581.0,622.0,304.0,1016,2003.0,0,35,0.0,5,Reg,0,60,70.0,26.11993393300743,50720.0,5.4,6.0,2009,6,Q2,1Fam,0
175901.787841278,1609,3,2.5,13,2.0,754.0,6,8453,6,855,525.0,362.0,392.0,754,1995.0,0,70,38.0,5,IR1,0,60,65.0,27.363846269205577,50140.0,5.88,2.7,2008,4,Q2,1Fam,0
189000.0,1228,2,3.0,20,2.0,1228.0,8,4671,5,0,472.0,767.0,461.0,1228,1988.0,168,120,0.0,5,IR1,0,120,40.0,27.363846269205577,50140.0,6.1,2.9,2008,10,Q4,TwnhsE,1
185000.0,1718,3,2.5,11,2.0,832.0,7,10141,7,833,427.0,0.0,832.0,885,1998.0,0,94,40.0,5,IR1,291,60,74.0,26.11993393300743,50720.0,4.94,5.1,2009,12,Q4,1Fam,0
151422.116936538,1055,2,2.0,29,1.0,1061.0,7,2304,4,0,319.0,632.0,423.0,1055,1978.0,108,32,0.0,7,Reg,0,120,24.0,29.102296283256685,48910.0,6.17,2.8,2007,4,Q2,Twnhs,0
135751.318892816,936,0,2.5,11,2.0,920.0,6,6710,3,0,460.0,16.0,0.0,936,1996.0,0,40,134.0,5,IR1,0,120,62.0,29.102296283256685,48910.0,6.68,3.4,2007,6,Q2,TwnhsE,1
178980.874331431,998,3,1.0,62,2.0,0.0,4,9000,5,0,460.0,0.0,0.0,998,1952.0,0,0,0.0,7,Reg,0,20,68.0,29.102296283256685,48910.0,6.21,2.8,2007,5,Q2,1Fam,1
185563.069082422,1064,3,1.5,39,2.0,1064.0,5,11327,6,0,528.0,779.0,285.0,1064,1967.0,314,48,305.0,6,IR1,0,20,68.0,30.85894600589856,48130.0,6.67,3.1,2006,6,Q2,1Fam,0
374000.0,1792,2,3.0,3,3.0,1792.0,9,11846,6,0,874.0,1567.0,225.0,1792,2003.0,206,49,562.0,5,IR1,0,20,72.0,30.85894600589856,48130.0,6.52,2.6,2006,8,Q3,1Fam,1
185421.046498812,1269,3,1.5,46,1.0,621.0,6,9360,7,648,280.0,324.0,297.0,621,1962.0,0,236,216.0,8,Reg,0,60,50.0,27.363846269205577,50140.0,6.09,3.1,2008,11,Q4,1Fam,1
163602.512172832,1844,3,2.0,110,1.0,709.0,4,4800,9,687,240.0,48.0,661.0,1157,1900.0,84,0,771.0,5,Reg,0,50,60.0,25.221608273812684,49020.0,5.025,5.5,2010,1,Q1,1Fam,1
178553.558537021,960,3,2.0,45,1.0,960.0,5,9239,6,0,300.0,634.0,326.0,960,1963.0,168,0,0.0,8,Reg,0,20,94.0,27.363846269205577,50140.0,6.05,3.0,2008,5,Q2,1Fam,1
175502.918109444,2461,3,2.0,58,2.0,1140.0,5,9724,7,532,400.0,670.0,470.0,1929,1994.0,0,0,265.0,7,Reg,0,50,68.0,25.221608273812684,49020.0,4.965,5.2,2010,3,Q1,1Fam,1
169979.323958443,1717,2,1.5,66,1.0,901.0,5,12400,7,592,410.0,602.0,299.0,1125,1940.0,0,0,0.0,6,Reg,113,50,80.0,30.85894600589856,48130.0,6.25,3.0,2006,2,Q1,1Fam,1
180929.622876974,1659,3,2.5,6,2.0,831.0,7,11920,8,828,484.0,0.0,831.0,831,2004.0,144,68,122.0,5,Reg,0,60,70.0,25.221608273812684,49020.0,5.07,4.3,2010,4,Q2,1Fam,0
163000.0,1261,3,2.0,50,2.0,1261.0,6,9120,6,0,433.0,662.0,599.0,1261,1958.0,0,0,0.0,6,Reg,288,20,76.0,27.363846269205577,50140.0,6.09,3.1,2008,11,Q4,1Fam,0
172846.934955574,1005,2,1.0,50,1.0,1005.0,5,11050,6,0,319.0,488.0,517.0,1005,1956.0,0,0,0.0,5,Reg,288,20,65.0,30.85894600589856,48130.0,6.765000000000001,2.8,2006,7,Q3,1Fam,0
180728.168562655,1436,3,2.0,1,2.0,1436.0,7,7993,6,0,529.0,0.0,1436.0,1436,2008.0,0,121,0.0,5,IR1,0,20,90.0,26.11993393300743,50720.0,4.94,4.4,2009,10,Q4,1Fam,1
170129.531364292,1216,3,2.0,88,1.0,565.0,5,5520,6,651,355.0,68.0,497.0,565,1920.0,0,0,0.0,7,IR1,0,50,60.0,27.363846269205577,50140.0,5.88,2.7,2008,4,Q2,1Fam,1
194650.210979875,1930,4,3.5,28,2.0,780.0,7,11339,9,845,481.0,758.0,22.0,1085,1979.0,192,72,549.0,5,IR1,0,60,61.0,29.102296283256685,48910.0,6.16,2.9,2007,3,Q1,1Fam,0
174179.824771856,2014,3,2.5,6,2.0,912.0,7,9157,9,942,486.0,0.0,912.0,1072,2003.0,124,114,0.0,5,IR1,0,60,75.0,26.11993393300743,50720.0,5.115,5.1,2009,2,Q1,1Fam,0
150000.0,1620,3,3.0,33,2.0,1281.0,4,9991,8,0,490.0,1116.0,165.0,1620,1993.0,120,78,0.0,4,IR1,0,20,68.0,26.11993393300743,50720.0,5.4,6.0,2009,6,Q2,1Fam,1
158900.0,1386,3,2.5,32,2.0,672.0,6,11616,6,714,440.0,438.0,234.0,672,1978.0,335,0,328.0,5,IR1,0,60,68.0,25.221608273812684,49020.0,5.07,4.3,2010,4,Q2,1Fam,0
169878.515981342,876,3,1.0,50,1.0,876.0,4,6410,5,0,320.0,332.0,301.0,876,1959.0,0,0,0.0,5,Reg,0,20,64.0,26.11993393300743,50720.0,5.005000000000001,5.2,2009,3,Q1,1Fam,0
181507.721372455,2009,4,2.0,69,2.0,989.0,7,6240,7,764,400.0,300.0,449.0,1245,1939.0,0,20,0.0,5,Reg,0,50,52.0,27.363846269205577,50140.0,5.69,3.3,2008,1,Q1,1Fam,1
191945.808027777,1320,3,2.5,38,2.0,1232.0,6,16500,5,0,495.0,962.0,270.0,1320,1971.0,0,20,509.0,5,Reg,0,85,68.0,26.11993393300743,50720.0,4.85,5.0,2009,5,Q2,1Fam,0
94750.0,960,3,2.0,42,1.0,960.0,4,10921,6,0,432.0,520.0,440.0,960,1965.0,120,0,48.0,5,Reg,0,20,73.0,29.102296283256685,48910.0,6.21,2.8,2007,5,Q2,1Fam,0
125500.0,1360,2,1.5,68,1.0,803.0,5,7200,6,557,297.0,0.0,803.0,803,1951.0,0,65,0.0,6,Reg,0,50,60.0,30.85894600589856,48130.0,6.765000000000001,2.8,2006,7,Q3,1Fam,1
180106.84373966,1491,3,2.0,5,2.0,1491.0,8,9116,7,0,490.0,0.0,1491.0,1491,2001.0,120,100,0.0,5,Reg,0,20,70.0,30.85894600589856,48130.0,6.595,2.4,2006,5,Q2,1Fam,0
175000.0,1464,3,2.5,46,2.0,520.0,5,12886,6,0,480.0,444.0,76.0,1464,1997.0,302,0,0.0,6,IR1,100,80,70.0,26.11993393300743,50720.0,4.94,4.4,2009,10,Q4,1Fam,1
135500.0,980,3,2.0,39,1.0,980.0,5,9750,6,0,384.0,400.0,100.0,980,1967.0,68,0,0.0,5,Reg,0,80,75.0,30.85894600589856,48130.0,6.365,2.4,2006,10,Q4,1Fam,0
180718.581707643,1837,3,2.5,9,2.0,941.0,6,8304,7,896,688.0,0.0,941.0,941,1997.0,150,165,0.0,5,IR1,0,60,70.0,30.85894600589856,48130.0,6.765000000000001,2.8,2006,7,Q3,1Fam,1
178903.295931891,1382,3,1.5,54,1.0,1382.0,5,8750,6,0,350.0,172.0,727.0,1382,1955.0,280,0,0.0,5,Reg,0,20,70.0,26.11993393300743,50720.0,5.2,5.6,2009,7,Q3,1Fam,0
178238.60191545,1040,3,2.0,48,1.0,1040.0,5,7500,6,0,286.0,574.0,466.0,1040,1959.0,0,0,0.0,7,Reg,0,20,68.0,29.102296283256685,48910.0,6.710000000000001,3.0,2007,7,Q3,1Fam,1
172580.381161499,1245,3,1.0,90,1.0,1008.0,5,8239,6,185,315.0,176.0,832.0,1060,1962.0,0,0,0.0,6,Reg,0,50,68.0,25.221608273812684,49020.0,4.965,5.2,2010,3,Q1,1Fam,1
175522.026925727,2237,3,2.5,29,2.0,712.0,6,9839,7,862,440.0,462.0,250.0,1375,1980.0,305,24,0.0,8,IR1,0,60,68.0,26.11993393300743,50720.0,5.115,5.1,2009,2,Q1,1Fam,1
165399.62450704,914,2,2.0,30,2.0,914.0,5,6950,5,0,444.0,710.0,132.0,914,1979.0,0,0,40.0,7,IR1,0,20,76.0,26.11993393300743,50720.0,4.94,4.4,2009,10,Q4,1Fam,0
141000.0,1080,3,2.0,4,0.0,1080.0,7,7500,6,0,0.0,680.0,400.0,1080,1979.0,0,0,120.0,5,Reg,0,20,63.0,27.363846269205577,50140.0,5.88,2.7,2008,4,Q2,1Fam,1
166790.457916434,672,2,1.0,81,0.0,432.0,4,8534,4,0,0.0,0.0,432.0,672,1979.0,0,0,0.0,4,Reg,0,30,61.0,30.85894600589856,48130.0,6.67,3.1,2006,6,Q2,1Fam,1
183601.647387418,1404,3,2.0,40,2.0,1188.0,5,13383,7,0,504.0,594.0,594.0,1404,1969.0,0,16,176.0,5,IR1,0,20,83.0,26.11993393300743,50720.0,5.005000000000001,5.2,2009,3,Q1,1Fam,1
158995.770555632,1031,2,2.0,57,1.0,1031.0,5,7626,5,0,230.0,931.0,100.0,1031,1952.0,0,0,0.0,8,Reg,0,20,60.0,26.11993393300743,50720.0,5.005000000000001,5.2,2009,3,Q1,1Fam,1
163539.327185998,796,2,1.5,37,1.0,796.0,5,7689,4,0,336.0,720.0,0.0,796,1998.0,138,0,0.0,8,IR1,0,85,50.0,26.11993393300743,50720.0,5.2,5.6,2009,7,Q3,1Fam,0
335000.0,2519,4,3.5,17,2.0,1210.0,7,26178,9,1281,628.0,965.0,245.0,1238,1989.0,320,27,293.0,5,IR1,0,60,42.0,30.85894600589856,48130.0,6.51,2.4,2006,4,Q2,1Fam,1
155000.0,1052,3,2.0,39,2.0,1010.0,6,8816,6,0,440.0,504.0,506.0,1052,1971.0,0,0,80.0,7,Reg,0,80,80.0,25.221608273812684,49020.0,4.734999999999999,5.0,2010,6,Q2,1Fam,0
250000.0,2784,5,4.5,28,2.0,1392.0,7,16692,12,1392,564.0,790.0,133.0,1392,1978.0,0,112,184.0,5,IR1,440,60,80.0,30.85894600589856,48130.0,6.765000000000001,2.8,2006,7,Q3,1Fam,0
172482.165792649,733,2,1.0,56,2.0,0.0,1,14584,4,0,487.0,0.0,0.0,733,1952.0,0,0,0.0,5,Reg,0,20,80.0,27.363846269205577,50140.0,5.88,3.1,2008,2,Q1,1Fam,0
176391.829390125,1604,3,2.5,11,2.0,926.0,6,8702,7,678,470.0,706.0,220.0,926,1997.0,0,36,0.0,5,IR1,0,60,72.0,27.363846269205577,50140.0,5.88,2.7,2008,4,Q2,1Fam,1
150778.958976731,1191,2,2.0,21,2.0,1191.0,8,3907,5,0,531.0,76.0,1115.0,1191,1989.0,112,81,0.0,5,IR1,0,120,35.0,25.221608273812684,49020.0,4.965,5.2,2010,3,Q1,TwnhsE,0
184795.783735112,2100,3,3.5,0,3.0,918.0,8,9709,8,1142,786.0,778.0,140.0,958,2007.0,172,104,120.0,5,IR1,0,60,82.0,29.102296283256685,48910.0,6.38,2.8,2007,9,Q3,1Fam,0
174176.391640607,964,3,1.0,46,2.0,964.0,5,8243,5,0,784.0,700.0,264.0,964,1985.0,170,0,56.0,7,IR1,0,20,76.0,29.102296283256685,48910.0,6.29,3.0,2007,2,Q1,1Fam,0
140000.0,1164,3,1.5,37,2.0,1164.0,7,9600,6,0,528.0,0.0,1164.0,1164,1969.0,0,0,168.0,5,Reg,0,20,80.0,30.85894600589856,48130.0,6.765000000000001,2.8,2006,7,Q3,1Fam,0
184482.11308349,1764,3,2.5,9,2.0,850.0,8,11690,7,878,560.0,0.0,850.0,886,1999.0,120,29,192.0,5,IR1,0,60,96.0,27.363846269205577,50140.0,6.37,3.7,2008,6,Q2,1Fam,1
167484.744857879,1299,2,3.0,28,2.0,1001.0,6,12150,5,0,486.0,1001.0,0.0,1299,1979.0,84,0,0.0,6,IR1,0,85,68.0,29.102296283256685,48910.0,6.220000000000001,3.0,2007,1,Q1,1Fam,0
145900.0,2200,4,5.0,108,0.0,1272.0,5,8777,9,928,0.0,1084.0,188.0,1272,1979.0,0,70,0.0,7,Reg,0,90,67.0,27.363846269205577,50140.0,6.01,3.0,2008,9,Q3,Duplex,1
144000.0,1344,2,2.0,49,1.0,1024.0,5,9503,6,0,484.0,457.0,193.0,1344,1970.0,316,28,0.0,5,Reg,0,20,68.0,29.102296283256685,48910.0,6.68,3.4,2007,6,Q2,1Fam,1
128000.0,1063,3,2.0,56,1.0,1056.0,5,9920,6,0,280.0,354.0,412.0,1063,1954.0,0,0,110.0,5,Reg,0,20,80.0,25.221608273812684,49020.0,4.99,5.3,2010,2,Q1,1Fam,0
188000.0,1728,4,4.0,30,2.0,1728.0,5,9297,8,0,560.0,1606.0,122.0,1728,1976.0,0,0,0.0,5,Reg,0,90,63.0,30.85894600589856,48130.0,6.765000000000001,2.8,2006,7,Q3,Duplex,0
174518.256882082,1414,3,2.5,6,2.0,707.0,7,7750,6,707,403.0,0.0,707.0,707,2002.0,100,35,0.0,5,Reg,0,60,68.0,27.363846269205577,50140.0,5.88,2.7,2008,4,Q2,1Fam,0
180917.925148076,952,3,2.0,39,1.0,952.0,6,8300,5,0,288.0,952.0,0.0,952,1968.0,0,0,86.0,6,IR1,0,20,66.0,29.102296283256685,48910.0,6.59,3.0,2007,8,Q3,1Fam,0
151713.38474815,987,2,2.5,37,1.0,483.0,6,1680,5,504,288.0,110.0,79.0,483,1972.0,0,0,425.0,6,Reg,0,160,21.0,26.11993393300743,50720.0,5.2,5.6,2009,7,Q3,Twnhs,0
325624.0,2161,3,2.5,0,3.0,1582.0,8,10562,8,551,789.0,1288.0,294.0,1610,2007.0,178,120,300.0,5,Reg,0,60,86.0,29.102296283256685,48910.0,6.24,2.6,2007,11,Q4,1Fam,0
236500.0,1616,2,3.0,15,2.0,1595.0,8,5389,5,0,608.0,1180.0,415.0,1616,1995.0,237,152,0.0,5,IR1,0,120,39.0,25.221608273812684,49020.0,4.965,5.2,2010,3,Q1,TwnhsE,1
179188.089925259,1499,3,1.0,62,3.0,904.0,5,9000,5,595,869.0,445.0,459.0,904,1959.0,0,20,0.0,6,Reg,0,50,75.0,27.363846269205577,50140.0,6.37,3.7,2008,6,Q2,1Fam,1
335000.0,1902,3,3.0,51,2.0,1902.0,7,17500,7,0,567.0,1406.0,496.0,1902,1959.0,0,207,0.0,8,Reg,0,20,100.0,25.221608273812684,49020.0,4.885,4.3,2010,5,Q2,1Fam,1
134800.0,900,3,1.5,59,2.0,900.0,5,7200,5,0,576.0,234.0,180.0,900,2005.0,222,32,0.0,7,Reg,0,20,60.0,25.221608273812684,49020.0,4.885,4.3,2010,5,Q2,1Fam,1
166548.067241044,976,2,2.0,64,1.0,976.0,5,7288,5,0,215.0,305.0,671.0,976,1942.0,160,0,0.0,6,Reg,0,30,50.0,30.85894600589856,48130.0,6.52,2.6,2006,8,Q3,1Fam,1
174728.655998442,1803,3,4.0,16,2.0,1679.0,8,9892,6,0,482.0,1341.0,54.0,1803,1994.0,129,64,0.0,5,Reg,0,20,76.0,25.221608273812684,49020.0,4.99,5.3,2010,2,Q1,1Fam,1
207243.616023976,1620,4,2.0,41,2.0,1620.0,7,15387,8,0,578.0,603.0,723.0,1620,1967.0,0,62,0.0,7,IR1,0,20,68.0,27.363846269205577,50140.0,6.494999999999999,3.6,2008,8,Q3,1Fam,0
170575.496742588,1419,2,3.0,4,2.0,1487.0,6,8773,4,0,543.0,951.0,536.0,1419,2002.0,196,68,0.0,5,IR2,0,120,26.0,30.85894600589856,48130.0,6.415,2.6,2006,9,Q3,TwnhsE,0
185000.0,1442,2,2.0,39,2.0,1442.0,6,11717,6,0,615.0,0.0,1442.0,1442,1970.0,371,0,571.0,6,IR1,0,20,68.0,26.11993393300743,50720.0,5.115,5.1,2009,2,Q1,1Fam,0
119500.0,923,3,2.0,24,1.0,876.0,5,6951,5,0,264.0,658.0,218.0,923,1984.0,362,0,0.0,5,IR1,0,20,37.0,27.363846269205577,50140.0,6.1,2.9,2008,10,Q4,1Fam,1
155000.0,1803,3,3.0,49,2.0,1134.0,5,13125,8,0,484.0,168.0,284.0,1803,1957.0,0,0,67.0,4,Reg,0,20,88.0,30.85894600589856,48130.0,6.135,3.1,2006,1,Q1,1Fam,1
165500.0,1700,4,2.0,51,2.0,1398.0,5,10552,6,0,447.0,1018.0,380.0,1700,1959.0,0,38,0.0,5,IR1,0,20,70.0,25.221608273812684,49020.0,5.07,4.3,2010,4,Q2,1Fam,0
181609.34866147,1594,3,2.5,5,2.0,846.0,7,10125,7,748,434.0,0.0,846.0,846,2004.0,300,48,0.0,5,IR1,0,60,61.0,26.11993393300743,50720.0,5.2,5.6,2009,7,Q3,1Fam,0
179074.839090732,1828,3,2.5,1,3.0,1298.0,8,10732,7,530,876.0,0.0,1298.0,1298,2006.0,0,40,0.0,5,IR1,0,60,92.0,29.102296283256685,48910.0,6.29,3.0,2007,2,Q1,1Fam,1
167500.0,1394,3,2.5,2,2.0,384.0,5,9735,7,640,400.0,0.0,384.0,754,2007.0,100,0,0.0,5,Reg,0,80,73.0,27.363846269205577,50140.0,6.05,3.0,2008,5,Q2,1Fam,1
170000.0,1328,2,2.0,48,1.0,1350.0,5,16905,5,0,308.0,967.0,383.0,1328,1959.0,0,104,0.0,6,Reg,0,20,115.0,29.102296283256685,48910.0,6.710000000000001,3.0,2007,7,Q3,1Fam,0
199954.072465842,2400,4,3.5,6,3.0,1082.0,8,13262,10,1295,730.0,0.0,1082.0,1105,2003.0,114,40,186.0,5,IR1,0,60,96.0,26.11993393300743,50720.0,5.4,6.0,2009,6,Q2,1Fam,1
170030.807488363,1609,3,1.0,98,1.0,796.0,6,4347,7,784,228.0,0.0,796.0,825,1910.0,0,182,0.0,8,Reg,0,50,63.0,27.363846269205577,50140.0,6.37,3.7,2008,6,Q2,1Fam,1
192474.56829063,1992,3,3.5,11,2.0,860.0,7,15295,7,780,608.0,762.0,98.0,1212,1996.0,225,32,254.0,5,IR3,0,60,68.0,29.102296283256685,48910.0,6.68,3.4,2007,6,Q2,1Fam,1
182242.80926507,1964,3,2.5,1,2.0,1100.0,8,12447,8,848,760.0,0.0,1100.0,1116,2005.0,200,70,192.0,5,IR1,0,60,75.0,30.85894600589856,48130.0,6.135,3.1,2006,1,Q1,1Fam,1
180084.118941162,1639,3,1.5,63,1.0,747.0,6,9350,6,747,240.0,342.0,405.0,892,1946.0,0,50,0.0,7,Reg,0,60,50.0,26.11993393300743,50720.0,5.2,5.6,2009,7,Q3,1Fam,1
118500.0,1029,3,2.0,46,1.0,1029.0,4,7943,5,0,261.0,903.0,126.0,1029,1961.0,64,0,192.0,5,Reg,0,20,61.0,29.102296283256685,48910.0,6.17,2.8,2007,4,Q2,1Fam,0
117500.0,2210,5,2.0,127,1.0,1008.0,6,9900,8,1032,205.0,0.0,1008.0,1178,1930.0,0,48,0.0,4,Reg,0,70,90.0,29.102296283256685,48910.0,6.21,2.8,2007,5,Q2,1Fam,1
207500.0,1600,2,2.0,49,1.0,1484.0,5,16321,6,0,319.0,1277.0,207.0,1600,1957.0,288,258,0.0,6,IR1,0,20,47.0,30.85894600589856,48130.0,6.125,2.5,2006,12,Q4,1Fam,1
118000.0,1440,4,2.0,53,0.0,1440.0,4,12108,8,0,0.0,133.0,1307.0,1440,1979.0,0,0,270.0,4,Reg,0,90,92.0,27.363846269205577,50140.0,6.01,3.0,2008,9,Q3,Duplex,0
177109.589956218,2007,3,2.0,109,1.0,917.0,6,8400,8,917,357.0,0.0,917.0,1090,1930.0,0,235,0.0,7,Reg,0,70,70.0,26.11993393300743,50720.0,5.4,6.0,2009,6,Q2,1Fam,1
218676.768270367,1588,5,2.0,59,0.0,448.0,3,12205,6,0,0.0,0.0,448.0,1588,1979.0,0,0,0.0,1,Reg,0,20,103.0,27.363846269205577,50140.0,5.19,3.8,2008,12,Q4,1Fam,1
155000.0,1269,3,1.5,48,1.0,1269.0,5,7931,6,0,308.0,374.0,363.0,1269,1964.0,0,0,0.0,6,Reg,0,20,70.0,27.363846269205577,50140.0,6.37,3.7,2008,6,Q2,1Fam,0
190000.0,1166,2,3.0,3,2.0,856.0,7,9587,5,0,400.0,655.0,201.0,1166,2005.0,212,0,182.0,5,IR1,0,80,59.0,27.363846269205577,50140.0,6.37,3.6,2008,7,Q3,1Fam,0
177500.0,1494,3,1.0,67,1.0,771.0,6,7500,7,741,213.0,547.0,224.0,753,1942.0,0,0,0.0,7,IR1,224,70,68.0,26.11993393300743,50720.0,4.87,4.6,2009,11,Q4,1Fam,1
188683.160555403,1392,3,2.0,5,3.0,1441.0,5,10000,6,0,650.0,585.0,856.0,1392,2002.0,168,49,166.0,5,Reg,0,20,80.0,29.102296283256685,48910.0,6.125,3.0,2007,12,Q4,1Fam,0
157000.0,1762,4,2.5,86,2.0,596.0,7,7200,8,764,576.0,0.0,596.0,998,1989.0,36,0,0.0,7,Reg,0,70,60.0,30.85894600589856,48130.0,6.365,2.4,2006,10,Q4,1Fam,1
130000.0,1708,3,2.0,2,2.0,976.0,7,3363,7,732,380.0,0.0,976.0,976,2004.0,0,40,117.0,5,Reg,0,160,32.0,30.85894600589856,48130.0,6.51,2.4,2006,4,Q2,TwnhsE,0
185500.0,1414,3,2.0,6,2.0,1414.0,7,8773,6,0,494.0,24.0,1390.0,1414,2004.0,132,105,98.0,5,Reg,0,20,65.0,25.221608273812684,49020.0,4.885,4.3,2010,5,Q2,1Fam,0
112500.0,928,3,1.0,51,1.0,928.0,5,6000,5,0,288.0,308.0,620.0,928,1957.0,0,0,0.0,6,Reg,0,20,50.0,27.363846269205577,50140.0,6.37,3.7,2008,6,Q2,1Fam,0
106250.0,1294,3,2.0,108,0.0,0.0,4,10800,7,600,0.0,0.0,0.0,694,1979.0,220,114,0.0,7,Reg,0,190,60.0,27.363846269205577,50140.0,6.494999999999999,3.6,2008,8,Q3,2fmCon,1
164391.238182305,864,2,2.0,33,0.0,864.0,5,9350,4,0,0.0,864.0,0.0,864,1979.0,0,0,0.0,5,Reg,0,90,50.0,27.363846269205577,50140.0,5.88,2.7,2008,4,Q2,Duplex,0
101800.0,1224,2,2.0,45,2.0,0.0,4,9842,6,0,462.0,0.0,0.0,1224,1962.0,0,0,0.0,5,Reg,0,90,70.0,29.102296283256685,48910.0,6.16,2.9,2007,3,Q1,Duplex,0
196000.0,1567,2,3.0,32,2.0,1567.0,6,9819,5,0,714.0,1567.0,0.0,1567,1977.0,264,32,0.0,5,IR1,0,20,68.0,26.11993393300743,50720.0,4.85,5.0,2009,5,Q2,1Fam,0
275000.0,1742,2,3.0,21,2.0,1742.0,8,6563,5,0,564.0,1148.0,594.0,1742,1985.0,114,28,0.0,5,IR1,0,120,68.0,30.85894600589856,48130.0,6.125,2.5,2006,12,Q4,1Fam,0
163000.0,1768,2,1.5,92,2.0,880.0,7,10800,6,888,320.0,390.0,490.0,880,1914.0,0,341,0.0,7,Reg,0,75,60.0,30.85894600589856,48130.0,6.365,2.4,2006,10,Q4,1Fam,1
177503.378612934,1073,3,2.0,50,2.0,1073.0,4,6565,6,0,720.0,967.0,106.0,1073,1985.0,0,444,0.0,6,Reg,0,20,65.0,29.102296283256685,48910.0,6.59,3.0,2007,8,Q3,1Fam,1
438780.0,2945,3,3.5,0,3.0,1410.0,10,13682,10,1519,641.0,0.0,1410.0,1426,2006.0,192,0,1031.0,5,IR2,0,60,66.0,30.85894600589856,48130.0,6.365,2.4,2006,10,Q4,1Fam,0
209500.0,1554,2,2.0,1,2.0,1554.0,8,4590,6,0,627.0,24.0,1530.0,1554,2006.0,156,73,108.0,5,Reg,0,120,34.0,29.102296283256685,48910.0,6.59,3.0,2007,8,Q3,Twnhs,0
392500.0,1652,2,3.5,0,2.0,1600.0,8,5587,5,0,482.0,1480.0,120.0,1652,2008.0,162,53,186.0,5,IR1,0,120,64.0,27.363846269205577,50140.0,6.09,3.1,2008,11,Q4,TwnhsE,0
167129.598867773,1709,3,2.0,2,2.0,970.0,7,2522,7,739,380.0,0.0,970.0,970,2004.0,0,40,50.0,5,Reg,0,160,24.0,30.85894600589856,48130.0,6.595,2.4,2006,5,Q2,Twnhs,0
138000.0,816,2,2.0,26,2.0,816.0,5,6600,4,0,816.0,816.0,0.0,816,1985.0,0,0,0.0,8,Reg,0,20,60.0,27.363846269205577,50140.0,6.37,3.7,2008,6,Q2,1Fam,1
232000.0,1616,3,2.0,1,3.0,1616.0,7,8688,7,0,834.0,0.0,1616.0,1616,2005.0,208,59,228.0,5,Reg,0,20,73.0,30.85894600589856,48130.0,6.51,2.4,2006,4,Q2,1Fam,0
136000.0,2526,5,2.0,91,1.0,714.0,6,8520,10,862,216.0,168.0,0.0,1664,1916.0,88,15,0.0,7,Reg,0,50,60.0,29.102296283256685,48910.0,6.59,3.0,2007,8,Q3,1Fam,1
168743.001567144,1564,2,2.0,1,2.0,1546.0,8,8298,6,0,502.0,583.0,963.0,1564,2207.0,132,0,0.0,5,IR1,0,20,68.0,29.102296283256685,48910.0,6.38,2.8,2007,9,Q3,1Fam,1
192167.621096362,1638,4,2.0,49,1.0,967.0,6,9060,6,671,384.0,0.0,967.0,967,1957.0,0,21,327.0,5,Reg,0,50,75.0,30.85894600589856,48130.0,6.51,2.4,2006,4,Q2,1Fam,0
169759.652489529,941,2,2.0,31,2.0,941.0,5,8604,4,0,564.0,941.0,0.0,941,1978.0,0,40,124.0,7,IR1,0,90,75.0,26.11993393300743,50720.0,4.87,4.6,2009,11,Q4,Duplex,0
244400.0,2403,4,2.0,70,1.0,1032.0,7,24090,10,1196,349.0,0.0,1032.0,1207,1940.0,56,0,0.0,7,Reg,0,70,68.0,25.221608273812684,49020.0,4.734999999999999,5.0,2010,6,Q2,1Fam,1
155895.397617561,1524,2,2.5,6,2.0,756.0,6,2998,4,756,440.0,353.0,403.0,768,2000.0,0,32,513.0,5,Reg,0,160,68.0,30.85894600589856,48130.0,6.67,3.1,2006,6,Q2,TwnhsE,0
119000.0,988,3,1.0,57,1.0,876.0,5,7200,6,0,276.0,534.0,246.0,988,1950.0,0,80,0.0,7,Reg,0,20,60.0,29.102296283256685,48910.0,6.21,2.8,2007,5,Q2,1Fam,0
125500.0,902,3,1.0,40,1.0,876.0,5,6173,6,0,288.0,599.0,277.0,902,1967.0,0,0,75.0,6,IR1,0,20,68.0,29.102296283256685,48910.0,6.59,3.0,2007,8,Q3,1Fam,0
68400.0,1128,2,1.0,90,2.0,698.0,4,7500,6,430,528.0,0.0,698.0,698,1980.0,30,0,0.0,4,Reg,0,50,60.0,25.221608273812684,49020.0,5.07,4.3,2010,4,Q2,1Fam,1
186760.207965688,1542,3,3.0,0,3.0,1542.0,8,11830,6,0,852.0,1220.0,322.0,1542,2007.0,168,110,164.0,5,Reg,0,20,91.0,29.102296283256685,48910.0,6.710000000000001,3.0,2007,7,Q3,1Fam,0
187625.573271948,1422,3,2.0,55,1.0,806.0,5,12375,7,341,288.0,329.0,477.0,1081,1951.0,0,0,41.0,5,Reg,0,50,82.0,30.85894600589856,48130.0,6.67,3.1,2006,6,Q2,1Fam,0
196564.717984981,1764,4,2.5,51,1.0,0.0,5,8838,7,0,301.0,0.0,0.0,1764,1957.0,0,72,0.0,3,Reg,0,20,71.0,27.363846269205577,50140.0,6.1,2.9,2008,10,Q4,1Fam,1
178807.370559878,1119,2,3.0,3,2.0,835.0,7,16219,5,0,437.0,779.0,56.0,1119,2004.0,100,24,0.0,5,IR2,0,80,65.0,29.102296283256685,48910.0,6.17,2.8,2007,4,Q2,1Fam,1
185147.380531144,1982,3,3.5,23,2.0,572.0,6,13607,6,800,501.0,454.0,118.0,1182,1986.0,400,112,242.0,6,IR1,0,80,68.0,26.11993393300743,50720.0,4.8,4.9,2009,4,Q2,1Fam,0
424870.0,2828,4,4.0,1,3.0,1466.0,8,9965,11,1362,1052.0,1150.0,316.0,1466,2006.0,125,144,340.0,5,Reg,0,60,77.0,29.102296283256685,48910.0,6.17,2.8,2007,4,Q2,1Fam,1
186414.978214721,1326,3,3.0,2,2.0,1326.0,6,12216,6,0,388.0,918.0,408.0,1326,2005.0,120,23,0.0,5,IR1,0,20,88.0,29.102296283256685,48910.0,6.68,3.4,2007,6,Q2,1Fam,0
302000.0,1824,2,3.0,36,2.0,1643.0,7,115149,5,0,739.0,1219.0,424.0,1824,1971.0,380,48,351.0,5,IR2,0,20,68.0,29.102296283256685,48910.0,6.68,3.4,2007,6,Q2,1Fam,1
159233.941347257,1045,2,1.0,27,2.0,516.0,6,1782,5,516,462.0,330.0,186.0,529,1980.0,180,0,0.0,6,Reg,0,160,24.0,29.102296283256685,48910.0,6.125,3.0,2007,12,Q4,Twnhs,0
87000.0,1248,2,1.0,77,1.0,912.0,5,9439,6,336,160.0,324.0,588.0,912,1957.0,0,0,0.0,5,Reg,0,50,52.0,29.102296283256685,48910.0,6.16,2.9,2007,3,Q1,1Fam,1
299800.0,2715,4,4.0,32,2.0,1142.0,8,8963,11,1540,831.0,575.0,487.0,1175,1994.0,0,204,289.0,9,IR1,0,60,68.0,27.363846269205577,50140.0,6.37,3.6,2008,7,Q3,1Fam,1
168882.437104132,1453,3,1.5,68,1.0,835.0,5,6360,7,498,240.0,360.0,316.0,955,1942.0,0,0,300.0,6,Reg,148,50,53.0,25.221608273812684,49020.0,4.965,5.2,2010,3,Q1,1Fam,1
194131.012663328,2552,3,3.0,0,3.0,2552.0,9,13891,8,0,932.0,1812.0,740.0,2552,2007.0,130,28,456.0,5,Reg,0,20,107.0,29.102296283256685,48910.0,6.385,2.6,2007,10,Q4,1Fam,0
154865.359142973,1648,2,3.5,2,2.0,1596.0,8,3843,5,0,482.0,1476.0,120.0,1648,2007.0,162,53,174.0,5,IR1,0,120,44.0,26.11993393300743,50720.0,5.4,6.0,2009,6,Q2,TwnhsE,1
134000.0,1080,3,1.5,24,2.0,1084.0,6,9187,5,0,484.0,336.0,748.0,1080,1983.0,120,0,0.0,5,Reg,0,20,71.0,29.102296283256685,48910.0,6.68,3.4,2007,6,Q2,1Fam,0
153500.0,1337,2,3.0,8,2.0,1237.0,6,4500,5,0,405.0,1201.0,36.0,1337,1998.0,0,199,443.0,5,Reg,0,120,32.0,30.85894600589856,48130.0,6.34,2.7,2006,3,Q1,TwnhsE,0
163438.959094218,1026,2,2.0,33,2.0,970.0,6,8410,5,0,528.0,924.0,46.0,1026,1974.0,193,0,0.0,6,IR1,0,85,82.0,29.102296283256685,48910.0,6.17,2.8,2007,4,Q2,1Fam,0
147000.0,1122,2,2.0,60,2.0,924.0,5,12000,6,0,528.0,144.0,172.0,1122,1948.0,0,36,0.0,7,Reg,0,20,100.0,27.363846269205577,50140.0,6.05,3.0,2008,5,Q2,1Fam,1
171112.978971478,1274,3,2.0,68,1.0,728.0,5,6125,6,546,224.0,306.0,422.0,728,1939.0,0,0,0.0,7,Reg,0,50,50.0,29.102296283256685,48910.0,6.16,2.9,2007,3,Q1,1Fam,1
173733.0,1224,2,2.5,0,2.0,612.0,6,3000,4,612,528.0,294.0,318.0,612,2009.0,0,234,76.0,5,Reg,0,160,30.0,26.11993393300743,50720.0,5.4,6.0,2009,6,Q2,TwnhsE,0
105000.0,1214,3,1.0,91,3.0,672.0,3,10410,6,520,936.0,0.0,672.0,694,1998.0,216,0,0.0,4,Reg,0,50,60.0,30.85894600589856,48130.0,6.135,3.1,2006,1,Q1,1Fam,1
159397.250378784,1180,2,1.5,39,2.0,1180.0,5,7830,6,0,477.0,0.0,1180.0,1180,1970.0,0,45,0.0,5,IR1,0,20,68.0,26.11993393300743,50720.0,5.005000000000001,5.2,2009,3,Q1,1Fam,0
188108.243748841,1504,3,2.0,0,2.0,1504.0,8,10936,7,0,510.0,0.0,1504.0,1504,2006.0,144,0,60.0,5,Reg,0,20,85.0,30.85894600589856,48130.0,6.415,2.6,2006,9,Q3,1Fam,0
181000.0,1690,3,2.5,7,2.0,924.0,6,8063,7,742,463.0,0.0,924.0,948,2000.0,100,48,0.0,5,Reg,0,60,68.0,29.102296283256685,48910.0,6.24,2.6,2007,11,Q4,1Fam,0
122000.0,969,3,1.5,32,2.0,969.0,5,10356,5,0,440.0,716.0,253.0,969,1975.0,0,0,0.0,6,Reg,0,20,120.0,29.102296283256685,48910.0,6.220000000000001,3.0,2007,1,Q1,1Fam,0
203926.829353303,1740,4,2.0,0,3.0,1721.0,7,12228,8,0,874.0,0.0,1721.0,1740,2006.0,0,43,206.0,5,Reg,0,20,108.0,30.85894600589856,48130.0,6.415,2.6,2006,9,Q3,1Fam,0
395000.0,1973,3,2.0,1,3.0,1935.0,8,14226,9,0,895.0,0.0,1935.0,1973,2006.0,315,45,375.0,5,Reg,0,20,110.0,29.102296283256685,48910.0,6.710000000000001,3.0,2007,7,Q3,1Fam,0
78000.0,1192,3,1.0,89,1.0,596.0,5,6402,6,596,189.0,0.0,596.0,596,1920.0,0,0,0.0,5,Reg,0,70,60.0,26.11993393300743,50720.0,5.2,5.6,2009,7,Q3,1Fam,1
307000.0,1694,3,3.0,3,2.0,1686.0,8,10084,7,0,636.0,1369.0,317.0,1694,2004.0,255,57,186.0,5,Reg,0,20,75.0,29.102296283256685,48910.0,6.59,3.0,2007,8,Q3,1Fam,1
143000.0,1632,4,2.0,40,2.0,1632.0,5,25000,8,0,576.0,0.0,1632.0,1632,1967.0,0,0,0.0,4,Reg,0,90,100.0,29.102296283256685,48910.0,6.68,3.4,2007,6,Q2,Duplex,0
225000.0,1733,3,2.5,4,2.0,847.0,7,12394,7,886,433.0,0.0,847.0,847,2003.0,100,48,0.0,5,IR1,0,60,68.0,29.102296283256685,48910.0,6.385,2.6,2007,10,Q4,1Fam,0
108000.0,948,3,1.0,39,1.0,948.0,5,8978,6,0,300.0,0.0,948.0,948,1968.0,147,0,0.0,5,IR1,0,20,68.0,29.102296283256685,48910.0,6.21,2.8,2007,5,Q2,1Fam,0
174000.0,1484,3,2.5,4,2.0,742.0,6,12589,8,742,390.0,0.0,742.0,742,2005.0,36,24,0.0,5,IR2,0,60,149.0,26.11993393300743,50720.0,5.4,6.0,2009,6,Q2,1Fam,0
250000.0,1634,3,2.0,1,3.0,1626.0,8,11428,7,0,866.0,0.0,1626.0,1634,2006.0,0,44,248.0,5,IR1,0,20,98.0,29.102296283256685,48910.0,6.21,2.8,2007,5,Q2,1Fam,0
200100.0,1802,4,1.5,86,1.0,793.0,7,7588,9,901,216.0,352.0,441.0,901,1920.0,0,0,0.0,6,Reg,0,70,54.0,30.85894600589856,48130.0,6.765000000000001,2.8,2006,7,Q3,1Fam,1
152000.0,1616,3,2.0,81,1.0,1149.0,6,5400,5,467,216.0,370.0,779.0,1149,1926.0,0,0,0.0,7,Reg,0,40,40.0,29.102296283256685,48910.0,6.385,2.6,2007,10,Q4,1Fam,1
172414.608571812,1367,2,2.0,3,2.0,1367.0,7,12304,6,0,484.0,20.0,1347.0,1367,2005.0,0,33,144.0,5,IR3,0,120,135.0,27.363846269205577,50140.0,6.37,3.7,2008,6,Q2,TwnhsE,0
280000.0,1533,2,3.0,31,2.0,1533.0,7,70761,5,0,576.0,655.0,878.0,1533,1975.0,200,54,0.0,5,IR1,0,20,62.0,30.85894600589856,48130.0,6.125,2.5,2006,12,Q4,1Fam,0
115000.0,1304,3,1.5,32,1.0,264.0,5,2665,4,688,336.0,0.0,264.0,616,1976.0,141,24,0.0,6,Reg,0,160,68.0,27.363846269205577,50140.0,6.37,3.7,2008,6,Q2,TwnhsE,0
184199.788209911,990,3,2.0,15,1.0,990.0,5,9757,5,0,440.0,755.0,235.0,990,1995.0,66,0,0.0,7,Reg,92,20,65.0,26.11993393300743,50720.0,4.94,4.4,2009,10,Q4,1Fam,0
80000.0,1006,3,1.0,49,0.0,1006.0,5,9000,5,0,0.0,288.0,718.0,1006,1979.0,0,24,0.0,3,Reg,0,20,68.0,27.363846269205577,50140.0,6.37,3.6,2008,7,Q3,1Fam,0
203000.0,1274,3,3.0,2,2.0,1274.0,7,8814,6,0,508.0,925.0,349.0,1274,2005.0,264,98,80.0,5,Reg,0,20,68.0,29.102296283256685,48910.0,6.220000000000001,3.0,2007,1,Q1,1Fam,1
139214.952187861,848,1,2.0,4,2.0,848.0,6,4426,3,0,420.0,662.0,186.0,848,2004.0,140,0,205.0,5,Reg,0,120,68.0,27.363846269205577,50140.0,5.88,3.1,2008,2,Q1,TwnhsE,0
205000.0,1964,4,2.5,32,2.0,803.0,7,10480,8,866,483.0,403.0,400.0,1098,1976.0,0,69,660.0,6,Reg,0,60,80.0,27.363846269205577,50140.0,6.01,3.0,2008,9,Q3,1Fam,0
165229.803505847,1032,2,1.0,82,1.0,1032.0,6,7741,5,0,280.0,143.0,817.0,1032,1995.0,0,0,0.0,5,Reg,0,30,56.0,30.85894600589856,48130.0,6.67,3.1,2006,6,Q2,1Fam,1
149300.0,848,1,2.0,4,2.0,848.0,6,4426,3,0,420.0,697.0,151.0,848,2004.0,149,0,147.0,5,Reg,0,120,68.0,27.363846269205577,50140.0,6.05,3.0,2008,5,Q2,TwnhsE,0
164575.982314367,1691,2,2.0,42,2.0,1680.0,6,9900,5,0,550.0,1173.0,507.0,1691,1967.0,0,67,0.0,5,Reg,0,20,90.0,26.11993393300743,50720.0,4.8,4.9,2009,4,Q2,1Fam,0
183801.672896251,2199,3,2.5,11,2.0,1173.0,8,9660,9,1017,516.0,0.0,1173.0,1182,1997.0,0,131,1290.0,5,Reg,0,75,84.0,27.363846269205577,50140.0,6.01,3.0,2008,9,Q3,1Fam,0
199270.841200324,2283,4,2.5,6,3.0,1008.0,8,11792,9,1275,632.0,850.0,158.0,1008,2003.0,120,46,188.0,5,IR1,0,60,68.0,26.11993393300743,50720.0,5.18,5.6,2009,8,Q3,1Fam,0
173719.30379824,1382,3,2.5,11,2.0,384.0,7,8923,7,631,396.0,189.0,195.0,751,1998.0,256,0,0.0,5,IR1,0,80,57.0,26.11993393300743,50720.0,5.115,5.1,2009,2,Q1,1Fam,0
194000.0,1240,2,2.0,1,3.0,1240.0,7,8556,5,0,826.0,0.0,1240.0,1240,2006.0,140,93,0.0,5,Reg,0,20,74.0,29.102296283256685,48910.0,6.21,2.8,2007,5,Q2,1Fam,0
162039.754313997,1092,2,1.0,1,0.0,1092.0,5,9278,5,0,0.0,0.0,1092.0,1092,1979.0,0,52,0.0,5,Reg,0,20,77.0,27.363846269205577,50140.0,5.88,3.1,2008,2,Q1,1Fam,1
160144.390548579,1419,2,2.5,7,2.0,1419.0,9,4385,5,0,588.0,964.0,455.0,1419,2001.0,155,58,0.0,5,IR1,0,120,42.0,27.363846269205577,50140.0,6.01,3.0,2008,9,Q3,TwnhsE,0
158296.975970284,1337,2,2.0,6,2.0,1337.0,6,4113,5,0,511.0,0.0,1337.0,1337,2001.0,136,68,0.0,5,IR1,0,120,33.0,29.102296283256685,48910.0,6.710000000000001,3.0,2007,7,Q3,TwnhsE,0
206260.099795032,2206,4,2.5,1,3.0,1090.0,9,13975,10,1089,670.0,0.0,1090.0,1117,2005.0,148,95,525.0,5,IR1,0,60,120.0,30.85894600589856,48130.0,6.52,2.6,2006,8,Q3,1Fam,1
176170.128686742,1384,2,2.0,50,2.0,1015.0,5,13300,6,0,896.0,494.0,521.0,1384,2001.0,75,0,0.0,5,Reg,0,20,70.0,30.85894600589856,48130.0,6.67,3.1,2006,6,Q2,1Fam,1
145250.0,1383,3,1.5,46,1.0,1383.0,6,11600,7,0,292.0,565.0,818.0,1383,1960.0,0,45,175.0,5,Reg,0,20,80.0,30.85894600589856,48130.0,6.51,2.4,2006,4,Q2,1Fam,0
162900.0,1573,3,2.0,78,2.0,1078.0,5,6240,8,445,360.0,0.0,1078.0,1128,1930.0,0,0,0.0,7,Reg,0,50,52.0,27.363846269205577,50140.0,6.37,3.7,2008,6,Q2,1Fam,1
168437.776500131,948,2,1.0,55,2.0,948.0,6,10950,5,0,410.0,441.0,507.0,948,1952.0,0,48,0.0,6,Reg,0,20,60.0,29.102296283256685,48910.0,6.17,2.8,2007,4,Q2,1Fam,0
222406.642660249,1608,3,1.0,46,1.0,1396.0,4,27697,6,0,444.0,811.0,585.0,1608,1961.0,152,38,198.0,3,Reg,0,20,124.0,29.102296283256685,48910.0,6.24,2.6,2007,11,Q4,1Fam,0
237000.0,1829,3,3.5,7,2.0,941.0,7,9548,7,888,613.0,483.0,458.0,941,2003.0,192,39,223.0,6,IR1,0,60,44.0,25.221608273812684,49020.0,5.025,5.5,2010,1,Q1,1Fam,0
164692.778645345,1324,2,2.0,1,2.0,1324.0,8,6240,6,0,550.0,24.0,1300.0,1324,2006.0,0,38,176.0,5,Reg,0,120,48.0,29.102296283256685,48910.0,6.38,2.8,2007,9,Q3,TwnhsE,0
173310.56154032,1586,3,3.5,9,2.0,960.0,8,2645,7,624,480.0,612.0,348.0,962,1999.0,169,0,466.0,5,Reg,0,160,24.0,27.363846269205577,50140.0,5.19,3.8,2008,12,Q4,Twnhs,0
207000.0,1848,4,1.5,85,2.0,833.0,6,13053,8,795,370.0,0.0,833.0,1053,1922.0,0,0,0.0,7,Reg,220,50,64.0,27.363846269205577,50140.0,6.37,3.7,2008,6,Q2,1Fam,1
197900.0,1779,3,2.5,11,2.0,866.0,7,10400,6,913,546.0,0.0,866.0,866,1998.0,198,36,0.0,5,Reg,0,60,80.0,26.11993393300743,50720.0,5.005000000000001,5.2,2009,3,Q1,1Fam,0
150306.307814534,1236,2,3.5,5,2.0,600.0,6,2544,4,636,480.0,376.0,224.0,600,2005.0,0,166,216.0,5,Reg,0,160,24.0,25.221608273812684,49020.0,4.885,4.3,2010,5,Q2,Twnhs,0
199751.865597358,1576,4,2.0,48,2.0,1208.0,6,11475,7,0,368.0,568.0,640.0,1576,1961.0,85,0,90.0,6,Reg,0,80,85.0,26.11993393300743,50720.0,5.055,4.7,2009,9,Q3,1Fam,0
174000.0,1560,3,2.5,4,2.0,684.0,6,11911,6,876,400.0,0.0,684.0,684,2005.0,100,38,0.0,5,IR2,0,60,122.0,26.11993393300743,50720.0,5.005000000000001,5.2,2009,3,Q1,1Fam,0
282922.0,1464,3,3.0,0,3.0,1485.0,8,15256,6,0,754.0,929.0,556.0,1464,2007.0,168,160,84.0,5,IR1,0,20,49.0,29.102296283256685,48910.0,6.59,3.0,2007,8,Q3,1Fam,0
197034.759055859,1909,4,2.5,4,2.0,872.0,7,8726,8,1037,529.0,0.0,872.0,872,2002.0,0,108,0.0,5,Reg,0,60,70.0,30.85894600589856,48130.0,6.415,2.6,2006,9,Q3,1Fam,0
158230.77520516,1370,2,2.0,4,2.0,1370.0,8,7132,6,0,484.0,24.0,1346.0,1370,2006.0,120,49,178.0,5,IR1,0,120,41.0,25.221608273812684,49020.0,5.07,4.3,2010,4,Q2,TwnhsE,0
142500.0,894,3,2.0,32,2.0,864.0,5,13350,5,0,440.0,762.0,102.0,894,1974.0,241,0,0.0,5,IR1,0,20,100.0,30.85894600589856,48130.0,6.67,3.1,2006,6,Q2,1Fam,0
160750.367237054,1218,2,3.0,1,2.0,1218.0,7,7500,6,0,462.0,902.0,316.0,1218,2008.0,168,168,210.0,5,Reg,0,20,62.0,27.363846269205577,50140.0,5.88,2.7,2008,4,Q2,1Fam,1
232991.025583822,2520,5,3.5,2,3.0,1508.0,8,23303,10,1012,640.0,1230.0,278.0,1508,2007.0,192,273,20.0,5,IR3,0,60,59.0,26.11993393300743,50720.0,5.4,6.0,2009,6,Q2,1Fam,0
130000.0,1360,3,1.0,52,2.0,384.0,5,7134,6,0,572.0,384.0,0.0,1360,1962.0,0,50,0.0,5,Reg,0,80,60.0,29.102296283256685,48910.0,6.29,3.0,2007,2,Q1,1Fam,0
189168.263864671,1802,3,2.5,1,3.0,1802.0,9,13615,7,0,843.0,0.0,1802.0,1802,2006.0,158,105,510.0,5,IR1,0,20,94.0,29.102296283256685,48910.0,6.68,3.4,2007,6,Q2,1Fam,0
190000.0,1582,4,2.5,42,2.0,1624.0,5,36500,7,0,390.0,812.0,812.0,1582,1964.0,168,198,621.0,5,IR1,0,20,68.0,30.85894600589856,48130.0,6.67,3.1,2006,6,Q2,1Fam,0
180980.721388278,1743,3,3.0,1,3.0,1739.0,9,10367,8,0,927.0,1015.0,724.0,1743,2008.0,168,45,284.0,5,IR1,0,20,87.0,26.11993393300743,50720.0,5.4,6.0,2009,6,Q2,1Fam,0
180990.24148554,1308,3,3.5,10,2.0,635.0,6,10021,6,662,497.0,539.0,96.0,646,1997.0,142,54,0.0,6,IR1,0,60,57.0,29.102296283256685,48910.0,6.21,2.8,2007,5,Q2,1Fam,1
154407.701597409,1027,2,1.5,88,0.0,931.0,7,5400,5,0,0.0,0.0,931.0,1027,1979.0,0,28,0.0,6,Reg,0,30,60.0,27.363846269205577,50140.0,5.88,3.1,2008,2,Q1,1Fam,1
185922.966763517,1696,3,2.0,1,3.0,1696.0,8,11194,7,0,972.0,0.0,1696.0,1696,2008.0,120,56,240.0,5,IR1,0,20,86.0,26.11993393300743,50720.0,5.055,4.7,2009,9,Q3,1Fam,0
178000.0,1868,3,3.5,23,2.0,585.0,6,12090,7,728,477.0,0.0,585.0,1140,1984.0,268,112,74.0,7,Reg,147,80,78.0,29.102296283256685,48910.0,6.220000000000001,3.0,2007,1,Q1,1Fam,1
217000.0,2259,3,3.0,54,2.0,1809.0,6,21000,7,0,450.0,35.0,905.0,2259,1953.0,166,120,184.0,5,Reg,0,20,68.0,29.102296283256685,48910.0,6.385,2.6,2007,10,Q4,1Fam,0
182164.26685407,1433,3,2.0,45,2.0,1251.0,5,9600,7,0,441.0,915.0,336.0,1433,1961.0,144,0,0.0,6,Reg,0,20,80.0,30.85894600589856,48130.0,6.67,3.1,2006,6,Q2,1Fam,1
395192.0,1940,3,3.5,1,3.0,1930.0,9,10159,8,0,606.0,1646.0,284.0,1940,2010.0,168,95,450.0,5,IR1,0,20,83.0,25.221608273812684,49020.0,5.07,4.3,2010,4,Q2,1Fam,1
226700.0,1768,3,2.5,3,2.0,866.0,7,9803,7,902,603.0,400.0,466.0,866,2005.0,0,108,0.0,5,Reg,0,60,75.0,27.363846269205577,50140.0,5.88,3.1,2008,2,Q1,1Fam,0
162107.168699296,1656,2,2.0,68,2.0,801.0,4,7628,8,561,440.0,0.0,801.0,1095,1958.0,187,0,0.0,6,Reg,0,50,63.0,27.363846269205577,50140.0,6.05,3.0,2008,5,Q2,1Fam,1
102000.0,1522,4,2.0,80,0.0,1008.0,5,6000,7,0,0.0,0.0,1008.0,1008,1979.0,0,0,0.0,5,Reg,0,50,60.0,30.85894600589856,48130.0,6.67,3.1,2006,6,Q2,1Fam,1
178000.0,1212,3,2.0,8,2.0,1212.0,7,9100,6,0,573.0,0.0,1212.0,1212,2001.0,356,0,0.0,5,Reg,0,20,70.0,26.11993393300743,50720.0,5.4,6.0,2009,6,Q2,1Fam,0
246578.0,1500,2,3.0,0,3.0,1356.0,7,4045,6,0,648.0,1070.0,286.0,1500,2006.0,161,20,45.0,5,Reg,0,120,53.0,30.85894600589856,48130.0,6.365,2.4,2006,10,Q4,TwnhsE,0
79500.0,935,2,1.0,78,1.0,742.0,5,9100,4,0,308.0,0.0,742.0,779,1988.0,0,0,0.0,6,Reg,0,40,50.0,27.363846269205577,50140.0,6.494999999999999,3.6,2008,8,Q3,1Fam,1
216837.0,1836,3,2.0,2,2.0,1860.0,7,9100,8,0,484.0,24.0,1836.0,1836,2004.0,120,33,0.0,5,Reg,0,20,70.0,30.85894600589856,48130.0,6.365,2.4,2006,10,Q4,1Fam,1
90000.0,1296,2,2.0,39,2.0,0.0,4,10791,6,0,516.0,0.0,0.0,1296,1967.0,0,0,0.0,5,Reg,0,90,72.0,30.85894600589856,48130.0,6.365,2.4,2006,10,Q4,Duplex,0
196000.0,1306,1,3.0,4,2.0,1306.0,6,5381,5,0,624.0,900.0,406.0,1306,2005.0,170,63,135.0,5,IR1,0,120,34.0,26.11993393300743,50720.0,5.18,5.6,2009,8,Q3,Twnhs,0
240000.0,2090,3,3.5,12,2.0,1220.0,8,10000,8,870,556.0,1079.0,141.0,1220,1995.0,0,65,438.0,5,Reg,0,60,80.0,29.102296283256685,48910.0,6.125,3.0,2007,12,Q4,1Fam,1
186983.419339031,1374,3,1.5,43,1.0,1130.0,6,11382,7,0,286.0,54.0,533.0,1374,1964.0,0,28,212.0,5,IR1,0,20,68.0,29.102296283256685,48910.0,6.59,3.0,2007,8,Q3,1Fam,0
164700.0,1250,2,2.5,1,2.0,625.0,7,4251,5,625,528.0,0.0,625.0,625,2006.0,0,54,0.0,5,IR1,0,160,35.0,29.102296283256685,48910.0,6.68,3.4,2007,6,Q2,TwnhsE,1
179036.158528149,1355,3,2.0,66,2.0,728.0,5,6221,5,595,528.0,533.0,195.0,760,1966.0,0,0,0.0,5,IR1,144,190,79.0,29.102296283256685,48910.0,6.385,2.6,2007,10,Q4,2fmCon,1
195400.0,1208,2,3.0,0,2.0,1208.0,7,6762,6,0,628.0,664.0,544.0,1208,2007.0,105,54,108.0,5,Reg,0,20,64.0,29.102296283256685,48910.0,6.38,2.8,2007,9,Q3,1Fam,0
256000.0,2792,5,2.0,88,2.0,1510.0,6,10440,8,1208,520.0,493.0,1017.0,1584,1920.0,0,547,0.0,7,Reg,480,50,60.0,27.363846269205577,50140.0,6.37,3.7,2008,6,Q2,1Fam,1
179180.469244588,925,3,2.0,51,1.0,925.0,5,8540,5,0,252.0,114.0,120.0,925,1956.0,152,0,0.0,8,Reg,0,20,71.0,29.102296283256685,48910.0,6.68,3.4,2007,6,Q2,1Fam,1
137500.0,1180,2,1.0,84,1.0,700.0,4,11600,5,0,252.0,0.0,700.0,1180,1922.0,0,0,0.0,5,Reg,0,30,80.0,30.85894600589856,48130.0,6.765000000000001,2.8,2006,7,Q3,1Fam,1
149350.0,1228,3,1.5,42,1.0,1228.0,5,8544,6,0,271.0,0.0,1228.0,1228,1966.0,0,65,0.0,6,IR1,0,20,68.0,27.363846269205577,50140.0,6.37,3.7,2008,6,Q2,1Fam,1
155000.0,1114,3,2.0,5,2.0,1114.0,6,13695,6,0,576.0,814.0,300.0,1114,2004.0,0,78,0.0,5,Reg,0,20,66.0,27.363846269205577,50140.0,6.37,3.6,2008,7,Q3,1Fam,1
124500.0,864,3,1.0,39,2.0,864.0,4,8120,5,0,463.0,191.0,673.0,864,1994.0,0,0,0.0,7,Reg,0,20,70.0,26.11993393300743,50720.0,5.2,5.6,2009,7,Q3,1Fam,0
119900.0,965,3,2.0,41,1.0,828.0,5,7800,6,0,300.0,641.0,187.0,965,1979.0,421,0,0.0,5,Reg,0,20,60.0,30.85894600589856,48130.0,6.765000000000001,2.8,2006,7,Q3,1Fam,0
181244.510876788,1780,3,3.5,1,2.0,920.0,8,12852,6,860,612.0,770.0,150.0,920,2007.0,0,192,0.0,5,IR1,0,60,107.0,27.363846269205577,50140.0,5.69,3.3,2008,1,Q1,1Fam,0
161750.0,1392,3,1.5,33,1.0,689.0,6,10900,6,703,299.0,378.0,311.0,689,1977.0,0,36,153.0,7,IR1,0,60,68.0,25.221608273812684,49020.0,4.965,5.2,2010,3,Q1,1Fam,0
197000.0,1576,3,2.5,0,2.0,770.0,7,8125,6,798,614.0,0.0,770.0,778,2006.0,0,50,0.0,5,Reg,0,60,65.0,30.85894600589856,48130.0,6.52,2.6,2006,8,Q3,1Fam,0
194000.0,1432,2,2.5,29,2.0,1360.0,5,16157,5,0,588.0,680.0,289.0,1432,1978.0,168,180,0.0,7,IR1,0,80,68.0,29.102296283256685,48910.0,6.68,3.4,2007,6,Q2,1Fam,0
176901.093954071,1193,2,3.0,34,2.0,1153.0,5,13110,6,0,501.0,962.0,191.0,1193,1972.0,140,153,144.0,6,IR1,0,190,79.0,30.85894600589856,48130.0,6.765000000000001,2.8,2006,7,Q3,2fmCon,0
196241.892907637,1463,3,3.0,11,2.0,1463.0,7,14753,5,0,539.0,950.0,513.0,1463,1998.0,0,81,0.0,5,IR2,0,20,65.0,26.11993393300743,50720.0,4.94,5.1,2009,12,Q4,1Fam,0
324000.0,1719,1,3.5,15,2.0,1719.0,8,10846,6,0,473.0,1619.0,100.0,1719,1993.0,122,30,0.0,5,IR1,0,120,32.0,27.363846269205577,50140.0,6.05,3.0,2008,5,Q2,TwnhsE,0
121500.0,1392,3,2.5,53,2.0,1392.0,5,11341,5,0,528.0,1302.0,90.0,1392,1957.0,0,0,180.0,6,IR1,95,20,68.0,25.221608273812684,49020.0,4.885,4.3,2010,5,Q2,1Fam,1
112000.0,1416,3,2.0,89,2.0,816.0,5,25339,7,0,576.0,0.0,816.0,1416,2007.0,0,0,0.0,7,Reg,0,30,68.0,29.102296283256685,48910.0,6.59,3.0,2007,8,Q3,1Fam,1
194260.859481297,2122,4,3.5,13,2.0,913.0,7,11492,8,1209,559.0,637.0,276.0,913,1997.0,0,74,132.0,5,IR1,0,60,43.0,26.11993393300743,50720.0,4.8,4.9,2009,4,Q2,1Fam,1
83500.0,1092,3,1.5,37,1.0,546.0,4,1974,6,546,286.0,334.0,212.0,546,1973.0,120,96,0.0,5,Reg,0,160,68.0,25.221608273812684,49020.0,4.885,4.3,2010,5,Q2,TwnhsE,0
158011.114889899,2234,1,2.5,1,2.0,2220.0,8,14082,7,0,724.0,1558.0,662.0,2234,2006.0,390,80,945.0,5,IR1,0,20,85.0,29.102296283256685,48910.0,6.220000000000001,3.0,2007,1,Q1,1Fam,0
82000.0,841,2,1.0,59,1.0,721.0,4,8400,4,0,294.0,0.0,721.0,841,1950.0,250,0,0.0,4,Reg,0,20,60.0,26.11993393300743,50720.0,5.055,4.7,2009,9,Q3,1Fam,0
168434.977996215,1548,3,2.5,33,2.0,804.0,6,2308,7,744,440.0,306.0,498.0,804,1976.0,108,0,0.0,5,Reg,0,160,24.0,26.11993393300743,50720.0,5.055,4.7,2009,9,Q3,TwnhsE,0
222500.0,2035,3,2.5,9,2.0,884.0,7,9505,8,1151,434.0,0.0,884.0,884,2001.0,144,48,180.0,5,IR1,0,60,68.0,25.221608273812684,49020.0,4.885,4.3,2010,5,Q2,1Fam,0
177998.685921479,1220,2,2.5,36,2.0,1625.0,6,13001,6,0,944.0,492.0,1012.0,1220,1971.0,0,0,176.0,5,IR1,0,20,128.0,29.102296283256685,48910.0,6.38,2.8,2007,9,Q3,1Fam,0
180085.766885029,1335,3,2.0,1,2.0,1335.0,7,9000,6,0,575.0,0.0,1335.0,1335,2007.0,0,210,0.0,5,Reg,0,20,75.0,29.102296283256685,48910.0,6.68,3.4,2007,6,Q2,1Fam,1
274725.0,2021,3,2.5,0,2.0,868.0,7,23257,9,1134,422.0,0.0,868.0,887,2006.0,0,100,0.0,5,IR3,0,60,168.0,30.85894600589856,48130.0,6.415,2.6,2006,9,Q3,1Fam,0
240000.0,2358,5,3.0,100,2.0,907.0,6,45600,10,1051,360.0,0.0,907.0,1307,1908.0,486,40,0.0,8,IR2,175,50,75.0,27.363846269205577,50140.0,6.01,3.0,2008,9,Q3,1Fam,1
160000.0,1308,2,2.5,69,1.0,728.0,5,9600,7,332,256.0,428.0,300.0,976,1940.0,0,70,0.0,7,IR1,0,50,130.0,26.11993393300743,50720.0,5.4,6.0,2009,6,Q2,1Fam,1
91500.0,1456,4,2.5,58,1.0,810.0,5,7585,7,454,280.0,0.0,810.0,1002,1954.0,0,0,0.0,3,Reg,0,50,50.0,30.85894600589856,48130.0,6.52,2.6,2006,8,Q3,1Fam,1
206779.094049527,1652,3,2.5,48,2.0,1592.0,6,22002,6,0,510.0,1386.0,206.0,1652,1959.0,0,0,136.0,7,Reg,201,20,68.0,29.102296283256685,48910.0,6.710000000000001,3.0,2007,7,Q3,1Fam,1
79000.0,1096,2,1.0,84,0.0,572.0,6,9600,5,524,0.0,0.0,572.0,572,1979.0,0,8,0.0,5,Reg,0,50,60.0,27.363846269205577,50140.0,5.88,2.7,2008,4,Q2,1Fam,1
230500.0,1936,3,2.5,6,2.0,1406.0,8,11194,7,482,504.0,0.0,1406.0,1454,2000.0,188,124,40.0,5,IR1,0,60,106.0,30.85894600589856,48130.0,6.24,2.4,2006,11,Q4,1Fam,0
402000.0,2448,4,3.5,15,3.0,1629.0,8,46589,8,762,711.0,1361.0,88.0,1686,1994.0,517,76,528.0,7,IR2,0,60,52.0,26.11993393300743,50720.0,5.2,5.6,2009,7,Q3,1Fam,1
232000.0,1574,3,2.0,2,3.0,1574.0,8,11957,7,0,824.0,24.0,1550.0,1574,2006.0,144,104,53.0,5,IR1,0,20,75.0,27.363846269205577,50140.0,6.37,3.6,2008,7,Q3,1Fam,0
196918.071362067,1877,4,3.5,33,2.0,1084.0,6,8000,8,793,488.0,931.0,0.0,1084,1974.0,0,96,0.0,6,Reg,0,60,80.0,29.102296283256685,48910.0,6.24,2.6,2007,11,Q4,1Fam,0
171369.325038261,1232,3,1.0,97,2.0,616.0,5,4571,6,616,480.0,168.0,448.0,616,1920.0,280,0,0.0,7,Reg,0,70,35.0,29.102296283256685,48910.0,6.68,3.4,2007,6,Q2,1Fam,1
211000.0,2060,4,3.0,19,2.0,1151.0,6,10029,8,896,521.0,831.0,320.0,1164,1988.0,0,228,268.0,5,IR1,192,60,97.0,29.102296283256685,48910.0,6.38,2.8,2007,9,Q3,1Fam,1
166548.31684976,1001,2,1.0,77,1.0,837.0,5,6060,5,0,216.0,737.0,100.0,1001,1930.0,154,0,0.0,9,Reg,0,30,60.0,29.102296283256685,48910.0,6.24,2.6,2007,11,Q4,1Fam,1
181122.168676666,972,3,1.0,55,1.0,972.0,5,10895,5,0,305.0,648.0,324.0,972,1955.0,0,0,0.0,6,Reg,0,20,119.0,25.221608273812684,49020.0,4.734999999999999,5.0,2010,6,Q2,1Fam,0
182145.731469001,1124,3,2.0,50,1.0,1124.0,6,10152,6,0,353.0,914.0,210.0,1124,1956.0,0,211,0.0,6,Reg,142,20,72.0,30.85894600589856,48130.0,6.595,2.4,2006,5,Q2,1Fam,1
213000.0,1630,3,2.0,9,2.0,1630.0,7,9750,6,0,451.0,0.0,1630.0,1630,2000.0,74,234,171.0,5,Reg,0,20,75.0,26.11993393300743,50720.0,4.94,4.4,2009,10,Q4,1Fam,1
154000.0,1060,3,2.0,42,1.0,1060.0,5,8246,6,0,270.0,188.0,204.0,1060,1968.0,406,90,0.0,8,IR1,0,20,68.0,25.221608273812684,49020.0,4.885,4.3,2010,5,Q2,1Fam,1
166140.504179894,936,2,1.0,52,1.0,936.0,5,9888,5,0,240.0,486.0,450.0,936,1954.0,0,0,0.0,6,Reg,0,20,82.0,30.85894600589856,48130.0,6.34,2.7,2006,3,Q1,1Fam,1
180847.216739049,1838,3,3.0,2,2.0,1838.0,8,11422,7,0,524.0,1359.0,479.0,1838,2007.0,154,222,352.0,5,IR1,0,20,77.0,26.11993393300743,50720.0,4.8,4.9,2009,4,Q2,1Fam,1
165314.177682121,1179,2,1.0,47,2.0,1179.0,6,8240,5,0,622.0,0.0,1179.0,1179,1960.0,0,0,198.0,6,Reg,0,20,80.0,29.102296283256685,48910.0,6.68,3.4,2007,6,Q2,1Fam,0
183682.123638416,1675,3,3.0,9,2.0,1666.0,6,7915,6,0,435.0,1223.0,443.0,1675,1999.0,165,52,0.0,5,IR1,0,20,68.0,27.363846269205577,50140.0,5.19,3.8,2008,12,Q4,1Fam,1
303477.0,2610,4,2.5,0,2.0,1184.0,8,9000,11,1426,550.0,64.0,1120.0,1184,2007.0,208,364,0.0,5,Reg,0,60,75.0,29.102296283256685,48910.0,6.59,3.0,2007,8,Q3,1Fam,0
196858.923438425,2064,4,2.5,1,2.0,1074.0,8,13128,7,990,527.0,0.0,1074.0,1074,2005.0,0,119,216.0,5,IR1,0,60,50.0,30.85894600589856,48130.0,6.135,3.1,2006,1,Q1,1Fam,0
239799.0,1962,3,2.5,0,3.0,1391.0,7,8760,7,571,868.0,464.0,927.0,1391,2006.0,0,90,0.0,5,Reg,0,60,73.0,30.85894600589856,48130.0,6.52,2.6,2006,8,Q3,1Fam,0
208973.380761028,2687,4,2.5,12,2.0,2062.0,8,13108,9,608,618.0,0.0,2062.0,2079,1994.0,168,12,0.0,5,IR1,0,160,68.0,30.85894600589856,48130.0,6.125,2.5,2006,12,Q4,1Fam,0
183963.193012381,1560,3,1.5,98,0.0,780.0,6,12900,7,780,0.0,0.0,780.0,780,1979.0,344,0,0.0,8,Reg,168,70,60.0,25.221608273812684,49020.0,4.885,4.3,2010,5,Q2,1Fam,1
151500.0,958,2,1.0,47,1.0,958.0,6,12772,5,0,301.0,498.0,460.0,958,1960.0,0,0,0.0,8,IR1,0,20,68.0,29.102296283256685,48910.0,6.17,2.8,2007,4,Q2,1Fam,1
175286.544392273,1296,3,1.0,80,2.0,845.0,6,6000,6,430,576.0,276.0,569.0,866,1980.0,0,0,0.0,6,Reg,0,50,50.0,29.102296283256685,48910.0,6.710000000000001,3.0,2007,7,Q3,1Fam,1
198678.894117024,1396,4,2.0,55,0.0,660.0,5,9000,8,336,0.0,0.0,660.0,1060,1979.0,0,0,0.0,6,Reg,0,190,50.0,30.85894600589856,48130.0,6.365,2.4,2006,10,Q4,2fmCon,0
195699.036281861,1523,3,3.0,60,1.0,1067.0,5,15600,7,537,295.0,312.0,248.0,986,1949.0,0,0,0.0,7,Reg,0,50,78.0,26.11993393300743,50720.0,4.94,4.4,2009,10,Q4,1Fam,1
192000.0,1269,2,2.0,6,2.0,1256.0,8,3182,6,0,430.0,24.0,1232.0,1269,2004.0,146,20,16.0,5,Reg,144,120,43.0,25.221608273812684,49020.0,5.07,4.3,2010,4,Q2,TwnhsE,1
176507.37022149,1768,3,2.0,94,2.0,1048.0,6,8094,8,720,576.0,0.0,1048.0,1048,1930.0,0,0,0.0,6,Reg,0,70,57.0,26.11993393300743,50720.0,5.4,6.0,2009,6,Q2,1Fam,1
193782.555676777,1873,4,1.5,73,2.0,608.0,8,9670,9,890,786.0,210.0,398.0,983,1935.0,0,0,40.0,6,IR1,0,70,100.0,27.363846269205577,50140.0,6.37,3.7,2008,6,Q2,1Fam,1
153494.783276297,1022,2,2.0,85,1.0,1022.0,5,4480,4,0,184.0,782.0,240.0,1022,1922.0,0,122,0.0,5,Reg,0,30,56.0,29.102296283256685,48910.0,6.29,3.0,2007,2,Q1,1Fam,1
163474.633393212,1040,2,1.0,83,2.0,1040.0,6,7200,5,0,320.0,0.0,1040.0,1040,1993.0,0,132,0.0,7,Reg,0,30,60.0,27.363846269205577,50140.0,6.37,3.6,2008,7,Q3,1Fam,1
120000.0,1217,3,1.5,29,1.0,626.0,6,10762,6,591,288.0,0.0,626.0,626,1980.0,0,28,0.0,6,Reg,0,160,75.0,26.11993393300743,50720.0,4.8,4.9,2009,4,Q2,TwnhsE,0
186453.264469043,1578,3,3.0,2,3.0,1578.0,7,13253,7,0,642.0,1096.0,482.0,1578,2006.0,0,26,128.0,5,IR1,0,20,74.0,27.363846269205577,50140.0,6.05,3.0,2008,5,Q2,1Fam,0
156031.904802362,995,2,1.0,84,1.0,960.0,5,6120,5,0,264.0,0.0,960.0,995,1926.0,0,15,0.0,6,Reg,0,30,51.0,26.11993393300743,50720.0,5.005000000000001,5.2,2009,3,Q1,1Fam,1
184900.0,1200,2,3.0,6,2.0,1176.0,7,10083,5,0,555.0,833.0,343.0,1200,2003.0,0,41,0.0,5,Reg,0,20,67.0,26.11993393300743,50720.0,5.18,5.6,2009,8,Q3,1Fam,0
178221.531623281,1489,3,3.5,6,2.0,782.0,7,8965,8,683,400.0,652.0,130.0,806,2003.0,0,75,0.0,5,IR1,0,60,68.0,26.11993393300743,50720.0,5.4,6.0,2009,6,Q2,1Fam,0
179613.437681321,1500,3,2.0,1,2.0,1489.0,8,8760,7,0,674.0,36.0,1453.0,1500,2005.0,144,38,132.0,5,Reg,0,20,73.0,29.102296283256685,48910.0,6.68,3.4,2007,6,Q2,1Fam,0
119900.0,1118,3,2.0,67,2.0,793.0,5,7800,5,325,410.0,507.0,286.0,793,1939.0,0,0,0.0,7,Reg,271,190,65.0,30.85894600589856,48130.0,6.595,2.4,2006,5,Q2,2fmCon,1
147500.0,1256,3,2.5,43,1.0,1256.0,5,9937,6,0,276.0,830.0,136.0,1256,1965.0,736,68,0.0,6,Reg,0,20,75.0,27.363846269205577,50140.0,6.37,3.7,2008,6,Q2,1Fam,0
158540.947801398,1358,1,2.5,4,2.0,1348.0,8,11088,5,0,418.0,872.0,476.0,1358,2002.0,68,166,0.0,5,Reg,0,20,68.0,30.85894600589856,48130.0,6.67,3.1,2006,6,Q2,1Fam,0
192097.914850217,1464,4,1.5,40,2.0,732.0,5,8814,7,732,470.0,732.0,0.0,732,1968.0,0,40,0.0,6,Reg,0,60,73.0,27.363846269205577,50140.0,6.37,3.7,2008,6,Q2,1Fam,0
100000.0,816,2,2.0,71,1.0,816.0,4,8877,3,0,288.0,690.0,126.0,816,1958.0,0,0,0.0,6,Reg,0,20,67.0,26.11993393300743,50720.0,4.85,5.0,2009,5,Q2,1Fam,1
37900.0,968,2,1.0,99,0.0,600.0,3,5925,6,368,0.0,0.0,600.0,600,1979.0,0,0,0.0,6,Reg,0,50,50.0,26.11993393300743,50720.0,4.85,5.0,2009,5,Q2,1Fam,1
185000.0,1221,2,3.0,5,2.0,1221.0,7,7500,6,0,400.0,410.0,811.0,1221,2004.0,0,113,0.0,5,Reg,0,20,62.0,26.11993393300743,50720.0,4.94,4.4,2009,10,Q4,1Fam,1
197900.0,1935,3,2.5,31,2.0,793.0,7,12384,7,793,550.0,0.0,793.0,1142,1976.0,0,113,233.0,7,Reg,0,60,68.0,29.102296283256685,48910.0,6.24,2.6,2007,11,Q4,1Fam,0
79900.0,747,1,1.0,80,2.0,600.0,4,5825,5,0,528.0,0.0,600.0,747,1953.0,0,0,108.0,5,IR1,0,30,52.0,30.85894600589856,48130.0,6.67,3.1,2006,6,Q2,1Fam,1
172400.0,1664,3,2.5,6,2.0,953.0,6,8121,7,711,460.0,0.0,953.0,953,2000.0,100,40,0.0,5,IR1,0,60,68.0,30.85894600589856,48130.0,6.135,3.1,2006,1,Q1,1Fam,0
325000.0,2504,4,2.5,3,3.0,1122.0,9,11198,11,1370,656.0,0.0,1122.0,1134,2005.0,144,39,245.0,5,IR1,0,60,77.0,27.363846269205577,50140.0,6.37,3.7,2008,6,Q2,1Fam,1
188511.443835239,1338,2,1.5,26,2.0,520.0,6,19255,5,0,576.0,70.0,0.0,1338,1983.0,0,0,100.0,5,IR1,0,80,66.0,26.11993393300743,50720.0,5.055,4.7,2009,9,Q3,1Fam,0
287000.0,2898,2,3.0,32,2.0,1565.0,8,15498,10,0,665.0,1165.0,0.0,2898,1976.0,0,72,0.0,6,IR1,0,20,68.0,27.363846269205577,50140.0,6.05,3.0,2008,5,Q2,1Fam,0
232600.0,1489,3,2.0,0,2.0,1489.0,8,11216,7,0,776.0,0.0,1489.0,1489,2006.0,0,140,0.0,5,Reg,0,20,81.0,30.85894600589856,48130.0,6.67,3.1,2006,6,Q2,1Fam,0
159895.0,1266,2,2.0,1,2.0,1266.0,7,3182,6,0,388.0,0.0,1266.0,1266,2007.0,100,16,16.0,5,Reg,0,20,43.0,27.363846269205577,50140.0,5.95,3.0,2008,3,Q1,1Fam,0
179879.945898337,1330,3,2.0,1,2.0,1330.0,6,8334,6,0,437.0,0.0,1330.0,1330,2006.0,0,23,0.0,5,Reg,0,20,64.0,29.102296283256685,48910.0,6.710000000000001,3.0,2007,7,Q3,1Fam,1
187599.163869476,2331,3,3.5,3,3.0,1414.0,9,12151,9,917,1003.0,1249.0,165.0,1414,2005.0,192,63,368.0,5,IR1,0,60,102.0,27.363846269205577,50140.0,6.494999999999999,3.6,2008,8,Q3,1Fam,0
178324.191575907,1116,3,3.0,35,2.0,1116.0,6,10140,6,0,528.0,888.0,228.0,1116,1974.0,0,0,196.0,6,Reg,0,20,78.0,26.11993393300743,50720.0,4.8,4.9,2009,4,Q2,1Fam,0
222438.699143414,2009,4,2.0,78,3.0,672.0,6,19950,8,672,795.0,0.0,672.0,1337,1928.0,0,42,0.0,7,Reg,180,70,114.0,30.85894600589856,48130.0,6.125,2.5,2006,12,Q4,1Fam,1
178818.742632666,1564,3,2.0,1,3.0,1564.0,7,11058,6,0,814.0,56.0,1508.0,1564,2007.0,0,24,212.0,6,Reg,0,20,85.0,27.363846269205577,50140.0,5.88,3.1,2008,2,Q1,1Fam,0
177799.799849436,1176,3,2.0,51,1.0,1176.0,5,8856,6,0,292.0,621.0,503.0,1176,1957.0,0,88,143.0,4,Reg,95,20,74.0,27.363846269205577,50140.0,6.05,3.0,2008,5,Q2,1Fam,0
157900.0,1442,4,1.5,49,1.0,1442.0,6,9750,7,0,301.0,608.0,834.0,1442,1958.0,0,0,243.0,6,Reg,0,20,75.0,29.102296283256685,48910.0,6.17,2.8,2007,4,Q2,1Fam,0
182105.616283853,1040,3,2.0,42,2.0,1040.0,6,11500,6,0,480.0,872.0,108.0,1040,1967.0,0,0,0.0,4,IR1,0,20,77.0,26.11993393300743,50720.0,4.85,5.0,2009,5,Q2,1Fam,0
192140.0,1838,4,2.5,1,2.0,732.0,5,21930,7,1104,372.0,0.0,732.0,734,2005.0,100,40,0.0,5,IR3,0,60,60.0,30.85894600589856,48130.0,6.765000000000001,2.8,2006,7,Q3,1Fam,0
144000.0,2020,4,2.0,30,2.0,0.0,5,8400,10,0,630.0,0.0,0.0,2020,1977.0,0,0,320.0,5,Reg,0,90,60.0,29.102296283256685,48910.0,6.385,2.6,2007,10,Q4,Duplex,0
180500.198072685,1216,3,2.0,40,1.0,1216.0,6,9000,5,0,336.0,955.0,261.0,1216,1969.0,0,0,200.0,5,Reg,0,20,75.0,26.11993393300743,50720.0,5.18,5.6,2009,8,Q3,1Fam,0
156500.0,1478,3,2.5,52,2.0,1478.0,6,8400,6,0,442.0,189.0,628.0,1478,1957.0,114,0,0.0,3,Reg,216,20,70.0,26.11993393300743,50720.0,5.4,6.0,2009,6,Q2,1Fam,0
192410.516550815,1671,3,4.0,32,2.0,1426.0,8,16280,6,0,550.0,1044.0,0.0,1671,1976.0,280,90,0.0,9,Reg,0,20,103.0,27.363846269205577,50140.0,6.05,3.0,2008,5,Q2,1Fam,1
180839.95616829,1162,3,2.0,76,1.0,728.0,3,6120,6,434,258.0,347.0,381.0,728,1930.0,0,24,0.0,5,Reg,0,50,51.0,30.85894600589856,48130.0,6.24,2.4,2006,11,Q4,1Fam,1
165000.0,1977,4,2.0,43,2.0,816.0,6,9500,9,850,540.0,442.0,374.0,1127,1964.0,0,52,272.0,6,Reg,0,60,100.0,29.102296283256685,48910.0,6.68,3.4,2007,6,Q2,1Fam,1
205895.254584712,2299,5,3.5,8,2.0,938.0,6,7500,7,1342,482.0,0.0,938.0,957,1999.0,188,30,0.0,5,Reg,0,60,60.0,29.102296283256685,48910.0,6.59,3.0,2007,8,Q3,1Fam,1
85000.0,1022,2,2.0,99,1.0,1022.0,5,7200,4,0,280.0,247.0,310.0,1022,1956.0,0,30,0.0,4,Reg,0,30,60.0,26.11993393300743,50720.0,5.4,6.0,2009,6,Q2,1Fam,1
193000.0,1593,3,3.5,4,2.0,839.0,6,7415,8,729,398.0,759.0,80.0,864,2004.0,100,75,0.0,5,IR1,0,60,62.0,27.363846269205577,50140.0,5.88,2.7,2008,4,Q2,1Fam,0
169100.681601175,797,2,1.0,109,0.0,245.0,3,9392,5,0,0.0,0.0,245.0,797,1979.0,0,36,0.0,3,Reg,0,30,72.0,26.11993393300743,50720.0,5.055,4.7,2009,9,Q3,1Fam,1
178601.93645581,1092,3,1.0,42,1.0,1092.0,5,9825,6,0,264.0,609.0,483.0,1092,1966.0,259,0,0.0,5,Reg,161,20,75.0,27.363846269205577,50140.0,5.88,2.7,2008,4,Q2,1Fam,0
158270.753116401,1281,1,3.0,82,2.0,1151.0,4,10284,6,436,580.0,1030.0,55.0,845,1978.0,0,0,0.0,7,Reg,0,50,60.0,29.102296283256685,48910.0,6.59,3.0,2007,8,Q3,1Fam,1
202577.900044456,2322,4,3.5,0,3.0,1035.0,7,12104,8,1240,617.0,0.0,1035.0,1082,2006.0,400,45,0.0,5,IR1,0,60,68.0,30.85894600589856,48130.0,6.52,2.6,2006,8,Q3,1Fam,0
128000.0,958,2,2.0,31,2.0,1078.0,6,4928,5,0,440.0,120.0,958.0,958,1977.0,0,205,0.0,5,IR1,0,120,68.0,29.102296283256685,48910.0,6.29,3.0,2007,2,Q1,TwnhsE,0
176385.102235149,1162,3,2.0,1,2.0,1162.0,7,9260,6,0,483.0,0.0,1162.0,1162,2007.0,0,32,0.0,5,Reg,0,20,81.0,27.363846269205577,50140.0,5.95,3.0,2008,3,Q1,1Fam,0
182368.620883855,1737,3,2.5,0,2.0,851.0,7,8581,7,886,578.0,0.0,851.0,851,2006.0,0,105,0.0,5,IR1,0,60,74.0,30.85894600589856,48130.0,6.52,2.6,2006,8,Q3,1Fam,0
135500.0,1393,3,1.5,53,1.0,816.0,5,16466,8,521,300.0,0.0,816.0,872,1955.0,121,0,0.0,7,IR1,265,50,59.0,27.363846269205577,50140.0,5.88,2.7,2008,4,Q2,1Fam,0
179562.453368834,1187,2,2.0,46,2.0,864.0,5,14357,6,0,440.0,311.0,386.0,1187,1961.0,128,0,0.0,5,IR1,0,20,68.0,29.102296283256685,48910.0,6.59,3.0,2007,8,Q3,1Fam,0
283463.0,1776,3,3.0,1,3.0,1732.0,8,15306,7,0,712.0,80.0,1652.0,1776,2006.0,0,0,100.0,5,IR1,0,20,93.0,29.102296283256685,48910.0,6.21,2.8,2007,5,Q2,1Fam,1
88000.0,1092,3,1.5,39,1.0,546.0,4,2217,6,546,286.0,273.0,0.0,546,1970.0,238,0,0.0,4,Reg,0,160,21.0,26.11993393300743,50720.0,5.18,5.6,2009,8,Q3,TwnhsE,0
177500.0,1200,3,3.0,12,2.0,1200.0,6,11249,6,0,521.0,334.0,322.0,1200,1995.0,0,26,0.0,5,IR2,0,20,105.0,29.102296283256685,48910.0,6.59,3.0,2007,8,Q3,1Fam,0
136905.0,1680,4,2.0,31,2.0,1680.0,5,11500,8,0,528.0,0.0,1680.0,1680,1976.0,0,0,164.0,6,IR1,0,90,68.0,29.102296283256685,48910.0,6.68,3.4,2007,6,Q2,Duplex,0
147183.67487199,1145,2,2.0,4,2.0,1145.0,7,3203,6,0,437.0,16.0,1129.0,1145,2006.0,100,116,14.0,5,Reg,0,120,43.0,25.221608273812684,49020.0,5.025,5.5,2010,1,Q1,TwnhsE,0
173000.0,1291,2,2.0,12,2.0,1291.0,6,2887,6,0,431.0,1003.0,288.0,1291,1996.0,307,0,0.0,5,Reg,0,120,68.0,27.363846269205577,50140.0,6.09,3.1,2008,11,Q4,1Fam,1
189000.0,1434,3,2.0,8,2.0,1454.0,7,8529,6,0,527.0,20.0,1434.0,1434,2001.0,290,39,0.0,5,IR1,0,20,65.0,26.11993393300743,50720.0,4.8,4.9,2009,4,Q2,1Fam,0
149607.905673439,1032,2,1.0,29,2.0,516.0,6,1733,5,516,452.0,0.0,516.0,516,1980.0,279,0,0.0,6,Reg,0,160,24.0,26.11993393300743,50720.0,4.85,5.0,2009,5,Q2,Twnhs,0
208232.716273485,2690,4,2.5,5,3.0,1765.0,8,16451,9,886,795.0,0.0,1765.0,1804,2003.0,268,58,221.0,5,IR1,0,60,112.0,27.363846269205577,50140.0,6.37,3.6,2008,7,Q3,1Fam,0
198228.354306682,2501,4,2.5,13,3.0,1242.0,8,11929,9,1250,751.0,0.0,1242.0,1251,1995.0,192,87,466.0,7,IR1,0,60,68.0,27.363846269205577,50140.0,6.37,3.7,2008,6,Q2,1Fam,0
126000.0,1734,4,2.0,32,2.0,0.0,5,10125,8,432,539.0,0.0,0.0,1302,1977.0,0,0,0.0,5,Reg,0,90,75.0,26.11993393300743,50720.0,5.18,5.6,2009,8,Q3,Duplex,0
142000.0,1188,3,2.0,51,2.0,1188.0,5,12160,6,0,531.0,1000.0,188.0,1188,1959.0,0,0,180.0,5,IR1,0,20,68.0,25.221608273812684,49020.0,4.885,4.3,2010,5,Q2,1Fam,0
173902.011270196,897,3,1.0,39,1.0,876.0,5,8665,5,0,264.0,168.0,420.0,897,1968.0,0,0,89.0,5,IR1,0,20,86.0,29.102296283256685,48910.0,6.220000000000001,3.0,2007,1,Q1,1Fam,0
178757.912566805,1892,3,2.5,8,2.0,982.0,7,8220,8,884,431.0,544.0,438.0,1008,2000.0,108,0,647.0,5,IR1,0,60,71.0,27.363846269205577,50140.0,6.37,3.6,2008,7,Q3,1Fam,1
115000.0,864,3,1.0,39,0.0,864.0,4,10500,5,0,0.0,432.0,432.0,864,1979.0,0,0,0.0,5,Reg,0,20,70.0,25.221608273812684,49020.0,5.07,4.3,2010,4,Q2,1Fam,0
107000.0,1328,3,1.0,81,1.0,686.0,4,9906,8,518,210.0,0.0,686.0,810,1940.0,0,172,0.0,4,Reg,0,70,57.0,30.85894600589856,48130.0,6.415,2.6,2006,9,Q3,1Fam,1
177472.074683935,908,2,1.0,67,2.0,822.0,5,12172,4,0,512.0,130.0,433.0,908,1975.0,284,24,0.0,7,Reg,192,45,85.0,29.102296283256685,48910.0,6.385,2.6,2007,10,Q4,1Fam,1
198500.0,1922,4,3.0,6,2.0,0.0,7,7301,7,1427,672.0,0.0,0.0,495,2003.0,0,0,500.0,5,Reg,0,85,64.0,26.11993393300743,50720.0,5.2,5.6,2009,7,Q3,1Fam,0
176632.181541401,1689,3,2.0,1,2.0,1689.0,7,8368,7,0,433.0,0.0,1689.0,1689,2007.0,100,39,0.0,5,IR1,0,20,67.0,29.102296283256685,48910.0,6.17,2.8,2007,4,Q2,1Fam,1
140200.0,1577,3,1.0,67,1.0,972.0,6,6435,6,605,312.0,0.0,972.0,972,1939.0,0,0,0.0,5,Reg,0,50,65.0,30.85894600589856,48130.0,6.365,2.4,2006,10,Q4,1Fam,1
173154.590990955,1688,2,3.0,20,2.0,1675.0,7,12680,6,0,528.0,983.0,692.0,1688,1988.0,0,48,102.0,6,IR1,141,20,63.0,27.363846269205577,50140.0,6.37,3.7,2008,6,Q2,1Fam,0
230000.0,1795,3,2.0,6,2.0,1777.0,8,9742,7,0,534.0,0.0,1777.0,1795,2002.0,171,159,281.0,5,Reg,0,20,75.0,27.363846269205577,50140.0,6.01,3.0,2008,9,Q3,1Fam,0
102776.0,1178,2,1.0,110,1.0,859.0,4,8712,7,319,384.0,0.0,859.0,859,1964.0,68,0,0.0,7,Reg,0,50,66.0,25.221608273812684,49020.0,5.025,5.5,2010,1,Q1,1Fam,1
230000.0,1314,2,3.0,2,2.0,1314.0,7,5001,6,0,626.0,904.0,410.0,1314,2008.0,172,62,166.0,5,IR1,0,120,34.0,26.11993393300743,50720.0,5.2,5.6,2009,7,Q3,Twnhs,1
179854.431885567,1114,3,2.0,47,2.0,1114.0,5,9900,5,0,451.0,0.0,1114.0,1114,1961.0,0,0,0.0,5,Reg,164,20,90.0,27.363846269205577,50140.0,6.05,3.0,2008,5,Q2,1Fam,0
200500.0,1682,3,2.5,12,2.0,804.0,6,8750,7,878,523.0,505.0,299.0,804,1998.0,0,77,116.0,5,Reg,0,60,70.0,25.221608273812684,49020.0,4.734999999999999,5.0,2010,6,Q2,1Fam,0
180650.342418406,1308,3,1.5,39,2.0,720.0,5,9743,7,588,484.0,280.0,440.0,720,1969.0,0,0,0.0,6,Reg,0,60,75.0,27.363846269205577,50140.0,6.37,3.7,2008,6,Q2,1Fam,0
147086.59893993,987,2,2.0,35,1.0,483.0,6,1680,5,504,264.0,458.0,25.0,483,1973.0,52,0,359.0,5,Reg,0,160,21.0,27.363846269205577,50140.0,5.88,3.1,2008,2,Q1,Twnhs,0
129500.0,1040,3,2.0,43,1.0,1040.0,5,11200,5,0,384.0,906.0,134.0,1040,1965.0,0,0,0.0,5,Reg,0,20,70.0,27.363846269205577,50140.0,5.88,3.1,2008,2,Q1,1Fam,0
168538.969495849,1584,2,2.0,0,2.0,1574.0,8,10440,6,0,594.0,0.0,1574.0,1584,2007.0,0,256,0.0,5,Reg,0,20,84.0,29.102296283256685,48910.0,6.21,2.8,2007,5,Q2,1Fam,0
189034.753653813,1322,4,2.0,68,1.0,672.0,5,6240,7,423,280.0,48.0,624.0,899,1939.0,0,0,0.0,8,Reg,0,50,52.0,29.102296283256685,48910.0,6.710000000000001,3.0,2007,7,Q3,1Fam,1
195560.8830172,1056,3,2.5,51,1.0,1056.0,5,13600,6,0,300.0,144.0,0.0,1056,1955.0,0,0,0.0,6,Reg,0,20,80.0,30.85894600589856,48130.0,6.24,2.4,2006,11,Q4,1Fam,0
210817.775863413,1864,6,2.5,107,0.0,1020.0,7,5852,9,886,0.0,169.0,851.0,978,1979.0,0,188,188.0,5,IR3,0,190,41.0,26.11993393300743,50720.0,4.85,5.0,2009,5,Q2,2fmCon,1
225000.0,1496,3,2.0,0,2.0,1496.0,8,9158,7,0,474.0,0.0,1496.0,1496,2007.0,168,130,140.0,5,Reg,0,20,76.0,29.102296283256685,48910.0,6.68,3.4,2007,6,Q2,1Fam,0
206900.0,2112,4,2.5,39,2.0,952.0,6,11075,9,1020,576.0,500.0,176.0,1092,1969.0,280,0,0.0,5,Reg,0,60,85.0,27.363846269205577,50140.0,6.37,3.7,2008,6,Q2,1Fam,0
156000.0,1026,3,2.0,40,2.0,1026.0,6,7930,5,0,440.0,439.0,115.0,1026,1969.0,171,48,0.0,8,Reg,0,20,61.0,26.11993393300743,50720.0,5.2,5.6,2009,7,Q3,1Fam,1
139900.0,1422,3,1.0,47,1.0,978.0,5,12342,6,0,286.0,0.0,978.0,1422,1960.0,0,0,0.0,5,IR1,0,20,68.0,29.102296283256685,48910.0,6.59,3.0,2007,8,Q3,1Fam,1
204750.0,1786,3,3.5,10,2.0,824.0,6,9337,7,881,684.0,648.0,176.0,905,1997.0,0,162,0.0,5,IR1,0,60,69.0,29.102296283256685,48910.0,6.21,2.8,2007,5,Q2,1Fam,0
178188.964799425,1456,4,2.5,33,2.0,855.0,6,2308,7,601,460.0,286.0,275.0,855,1975.0,0,0,0.0,6,Reg,0,160,24.0,27.363846269205577,50140.0,6.05,3.0,2008,5,Q2,TwnhsE,0
150000.0,1053,3,2.0,48,2.0,1008.0,5,8973,6,0,750.0,567.0,413.0,1053,1998.0,0,80,85.0,7,Reg,0,20,69.0,30.85894600589856,48130.0,6.765000000000001,2.8,2006,7,Q3,1Fam,1
184282.266697609,1530,3,2.0,2,3.0,1530.0,9,12606,7,0,984.0,0.0,1530.0,1530,2008.0,212,136,120.0,5,IR1,0,20,112.0,26.11993393300743,50720.0,4.85,5.0,2009,5,Q2,1Fam,1
141000.0,1800,6,2.0,46,0.0,1800.0,5,8000,10,0,0.0,0.0,1800.0,1800,1979.0,0,0,0.0,4,Reg,0,90,80.0,29.102296283256685,48910.0,6.710000000000001,3.0,2007,7,Q3,Duplex,0
126175.0,1163,3,2.0,51,1.0,1162.0,3,5820,6,0,220.0,256.0,906.0,1163,1955.0,142,98,0.0,8,Reg,0,20,49.0,30.85894600589856,48130.0,6.765000000000001,2.8,2006,7,Q3,1Fam,1
234707.209860273,2034,2,1.0,54,4.0,0.0,3,43500,9,0,1041.0,0.0,0.0,2034,1953.0,483,266,0.0,5,Reg,0,20,200.0,29.102296283256685,48910.0,6.68,3.4,2007,6,Q2,1Fam,0
192474.817899346,1709,3,3.5,17,2.0,836.0,6,14067,7,858,416.0,504.0,332.0,851,1991.0,0,40,194.0,5,Reg,0,60,68.0,27.363846269205577,50140.0,6.01,3.0,2008,9,Q3,1Fam,0
169000.0,2447,4,2.0,91,1.0,804.0,6,9638,10,748,336.0,0.0,804.0,1699,1969.0,272,0,0.0,7,Reg,116,50,50.0,25.221608273812684,49020.0,4.965,5.2,2010,3,Q1,1Fam,1
191742.778119363,2452,3,4.0,6,3.0,2452.0,9,15274,10,0,886.0,1972.0,480.0,2452,2003.0,0,116,724.0,5,IR1,0,20,110.0,26.11993393300743,50720.0,5.2,5.6,2009,7,Q3,1Fam,0
165633.573325837,1440,2,4.0,13,4.0,1344.0,6,9069,8,0,920.0,261.0,0.0,1440,1993.0,288,0,0.0,8,Reg,0,90,73.0,30.85894600589856,48130.0,6.51,2.4,2006,4,Q2,Duplex,0
157000.0,1253,2,2.5,48,1.0,1253.0,6,10920,5,0,352.0,733.0,520.0,1253,1960.0,0,213,212.0,5,IR1,0,20,68.0,27.363846269205577,50140.0,6.05,3.0,2008,5,Q2,1Fam,0
162293.376090644,1092,3,1.5,34,1.0,525.0,6,2205,6,567,264.0,312.0,213.0,525,1973.0,144,0,567.0,6,Reg,0,160,21.0,29.102296283256685,48910.0,6.29,3.0,2007,2,Q1,Twnhs,0
270000.0,1629,3,3.0,5,3.0,1616.0,8,14536,9,0,808.0,1300.0,316.0,1629,2002.0,0,252,236.0,5,Reg,0,20,85.0,29.102296283256685,48910.0,6.24,2.6,2007,11,Q4,1Fam,1
134450.0,1236,2,1.5,49,1.0,1070.0,5,10011,6,0,447.0,360.0,710.0,1236,1957.0,0,0,64.0,6,IR1,0,20,72.0,30.85894600589856,48130.0,6.595,2.4,2006,5,Q2,1Fam,1
