SalePrice,GrLivArea,BedroomAbvGr,Bathrooms,PropertyAge,GarageCars,TotalBsmtSF,OverallQual,LotArea,TotRmsAbvGrd,2ndFlrSF,GarageArea,BsmtFinSF1,BsmtUnfSF,1stFlrSF,GarageYrBlt,WoodDeckSF,OpenPorchSF,MasVnrArea,OverallCond,LotShape,ScreenPorch,MSSubClass,LotFrontage,CrimeRate,MedianIncome,InterestRate,UnemploymentRate,YrSold,MoSold,QrtSold,BldgType,RenovationFlag
180096.931198144,936,3,2.0,45,1.0,896.0,5,6760,6,0,288.0,734.0,162.0,936,1962.0,24,90,0.0,5,Reg,0,85,66.0,29.102296283256685,48910.0,6.385,2.6,2007,10,Q4,1Fam,0
192686.931747717,1952,4,1.5,57,1.0,976.0,7,9780,8,976,299.0,354.0,224.0,976,1950.0,285,0,0.0,9,Reg,216,60,60.0,29.102296283256685,48910.0,6.17,2.8,2007,4,Q2,1Fam,1
158151.985049452,894,2,2.0,30,1.0,894.0,5,6285,5,0,308.0,138.0,405.0,894,1979.0,192,0,0.0,5,Reg,0,20,64.0,29.102296283256685,48910.0,6.16,2.9,2007,3,Q1,1Fam,0
187500.0,2087,5,2.5,41,2.0,832.0,6,12205,9,1111,444.0,568.0,264.0,976,1966.0,133,168,157.0,8,IR1,0,60,68.0,29.102296283256685,48910.0,6.710000000000001,3.0,2007,7,Q3,1Fam,1
172023.677781517,1874,3,2.5,9,2.0,1058.0,8,7500,7,816,588.0,0.0,1058.0,1058,2000.0,0,134,0.0,5,Reg,0,60,68.0,26.11993393300743,50720.0,5.005000000000001,5.2,2009,3,Q1,1Fam,1
311872.0,1726,3,3.0,0,3.0,1726.0,7,9416,8,0,786.0,1126.0,600.0,1726,2007.0,171,138,205.0,5,Reg,266,20,79.0,29.102296283256685,48910.0,6.38,2.8,2007,9,Q3,1Fam,0
154034.917445551,765,2,2.0,85,1.0,765.0,4,5000,4,0,200.0,188.0,577.0,765,1926.0,135,0,0.0,7,Reg,0,30,50.0,25.221608273812684,49020.0,5.07,4.3,2010,4,Q2,1Fam,1
260000.0,1524,0,2.5,31,2.0,1332.0,7,23595,4,192,586.0,1258.0,74.0,1332,1979.0,268,0,0.0,6,Reg,0,40,68.0,25.221608273812684,49020.0,5.07,4.3,2010,4,Q2,1Fam,0
185998.255166219,1484,3,2.0,97,1.0,771.0,4,10320,6,504,264.0,0.0,771.0,866,1910.0,14,211,0.0,1,Reg,84,50,60.0,29.102296283256685,48910.0,6.38,2.8,2007,9,Q3,1Fam,1
181613.035129451,1312,3,1.5,50,2.0,1312.0,7,11355,6,0,495.0,637.0,675.0,1312,1958.0,0,304,125.0,7,IR1,0,20,76.0,27.363846269205577,50140.0,5.88,2.7,2008,4,Q2,1Fam,1
176515.497545231,1264,2,2.0,45,2.0,1068.0,5,15300,7,0,528.0,42.0,1026.0,1264,1965.0,0,0,0.0,5,Reg,0,20,85.0,25.221608273812684,49020.0,4.734999999999999,5.0,2010,6,Q2,1Fam,1
201691.208274848,2422,4,3.0,53,2.0,1288.0,6,12671,6,0,527.0,353.0,935.0,2422,1954.0,0,63,300.0,7,IR1,144,20,102.0,29.102296283256685,48910.0,6.710000000000001,3.0,2007,7,Q3,1Fam,1
176487.943174734,1364,3,1.5,49,1.0,1179.0,5,8400,6,0,331.0,623.0,556.0,1364,1957.0,0,60,0.0,5,Reg,0,20,70.0,30.85894600589856,48130.0,6.34,2.7,2006,3,Q1,1Fam,0
177548.140549508,1158,3,1.5,5,0.0,1158.0,6,7500,5,0,0.0,0.0,1158.0,1158,1979.0,0,50,0.0,5,Reg,0,20,63.0,26.11993393300743,50720.0,5.18,5.6,2009,8,Q3,1Fam,0
149900.0,985,3,2.0,31,1.0,985.0,5,8385,6,0,328.0,595.0,390.0,985,1977.0,210,0,220.0,8,Reg,0,80,65.0,27.363846269205577,50140.0,6.09,3.1,2008,11,Q4,1Fam,0
207500.0,1728,3,2.5,5,2.0,864.0,6,8791,7,864,673.0,503.0,361.0,864,2003.0,216,56,0.0,5,IR1,0,60,64.0,27.363846269205577,50140.0,6.05,3.0,2008,5,Q2,1Fam,0
128500.0,988,3,2.0,46,2.0,988.0,5,9945,5,0,572.0,827.0,161.0,988,1963.0,0,0,57.0,5,IR1,0,20,68.0,29.102296283256685,48910.0,6.385,2.6,2007,10,Q4,1Fam,0
189000.0,1845,3,2.5,18,2.0,1055.0,6,11218,8,790,462.0,0.0,1055.0,1055,1992.0,635,104,0.0,5,Reg,0,60,70.0,25.221608273812684,49020.0,4.885,4.3,2010,5,Q2,1Fam,0
128000.0,1647,4,2.5,95,1.0,806.0,6,6858,6,806,216.0,0.0,806.0,841,1920.0,0,66,0.0,4,Reg,0,70,66.0,25.221608273812684,49020.0,4.885,4.3,2010,5,Q2,1Fam,1
180116.752553161,1944,3,2.0,94,1.0,672.0,7,9928,8,672,216.0,0.0,672.0,1272,1915.0,24,28,0.0,8,Reg,0,70,68.0,26.11993393300743,50720.0,5.4,6.0,2009,6,Q2,1Fam,1
268000.0,2295,4,3.5,14,2.0,1095.0,7,13346,9,1129,590.0,728.0,367.0,1166,1992.0,0,40,0.0,5,IR1,0,60,68.0,30.85894600589856,48130.0,6.765000000000001,2.8,2006,7,Q3,1Fam,1
34900.0,720,2,1.0,89,0.0,720.0,4,7879,4,0,0.0,495.0,225.0,720,1979.0,0,523,0.0,5,Reg,0,30,60.0,26.11993393300743,50720.0,4.87,4.6,2009,11,Q4,1Fam,1
168175.911336919,919,3,1.0,70,1.0,600.0,6,6001,5,319,231.0,368.0,232.0,600,1940.0,0,0,0.0,5,IR1,0,50,65.0,25.221608273812684,49020.0,4.965,5.2,2010,3,Q1,1Fam,1
271000.0,2127,3,3.5,14,2.0,1223.0,7,10944,5,904,525.0,1000.0,223.0,1223,1994.0,171,132,448.0,5,IR1,0,60,81.0,27.363846269205577,50140.0,6.494999999999999,3.6,2008,8,Q3,1Fam,0
224323.710512388,1967,6,2.0,29,2.0,1967.0,5,9662,10,0,580.0,0.0,1967.0,1967,1977.0,170,0,0.0,4,IR1,0,90,68.0,30.85894600589856,48130.0,6.52,2.6,2006,8,Q3,Duplex,0
180258.131219792,1644,3,2.5,8,2.0,941.0,6,9649,7,683,460.0,0.0,941.0,961,1999.0,460,42,0.0,5,IR1,0,60,59.0,29.102296283256685,48910.0,6.21,2.8,2007,5,Q2,1Fam,1
301000.0,2730,4,3.5,21,2.0,1502.0,7,10380,8,1177,576.0,28.0,0.0,1553,1987.0,201,96,172.0,5,IR1,0,60,86.0,29.102296283256685,48910.0,6.59,3.0,2007,8,Q3,1Fam,1
159270.537808667,1092,3,1.5,40,0.0,546.0,4,1476,5,546,0.0,176.0,370.0,546,1979.0,200,26,0.0,7,Reg,0,160,21.0,25.221608273812684,49020.0,4.965,5.2,2010,3,Q1,Twnhs,0
228156.372839158,2787,6,7.0,9,4.0,1168.0,7,11855,8,1619,820.0,820.0,348.0,1168,2000.0,312,0,23.0,5,Reg,0,90,68.0,26.11993393300743,50720.0,4.94,4.4,2009,10,Q4,Duplex,0
151400.0,2521,5,3.5,33,2.0,942.0,6,3964,10,1230,576.0,837.0,105.0,1291,1973.0,728,20,0.0,4,Reg,0,160,42.0,30.85894600589856,48130.0,6.67,3.1,2006,6,Q2,TwnhsE,0
185733.534000593,1828,3,3.0,7,2.0,1822.0,8,12782,7,0,523.0,1360.0,462.0,1828,2002.0,194,144,164.0,5,Reg,0,20,68.0,26.11993393300743,50720.0,5.4,6.0,2009,6,Q2,1Fam,1
165625.127741229,943,2,2.0,40,2.0,943.0,5,8398,5,0,528.0,114.0,300.0,943,1972.0,132,0,323.0,5,IR1,0,20,68.0,29.102296283256685,48910.0,6.68,3.4,2007,6,Q2,1Fam,0
194542.544135519,1891,3,3.5,32,2.0,1224.0,6,18837,7,604,678.0,687.0,491.0,1287,1978.0,0,69,0.0,5,IR1,0,50,68.0,25.221608273812684,49020.0,5.07,4.3,2010,4,Q2,1Fam,0
180000.0,1298,3,3.0,21,2.0,1298.0,6,11200,5,0,403.0,1258.0,40.0,1298,1985.0,165,26,85.0,5,Reg,0,20,68.0,30.85894600589856,48130.0,6.595,2.4,2006,5,Q2,1Fam,0
186599.221265342,1782,3,2.5,29,2.0,1782.0,7,14450,6,0,551.0,864.0,469.0,1782,1979.0,467,0,194.0,5,Reg,0,20,85.0,27.363846269205577,50140.0,5.95,3.0,2008,3,Q1,1Fam,0
176270.453065471,1430,3,2.0,6,2.0,1430.0,5,10114,7,0,624.0,0.0,1430.0,1430,2004.0,0,0,0.0,5,Reg,0,20,93.0,25.221608273812684,49020.0,4.965,5.2,2010,3,Q1,1Fam,1
143000.0,1328,3,2.5,47,2.0,1328.0,6,9790,6,0,528.0,569.0,678.0,1328,1963.0,0,26,451.0,5,Reg,0,20,68.0,25.221608273812684,49020.0,4.734999999999999,5.0,2010,6,Q2,1Fam,0
181871.598843299,1232,3,1.0,93,2.0,816.0,6,8574,6,0,440.0,0.0,816.0,1232,1916.0,0,0,0.0,8,Reg,0,30,64.0,26.11993393300743,50720.0,4.94,4.4,2009,10,Q4,1Fam,1
166274.900490809,864,2,1.0,48,1.0,864.0,5,9079,5,0,440.0,864.0,0.0,864,1961.0,158,0,0.0,5,IR1,0,20,68.0,26.11993393300743,50720.0,5.2,5.6,2009,7,Q3,1Fam,0
107500.0,1347,3,2.0,98,0.0,1117.0,5,7000,5,527,0.0,969.0,148.0,820,1979.0,85,0,0.0,7,Reg,0,190,70.0,27.363846269205577,50140.0,5.69,3.3,2008,1,Q1,2fmCon,1
188000.824679588,1430,3,2.0,82,2.0,596.0,4,10320,7,596,370.0,0.0,596.0,834,1924.0,218,0,0.0,5,Reg,210,50,60.0,30.85894600589856,48130.0,6.365,2.4,2006,10,Q4,1Fam,1
199792.302740996,1995,4,3.5,11,2.0,930.0,7,11250,8,1045,610.0,685.0,245.0,950,1995.0,275,170,0.0,5,Reg,0,60,90.0,30.85894600589856,48130.0,6.765000000000001,2.8,2006,7,Q3,1Fam,1
260000.0,1734,3,3.0,1,2.0,1734.0,7,11645,7,0,660.0,1300.0,434.0,1734,2005.0,160,24,0.0,5,Reg,0,20,78.0,30.85894600589856,48130.0,6.135,3.1,2006,1,Q1,1Fam,0
223055.588672278,3086,4,3.5,72,3.0,666.0,5,21281,9,1778,1200.0,0.0,666.0,1308,2007.0,0,208,0.0,4,Reg,156,70,113.0,29.102296283256685,48910.0,6.24,2.6,2007,11,Q4,1Fam,1
140000.0,1595,2,1.0,66,1.0,940.0,6,8400,6,403,240.0,388.0,552.0,1192,1940.0,0,0,0.0,5,Reg,0,50,60.0,30.85894600589856,48130.0,6.67,3.1,2006,6,Q2,1Fam,1
184187.158803897,1374,3,3.5,3,2.0,384.0,7,11084,8,630,400.0,192.0,192.0,744,2004.0,100,0,0.0,5,IR1,0,80,87.0,29.102296283256685,48910.0,6.68,3.4,2007,6,Q2,1Fam,0
208900.0,1352,2,2.0,1,2.0,1352.0,7,4230,5,0,466.0,0.0,1352.0,1352,2006.0,0,241,0.0,5,Reg,0,120,47.0,29.102296283256685,48910.0,6.17,2.8,2007,4,Q2,TwnhsE,1
250000.0,2654,4,3.5,38,2.0,1054.0,6,11029,9,1142,619.0,619.0,435.0,1512,1968.0,0,65,220.0,7,IR1,222,60,68.0,30.85894600589856,48130.0,6.52,2.6,2006,8,Q3,1Fam,1
125000.0,1125,3,2.0,33,1.0,1041.0,6,7200,6,0,352.0,631.0,410.0,1125,1977.0,296,0,255.0,6,Reg,0,80,72.0,26.11993393300743,50720.0,4.94,4.4,2009,10,Q4,1Fam,0
256000.0,1663,2,2.0,54,2.0,1364.0,4,53227,6,0,529.0,1116.0,248.0,1663,1954.0,224,137,0.0,6,IR1,0,20,68.0,27.363846269205577,50140.0,5.95,3.0,2008,3,Q1,1Fam,1
191435.007885166,2350,4,2.0,88,2.0,973.0,5,9600,10,973,393.0,234.0,739.0,1377,1930.0,0,0,0.0,5,Reg,0,190,60.0,27.363846269205577,50140.0,5.88,2.7,2008,4,Q2,2fmCon,1
149000.0,848,1,2.0,4,2.0,848.0,6,4438,3,0,420.0,662.0,186.0,848,2004.0,149,0,205.0,5,Reg,0,120,68.0,27.363846269205577,50140.0,5.69,3.3,2008,1,Q1,TwnhsE,0
114500.0,1176,3,1.0,72,2.0,816.0,6,6240,6,0,528.0,0.0,816.0,816,1985.0,112,0,0.0,6,Reg,0,50,52.0,30.85894600589856,48130.0,6.415,2.6,2006,9,Q3,1Fam,1
202665.0,1368,2,2.0,1,2.0,1368.0,7,6792,6,0,474.0,0.0,1368.0,1368,2005.0,132,35,94.0,5,IR1,0,120,40.0,30.85894600589856,48130.0,6.34,2.7,2006,3,Q1,TwnhsE,1
186818.610760803,2726,2,2.5,21,2.0,279.0,8,18044,6,0,691.0,0.0,279.0,2726,1986.0,216,64,0.0,5,IR1,0,20,70.0,29.102296283256685,48910.0,6.59,3.0,2007,8,Q3,1Fam,0
86000.0,691,2,1.0,87,1.0,691.0,5,5400,4,0,216.0,0.0,691.0,691,1920.0,0,20,0.0,6,Reg,0,30,60.0,29.102296283256685,48910.0,6.220000000000001,3.0,2007,1,Q1,1Fam,1
178891.554489941,1475,4,2.0,32,1.0,550.0,5,2665,6,550,336.0,318.0,232.0,925,1976.0,92,26,0.0,7,Reg,0,160,41.0,27.363846269205577,50140.0,6.05,3.0,2008,5,Q2,TwnhsE,0
381000.0,3447,4,3.5,73,3.0,728.0,8,14100,11,1479,1014.0,192.0,536.0,1968,1982.0,314,12,632.0,9,IR1,0,50,68.0,27.363846269205577,50140.0,6.05,3.0,2008,5,Q2,1Fam,1
316600.0,2132,1,2.5,26,2.0,1496.0,8,12327,5,636,612.0,1441.0,55.0,1496,1983.0,349,40,0.0,8,IR1,0,50,79.0,26.11993393300743,50720.0,5.055,4.7,2009,9,Q3,1Fam,1
110000.0,924,3,1.0,33,1.0,924.0,5,7990,5,0,280.0,0.0,924.0,924,1981.0,0,0,0.0,6,IR1,0,20,88.0,27.363846269205577,50140.0,5.88,2.7,2008,4,Q2,1Fam,0
173986.635055186,1045,3,2.0,46,1.0,1045.0,6,7936,6,0,264.0,826.0,219.0,1045,1963.0,0,0,0.0,6,Reg,0,20,80.0,26.11993393300743,50720.0,4.8,4.9,2009,4,Q2,1Fam,0
171411.404533743,1302,3,2.5,36,1.0,630.0,5,1680,6,672,264.0,350.0,280.0,630,1972.0,0,0,356.0,5,Reg,0,160,21.0,27.363846269205577,50140.0,5.19,3.8,2008,12,Q4,Twnhs,0
149500.0,1505,2,2.0,56,2.0,1505.0,6,12160,6,0,505.0,1024.0,481.0,1505,1953.0,0,0,90.0,4,Reg,0,20,128.0,26.11993393300743,50720.0,5.115,5.1,2009,2,Q1,1Fam,0
110000.0,858,2,1.0,36,1.0,858.0,4,7340,4,0,684.0,322.0,536.0,858,1979.0,0,0,0.0,6,IR1,0,20,68.0,29.102296283256685,48910.0,6.68,3.4,2007,6,Q2,1Fam,0
152084.772428865,988,2,2.0,35,1.0,526.0,4,1974,5,462,297.0,501.0,25.0,526,1973.0,120,101,0.0,7,Reg,0,180,21.0,27.363846269205577,50140.0,6.37,3.7,2008,6,Q2,Twnhs,1
180008.188485489,1417,3,3.0,12,2.0,1417.0,7,8750,7,0,511.0,1111.0,306.0,1417,1997.0,60,0,209.0,5,Reg,117,20,70.0,26.11993393300743,50720.0,5.18,5.6,2009,8,Q3,1Fam,1
159355.710116165,1548,2,3.0,2,2.0,1365.0,7,3072,7,0,388.0,1059.0,306.0,1548,2004.0,143,20,18.0,5,Reg,0,120,68.0,30.85894600589856,48130.0,6.415,2.6,2006,9,Q3,TwnhsE,0
180934.635330334,1040,3,2.0,41,1.0,1040.0,5,11677,6,0,264.0,249.0,30.0,1040,1966.0,0,90,442.0,4,IR1,0,20,68.0,29.102296283256685,48910.0,6.29,3.0,2007,2,Q1,1Fam,0
191885.618181273,1991,4,2.0,112,0.0,957.0,5,8250,9,957,0.0,0.0,957.0,1034,1979.0,0,0,0.0,6,Reg,0,190,75.0,29.102296283256685,48910.0,6.68,3.4,2007,6,Q2,2fmCon,1
183962.550959411,1594,3,2.0,98,0.0,828.0,4,11426,9,658,0.0,0.0,828.0,828,1979.0,0,172,0.0,6,Reg,0,190,63.0,27.363846269205577,50140.0,6.37,3.7,2008,6,Q2,2fmCon,1
233000.0,2084,4,3.5,6,2.0,956.0,7,10142,8,1128,618.0,656.0,300.0,956,2004.0,0,45,0.0,5,IR1,0,60,76.0,25.221608273812684,49020.0,5.025,5.5,2010,1,Q1,1Fam,0
180159.090947005,924,2,1.0,55,1.0,924.0,5,15783,6,0,420.0,292.0,632.0,924,1952.0,0,324,0.0,5,Reg,0,20,68.0,29.102296283256685,48910.0,6.68,3.4,2007,6,Q2,1Fam,0
184123.358536806,1820,3,2.5,14,2.0,864.0,6,11613,7,900,492.0,480.0,384.0,920,1993.0,144,85,0.0,5,IR2,0,60,68.0,29.102296283256685,48910.0,6.21,2.8,2007,5,Q2,1Fam,1
177327.403857584,1567,2,3.0,43,2.0,1562.0,6,14695,5,0,542.0,1387.0,175.0,1567,1966.0,0,110,210.0,8,IR1,342,20,80.0,26.11993393300743,50720.0,5.2,5.6,2009,7,Q3,1Fam,1
187665.64101603,1535,4,2.0,30,2.0,0.0,5,7018,8,0,400.0,0.0,0.0,1535,1979.0,0,0,0.0,5,Reg,0,90,64.0,26.11993393300743,50720.0,5.4,6.0,2009,6,Q2,Duplex,0
90000.0,1040,2,2.0,60,2.0,0.0,4,7200,6,0,420.0,0.0,0.0,1040,1956.0,0,0,0.0,5,Reg,0,90,60.0,26.11993393300743,50720.0,5.4,6.0,2009,6,Q2,Duplex,1
260000.0,2646,4,3.5,16,3.0,1347.0,7,9900,9,1274,656.0,987.0,360.0,1372,1993.0,340,60,256.0,5,Reg,0,60,90.0,26.11993393300743,50720.0,4.8,4.9,2009,4,Q2,1Fam,0
113000.0,1487,3,1.5,65,1.0,735.0,6,8741,7,689,220.0,94.0,641.0,798,1949.0,0,140,0.0,4,Reg,0,50,52.0,25.221608273812684,49020.0,5.07,4.3,2010,4,Q2,1Fam,1
272000.0,2872,4,3.5,31,2.0,1330.0,6,12227,11,1330,619.0,896.0,434.0,1542,1977.0,550,282,424.0,7,IR1,0,60,68.0,27.363846269205577,50140.0,6.37,3.6,2008,7,Q3,1Fam,1
180174.328610725,1536,3,2.5,2,2.0,768.0,5,9045,6,768,400.0,0.0,768.0,768,2005.0,0,40,0.0,5,IR1,0,60,64.0,29.102296283256685,48910.0,6.68,3.4,2007,6,Q2,1Fam,0
188515.443002459,1657,4,1.0,86,1.0,1147.0,4,5520,9,510,162.0,284.0,863.0,1147,1920.0,0,0,0.0,6,Reg,0,50,60.0,30.85894600589856,48130.0,6.765000000000001,2.8,2006,7,Q3,1Fam,1
177133.709361852,1100,3,1.5,1,0.0,1100.0,6,7500,6,0,0.0,0.0,1100.0,1100,1979.0,0,136,0.0,5,Reg,0,20,63.0,29.102296283256685,48910.0,6.68,3.4,2007,6,Q2,1Fam,1
157342.225898399,1501,2,3.0,22,2.0,1277.0,7,4084,6,0,512.0,893.0,384.0,1501,1986.0,240,0,340.0,6,IR1,0,120,42.0,27.363846269205577,50140.0,6.37,3.6,2008,7,Q3,TwnhsE,0
198359.248864591,1636,4,1.5,87,1.0,818.0,7,9399,7,818,288.0,0.0,818.0,818,1919.0,0,0,0.0,8,Reg,0,70,54.0,30.85894600589856,48130.0,6.415,2.6,2006,9,Q3,1Fam,1
110000.0,1196,3,1.0,89,2.0,684.0,6,12354,7,512,528.0,0.0,684.0,684,2005.0,0,46,0.0,8,Reg,0,50,67.0,26.11993393300743,50720.0,5.18,5.6,2009,8,Q3,1Fam,1
193000.0,1790,3,3.5,9,2.0,873.0,7,9179,7,908,588.0,633.0,240.0,882,1999.0,0,88,158.0,5,IR1,0,60,68.0,27.363846269205577,50140.0,6.37,3.7,2008,6,Q2,1Fam,0
162775.979779394,1152,2,2.0,53,0.0,0.0,4,6845,6,0,0.0,0.0,0.0,1152,1979.0,0,0,58.0,5,Reg,0,90,74.0,27.363846269205577,50140.0,6.37,3.6,2008,7,Q3,Duplex,0
184380.739100813,1445,3,2.0,110,2.0,676.0,6,14235,6,614,484.0,0.0,676.0,831,1957.0,0,59,0.0,8,IR1,0,50,82.0,25.221608273812684,49020.0,4.965,5.2,2010,3,Q1,1Fam,1
159638.856165666,816,2,1.0,85,1.0,816.0,5,3672,5,0,100.0,0.0,816.0,816,1922.0,0,0,0.0,7,Reg,0,30,46.0,29.102296283256685,48910.0,6.38,2.8,2007,9,Q3,1Fam,1
174000.0,1481,3,2.5,15,2.0,702.0,6,8125,6,779,343.0,0.0,702.0,702,1994.0,0,36,0.0,5,Reg,0,60,65.0,26.11993393300743,50720.0,5.005000000000001,5.2,2009,3,Q1,1Fam,1
146991.630153739,1200,2,3.5,6,2.0,600.0,7,2544,4,600,480.0,368.0,190.0,600,2004.0,0,172,0.0,5,Reg,0,160,24.0,25.221608273812684,49020.0,4.99,5.3,2010,2,Q1,Twnhs,1
66500.0,1131,3,1.5,68,1.0,676.0,5,5720,5,455,200.0,0.0,676.0,676,1941.0,26,0,0.0,6,Reg,0,50,52.0,26.11993393300743,50720.0,5.18,5.6,2009,8,Q3,1Fam,1
81000.0,894,2,1.0,73,3.0,894.0,3,18000,6,0,1248.0,0.0,894.0,894,1994.0,0,20,0.0,4,Reg,0,30,120.0,27.363846269205577,50140.0,6.494999999999999,3.6,2008,8,Q3,1Fam,1
175943.371816948,2014,2,3.0,29,3.0,2014.0,8,15676,6,0,864.0,1733.0,189.0,2014,1980.0,462,0,115.0,8,IR1,0,20,68.0,26.11993393300743,50720.0,4.8,4.9,2009,4,Q2,1Fam,0
182951.482193584,1103,3,2.0,32,2.0,1103.0,6,10000,6,0,462.0,755.0,348.0,1103,1974.0,295,84,176.0,6,Reg,0,20,80.0,30.85894600589856,48130.0,6.67,3.1,2006,6,Q2,1Fam,0
173732.689486435,1025,3,2.0,44,0.0,1025.0,5,7000,6,0,0.0,953.0,72.0,1025,1979.0,96,80,0.0,5,Reg,0,190,70.0,30.85894600589856,48130.0,6.34,2.7,2006,3,Q1,2fmCon,0
178531.911979192,1370,3,2.0,50,1.0,1058.0,5,10000,6,0,300.0,678.0,99.0,1370,1956.0,191,0,272.0,6,Reg,120,80,125.0,30.85894600589856,48130.0,6.25,3.0,2006,2,Q1,1Fam,0
194500.0,1232,2,3.0,2,2.0,1232.0,7,7314,6,0,632.0,724.0,508.0,1232,2007.0,132,0,82.0,5,Reg,0,20,64.0,26.11993393300743,50720.0,5.115,5.1,2009,2,Q1,1Fam,0
192502.440921994,1306,3,1.5,99,2.0,240.0,5,15660,6,496,472.0,0.0,240.0,810,1959.0,0,0,0.0,8,Reg,0,50,90.0,26.11993393300743,50720.0,5.2,5.6,2009,7,Q3,1Fam,1
179447.36804185,1196,3,2.0,42,1.0,1196.0,5,10044,6,0,336.0,1070.0,126.0,1196,1968.0,257,0,0.0,6,IR1,0,20,60.0,25.221608273812684,49020.0,4.734999999999999,5.0,2010,6,Q2,1Fam,0
209219.844787023,2014,5,2.0,106,2.0,716.0,5,9856,8,1007,624.0,0.0,716.0,1007,1900.0,0,72,0.0,8,Reg,0,70,62.0,30.85894600589856,48130.0,6.67,3.1,2006,6,Q2,1Fam,1
182347.363042264,1292,3,2.5,45,2.0,1292.0,5,10500,6,0,520.0,998.0,294.0,1292,1964.0,0,32,144.0,5,IR1,92,20,115.0,26.11993393300743,50720.0,5.2,5.6,2009,7,Q3,1Fam,0
160000.0,1252,2,3.5,9,2.0,600.0,7,2160,4,628,462.0,510.0,90.0,624,1999.0,0,48,212.0,5,Reg,0,160,24.0,27.363846269205577,50140.0,5.95,3.0,2008,3,Q1,Twnhs,1
223500.0,1576,3,3.5,86,2.0,1324.0,5,21384,6,504,528.0,1309.0,15.0,1072,1923.0,0,312,0.0,6,Reg,0,70,144.0,26.11993393300743,50720.0,4.85,5.0,2009,5,Q2,1Fam,1
196149.783851876,1625,4,2.0,43,2.0,1625.0,5,9750,8,0,484.0,0.0,1625.0,1625,1965.0,0,0,0.0,6,Reg,0,90,75.0,27.363846269205577,50140.0,6.494999999999999,3.6,2008,8,Q3,Duplex,0
174519.904825949,1045,3,2.0,44,2.0,1045.0,7,7400,6,0,528.0,809.0,236.0,1045,1962.0,0,0,0.0,6,Reg,0,20,74.0,30.85894600589856,48130.0,6.34,2.7,2006,3,Q1,1Fam,0
188137.901597981,1428,4,2.0,106,2.0,712.0,7,6451,7,580,576.0,208.0,504.0,848,1985.0,264,0,0.0,7,Reg,0,70,58.0,30.85894600589856,48130.0,6.595,2.4,2006,5,Q2,1Fam,1
150000.0,1244,3,1.5,50,1.0,1244.0,6,11988,6,0,336.0,777.0,467.0,1244,1957.0,0,40,0.0,6,IR1,0,20,90.0,29.102296283256685,48910.0,6.21,2.8,2007,5,Q2,1Fam,0
248328.0,1689,3,2.0,0,3.0,1689.0,7,9849,7,0,954.0,0.0,1689.0,1689,2007.0,0,56,0.0,6,Reg,0,20,83.0,29.102296283256685,48910.0,6.68,3.4,2007,6,Q2,1Fam,0
146000.0,1200,1,2.5,41,2.0,864.0,5,9230,6,0,884.0,661.0,203.0,1200,1977.0,0,64,166.0,8,Reg,0,20,71.0,30.85894600589856,48130.0,6.365,2.4,2006,10,Q4,1Fam,1
213618.871562568,2177,5,2.5,60,2.0,1032.0,5,15600,11,1075,484.0,375.0,657.0,1102,1950.0,0,0,430.0,6,Reg,0,90,78.0,25.221608273812684,49020.0,4.965,5.2,2010,3,Q1,Duplex,1
181012.141380101,1182,3,1.5,61,1.0,770.0,6,9576,5,297,378.0,310.0,460.0,885,1945.0,0,0,0.0,7,Reg,0,50,56.0,30.85894600589856,48130.0,6.595,2.4,2006,5,Q2,1Fam,1
181000.0,1586,3,2.0,30,2.0,1362.0,6,17043,7,0,435.0,0.0,1362.0,1586,1979.0,192,0,0.0,5,IR1,0,20,48.0,26.11993393300743,50720.0,5.055,5.0,2009,1,Q1,1Fam,1
501837.0,2234,1,3.0,1,3.0,2216.0,9,17423,9,0,1166.0,1904.0,312.0,2234,2009.0,0,60,748.0,5,IR1,0,20,63.0,26.11993393300743,50720.0,5.2,5.6,2009,7,Q3,1Fam,1
333168.0,2599,4,2.5,11,3.0,1393.0,9,14774,10,1177,779.0,0.0,1393.0,1422,1999.0,668,30,165.0,5,IR1,0,60,108.0,25.221608273812684,49020.0,4.885,4.3,2010,5,Q2,1Fam,0
171414.7041191,925,2,2.0,43,2.0,925.0,5,8638,5,0,484.0,181.0,744.0,925,1990.0,203,74,0.0,6,IR1,0,20,68.0,30.85894600589856,48130.0,6.365,2.4,2006,10,Q4,1Fam,0
112000.0,1346,2,1.5,97,1.0,560.0,4,11767,6,550,384.0,0.0,560.0,796,1950.0,168,24,0.0,7,Reg,0,50,70.0,29.102296283256685,48910.0,6.21,2.8,2007,5,Q2,1Fam,1
163099.3096358,1358,2,2.0,4,2.0,1358.0,6,6904,6,0,484.0,836.0,522.0,1358,2005.0,192,36,240.0,5,IR1,0,120,47.0,26.11993393300743,50720.0,5.18,5.6,2009,8,Q3,TwnhsE,0
184655.300458183,2276,3,3.0,0,3.0,2271.0,9,11778,7,0,1348.0,2085.0,186.0,2276,2008.0,0,0,554.0,5,Reg,255,20,91.0,27.363846269205577,50140.0,6.37,3.7,2008,6,Q2,1Fam,0
226000.0,1479,3,3.0,4,2.0,1453.0,7,10665,7,0,558.0,1013.0,440.0,1479,2003.0,144,29,167.0,5,IR1,0,20,72.0,29.102296283256685,48910.0,6.68,3.4,2007,6,Q2,1Fam,0
184379.133036383,1465,3,2.0,67,1.0,992.0,5,10164,6,473,240.0,646.0,346.0,992,1939.0,0,126,0.0,5,Reg,0,50,84.0,30.85894600589856,48130.0,6.765000000000001,2.8,2006,7,Q3,1Fam,1
154892.776269956,1008,1,2.0,30,2.0,923.0,5,9129,4,0,678.0,923.0,0.0,1008,1977.0,201,66,144.0,5,Reg,0,85,72.0,29.102296283256685,48910.0,6.710000000000001,3.0,2007,7,Q3,1Fam,0
179900.0,1234,3,2.0,1,2.0,1234.0,8,11049,7,0,484.0,0.0,1234.0,1234,2007.0,0,30,0.0,5,Reg,0,20,85.0,27.363846269205577,50140.0,5.69,3.3,2008,1,Q1,1Fam,0
168468.005916477,864,3,1.0,45,1.0,864.0,5,6360,5,0,276.0,489.0,375.0,864,1963.0,0,0,0.0,5,Reg,0,20,60.0,27.363846269205577,50140.0,5.69,3.3,2008,1,Q1,1Fam,0
153900.0,1416,4,1.5,93,3.0,876.0,5,12665,7,540,720.0,0.0,876.0,876,1949.0,418,0,0.0,8,IR1,0,50,100.0,27.363846269205577,50140.0,6.37,3.7,2008,6,Q2,1Fam,1
188206.281858748,1671,4,2.0,77,2.0,1022.0,7,8170,7,549,451.0,526.0,496.0,1122,1963.0,0,0,270.0,7,IR1,0,50,81.0,30.85894600589856,48130.0,6.25,3.0,2006,2,Q1,1Fam,1
156491.711373235,1055,2,2.0,31,2.0,1055.0,7,2529,4,0,440.0,378.0,677.0,1055,1977.0,0,38,0.0,6,Reg,0,120,24.0,27.363846269205577,50140.0,6.01,3.0,2008,9,Q3,Twnhs,0
263435.0,1935,3,3.5,0,2.0,832.0,8,8004,8,1103,552.0,544.0,288.0,832,2009.0,0,150,110.0,5,IR1,0,60,75.0,26.11993393300743,50720.0,4.94,5.1,2009,12,Q4,1Fam,0
294000.0,2167,3,3.5,33,2.0,1192.0,7,17542,9,651,518.0,125.0,36.0,1516,1974.0,220,47,0.0,7,IR1,0,60,68.0,29.102296283256685,48910.0,6.710000000000001,3.0,2007,7,Q3,1Fam,1
184946.642483576,2385,3,3.5,4,3.0,1317.0,8,14277,7,1168,818.0,938.0,379.0,1217,2003.0,192,228,280.0,5,Reg,0,60,110.0,29.102296283256685,48910.0,6.220000000000001,3.0,2007,1,Q1,1Fam,0
165726.707619571,1404,3,3.5,9,2.0,672.0,7,2160,5,720,462.0,600.0,72.0,684,1999.0,20,0,216.0,5,Reg,0,160,24.0,27.363846269205577,50140.0,6.37,3.7,2008,6,Q2,Twnhs,1
85400.0,987,2,1.5,37,1.0,483.0,6,1680,4,504,264.0,387.0,96.0,483,1971.0,0,0,232.0,5,Reg,0,160,21.0,27.363846269205577,50140.0,6.37,3.6,2008,7,Q3,Twnhs,0
165220.786354033,1398,2,3.0,16,2.0,1398.0,6,7175,5,0,542.0,904.0,494.0,1398,1990.0,0,46,0.0,5,Reg,0,120,50.0,30.85894600589856,48130.0,6.765000000000001,2.8,2006,7,Q3,TwnhsE,1
150521.96899297,1200,2,2.5,6,2.0,600.0,7,3215,4,600,480.0,280.0,320.0,600,2004.0,0,172,120.0,5,Reg,0,160,30.0,25.221608273812684,49020.0,5.07,4.3,2010,4,Q2,TwnhsE,0
127000.0,864,3,1.0,36,1.0,864.0,5,7180,5,0,352.0,390.0,474.0,864,1989.0,0,0,0.0,7,IR1,0,20,60.0,27.363846269205577,50140.0,6.05,3.0,2008,5,Q2,1Fam,0
168607.664289468,1378,3,1.0,74,1.0,901.0,6,4080,6,517,162.0,0.0,901.0,861,1920.0,54,0,0.0,8,Reg,0,50,68.0,26.11993393300743,50720.0,5.4,6.0,2009,6,Q2,1Fam,1
170351.963410756,1403,2,3.0,6,2.0,1381.0,6,8098,5,0,470.0,1136.0,129.0,1403,2000.0,0,173,0.0,5,IR1,0,20,68.0,30.85894600589856,48130.0,6.365,2.4,2006,10,Q4,1Fam,0
156794.36054728,1312,2,2.0,6,2.0,1267.0,8,6718,5,0,471.0,250.0,1017.0,1312,2001.0,256,28,86.0,5,IR1,0,20,68.0,29.102296283256685,48910.0,6.220000000000001,3.0,2007,1,Q1,1Fam,0
345000.0,2704,4,3.5,37,2.0,1952.0,8,13860,9,704,538.0,1410.0,542.0,2000,1972.0,269,111,0.0,7,Reg,0,80,75.0,26.11993393300743,50720.0,5.2,5.6,2009,7,Q3,1Fam,1
196666.554897677,2332,4,3.5,4,3.0,1148.0,8,10574,9,1162,756.0,856.0,292.0,1170,2004.0,224,142,126.0,5,IR1,0,60,85.0,27.363846269205577,50140.0,6.37,3.6,2008,7,Q3,1Fam,0
186559.854936737,1456,4,1.5,93,1.0,728.0,6,6000,7,728,308.0,0.0,728.0,728,1915.0,0,0,0.0,7,Reg,0,75,60.0,27.363846269205577,50140.0,6.37,3.7,2008,6,Q2,1Fam,1
182705.546021743,1149,3,2.0,49,1.0,1014.0,4,10682,7,0,544.0,399.0,615.0,1149,1968.0,0,240,0.0,6,Reg,0,20,80.0,26.11993393300743,50720.0,5.2,5.6,2009,7,Q3,1Fam,1
100000.0,1301,2,1.0,85,2.0,1145.0,5,6911,5,0,440.0,405.0,740.0,1301,1965.0,0,0,0.0,5,Reg,0,30,60.0,26.11993393300743,50720.0,4.94,4.4,2009,10,Q4,1Fam,1
187720.359207171,1663,3,2.5,5,2.0,835.0,7,12774,8,828,478.0,0.0,835.0,835,2003.0,168,68,95.0,5,Reg,0,60,67.0,27.363846269205577,50140.0,6.37,3.6,2008,7,Q3,1Fam,1
315500.0,1620,2,3.0,2,3.0,1620.0,9,12898,6,0,912.0,1022.0,598.0,1620,2008.0,228,0,70.0,5,IR1,0,20,89.0,26.11993393300743,50720.0,5.055,4.7,2009,9,Q3,1Fam,1
293077.0,1646,3,3.0,1,3.0,1638.0,8,9520,7,0,800.0,1513.0,125.0,1646,2008.0,192,44,338.0,5,IR1,0,20,71.0,27.363846269205577,50140.0,5.88,2.7,2008,4,Q2,1Fam,1
180161.697340702,1254,3,2.0,46,2.0,1218.0,6,9600,6,0,525.0,600.0,618.0,1254,1961.0,0,0,291.0,5,IR1,168,80,100.0,29.102296283256685,48910.0,6.21,2.8,2007,5,Q2,1Fam,0
181676.126555428,2046,2,3.5,2,3.0,1994.0,10,15431,7,0,878.0,1430.0,564.0,2046,2005.0,188,65,400.0,5,Reg,175,20,105.0,29.102296283256685,48910.0,6.59,3.0,2007,8,Q3,1Fam,1
222000.0,2236,4,2.5,9,2.0,964.0,7,13006,8,1243,642.0,0.0,964.0,993,1997.0,0,0,285.0,5,IR1,0,60,68.0,30.85894600589856,48130.0,6.24,2.4,2006,11,Q4,1Fam,0
142754.489165865,1143,1,1.5,2,2.0,1143.0,7,3628,5,0,588.0,0.0,1143.0,1143,2004.0,0,191,0.0,5,Reg,0,120,34.0,30.85894600589856,48130.0,6.595,2.4,2006,5,Q2,TwnhsE,0
117000.0,833,2,1.0,52,1.0,833.0,5,5400,4,0,326.0,415.0,418.0,833,1955.0,0,0,0.0,7,Reg,0,20,90.0,30.85894600589856,48130.0,6.52,2.6,2006,8,Q3,1Fam,1
297000.0,1718,3,3.0,2,3.0,1705.0,8,10637,7,0,826.0,1288.0,417.0,1718,2007.0,208,44,336.0,5,Reg,0,20,79.0,26.11993393300743,50720.0,5.055,4.7,2009,9,Q3,1Fam,1
179188.089925259,864,3,1.5,88,1.0,592.0,4,9000,5,432,216.0,0.0,592.0,432,1920.0,0,30,0.0,6,Reg,0,70,60.0,27.363846269205577,50140.0,6.37,3.7,2008,6,Q2,1Fam,1
108000.0,672,2,1.0,68,1.0,672.0,5,10200,4,0,240.0,0.0,672.0,672,1940.0,168,0,0.0,8,Reg,0,30,60.0,27.363846269205577,50140.0,6.494999999999999,3.6,2008,8,Q3,1Fam,1
162804.747800461,1142,2,1.0,51,1.0,160.0,6,9000,5,0,384.0,0.0,160.0,1142,1958.0,0,28,82.0,6,IR1,0,20,80.0,26.11993393300743,50720.0,4.8,4.9,2009,4,Q2,1Fam,0
108000.0,1336,3,1.5,86,1.0,637.0,4,11040,7,439,570.0,637.0,0.0,897,1994.0,0,47,0.0,6,Reg,0,50,60.0,30.85894600589856,48130.0,6.415,2.6,2006,9,Q3,1Fam,1
186000.0,1212,3,2.0,1,2.0,1212.0,6,10420,6,0,460.0,36.0,1176.0,1212,2009.0,100,22,0.0,5,Reg,0,20,83.0,25.221608273812684,49020.0,4.965,5.2,2010,3,Q1,1Fam,0
275000.0,1646,2,3.5,4,2.0,1594.0,8,3842,5,0,482.0,1373.0,221.0,1646,2004.0,128,53,174.0,5,IR1,155,120,44.0,27.363846269205577,50140.0,5.69,3.3,2008,1,Q1,TwnhsE,1
161298.762306335,1324,3,1.5,90,1.0,662.0,6,3068,6,662,180.0,0.0,662.0,662,1920.0,0,0,0.0,8,Reg,0,70,52.0,25.221608273812684,49020.0,4.99,5.3,2010,2,Q1,1Fam,1
172922.865411247,1472,2,2.0,47,2.0,0.0,7,11650,5,0,484.0,0.0,0.0,1472,1959.0,0,68,58.0,5,Reg,227,20,86.0,30.85894600589856,48130.0,6.67,3.1,2006,6,Q2,1Fam,0
360000.0,1944,3,3.0,3,3.0,1896.0,9,12378,8,0,708.0,1274.0,622.0,1944,2003.0,208,175,0.0,5,IR1,0,20,90.0,30.85894600589856,48130.0,6.24,2.4,2006,11,Q4,1Fam,1
181387.076390881,1780,2,3.0,2,3.0,1780.0,9,14828,7,0,816.0,1383.0,397.0,1780,2004.0,144,68,674.0,5,IR1,0,20,131.0,30.85894600589856,48130.0,6.52,2.6,2006,8,Q3,1Fam,1
179980.635948606,1553,3,3.0,6,2.0,1553.0,7,8736,6,0,588.0,771.0,422.0,1553,2003.0,192,88,0.0,5,IR1,0,20,68.0,26.11993393300743,50720.0,5.18,5.6,2009,8,Q3,1Fam,1
134900.0,1176,2,1.0,72,2.0,698.0,6,6000,4,390,624.0,0.0,698.0,786,1999.0,210,0,0.0,9,Reg,0,50,50.0,26.11993393300743,50720.0,5.2,5.6,2009,7,Q3,1Fam,1
176376.586164775,1738,3,2.0,73,1.0,1024.0,5,7010,6,594,240.0,175.0,849.0,1144,1950.0,0,30,0.0,5,Reg,0,50,68.0,27.363846269205577,50140.0,6.37,3.6,2008,7,Q3,1Fam,1
60000.0,1276,3,1.0,51,1.0,1276.0,5,9571,5,0,350.0,0.0,1276.0,1276,1958.0,0,0,0.0,3,Reg,0,20,68.0,26.11993393300743,50720.0,5.4,6.0,2009,6,Q2,1Fam,0
196896.748596341,1712,3,3.0,7,3.0,1712.0,8,16770,8,0,701.0,1196.0,516.0,1712,2002.0,218,183,270.0,5,Reg,0,20,129.0,26.11993393300743,50720.0,5.055,4.7,2009,9,Q3,1Fam,1
157003.292706732,1332,2,2.0,19,2.0,1332.0,6,7175,5,0,542.0,0.0,1332.0,1332,1990.0,0,60,0.0,5,Reg,0,120,50.0,26.11993393300743,50720.0,5.115,5.1,2009,2,Q1,TwnhsE,1
147400.0,1223,2,2.5,1,2.0,600.0,7,2544,4,623,480.0,0.0,600.0,520,2005.0,0,166,0.0,5,Reg,0,160,24.0,30.85894600589856,48130.0,6.765000000000001,2.8,2006,7,Q3,Twnhs,0
40000.0,1317,3,1.0,88,1.0,649.0,4,8500,6,668,250.0,0.0,649.0,649,1920.0,0,54,0.0,4,Reg,0,70,50.0,27.363846269205577,50140.0,6.37,3.6,2008,7,Q3,1Fam,1
152121.98603454,1360,2,1.0,98,1.0,680.0,5,4800,6,680,330.0,0.0,680.0,680,1910.0,192,50,0.0,5,Reg,0,70,80.0,27.363846269205577,50140.0,5.69,3.3,2008,1,Q1,1Fam,1
205266.631009142,1774,4,2.0,48,1.0,552.0,5,15400,8,611,384.0,0.0,552.0,904,1961.0,290,40,0.0,5,Reg,0,80,88.0,26.11993393300743,50720.0,5.2,5.6,2009,7,Q3,1Fam,0
180848.220765939,1842,3,3.5,7,2.0,985.0,7,8826,7,857,486.0,841.0,144.0,985,2000.0,193,96,144.0,5,Reg,0,60,68.0,29.102296283256685,48910.0,6.710000000000001,3.0,2007,7,Q3,1Fam,0
196691.81930173,2494,4,3.5,12,3.0,1290.0,8,10236,9,1189,803.0,380.0,742.0,1305,1994.0,200,95,501.0,5,IR1,0,60,68.0,30.85894600589856,48130.0,6.67,3.1,2006,6,Q2,1Fam,1
179024.491269586,1621,3,3.0,34,2.0,1621.0,5,9373,7,0,478.0,1333.0,120.0,1621,1975.0,0,0,161.0,7,IR1,490,20,68.0,26.11993393300743,50720.0,5.4,6.0,2009,6,Q2,1Fam,0
176401.921054593,1506,3,3.0,2,2.0,1494.0,7,8251,7,0,672.0,778.0,716.0,1506,2005.0,192,35,143.0,5,Reg,0,20,70.0,29.102296283256685,48910.0,6.17,2.8,2007,4,Q2,1Fam,1
143750.0,958,2,2.0,33,2.0,958.0,6,4928,5,0,440.0,958.0,0.0,958,1976.0,0,60,0.0,6,IR1,0,120,68.0,26.11993393300743,50720.0,4.94,4.4,2009,10,Q4,TwnhsE,0
175090.062515883,1408,3,3.5,2,2.0,734.0,5,7023,6,674,489.0,611.0,123.0,734,2005.0,0,85,0.0,5,Reg,0,60,60.0,29.102296283256685,48910.0,6.21,2.8,2007,5,Q2,1Fam,1
139950.0,1144,3,2.0,47,2.0,1144.0,5,7875,6,0,456.0,572.0,572.0,1144,1961.0,0,0,136.0,6,Reg,0,20,75.0,27.363846269205577,50140.0,6.01,3.0,2008,9,Q3,1Fam,0
354000.0,2468,4,3.5,3,3.0,1136.0,8,12099,10,1332,872.0,970.0,166.0,1136,2004.0,184,154,388.0,5,IR1,0,60,99.0,29.102296283256685,48910.0,6.68,3.4,2007,6,Q2,1Fam,0
220000.0,1541,3,2.0,5,2.0,1541.0,7,12182,7,0,532.0,1201.0,340.0,1541,2005.0,0,70,226.0,5,Reg,0,20,95.0,25.221608273812684,49020.0,4.885,4.3,2010,5,Q2,1Fam,0
187201.942081511,1175,3,2.0,3,0.0,1175.0,6,13072,6,0,0.0,80.0,1095.0,1175,1979.0,0,90,126.0,5,Reg,0,20,63.0,27.363846269205577,50140.0,6.37,3.7,2008,6,Q2,1Fam,1
133000.0,767,1,2.0,9,1.0,723.0,7,4058,4,0,367.0,584.0,0.0,767,1998.0,120,40,182.0,5,Reg,0,120,34.0,29.102296283256685,48910.0,6.68,3.4,2007,6,Q2,TwnhsE,0
181873.458244461,1797,3,3.5,17,2.0,1152.0,6,12961,7,645,616.0,944.0,208.0,1152,1993.0,162,312,0.0,5,Reg,0,60,74.0,25.221608273812684,49020.0,4.965,5.2,2010,3,Q1,1Fam,1
186184.717727913,1728,3,2.0,54,1.0,1216.0,5,12099,7,0,371.0,198.0,1018.0,1216,1953.0,200,0,0.0,6,IR1,0,50,68.0,29.102296283256685,48910.0,6.68,3.4,2007,6,Q2,1Fam,1
171000.0,1701,3,3.0,32,2.0,1390.0,5,16647,6,0,611.0,1390.0,0.0,1701,1975.0,0,0,0.0,5,IR1,0,85,68.0,29.102296283256685,48910.0,6.220000000000001,3.0,2007,1,Q1,1Fam,1
235000.0,1625,2,3.5,1,2.0,1573.0,8,4750,5,0,538.0,1573.0,0.0,1625,2006.0,123,0,481.0,5,IR1,153,120,44.0,29.102296283256685,48910.0,6.125,3.0,2007,12,Q4,TwnhsE,1
196449.247639381,2786,4,3.5,15,2.0,1848.0,9,11025,10,959,636.0,520.0,1328.0,1827,1993.0,294,49,568.0,5,Reg,0,60,105.0,27.363846269205577,50140.0,6.37,3.7,2008,6,Q2,1Fam,1
144900.0,1086,3,2.0,56,2.0,1086.0,5,10200,6,0,490.0,320.0,404.0,1086,1989.0,0,0,104.0,7,Reg,0,20,85.0,25.221608273812684,49020.0,4.885,4.3,2010,5,Q2,1Fam,1
132000.0,1268,2,1.0,56,1.0,1268.0,5,7800,7,0,244.0,540.0,728.0,1268,1954.0,0,98,200.0,6,Reg,0,20,78.0,25.221608273812684,49020.0,4.965,5.2,2010,3,Q1,1Fam,0
315000.0,2630,4,3.5,10,3.0,1470.0,8,9200,8,1160,696.0,986.0,484.0,1470,1998.0,0,66,473.0,5,Reg,0,60,80.0,27.363846269205577,50140.0,6.37,3.7,2008,6,Q2,1Fam,0
183658.076582555,1492,3,2.0,8,2.0,1492.0,7,11166,6,0,608.0,24.0,1468.0,1492,2001.0,0,114,180.0,5,Reg,168,20,75.0,26.11993393300743,50720.0,5.2,5.6,2009,7,Q3,1Fam,0
140000.0,1710,3,2.0,89,2.0,576.0,7,10300,9,808,480.0,0.0,576.0,902,1990.0,12,11,0.0,6,IR1,0,70,50.0,25.221608273812684,49020.0,5.07,4.3,2010,4,Q2,1Fam,1
185290.904495068,980,3,2.0,47,2.0,980.0,5,9750,5,0,400.0,68.0,28.0,980,1969.0,0,28,0.0,5,IR1,0,20,63.0,26.11993393300743,50720.0,4.87,4.6,2009,11,Q4,1Fam,0
179665.0,1496,3,3.5,0,2.0,654.0,7,17104,7,832,426.0,554.0,100.0,664,2006.0,100,24,0.0,5,IR1,0,60,58.0,30.85894600589856,48130.0,6.415,2.6,2006,9,Q3,1Fam,0
183978.544874918,1658,3,2.5,1,3.0,1614.0,8,10206,7,0,726.0,0.0,1614.0,1658,2008.0,144,44,294.0,5,Reg,0,20,78.0,26.11993393300743,50720.0,5.055,4.7,2009,9,Q3,1Fam,0
319900.0,1752,2,3.0,5,2.0,1752.0,9,7658,6,0,576.0,456.0,1296.0,1752,2005.0,196,82,412.0,5,Reg,0,120,61.0,25.221608273812684,49020.0,4.99,5.3,2010,2,Q1,TwnhsE,0
187500.0,1360,1,2.0,25,2.0,1220.0,8,5814,4,0,565.0,1036.0,184.0,1360,1984.0,63,0,0.0,5,IR1,0,120,68.0,26.11993393300743,50720.0,5.18,5.6,2009,8,Q3,TwnhsE,0
466500.0,2633,2,3.5,6,3.0,2633.0,10,11400,8,0,804.0,1282.0,1351.0,2633,2001.0,314,140,705.0,5,Reg,0,20,68.0,29.102296283256685,48910.0,6.16,2.9,2007,3,Q1,1Fam,1
150000.0,1440,4,4.0,30,0.0,1440.0,4,7711,8,0,0.0,1440.0,0.0,1440,1979.0,321,0,0.0,3,IR1,0,90,42.0,29.102296283256685,48910.0,6.59,3.0,2007,8,Q3,Duplex,0
89471.0,1131,2,1.0,70,2.0,907.0,4,5925,7,0,672.0,168.0,739.0,1131,1995.0,0,72,435.0,7,Reg,0,30,50.0,29.102296283256685,48910.0,6.16,2.9,2007,3,Q1,1Fam,1
192600.338060371,1721,4,1.0,50,2.0,1331.0,6,9736,8,0,464.0,668.0,525.0,1721,1957.0,0,0,289.0,6,Reg,0,20,80.0,29.102296283256685,48910.0,6.17,2.8,2007,4,Q2,1Fam,1
193500.0,2142,4,2.5,41,1.0,896.0,6,13000,8,960,509.0,448.0,448.0,1182,1968.0,0,72,576.0,6,Reg,252,60,100.0,26.11993393300743,50720.0,5.4,6.0,2009,6,Q2,1Fam,0
175000.0,1743,3,2.5,39,2.0,702.0,6,11700,7,702,539.0,384.0,143.0,1041,1968.0,224,0,365.0,6,Reg,0,60,90.0,29.102296283256685,48910.0,6.68,3.4,2007,6,Q2,1Fam,0
176954.185412429,1209,3,2.0,44,2.0,1209.0,5,9900,6,0,504.0,1059.0,150.0,1209,1966.0,0,0,0.0,5,Reg,0,20,90.0,25.221608273812684,49020.0,5.07,4.3,2010,4,Q2,1Fam,0
39300.0,334,1,1.0,61,0.0,0.0,1,5000,2,0,0.0,0.0,0.0,334,1979.0,0,0,0.0,3,Reg,0,20,50.0,29.102296283256685,48910.0,6.220000000000001,3.0,2007,1,Q1,1Fam,1
127500.0,1367,3,1.0,76,1.0,884.0,6,6240,6,408,560.0,425.0,459.0,959,1978.0,0,0,0.0,6,Reg,120,50,52.0,29.102296283256685,48910.0,6.24,2.6,2007,11,Q4,1Fam,1
178611.639373646,1558,2,3.0,33,2.0,864.0,5,14330,5,0,440.0,88.0,180.0,1558,1975.0,140,0,0.0,6,IR1,227,20,40.0,27.363846269205577,50140.0,6.494999999999999,3.6,2008,8,Q3,1Fam,1
176385.102235149,1374,3,1.0,70,1.0,884.0,5,9260,6,442,225.0,0.0,884.0,932,1938.0,64,0,0.0,4,IR1,100,50,68.0,27.363846269205577,50140.0,5.95,3.0,2008,3,Q1,1Fam,1
185157.832305524,1694,3,2.5,9,1.0,569.0,7,8314,6,840,434.0,0.0,569.0,854,1997.0,0,382,0.0,5,IR1,110,60,114.0,30.85894600589856,48130.0,6.24,2.4,2006,11,Q4,1Fam,1
166271.2863726,572,2,1.0,84,1.0,572.0,4,10200,4,0,200.0,0.0,572.0,572,1940.0,0,0,0.0,6,Reg,0,30,60.0,26.11993393300743,50720.0,4.85,5.0,2009,5,Q2,1Fam,1
190000.0,1969,3,2.5,30,2.0,808.0,7,11952,8,808,534.0,0.0,808.0,1161,1977.0,0,0,0.0,6,Reg,276,60,92.0,29.102296283256685,48910.0,6.24,2.6,2007,11,Q4,1Fam,0
210578.623546866,1898,3,2.5,52,2.0,1898.0,5,26073,7,0,484.0,1116.0,782.0,1898,1956.0,0,51,0.0,5,IR1,0,20,56.0,27.363846269205577,50140.0,5.88,2.7,2008,4,Q2,1Fam,0
178518.204332507,1200,3,6.0,22,0.0,1200.0,5,10800,5,0,0.0,1200.0,0.0,1200,1979.0,120,0,0.0,5,Reg,0,90,60.0,26.11993393300743,50720.0,5.005000000000001,5.2,2009,3,Q1,Duplex,1
206300.0,1344,2,4.0,11,4.0,1344.0,7,7060,8,0,784.0,1309.0,35.0,1344,1997.0,0,0,200.0,5,Reg,0,90,78.0,27.363846269205577,50140.0,6.09,3.1,2008,11,Q4,Duplex,1
154743.91606057,879,2,1.0,70,1.0,830.0,5,5220,4,0,180.0,0.0,830.0,879,1936.0,0,108,0.0,3,IR1,0,30,50.0,30.85894600589856,48130.0,6.135,3.1,2006,1,Q1,1Fam,1
178930.528374292,2362,3,3.5,9,2.0,1220.0,8,8413,8,1142,1105.0,901.0,319.0,1220,1998.0,147,0,0.0,5,IR1,144,60,106.0,29.102296283256685,48910.0,6.68,3.4,2007,6,Q2,1Fam,0
118964.0,1535,4,2.0,30,2.0,0.0,5,7018,8,0,410.0,0.0,0.0,1535,1979.0,0,0,0.0,5,Reg,0,90,64.0,26.11993393300743,50720.0,5.4,6.0,2009,6,Q2,Duplex,0
145000.0,990,3,1.5,14,2.0,990.0,5,9245,5,0,672.0,686.0,304.0,990,1996.0,0,0,0.0,5,IR2,0,20,57.0,27.363846269205577,50140.0,5.88,3.1,2008,2,Q1,1Fam,1
164000.0,1752,4,2.0,22,2.0,559.0,8,12134,8,672,492.0,427.0,132.0,1080,1988.0,325,12,0.0,7,IR1,0,50,152.0,25.221608273812684,49020.0,4.734999999999999,5.0,2010,6,Q2,1Fam,1
85500.0,869,2,1.0,83,0.0,440.0,4,5900,4,0,0.0,0.0,440.0,869,1979.0,0,0,0.0,7,IR1,0,30,51.0,30.85894600589856,48130.0,6.52,2.6,2006,8,Q3,1Fam,1
182481.763081195,1075,3,2.0,45,2.0,981.0,5,11235,6,0,440.0,784.0,197.0,1075,1996.0,64,0,0.0,6,Reg,64,85,68.0,27.363846269205577,50140.0,6.05,3.0,2008,5,Q2,1Fam,0
210000.0,2073,3,3.0,32,2.0,1542.0,6,13175,7,0,500.0,790.0,589.0,2073,1978.0,349,0,119.0,6,Reg,0,20,85.0,25.221608273812684,49020.0,4.99,5.3,2010,2,Q1,1Fam,1
93500.0,1040,2,2.0,56,2.0,0.0,3,8544,6,0,400.0,0.0,0.0,1040,1949.0,0,0,0.0,4,Reg,0,90,60.0,30.85894600589856,48130.0,6.765000000000001,2.8,2006,7,Q3,Duplex,0
191490.299507521,2798,3,4.5,1,3.0,1398.0,9,16023,11,1384,670.0,1218.0,180.0,1414,2005.0,182,37,600.0,5,IR1,0,60,59.0,30.85894600589856,48130.0,6.34,2.7,2006,3,Q1,1Fam,1
194500.0,1895,3,2.5,14,2.0,712.0,7,10832,7,809,409.0,0.0,712.0,1086,1994.0,143,46,0.0,5,IR1,0,60,68.0,27.363846269205577,50140.0,6.1,2.9,2008,10,Q4,1Fam,1
220449.534665317,2787,6,7.0,9,4.0,1168.0,7,7939,8,1619,820.0,820.0,348.0,1168,2000.0,312,0,23.0,5,Reg,0,90,68.0,26.11993393300743,50720.0,4.94,4.4,2009,10,Q4,Duplex,0
181553.279576244,1143,3,1.5,1,0.0,1143.0,7,7500,5,0,0.0,0.0,1143.0,1143,1979.0,0,55,0.0,5,Reg,0,20,63.0,29.102296283256685,48910.0,6.385,2.6,2007,10,Q4,1Fam,0
166200.938073485,793,2,2.0,64,1.0,793.0,5,8480,4,0,240.0,700.0,93.0,793,1945.0,0,0,0.0,6,Reg,0,30,80.0,26.11993393300743,50720.0,5.18,5.6,2009,8,Q3,1Fam,1
145997.635377703,407,1,1.0,62,1.0,407.0,2,7311,3,0,297.0,0.0,407.0,407,1949.0,76,0,0.0,5,Reg,0,20,62.0,27.363846269205577,50140.0,5.95,3.0,2008,3,Q1,1Fam,1
108000.0,1510,4,2.0,69,1.0,755.0,4,9084,7,755,296.0,0.0,755.0,755,1940.0,120,0,0.0,5,Reg,0,70,60.0,26.11993393300743,50720.0,4.94,4.4,2009,10,Q4,1Fam,1
141000.0,1150,3,2.0,47,1.0,1150.0,5,7945,6,0,300.0,179.0,465.0,1150,1959.0,0,0,0.0,6,Reg,0,20,70.0,30.85894600589856,48130.0,6.595,2.4,2006,5,Q2,1Fam,0
151000.0,1556,3,3.5,28,2.0,716.0,6,1950,6,840,452.0,81.0,23.0,716,1980.0,161,0,0.0,6,Reg,0,160,24.0,27.363846269205577,50140.0,6.37,3.6,2008,7,Q3,Twnhs,0
176487.943174734,1611,3,2.5,1,2.0,784.0,7,8400,6,827,572.0,0.0,784.0,784,2005.0,144,36,0.0,5,Reg,0,60,70.0,30.85894600589856,48130.0,6.34,2.7,2006,3,Q1,1Fam,0
137500.0,1344,3,1.5,51,2.0,819.0,6,14375,7,0,525.0,111.0,354.0,1344,1958.0,0,118,541.0,6,IR1,233,20,68.0,26.11993393300743,50720.0,5.055,5.0,2009,1,Q1,1Fam,0
184050.725802482,914,2,1.0,46,1.0,914.0,4,17199,4,0,270.0,314.0,600.0,914,1961.0,140,0,0.0,7,Reg,0,20,68.0,29.102296283256685,48910.0,6.710000000000001,3.0,2007,7,Q3,1Fam,0
197030.641992202,1641,4,2.0,36,2.0,1001.0,5,10759,5,640,490.0,190.0,0.0,1001,1972.0,0,0,0.0,4,Reg,0,50,70.0,27.363846269205577,50140.0,6.37,3.6,2008,7,Q3,1Fam,0
169000.0,1600,3,2.5,10,2.0,916.0,6,8773,7,684,460.0,0.0,916.0,916,1997.0,100,38,0.0,5,IR1,0,60,57.0,29.102296283256685,48910.0,6.59,3.0,2007,8,Q3,1Fam,0
177444.019201603,1112,2,1.0,58,2.0,631.0,5,13070,5,0,480.0,308.0,323.0,1112,1951.0,0,0,0.0,5,Reg,255,20,67.0,26.11993393300743,50720.0,4.94,4.4,2009,10,Q4,1Fam,0
159672.017631819,1092,3,1.5,39,1.0,525.0,5,1680,6,567,320.0,300.0,225.0,525,1997.0,0,0,492.0,5,Reg,0,160,21.0,25.221608273812684,49020.0,4.965,5.2,2010,3,Q1,Twnhs,0
264132.0,1506,2,2.0,0,2.0,1498.0,9,14587,6,0,592.0,0.0,1498.0,1506,2008.0,0,174,284.0,5,IR1,0,20,75.0,27.363846269205577,50140.0,6.494999999999999,3.6,2008,8,Q3,1Fam,0
64500.0,968,4,2.0,80,1.0,656.0,4,10800,5,0,216.0,0.0,656.0,968,1928.0,0,0,0.0,6,Reg,0,30,60.0,29.102296283256685,48910.0,6.59,3.0,2007,8,Q3,1Fam,1
185497.872344187,1546,3,2.0,2,3.0,1546.0,7,11750,7,0,796.0,20.0,1526.0,1546,2005.0,144,42,204.0,5,IR1,0,20,75.0,29.102296283256685,48910.0,6.68,3.4,2007,6,Q2,1Fam,1
156647.763531624,1680,1,2.5,0,3.0,1555.0,9,10933,8,0,1138.0,1021.0,534.0,1680,2009.0,185,24,242.0,5,Reg,0,20,84.0,26.11993393300743,50720.0,5.2,5.6,2009,7,Q3,1Fam,0
372500.0,2046,3,2.5,1,3.0,2046.0,8,11844,7,0,834.0,0.0,2046.0,2046,2008.0,322,82,464.0,5,IR1,0,20,80.0,26.11993393300743,50720.0,5.2,5.6,2009,7,Q3,1Fam,0
133900.0,2291,4,2.5,97,2.0,1214.0,6,7200,9,1031,506.0,1046.0,168.0,1260,1900.0,0,0,0.0,6,Reg,99,190,60.0,29.102296283256685,48910.0,6.24,2.6,2007,11,Q4,2fmCon,1
110000.0,813,2,1.0,76,1.0,813.0,6,5684,5,0,270.0,0.0,813.0,813,1932.0,0,113,0.0,8,Reg,0,30,70.0,30.85894600589856,48130.0,6.67,3.1,2006,6,Q2,1Fam,1
250000.0,1958,3,2.5,3,3.0,1026.0,7,10625,9,932,936.0,0.0,1026.0,1026,2005.0,154,210,0.0,5,Reg,0,60,85.0,27.363846269205577,50140.0,6.37,3.6,2008,7,Q3,1Fam,0
243000.0,2158,4,3.0,57,2.0,1202.0,6,12615,7,0,576.0,477.0,725.0,2158,1950.0,0,29,0.0,7,Reg,0,20,84.0,29.102296283256685,48910.0,6.68,3.4,2007,6,Q2,1Fam,1
179900.0,1442,3,3.0,17,2.0,910.0,7,10357,6,0,719.0,738.0,172.0,1442,1990.0,0,244,0.0,5,IR1,0,20,114.0,29.102296283256685,48910.0,6.21,2.8,2007,5,Q2,1Fam,1
208300.0,1218,2,2.0,0,2.0,1218.0,6,7862,4,0,676.0,27.0,1191.0,1218,2009.0,0,102,0.0,5,IR1,0,20,75.0,26.11993393300743,50720.0,5.055,4.7,2009,9,Q3,1Fam,0
154000.0,1556,4,1.5,41,2.0,727.0,6,11700,8,727,441.0,298.0,429.0,829,1968.0,0,0,0.0,6,Reg,0,60,78.0,26.11993393300743,50720.0,4.85,5.0,2009,5,Q2,1Fam,0
156000.0,1073,3,2.5,42,2.0,1073.0,5,10289,6,0,515.0,836.0,237.0,1073,1965.0,0,0,168.0,7,Reg,0,20,79.0,29.102296283256685,48910.0,6.68,3.4,2007,6,Q2,1Fam,0
177939.027626751,1666,3,2.0,79,0.0,894.0,5,9839,7,772,0.0,0.0,894.0,894,1979.0,0,156,0.0,2,Reg,0,50,51.0,25.221608273812684,49020.0,4.885,4.3,2010,5,Q2,1Fam,1
320000.0,1905,3,2.0,1,3.0,1905.0,9,11670,8,0,788.0,0.0,1905.0,1905,2006.0,0,191,302.0,5,IR1,0,20,84.0,29.102296283256685,48910.0,6.16,2.9,2007,3,Q1,1Fam,0
103000.0,1208,2,1.0,84,2.0,780.0,4,6240,5,0,539.0,152.0,628.0,848,1962.0,0,23,0.0,5,Reg,0,30,52.0,26.11993393300743,50720.0,5.055,5.0,2009,1,Q1,1Fam,1
165088.746797705,1017,2,1.0,108,1.0,346.0,5,9143,5,308,308.0,0.0,346.0,709,1961.0,0,0,0.0,7,Reg,0,50,69.0,27.363846269205577,50140.0,6.05,3.0,2008,5,Q2,1Fam,1
181956.548314794,1626,3,1.5,53,1.0,988.0,6,10512,6,638,332.0,491.0,497.0,988,1954.0,366,0,0.0,6,Reg,0,50,70.0,29.102296283256685,48910.0,6.21,2.8,2007,5,Q2,1Fam,0
214000.0,1535,3,2.0,6,2.0,1517.0,7,10171,7,0,532.0,2.0,1515.0,1535,2004.0,0,0,168.0,5,IR1,0,20,70.0,25.221608273812684,49020.0,4.965,5.2,2010,3,Q1,1Fam,0
205950.0,1665,3,2.5,1,2.0,813.0,7,8125,7,843,562.0,0.0,813.0,822,2007.0,0,0,0.0,6,Reg,0,60,65.0,27.363846269205577,50140.0,6.05,3.0,2008,5,Q2,1Fam,0
152000.0,1558,4,1.5,57,1.0,910.0,5,13710,6,648,282.0,420.0,490.0,910,1950.0,289,0,0.0,5,Reg,0,50,75.0,29.102296283256685,48910.0,6.68,3.4,2007,6,Q2,1Fam,0
172469.071592608,1624,2,2.0,54,1.0,1444.0,5,10858,6,0,240.0,40.0,1404.0,1624,1952.0,0,40,150.0,6,Reg,0,20,89.0,30.85894600589856,48130.0,6.765000000000001,2.8,2006,7,Q3,1Fam,0
172942.930813351,1666,3,1.0,82,1.0,1204.0,6,5160,4,462,384.0,0.0,1204.0,1204,1927.0,0,0,0.0,6,Reg,0,50,60.0,26.11993393300743,50720.0,5.18,5.6,2009,8,Q3,1Fam,1
259000.0,1530,3,3.0,3,3.0,1530.0,7,14572,7,0,630.0,1300.0,230.0,1530,2004.0,144,36,0.0,5,IR3,0,20,182.0,29.102296283256685,48910.0,6.24,2.6,2007,11,Q4,1Fam,0
235419.373448928,3672,5,3.5,71,2.0,1836.0,6,19800,7,1836,836.0,425.0,1411.0,1836,1993.0,684,80,0.0,8,Reg,0,75,60.0,30.85894600589856,48130.0,6.125,2.5,2006,12,Q4,1Fam,1
141684.196398607,1245,1,2.0,4,2.0,1235.0,7,3435,5,0,495.0,24.0,1211.0,1245,2004.0,0,100,0.0,5,IR1,0,120,37.0,27.363846269205577,50140.0,6.37,3.7,2008,6,Q2,TwnhsE,1
185527.714877908,2267,3,2.5,70,2.0,1005.0,7,12888,7,1005,498.0,288.0,717.0,1262,1937.0,521,0,0.0,8,Reg,0,70,107.0,29.102296283256685,48910.0,6.17,2.8,2007,4,Q2,1Fam,1
280618.132617258,1836,4,2.0,108,1.0,686.0,5,56600,7,686,288.0,0.0,686.0,1150,1900.0,0,0,0.0,1,IR1,0,70,68.0,27.363846269205577,50140.0,5.69,3.3,2008,1,Q1,1Fam,1
149315.311876449,1726,2,2.5,1,2.0,1726.0,6,3830,6,0,561.0,0.0,1726.0,1726,2008.0,0,254,280.0,5,IR1,0,120,68.0,26.11993393300743,50720.0,5.055,5.0,2009,1,Q1,TwnhsE,0
191603.365657467,1560,4,2.0,39,3.0,1560.0,5,8668,8,0,792.0,0.0,1560.0,1560,1968.0,0,0,0.0,5,Reg,0,90,63.0,29.102296283256685,48910.0,6.21,2.8,2007,5,Q2,Duplex,0
139000.0,1056,3,2.0,49,1.0,1056.0,5,8176,6,0,308.0,846.0,210.0,1056,1958.0,0,0,0.0,6,Reg,0,20,70.0,29.102296283256685,48910.0,6.59,3.0,2007,8,Q3,1Fam,1
169106.151422924,1013,3,1.0,82,1.0,992.0,6,5000,6,0,160.0,0.0,992.0,1013,1926.0,0,0,0.0,7,Reg,0,45,50.0,27.363846269205577,50140.0,5.88,2.7,2008,4,Q2,1Fam,1
173163.101499699,1127,3,2.0,32,2.0,1127.0,6,6500,6,0,480.0,1033.0,94.0,1127,1991.0,0,0,84.0,6,Reg,0,20,65.0,27.363846269205577,50140.0,6.05,3.0,2008,5,Q2,1Fam,0
116000.0,1118,2,1.0,86,2.0,648.0,6,4400,6,384,440.0,0.0,648.0,734,1990.0,0,0,0.0,8,Reg,0,50,40.0,30.85894600589856,48130.0,6.365,2.4,2006,10,Q4,1Fam,1
265900.0,1484,2,2.0,1,2.0,1476.0,8,9037,6,0,472.0,428.0,1048.0,1484,2006.0,120,33,32.0,5,IR1,0,20,64.0,29.102296283256685,48910.0,6.125,3.0,2007,12,Q4,1Fam,0
176732.915304722,1452,2,2.0,43,2.0,1420.0,5,11235,6,0,572.0,785.0,635.0,1452,1964.0,92,0,30.0,5,Reg,0,85,75.0,29.102296283256685,48910.0,6.24,2.6,2007,11,Q4,1Fam,1
163020.725375757,1456,3,2.5,31,2.0,855.0,6,2364,6,601,440.0,279.0,576.0,855,1978.0,147,0,0.0,5,Reg,0,160,24.0,26.11993393300743,50720.0,4.8,4.9,2009,4,Q2,TwnhsE,0
244000.0,2223,3,3.0,34,2.0,2223.0,7,13651,8,0,516.0,1880.0,343.0,2223,1973.0,300,0,1115.0,6,IR1,0,20,95.0,29.102296283256685,48910.0,6.29,3.0,2007,2,Q1,1Fam,0
169854.436591138,1573,3,2.5,7,2.0,756.0,6,2117,4,804,440.0,417.0,339.0,769,2000.0,0,32,216.0,5,Reg,0,160,24.0,29.102296283256685,48910.0,6.38,2.8,2007,9,Q3,Twnhs,0
173000.0,1632,4,2.0,42,2.0,800.0,6,9130,7,832,484.0,400.0,336.0,800,1966.0,0,40,252.0,8,Reg,0,60,68.0,27.363846269205577,50140.0,6.37,3.6,2008,7,Q3,1Fam,1
182352.192644656,1698,3,2.0,5,3.0,1698.0,9,11520,7,0,730.0,110.0,1588.0,1698,2005.0,192,74,615.0,5,Reg,0,20,90.0,25.221608273812684,49020.0,4.734999999999999,5.0,2010,6,Q2,1Fam,0
172500.0,1739,3,3.5,10,2.0,970.0,8,2645,7,756,480.0,649.0,321.0,983,1999.0,115,0,456.0,5,Reg,0,160,24.0,26.11993393300743,50720.0,5.18,5.6,2009,8,Q3,Twnhs,1
204773.36222471,1479,5,2.0,41,1.0,864.0,5,10544,8,615,275.0,476.0,388.0,864,1969.0,287,0,0.0,5,IR1,0,50,68.0,25.221608273812684,49020.0,5.07,4.3,2010,4,Q2,1Fam,0
113000.0,1048,2,1.0,84,1.0,993.0,5,6380,5,0,280.0,0.0,993.0,1048,1922.0,0,0,0.0,6,Reg,0,45,58.0,30.85894600589856,48130.0,6.52,2.6,2006,8,Q3,1Fam,1
218648.131133006,1390,1,2.5,49,2.0,1705.0,6,39384,4,0,550.0,1110.0,595.0,1390,1957.0,0,189,902.0,6,IR1,0,20,68.0,30.85894600589856,48130.0,6.365,2.4,2006,10,Q4,1Fam,0
182694.492209823,984,3,1.0,41,1.0,984.0,5,9308,5,0,310.0,554.0,430.0,984,1965.0,0,0,0.0,5,IR1,0,20,68.0,30.85894600589856,48130.0,6.765000000000001,2.8,2006,7,Q3,1Fam,0
214000.0,1933,4,2.5,1,3.0,894.0,6,14598,9,1039,668.0,0.0,894.0,894,2007.0,100,18,74.0,5,IR1,0,60,86.0,27.363846269205577,50140.0,5.69,3.3,2008,1,Q1,1Fam,0
163900.0,1482,3,2.5,15,2.0,384.0,7,9125,7,670,392.0,0.0,384.0,812,1992.0,100,25,170.0,5,IR1,0,80,68.0,29.102296283256685,48910.0,6.710000000000001,3.0,2007,7,Q3,1Fam,0
207566.12470446,2654,4,3.0,87,2.0,671.0,5,16779,11,1087,638.0,267.0,404.0,1567,1946.0,128,570,356.0,4,Reg,0,60,99.0,29.102296283256685,48910.0,6.21,2.8,2007,5,Q2,1Fam,1
164788.778231138,1092,3,1.5,36,1.0,546.0,4,1894,6,546,286.0,252.0,294.0,546,1970.0,0,24,0.0,5,Reg,0,160,21.0,30.85894600589856,48130.0,6.51,2.4,2006,4,Q2,TwnhsE,0
198882.566078408,1938,4,2.0,71,1.0,942.0,5,11700,7,673,240.0,606.0,336.0,1265,1937.0,0,40,0.0,6,IR1,0,50,68.0,27.363846269205577,50140.0,6.37,3.6,2008,7,Q3,1Fam,1
193981.327550004,2814,4,3.0,13,2.0,1077.0,6,9771,9,1721,614.0,779.0,298.0,1093,1995.0,48,32,190.0,5,IR3,216,60,68.0,27.363846269205577,50140.0,6.37,3.7,2008,6,Q2,1Fam,1
197318.54715833,1461,4,2.0,60,1.0,832.0,4,10800,6,629,384.0,0.0,832.0,832,1949.0,0,204,0.0,7,Reg,0,50,60.0,26.11993393300743,50720.0,5.18,5.6,2009,8,Q3,1Fam,1
200918.018812493,1740,4,1.5,40,2.0,1740.0,6,11050,8,0,512.0,301.0,1439.0,1740,1968.0,25,0,0.0,5,Reg,192,20,85.0,27.363846269205577,50140.0,6.1,2.9,2008,10,Q4,1Fam,0
242000.0,2978,5,2.5,43,2.0,710.0,7,11275,11,1080,564.0,0.0,710.0,1898,1961.0,240,0,300.0,7,Reg,0,80,96.0,25.221608273812684,49020.0,4.734999999999999,5.0,2010,6,Q2,1Fam,1
144000.0,1099,3,1.5,13,1.0,1099.0,5,9525,6,0,352.0,0.0,1099.0,1099,1999.0,278,0,0.0,6,Reg,0,20,75.0,27.363846269205577,50140.0,6.37,3.7,2008,6,Q2,1Fam,1
253293.0,2042,3,2.5,1,3.0,2042.0,8,12704,8,0,1390.0,0.0,2042.0,2042,2009.0,0,90,306.0,5,Reg,0,20,98.0,26.11993393300743,50720.0,5.18,5.6,2009,8,Q3,1Fam,1
162228.935604196,1039,2,1.0,109,1.0,405.0,4,8146,6,322,281.0,0.0,405.0,717,1940.0,0,0,0.0,8,Reg,111,70,80.0,26.11993393300743,50720.0,4.85,5.0,2009,5,Q2,1Fam,1
188714.148087543,1152,3,2.5,39,2.0,912.0,6,11700,7,0,412.0,0.0,912.0,1152,1968.0,0,126,41.0,6,Reg,0,20,78.0,29.102296283256685,48910.0,6.38,2.8,2007,9,Q3,1Fam,0
163854.786753017,1093,2,1.0,50,1.0,869.0,4,8516,5,0,308.0,0.0,869.0,1093,1959.0,0,0,0.0,6,Reg,0,20,52.0,27.363846269205577,50140.0,6.05,3.0,2008,5,Q2,1Fam,1
179395.305519087,864,3,1.0,38,2.0,864.0,4,9000,5,0,576.0,240.0,624.0,864,1986.0,200,0,0.0,7,Reg,0,20,60.0,26.11993393300743,50720.0,5.2,5.6,2009,7,Q3,1Fam,1
202202.073341595,2687,4,3.5,9,3.0,1455.0,8,12720,10,1221,810.0,1173.0,282.0,1466,2000.0,252,30,150.0,5,Reg,0,60,106.0,26.11993393300743,50720.0,5.055,4.7,2009,9,Q3,1Fam,0
180000.0,988,1,2.0,37,2.0,938.0,6,21453,4,0,540.0,938.0,0.0,988,1969.0,0,130,0.0,5,IR1,0,80,68.0,30.85894600589856,48130.0,6.365,2.4,2006,10,Q4,1Fam,0
248000.0,1850,3,2.5,15,2.0,973.0,7,29959,7,871,467.0,595.0,378.0,979,1994.0,168,98,0.0,6,IR2,0,60,68.0,26.11993393300743,50720.0,5.055,5.0,2009,1,Q1,1Fam,0
108480.0,1073,2,1.0,85,1.0,1073.0,5,5400,4,0,326.0,0.0,1073.0,1073,1968.0,0,0,0.0,6,Reg,0,30,60.0,30.85894600589856,48130.0,6.125,2.5,2006,12,Q4,1Fam,1
211007.008292301,2589,4,3.5,0,3.0,1738.0,9,16387,11,851,831.0,1369.0,369.0,1738,2006.0,0,0,215.0,5,IR1,0,60,72.0,30.85894600589856,48130.0,6.52,2.6,2006,8,Q3,1Fam,0
184602.734989972,1422,3,2.5,4,2.0,704.0,6,11646,7,718,440.0,0.0,704.0,704,2005.0,36,28,0.0,5,IR1,0,60,79.0,26.11993393300743,50720.0,5.2,5.6,2009,7,Q3,1Fam,1
271000.0,1689,3,3.0,6,3.0,1568.0,8,13265,7,0,857.0,1218.0,350.0,1689,2002.0,150,59,148.0,5,IR1,0,20,68.0,27.363846269205577,50140.0,6.37,3.6,2008,7,Q3,1Fam,0
128200.0,894,3,2.0,34,1.0,894.0,5,10650,5,0,308.0,182.0,0.0,894,1976.0,365,0,0.0,6,Reg,0,20,75.0,25.221608273812684,49020.0,4.99,5.3,2010,2,Q1,1Fam,0
187254.507549722,1458,3,2.0,1,2.0,608.0,7,13204,6,850,454.0,0.0,608.0,608,2007.0,100,33,44.0,5,IR1,0,60,58.0,29.102296283256685,48910.0,6.21,2.8,2007,5,Q2,1Fam,1
179233.926374487,1490,3,2.5,4,2.0,745.0,6,8918,7,745,392.0,0.0,745.0,745,2005.0,36,20,0.0,5,IR1,0,60,57.0,26.11993393300743,50720.0,5.2,5.6,2009,7,Q3,1Fam,1
180000.0,1430,3,2.5,10,2.0,384.0,7,7750,7,656,400.0,250.0,134.0,774,2000.0,180,0,0.0,5,IR1,0,80,68.0,25.221608273812684,49020.0,5.07,4.3,2010,4,Q2,1Fam,0
145000.0,960,0,1.5,41,1.0,648.0,4,10246,3,0,364.0,648.0,0.0,960,1965.0,88,0,0.0,9,IR1,0,80,68.0,30.85894600589856,48130.0,6.595,2.4,2006,5,Q2,1Fam,1
311500.0,1954,3,2.0,69,2.0,798.0,7,15660,8,817,431.0,341.0,457.0,1137,1939.0,0,119,312.0,9,IR1,0,50,68.0,27.363846269205577,50140.0,6.05,3.0,2008,5,Q2,1Fam,1
190485.634074173,1521,3,1.5,56,1.0,910.0,4,12144,6,611,597.0,455.0,455.0,910,1950.0,199,0,0.0,6,Reg,0,50,60.0,30.85894600589856,48130.0,6.415,2.6,2006,9,Q3,1Fam,0
159000.0,1394,3,2.5,46,2.0,1394.0,6,9500,6,0,514.0,609.0,785.0,1394,1963.0,0,76,247.0,5,IR1,185,20,68.0,26.11993393300743,50720.0,5.2,5.6,2009,7,Q3,1Fam,0
100000.0,788,2,1.0,65,0.0,788.0,4,7446,4,0,0.0,266.0,522.0,788,1979.0,0,0,0.0,5,Reg,0,30,68.0,30.85894600589856,48130.0,6.51,2.4,2006,4,Q2,1Fam,1
150011.102062216,945,2,2.5,37,1.0,945.0,5,2394,5,0,253.0,915.0,30.0,945,1973.0,174,0,0.0,6,Reg,108,120,31.0,25.221608273812684,49020.0,4.885,4.3,2010,5,Q2,Twnhs,0
340000.0,2450,3,3.5,11,3.0,1284.0,8,16545,7,1140,1069.0,781.0,503.0,1310,1998.0,0,126,731.0,5,IR1,0,60,68.0,26.11993393300743,50720.0,4.85,5.0,2009,5,Q2,1Fam,0
164731.316372391,1298,2,2.0,86,1.0,651.0,6,6821,8,539,240.0,113.0,538.0,759,1994.0,216,0,0.0,7,Reg,0,50,51.0,29.102296283256685,48910.0,6.59,3.0,2007,8,Q3,1Fam,1
142000.0,912,3,2.5,47,1.0,912.0,6,6768,5,0,288.0,832.0,80.0,912,1962.0,168,0,0.0,8,IR1,0,20,65.0,27.363846269205577,50140.0,6.05,3.0,2008,5,Q2,1Fam,1
205832.532527897,1988,4,2.5,42,2.0,1104.0,6,14670,9,884,480.0,575.0,529.0,1104,1966.0,0,230,410.0,7,Reg,0,60,90.0,27.363846269205577,50140.0,6.494999999999999,3.6,2008,8,Q3,1Fam,1
262000.0,1624,2,3.0,12,3.0,1624.0,8,12461,5,0,757.0,1456.0,168.0,1624,1994.0,0,114,0.0,5,Reg,0,20,89.0,30.85894600589856,48130.0,6.765000000000001,2.8,2006,7,Q3,1Fam,1
72500.0,720,2,1.0,59,1.0,0.0,3,6627,4,0,287.0,0.0,0.0,720,1955.0,0,0,0.0,6,IR1,0,20,68.0,27.363846269205577,50140.0,6.37,3.6,2008,7,Q3,1Fam,1
155900.0,848,1,2.0,2,2.0,848.0,6,4435,3,0,420.0,662.0,186.0,848,2004.0,140,0,169.0,5,Reg,0,120,37.0,30.85894600589856,48130.0,6.595,2.4,2006,5,Q2,TwnhsE,0
171392.830997252,1480,3,3.0,7,2.0,1480.0,7,8197,7,0,620.0,1188.0,292.0,1480,2003.0,252,73,506.0,5,Reg,0,20,70.0,25.221608273812684,49020.0,4.99,5.3,2010,2,Q1,1Fam,1
181000.0,1604,3,2.5,11,2.0,926.0,6,10839,7,678,470.0,0.0,926.0,926,1997.0,0,36,0.0,5,IR1,0,60,100.0,27.363846269205577,50140.0,6.37,3.6,2008,7,Q3,1Fam,1
215911.674390325,2495,5,2.0,118,2.0,1313.0,7,10800,10,1182,342.0,0.0,1313.0,1313,1950.0,0,299,0.0,7,Reg,0,70,60.0,27.363846269205577,50140.0,5.19,3.8,2008,12,Q4,1Fam,1
82000.0,944,2,1.0,57,2.0,0.0,3,10206,4,0,528.0,0.0,0.0,944,1956.0,0,0,0.0,3,Reg,0,20,74.0,26.11993393300743,50720.0,5.2,5.6,2009,7,Q3,1Fam,0
166646.109048572,1053,2,1.5,70,0.0,585.0,5,12180,5,468,0.0,0.0,585.0,585,1979.0,42,0,0.0,7,Reg,0,50,60.0,27.363846269205577,50140.0,5.69,3.3,2008,1,Q1,1Fam,1
158617.655719941,856,2,2.0,71,2.0,856.0,6,7890,4,0,399.0,238.0,618.0,856,1939.0,0,0,0.0,6,Reg,166,30,68.0,25.221608273812684,49020.0,4.965,5.2,2010,3,Q1,1Fam,1
145000.0,1258,3,2.5,37,2.0,1258.0,6,11040,5,0,528.0,656.0,602.0,1258,1971.0,55,0,144.0,7,Reg,0,20,80.0,27.363846269205577,50140.0,6.1,2.9,2008,10,Q4,1Fam,1
68500.0,520,1,1.0,81,1.0,520.0,4,6324,4,0,240.0,0.0,520.0,520,1920.0,49,0,0.0,6,IR1,0,30,60.0,27.363846269205577,50140.0,6.05,3.0,2008,5,Q2,1Fam,1
173575.5052865,810,1,1.0,99,1.0,0.0,2,21780,4,0,280.0,0.0,0.0,810,1975.0,119,24,0.0,4,Reg,0,30,109.0,26.11993393300743,50720.0,5.005000000000001,5.2,2009,3,Q1,1Fam,1
183521.710369283,1440,3,3.0,5,2.0,1432.0,8,11202,7,0,467.0,1029.0,403.0,1440,2003.0,185,95,206.0,5,IR1,0,20,82.0,27.363846269205577,50140.0,6.37,3.7,2008,6,Q2,1Fam,0
134000.0,1211,3,1.0,40,1.0,952.0,5,8250,5,0,322.0,250.0,210.0,1211,1968.0,0,63,0.0,5,Reg,0,20,55.0,27.363846269205577,50140.0,6.494999999999999,3.6,2008,8,Q3,1Fam,0
151951.955409666,1686,1,3.0,0,3.0,1686.0,9,7740,6,0,899.0,1023.0,663.0,1686,2006.0,266,100,518.0,5,Reg,0,20,61.0,30.85894600589856,48130.0,6.67,3.1,2006,6,Q2,TwnhsE,0
136500.0,864,3,2.0,31,1.0,864.0,5,7000,6,0,336.0,646.0,218.0,864,1978.0,0,0,90.0,8,IR1,0,20,68.0,26.11993393300743,50720.0,5.2,5.6,2009,7,Q3,1Fam,1
174525.87942676,1040,3,1.5,30,2.0,1040.0,5,8982,5,0,748.0,539.0,501.0,1040,1977.0,0,0,0.0,5,IR1,0,20,45.0,29.102296283256685,48910.0,6.220000000000001,3.0,2007,1,Q1,1Fam,0
153337.0,1224,2,3.0,30,2.0,1086.0,5,7018,6,0,528.0,1086.0,0.0,1224,1979.0,120,0,275.0,5,Reg,0,90,64.0,26.11993393300743,50720.0,5.4,6.0,2009,6,Q2,Duplex,0
128500.0,1382,2,1.5,66,2.0,720.0,5,12358,7,0,660.0,360.0,360.0,854,1991.0,237,0,0.0,6,IR1,0,50,68.0,29.102296283256685,48910.0,6.21,2.8,2007,5,Q2,1Fam,1
188700.0,1660,3,1.5,74,1.0,715.0,6,11988,6,811,240.0,326.0,389.0,849,1939.0,0,0,0.0,7,IR1,0,70,74.0,27.363846269205577,50140.0,6.494999999999999,3.6,2008,8,Q3,1Fam,1
130250.0,938,3,2.0,33,1.0,938.0,5,9200,5,0,308.0,280.0,167.0,938,1977.0,145,0,0.0,6,IR1,0,20,68.0,27.363846269205577,50140.0,6.37,3.6,2008,7,Q3,1Fam,1
164500.0,1224,2,2.5,0,2.0,612.0,6,3951,4,612,528.0,0.0,612.0,612,2009.0,0,234,76.0,5,Reg,0,160,40.0,26.11993393300743,50720.0,5.4,6.0,2009,6,Q2,TwnhsE,0
178657.794083741,1456,3,2.5,0,2.0,728.0,7,7713,7,728,400.0,0.0,728.0,728,2007.0,100,24,16.0,5,Reg,0,60,64.0,29.102296283256685,48910.0,6.710000000000001,3.0,2007,7,Q3,1Fam,0
107000.0,1117,3,2.0,34,2.0,1029.0,6,7819,6,0,672.0,422.0,480.0,1117,1976.0,144,0,0.0,5,Reg,0,80,94.0,25.221608273812684,49020.0,4.965,5.2,2010,3,Q1,1Fam,0
207500.0,1314,2,3.0,2,2.0,1314.0,7,5063,6,0,626.0,904.0,410.0,1314,2008.0,172,62,166.0,5,Reg,0,120,34.0,26.11993393300743,50720.0,4.8,4.9,2009,4,Q2,Twnhs,1
163481.501519718,1012,2,1.0,90,1.0,816.0,5,9800,5,0,429.0,0.0,816.0,1012,1920.0,121,0,0.0,5,Reg,0,30,70.0,25.221608273812684,49020.0,5.07,4.3,2010,4,Q2,1Fam,1
130000.0,899,3,1.0,42,1.0,864.0,5,7800,5,0,288.0,450.0,414.0,899,1967.0,64,0,89.0,7,Reg,0,20,65.0,26.11993393300743,50720.0,5.4,6.0,2009,6,Q2,1Fam,1
148217.262540651,498,1,1.0,84,1.0,498.0,2,8088,3,0,216.0,0.0,498.0,498,1922.0,0,0,0.0,3,Reg,0,30,60.0,30.85894600589856,48130.0,6.25,3.0,2006,2,Q1,1Fam,1
129000.0,936,2,2.0,54,1.0,936.0,5,5868,4,0,308.0,248.0,448.0,936,1956.0,0,0,0.0,7,Reg,160,20,74.0,25.221608273812684,49020.0,4.885,4.3,2010,5,Q2,1Fam,1
181000.0,1337,2,3.0,10,2.0,1405.0,6,4060,5,0,511.0,266.0,1139.0,1337,1998.0,144,68,0.0,5,Reg,0,120,34.0,27.363846269205577,50140.0,6.494999999999999,3.6,2008,8,Q3,TwnhsE,1
166335.403036551,1548,3,3.0,31,2.0,804.0,6,2364,7,744,440.0,320.0,484.0,804,1978.0,108,0,0.0,5,Reg,0,160,24.0,26.11993393300743,50720.0,5.2,5.6,2009,7,Q3,TwnhsE,0
180618.032628904,2314,3,2.5,3,2.0,1150.0,7,11060,9,1150,502.0,0.0,1150.0,1164,2003.0,0,274,0.0,5,IR1,0,60,90.0,30.85894600589856,48130.0,6.25,3.0,2006,2,Q1,1Fam,1
281000.0,1970,3,2.5,0,3.0,1085.0,8,11065,8,850,753.0,0.0,1085.0,1120,2006.0,177,74,788.0,5,IR1,0,60,86.0,30.85894600589856,48130.0,6.365,2.4,2006,10,Q4,1Fam,0
174901.452792889,1107,3,2.0,40,1.0,949.0,5,8050,5,0,308.0,474.0,437.0,1107,1967.0,88,64,0.0,6,Reg,0,20,70.0,29.102296283256685,48910.0,6.16,2.9,2007,3,Q1,1Fam,1
115000.0,1344,3,1.0,70,1.0,896.0,5,6240,7,448,240.0,0.0,896.0,896,1936.0,200,114,0.0,4,Reg,0,50,68.0,30.85894600589856,48130.0,6.51,2.4,2006,4,Q2,1Fam,1
214900.0,1894,4,3.5,8,2.0,817.0,7,11316,8,1070,510.0,624.0,193.0,824,2002.0,0,40,44.0,5,Reg,0,60,80.0,25.221608273812684,49020.0,4.99,5.3,2010,2,Q1,1Fam,1
175182.950898522,2268,3,3.0,120,2.0,346.0,8,9000,7,1111,624.0,0.0,346.0,1157,2003.0,0,108,0.0,9,Reg,0,70,50.0,25.221608273812684,49020.0,5.07,4.3,2010,4,Q2,1Fam,1
182909.515032911,1618,2,2.0,2,3.0,1618.0,8,16163,6,0,880.0,0.0,1618.0,1618,2004.0,0,0,232.0,5,Reg,0,20,110.0,30.85894600589856,48130.0,6.765000000000001,2.8,2006,7,Q3,1Fam,0
122000.0,2358,4,2.0,136,0.0,684.0,8,5250,8,1215,0.0,259.0,425.0,938,1979.0,0,54,0.0,5,Reg,0,70,50.0,27.363846269205577,50140.0,5.19,3.8,2008,12,Q4,1Fam,1
185987.340461822,1118,3,2.0,48,1.0,1118.0,5,11332,6,0,264.0,528.0,590.0,1118,1960.0,290,0,0.0,7,IR1,0,20,68.0,27.363846269205577,50140.0,6.494999999999999,3.6,2008,8,Q3,1Fam,1
274970.0,2201,4,2.0,40,2.0,697.0,6,19690,8,626,432.0,0.0,697.0,1575,1966.0,586,236,0.0,7,IR1,0,80,68.0,30.85894600589856,48130.0,6.52,2.6,2006,8,Q3,1Fam,0
180000.0,1721,3,2.5,38,2.0,1461.0,5,10335,7,0,440.0,570.0,891.0,1721,1968.0,0,96,0.0,6,IR1,0,20,78.0,30.85894600589856,48130.0,6.765000000000001,2.8,2006,7,Q3,1Fam,1
217500.0,1647,3,3.0,29,2.0,1430.0,5,12984,7,0,621.0,1283.0,0.0,1647,1977.0,0,0,459.0,6,Reg,0,20,80.0,30.85894600589856,48130.0,6.34,2.7,2006,3,Q1,1Fam,0
154000.0,1246,3,2.5,51,1.0,1246.0,5,7500,6,0,305.0,340.0,0.0,1246,1959.0,218,0,0.0,7,Reg,0,20,75.0,25.221608273812684,49020.0,4.885,4.3,2010,5,Q2,1Fam,1
140791.922472443,1306,1,3.0,4,2.0,1306.0,6,5122,5,0,624.0,881.0,425.0,1306,2005.0,170,63,135.0,5,IR1,0,120,34.0,26.11993393300743,50720.0,5.005000000000001,5.2,2009,3,Q1,Twnhs,0
206000.0,1208,2,3.0,4,2.0,1187.0,7,6762,6,0,632.0,686.0,501.0,1208,2006.0,105,61,24.0,5,Reg,0,20,64.0,25.221608273812684,49020.0,4.99,5.3,2010,2,Q1,1Fam,0
145000.0,1056,3,2.0,51,2.0,1056.0,5,34650,5,0,572.0,1056.0,0.0,1056,1955.0,264,0,0.0,5,Reg,0,190,100.0,30.85894600589856,48130.0,6.135,3.1,2006,1,Q1,2fmCon,0
140000.0,1668,3,1.5,59,1.0,856.0,6,9600,6,556,271.0,120.0,736.0,1112,1950.0,0,0,0.0,8,Reg,0,50,80.0,26.11993393300743,50720.0,5.055,4.7,2009,9,Q3,1Fam,1
181681.021081956,1200,3,1.0,59,1.0,1200.0,5,9600,6,0,246.0,390.0,810.0,1200,1950.0,126,0,0.0,6,Reg,0,20,60.0,26.11993393300743,50720.0,5.18,5.6,2009,8,Q3,1Fam,0
174388.867432503,1656,3,1.5,41,1.0,624.0,5,6000,7,564,288.0,257.0,367.0,1092,1967.0,0,180,0.0,5,Reg,100,80,75.0,27.363846269205577,50140.0,6.37,3.6,2008,7,Q3,1Fam,0
177109.589956218,1628,3,2.5,13,2.0,384.0,7,8400,7,670,390.0,284.0,100.0,958,1996.0,48,72,32.0,5,Reg,0,80,60.0,26.11993393300743,50720.0,5.4,6.0,2009,6,Q2,1Fam,1
106000.0,2138,2,2.0,111,2.0,849.0,5,8100,11,1063,360.0,0.0,849.0,1075,1910.0,40,156,0.0,5,Reg,0,75,90.0,26.11993393300743,50720.0,4.87,4.6,2009,11,Q4,1Fam,1
207500.0,2090,3,3.0,23,2.0,1190.0,7,5062,6,900,577.0,828.0,180.0,1190,1984.0,219,0,0.0,5,IR1,0,160,68.0,29.102296283256685,48910.0,6.38,2.8,2007,9,Q3,TwnhsE,0
200000.0,2267,4,2.5,7,2.0,1010.0,6,8068,8,1257,390.0,0.0,1010.0,1010,2002.0,120,46,0.0,5,IR1,0,60,68.0,26.11993393300743,50720.0,4.94,5.1,2009,12,Q4,1Fam,0
221648.391978216,2544,6,3.0,40,3.0,1248.0,6,9671,12,1296,907.0,0.0,1248.0,1248,1969.0,0,0,480.0,5,Reg,0,90,81.0,26.11993393300743,50720.0,5.18,5.6,2009,8,Q3,Duplex,0
175949.342720138,1496,3,2.0,48,2.0,1296.0,5,9600,6,0,450.0,658.0,638.0,1496,1960.0,0,22,203.0,6,Reg,0,20,80.0,27.363846269205577,50140.0,5.88,3.1,2008,2,Q1,1Fam,0
183918.612062767,1762,3,2.5,4,2.0,826.0,7,9930,6,884,591.0,456.0,370.0,878,2002.0,320,54,199.0,5,IR1,0,60,68.0,30.85894600589856,48130.0,6.765000000000001,2.8,2006,7,Q3,1Fam,0
175895.883726231,890,3,2.0,40,1.0,890.0,5,8450,5,0,308.0,890.0,0.0,890,1970.0,0,0,0.0,5,Reg,0,190,65.0,27.363846269205577,50140.0,5.88,2.7,2008,4,Q2,2fmCon,0
163000.0,1362,3,2.5,47,2.0,1362.0,6,10197,6,0,504.0,288.0,700.0,1362,1961.0,0,20,491.0,5,IR1,0,20,80.0,27.363846269205577,50140.0,6.37,3.7,2008,6,Q2,1Fam,0
202524.12465369,2000,3,3.5,1,3.0,1910.0,9,18261,8,0,722.0,1416.0,494.0,2000,2005.0,351,102,420.0,5,IR1,123,20,90.0,30.85894600589856,48130.0,6.415,2.6,2006,9,Q3,1Fam,0
176000.0,1137,2,3.0,19,2.0,1112.0,6,13811,5,0,551.0,980.0,92.0,1137,1987.0,125,0,72.0,6,IR1,0,20,54.0,30.85894600589856,48130.0,6.765000000000001,2.8,2006,7,Q3,1Fam,0
189806.546645026,2264,4,2.5,89,1.0,1100.0,6,7755,8,1164,408.0,0.0,1100.0,1100,1950.0,0,152,0.0,8,Reg,0,70,47.0,29.102296283256685,48910.0,6.21,2.8,2007,5,Q2,1Fam,1
105000.0,1374,2,1.0,89,1.0,840.0,4,5400,6,534,338.0,315.0,420.0,840,1967.0,0,0,0.0,6,Reg,0,50,90.0,26.11993393300743,50720.0,4.94,4.4,2009,10,Q4,1Fam,1
185199.050609653,1755,3,3.0,18,2.0,975.0,7,11949,7,780,524.0,601.0,158.0,975,1991.0,502,60,196.0,8,Reg,0,60,68.0,26.11993393300743,50720.0,5.2,5.6,2009,7,Q3,1Fam,1
149900.0,1078,3,2.5,39,2.0,1078.0,5,12537,6,0,500.0,734.0,344.0,1078,1971.0,0,0,0.0,6,IR1,0,20,68.0,25.221608273812684,49020.0,5.07,4.3,2010,4,Q2,1Fam,1
176844.981155794,912,3,1.0,42,0.0,912.0,5,8020,6,0,0.0,644.0,268.0,912,1979.0,0,0,0.0,6,IR1,0,20,68.0,30.85894600589856,48130.0,6.51,2.4,2006,4,Q2,1Fam,0
178000.0,1641,3,2.0,81,2.0,728.0,7,9600,6,809,546.0,16.0,712.0,832,1925.0,0,0,0.0,7,Reg,0,70,60.0,30.85894600589856,48130.0,6.52,2.6,2006,8,Q3,1Fam,1
190000.0,1993,4,2.5,35,2.0,825.0,6,14803,8,896,495.0,416.0,409.0,1097,1971.0,0,66,252.0,5,IR1,0,60,68.0,30.85894600589856,48130.0,6.67,3.1,2006,6,Q2,1Fam,0
193550.830097069,1770,4,2.5,38,2.0,900.0,5,8640,7,886,530.0,361.0,56.0,884,1968.0,0,60,300.0,5,Reg,270,60,72.0,30.85894600589856,48130.0,6.67,3.1,2006,6,Q2,1Fam,0
290000.0,2270,4,2.5,11,3.0,1152.0,8,11764,9,1106,671.0,524.0,628.0,1164,1999.0,132,57,348.0,7,IR1,0,60,92.0,25.221608273812684,49020.0,5.07,4.3,2010,4,Q2,1Fam,1
266000.0,1939,3,2.5,0,3.0,1095.0,8,10728,8,844,1053.0,0.0,1095.0,1095,2006.0,192,51,0.0,5,Reg,0,60,84.0,30.85894600589856,48130.0,6.52,2.6,2006,8,Q3,1Fam,0
144500.0,1526,4,1.0,53,1.0,1216.0,5,8562,7,0,364.0,383.0,833.0,1526,1957.0,116,78,145.0,6,Reg,0,20,68.0,25.221608273812684,49020.0,4.885,4.3,2010,5,Q2,1Fam,1
171992.760735142,1848,3,3.5,10,2.0,975.0,8,7379,7,873,592.0,484.0,491.0,975,2000.0,280,184,0.0,5,IR1,0,60,68.0,25.221608273812684,49020.0,5.07,4.3,2010,4,Q2,1Fam,0
162106.416145131,960,2,2.0,54,1.0,960.0,5,9768,5,0,330.0,100.0,613.0,960,1955.0,0,70,0.0,5,Reg,0,20,68.0,26.11993393300743,50720.0,5.115,5.1,2009,2,Q1,1Fam,0
284000.0,2046,3,3.5,5,3.0,998.0,7,10625,8,1040,871.0,866.0,132.0,1006,2003.0,320,62,292.0,5,Reg,0,60,85.0,27.363846269205577,50140.0,6.494999999999999,3.6,2008,8,Q3,1Fam,1
168238.61218265,1714,2,3.0,1,2.0,1714.0,9,8147,7,0,517.0,1191.0,523.0,1714,2005.0,156,55,230.0,5,Reg,0,120,60.0,30.85894600589856,48130.0,6.52,2.6,2006,8,Q3,TwnhsE,0
170591.884966356,1293,2,3.0,52,2.0,1178.0,6,11027,5,0,452.0,468.0,171.0,1293,1954.0,280,0,28.0,5,IR1,0,20,68.0,30.85894600589856,48130.0,6.595,2.4,2006,5,Q2,1Fam,0
190000.0,1923,3,3.5,18,2.0,750.0,7,10186,8,862,564.0,674.0,76.0,1061,1992.0,240,39,0.0,5,IR1,0,60,107.0,25.221608273812684,49020.0,4.734999999999999,5.0,2010,6,Q2,1Fam,0
170934.462746566,988,2,2.0,52,1.0,988.0,5,13587,5,0,264.0,532.0,456.0,988,1958.0,0,0,0.0,5,Reg,0,190,70.0,25.221608273812684,49020.0,5.07,4.3,2010,4,Q2,2fmCon,0
55000.0,1092,3,2.0,80,0.0,0.0,4,5600,7,720,0.0,0.0,0.0,372,1979.0,0,0,0.0,5,Reg,0,190,70.0,25.221608273812684,49020.0,4.57,4.7,2010,7,Q3,2fmCon,1
216032.303722443,2279,4,2.5,49,2.0,585.0,6,19958,7,0,461.0,0.0,585.0,2279,1958.0,274,0,1224.0,8,Reg,138,20,149.0,29.102296283256685,48910.0,6.710000000000001,3.0,2007,7,Q3,1Fam,1
180521.52640004,1025,3,2.0,31,2.0,1015.0,5,8660,6,0,370.0,502.0,513.0,1025,1979.0,127,0,113.0,5,IR1,0,80,59.0,29.102296283256685,48910.0,6.710000000000001,3.0,2007,7,Q3,1Fam,0
170895.923185907,1324,3,1.0,76,1.0,741.0,5,6120,7,583,180.0,0.0,741.0,741,1930.0,0,0,0.0,7,Reg,0,50,51.0,30.85894600589856,48130.0,6.25,3.0,2006,2,Q1,1Fam,1
220000.0,1604,3,3.5,3,2.0,1604.0,7,8814,8,0,660.0,1334.0,270.0,1604,2006.0,123,110,180.0,5,Reg,0,20,68.0,26.11993393300743,50720.0,5.005000000000001,5.2,2009,3,Q1,1Fam,0
176468.653371492,1403,3,2.5,94,1.0,698.0,6,10320,7,649,308.0,276.0,160.0,754,1915.0,0,0,0.0,7,Reg,0,190,60.0,26.11993393300743,50720.0,5.115,5.1,2009,2,Q1,2fmCon,1
231500.0,1764,3,3.5,12,2.0,928.0,6,15426,7,836,470.0,821.0,107.0,928,1997.0,276,99,0.0,5,IR1,0,60,65.0,26.11993393300743,50720.0,5.18,5.6,2009,8,Q3,1Fam,0
236000.0,2256,4,2.5,9,2.0,952.0,7,8795,8,1276,554.0,300.0,652.0,980,2000.0,224,54,0.0,5,IR1,0,60,68.0,26.11993393300743,50720.0,4.8,4.9,2009,4,Q2,1Fam,0
203310.218069877,2233,5,2.5,28,2.0,0.0,5,9555,11,1133,579.0,0.0,0.0,1100,1979.0,0,0,0.0,6,IR1,0,90,68.0,29.102296283256685,48910.0,6.29,3.0,2007,2,Q1,Duplex,0
160515.850579067,641,2,1.0,81,1.0,641.0,4,7030,4,0,272.0,0.0,641.0,641,1925.0,184,0,0.0,6,Reg,0,30,50.0,30.85894600589856,48130.0,6.34,2.7,2006,3,Q1,1Fam,1
187806.059368823,894,3,1.0,33,2.0,864.0,5,11800,5,0,440.0,663.0,201.0,894,1974.0,0,0,0.0,5,IR1,0,20,97.0,29.102296283256685,48910.0,6.59,3.0,2007,8,Q3,1Fam,0
145000.0,1314,3,2.0,53,1.0,1314.0,5,8400,5,0,294.0,922.0,392.0,1314,1957.0,250,0,0.0,6,Reg,0,20,70.0,25.221608273812684,49020.0,4.734999999999999,5.0,2010,6,Q2,1Fam,0
177484.91371363,1418,3,3.0,11,2.0,1418.0,7,8696,5,0,558.0,1308.0,110.0,1418,1997.0,208,110,150.0,5,IR1,0,20,68.0,27.363846269205577,50140.0,6.05,3.0,2008,5,Q2,1Fam,1
223667.404551664,1600,3,1.5,55,1.0,0.0,1,31250,6,0,270.0,0.0,0.0,1600,1951.0,0,0,0.0,3,Reg,0,20,125.0,30.85894600589856,48130.0,6.595,2.4,2006,5,Q2,1Fam,0
165500.0,1110,1,2.0,31,2.0,1097.0,5,9101,4,0,602.0,1097.0,0.0,1110,1978.0,303,30,104.0,6,IR1,0,85,68.0,26.11993393300743,50720.0,5.2,5.6,2009,7,Q3,1Fam,0
178543.647859512,1642,3,2.5,14,2.0,903.0,6,7655,7,732,392.0,0.0,903.0,910,1993.0,290,84,0.0,5,IR1,0,60,68.0,29.102296283256685,48910.0,6.710000000000001,3.0,2007,7,Q3,1Fam,1
183500.0,1720,3,2.5,3,2.0,840.0,7,8244,7,880,440.0,0.0,840.0,840,2004.0,100,48,0.0,5,IR1,0,60,62.0,29.102296283256685,48910.0,6.21,2.8,2007,5,Q2,1Fam,0
295493.0,1630,3,3.0,1,3.0,1622.0,8,10226,8,0,860.0,0.0,1622.0,1630,2008.0,172,42,270.0,5,IR1,0,20,61.0,26.11993393300743,50720.0,5.055,5.0,2009,1,Q1,1Fam,0
190720.794649138,1786,3,3.0,6,3.0,1778.0,8,14860,6,0,715.0,1538.0,240.0,1786,2002.0,182,35,240.0,5,IR2,0,20,68.0,27.363846269205577,50140.0,6.37,3.7,2008,6,Q2,1Fam,1
187500.0,1717,3,2.5,17,2.0,1156.0,7,13758,7,530,400.0,902.0,254.0,1187,1990.0,168,36,117.0,5,IR1,0,50,44.0,29.102296283256685,48910.0,6.17,2.8,2007,4,Q2,1Fam,1
125000.0,1365,3,1.5,39,2.0,765.0,5,2368,7,600,440.0,765.0,0.0,765,1970.0,0,36,312.0,6,Reg,0,160,24.0,26.11993393300743,50720.0,4.85,5.0,2009,5,Q2,TwnhsE,0
135900.0,1716,6,3.0,96,0.0,780.0,5,5687,9,780,0.0,210.0,570.0,936,1979.0,0,184,0.0,6,Reg,0,190,55.0,27.363846269205577,50140.0,5.95,3.0,2008,3,Q1,2fmCon,1
197500.0,1381,3,2.5,38,2.0,1161.0,6,9360,5,0,676.0,982.0,179.0,1381,1972.0,0,0,0.0,7,Reg,0,20,78.0,25.221608273812684,49020.0,4.965,5.2,2010,3,Q1,1Fam,1
186425.069879189,1797,3,1.5,49,3.0,1617.0,5,11765,7,0,963.0,1127.0,490.0,1797,1957.0,0,0,302.0,5,IR1,0,20,68.0,30.85894600589856,48130.0,6.67,3.1,2006,6,Q2,1Fam,0
280000.0,2172,3,2.5,1,3.0,1063.0,7,14154,9,1101,947.0,0.0,1063.0,1071,2006.0,192,62,350.0,5,Reg,0,60,109.0,29.102296283256685,48910.0,6.59,3.0,2007,8,Q3,1Fam,0
209375.003419718,3500,4,4.5,13,3.0,1733.0,9,17242,11,1567,959.0,292.0,48.0,1933,1993.0,870,86,738.0,5,IR1,210,60,114.0,30.85894600589856,48130.0,6.595,2.4,2006,5,Q2,1Fam,1
201416.004864508,2758,4,2.5,2,3.0,1704.0,9,13654,9,1036,814.0,0.0,1704.0,1722,2005.0,282,55,365.0,5,IR1,0,60,118.0,29.102296283256685,48910.0,6.21,2.8,2007,5,Q2,1Fam,1
174000.0,1682,3,2.0,38,2.0,1304.0,7,10400,7,0,530.0,0.0,1304.0,1682,1970.0,98,0,288.0,6,Reg,0,20,80.0,27.363846269205577,50140.0,6.05,3.0,2008,5,Q2,1Fam,0
186220.965458121,1154,3,1.5,54,1.0,864.0,5,11556,6,0,336.0,408.0,456.0,1154,1962.0,63,0,0.0,9,Reg,0,20,60.0,29.102296283256685,48910.0,6.710000000000001,3.0,2007,7,Q3,1Fam,1
184479.322005212,1174,3,2.0,30,2.0,864.0,5,12250,5,0,528.0,781.0,83.0,1174,1978.0,211,0,180.0,6,IR1,0,20,68.0,27.363846269205577,50140.0,6.05,3.0,2008,5,Q2,1Fam,0
140000.0,1482,4,2.0,83,1.0,672.0,6,12155,7,672,400.0,156.0,516.0,810,1934.0,0,0,0.0,8,IR1,0,70,68.0,27.363846269205577,50140.0,5.95,3.0,2008,3,Q1,1Fam,1
165000.0,1431,3,1.5,46,1.0,1099.0,6,9150,6,0,296.0,371.0,728.0,1431,1962.0,64,110,305.0,5,IR1,0,80,101.0,27.363846269205577,50140.0,5.19,3.8,2008,12,Q4,1Fam,0
180807.213919103,1478,3,3.0,16,2.0,1454.0,7,9928,6,0,506.0,1239.0,215.0,1478,1991.0,114,22,0.0,5,IR1,0,20,68.0,29.102296283256685,48910.0,6.21,2.8,2007,5,Q2,1Fam,1
144152.0,1200,2,2.5,1,2.0,600.0,7,3180,4,600,480.0,0.0,600.0,520,2005.0,0,166,0.0,5,Reg,0,160,30.0,30.85894600589856,48130.0,6.51,2.4,2006,4,Q2,TwnhsE,0
163081.025723456,919,2,2.0,82,1.0,894.0,6,7000,5,0,195.0,299.0,555.0,919,1926.0,0,0,0.0,8,Reg,0,30,50.0,27.363846269205577,50140.0,6.37,3.6,2008,7,Q3,1Fam,1
161665.184974757,1376,2,1.0,101,1.0,738.0,3,7614,7,662,216.0,0.0,738.0,714,1930.0,0,0,0.0,5,Reg,225,70,42.0,30.85894600589856,48130.0,6.34,2.7,2006,3,Q1,1Fam,1
188514.050228937,1114,3,1.5,5,0.0,1114.0,5,13072,6,0,0.0,0.0,1114.0,1114,1979.0,0,39,0.0,5,Reg,0,20,63.0,26.11993393300743,50720.0,5.18,5.6,2009,8,Q3,1Fam,0
112500.0,882,3,2.0,35,2.0,882.0,5,7700,5,0,461.0,138.0,276.0,882,1980.0,96,0,0.0,5,Reg,0,20,70.0,29.102296283256685,48910.0,6.16,2.9,2007,3,Q1,1Fam,0
189595.964677698,1930,4,3.0,82,1.0,720.0,6,6876,8,784,316.0,522.0,198.0,1146,1927.0,0,0,0.0,5,Reg,0,70,57.0,26.11993393300743,50720.0,5.18,5.6,2009,8,Q3,1Fam,1
147000.0,1113,3,1.0,59,1.0,1113.0,5,9600,5,0,264.0,607.0,506.0,1113,1950.0,0,80,0.0,7,Reg,0,20,80.0,26.11993393300743,50720.0,5.2,5.6,2009,7,Q3,1Fam,1
166274.325225982,1092,3,1.5,36,0.0,546.0,4,1526,5,546,0.0,0.0,546.0,546,1979.0,0,34,0.0,5,Reg,0,160,21.0,30.85894600589856,48130.0,6.67,3.1,2006,6,Q2,Twnhs,0
176000.0,1978,4,2.5,40,2.0,832.0,7,9900,9,880,486.0,552.0,280.0,1098,1968.0,0,43,342.0,5,Reg,0,60,68.0,27.363846269205577,50140.0,5.88,2.7,2008,4,Q2,1Fam,0
183517.34369691,1641,3,3.0,1,3.0,1641.0,9,14463,7,0,885.0,1115.0,526.0,1641,2008.0,0,95,406.0,5,IR1,0,20,79.0,26.11993393300743,50720.0,5.055,5.0,2009,1,Q1,1Fam,0
180882.250849082,1207,3,1.5,44,1.0,1135.0,6,9510,6,0,264.0,701.0,434.0,1207,1962.0,0,240,161.0,5,Reg,0,20,77.0,30.85894600589856,48130.0,6.595,2.4,2006,5,Q2,1Fam,1
151131.098733642,1700,2,3.5,26,1.0,430.0,7,1700,7,680,450.0,397.0,33.0,880,1980.0,188,36,0.0,5,Reg,200,150,68.0,30.85894600589856,48130.0,6.51,2.4,2006,4,Q2,Twnhs,1
98000.0,864,2,2.0,83,0.0,864.0,5,5604,5,0,0.0,468.0,396.0,864,1979.0,0,0,0.0,6,Reg,0,30,67.0,27.363846269205577,50140.0,5.88,2.7,2008,4,Q2,1Fam,1
261500.0,1872,3,3.5,8,2.0,1299.0,8,11885,7,573,531.0,990.0,309.0,1299,2001.0,160,122,108.0,5,Reg,0,60,68.0,26.11993393300743,50720.0,4.87,4.6,2009,11,Q4,1Fam,0
173500.0,1476,3,3.5,4,2.0,738.0,6,8633,7,738,540.0,193.0,545.0,738,2005.0,100,35,0.0,5,Reg,0,60,64.0,26.11993393300743,50720.0,5.115,5.1,2009,2,Q1,1Fam,0
166300.235380627,1308,2,2.0,93,2.0,880.0,5,10320,6,428,400.0,0.0,880.0,880,1950.0,0,0,0.0,6,Reg,0,50,68.0,27.363846269205577,50140.0,5.88,2.7,2008,4,Q2,1Fam,1
255629.49047034,1488,3,2.5,58,2.0,1488.0,6,47280,6,0,738.0,0.0,1488.0,1488,1950.0,0,0,44.0,5,IR1,0,20,68.0,27.363846269205577,50140.0,6.37,3.6,2008,7,Q3,1Fam,0
147000.0,1344,3,1.0,89,1.0,672.0,5,10690,6,672,468.0,456.0,216.0,672,1964.0,0,128,0.0,7,Reg,0,70,59.0,26.11993393300743,50720.0,5.2,5.6,2009,7,Q3,1Fam,1
228000.0,2097,3,3.0,15,3.0,1080.0,7,11228,9,1017,678.0,50.0,499.0,1080,1993.0,196,187,0.0,5,IR2,0,60,59.0,27.363846269205577,50140.0,5.19,3.8,2008,12,Q4,1Fam,0
178900.0,1484,3,2.5,2,2.0,783.0,6,10237,8,701,393.0,0.0,783.0,783,2005.0,0,72,0.0,5,Reg,0,60,65.0,29.102296283256685,48910.0,6.710000000000001,3.0,2007,7,Q3,1Fam,1
153500.0,1074,3,2.5,31,2.0,1056.0,5,10140,6,0,495.0,788.0,268.0,1074,1975.0,0,88,0.0,6,Reg,0,20,78.0,30.85894600589856,48130.0,6.765000000000001,2.8,2006,7,Q3,1Fam,0
115000.0,912,2,1.0,42,1.0,912.0,5,7800,5,0,288.0,312.0,0.0,912,1964.0,0,0,0.0,5,IR1,0,20,66.0,30.85894600589856,48130.0,6.24,2.4,2006,11,Q4,1Fam,0
176746.969818601,1464,3,2.0,99,0.0,504.0,5,9900,7,700,0.0,0.0,504.0,764,1979.0,0,0,0.0,8,Reg,0,70,90.0,26.11993393300743,50720.0,5.005000000000001,5.2,2009,3,Q1,1Fam,1
129000.0,1120,3,2.5,46,2.0,1040.0,4,6970,5,0,544.0,932.0,108.0,1120,1961.0,168,0,0.0,5,Reg,0,20,85.0,29.102296283256685,48910.0,6.21,2.8,2007,5,Q2,1Fam,0
215000.0,1911,3,2.5,13,2.0,777.0,8,9554,8,846,471.0,380.0,397.0,1065,1993.0,182,81,125.0,5,IR1,0,60,80.0,30.85894600589856,48130.0,6.415,2.6,2006,9,Q3,1Fam,1
154900.0,1343,3,1.5,88,1.0,731.0,5,7681,7,523,186.0,0.0,731.0,820,1921.0,192,0,0.0,6,IR1,0,50,54.0,26.11993393300743,50720.0,5.2,5.6,2009,7,Q3,1Fam,1
177000.0,1680,4,2.0,93,1.0,840.0,6,15576,8,840,308.0,0.0,840.0,840,1960.0,0,0,0.0,7,Reg,0,70,63.0,27.363846269205577,50140.0,5.95,3.0,2008,3,Q1,1Fam,1
176412.012719061,1686,3,2.5,1,2.0,891.0,7,7800,8,795,462.0,0.0,891.0,891,2005.0,144,101,172.0,5,Reg,0,60,65.0,30.85894600589856,48130.0,6.51,2.4,2006,4,Q2,1Fam,0
115000.0,1517,3,2.0,88,0.0,793.0,5,8500,7,520,0.0,0.0,793.0,997,1979.0,0,0,0.0,7,Reg,0,50,85.0,29.102296283256685,48910.0,6.59,3.0,2007,8,Q3,1Fam,1
485000.0,3140,4,3.5,1,3.0,1926.0,9,13518,11,1174,820.0,0.0,1926.0,1966,2009.0,144,78,860.0,5,Reg,0,60,104.0,26.11993393300743,50720.0,5.2,5.6,2009,7,Q3,1Fam,1
224000.0,1358,2,3.0,1,2.0,1358.0,7,6371,6,0,484.0,733.0,625.0,1358,2010.0,192,35,128.0,5,IR1,0,120,44.0,25.221608273812684,49020.0,4.734999999999999,5.0,2010,6,Q2,TwnhsE,1
107500.0,827,2,1.0,55,1.0,0.0,5,7200,5,0,392.0,0.0,0.0,827,1967.0,0,0,0.0,7,Reg,0,20,60.0,25.221608273812684,49020.0,5.07,4.3,2010,4,Q2,1Fam,1
142000.0,1252,3,1.0,49,2.0,1252.0,6,10721,7,0,528.0,0.0,1252.0,1252,1960.0,0,39,243.0,6,IR1,0,20,80.0,27.363846269205577,50140.0,6.1,2.9,2008,10,Q4,1Fam,0
284000.0,1629,3,3.0,6,3.0,3206.0,8,10655,7,0,880.0,1124.0,1603.0,1629,2003.0,0,0,296.0,5,IR1,0,20,85.0,26.11993393300743,50720.0,4.94,4.4,2009,10,Q4,1Fam,1
195000.0,1948,4,2.5,2,2.0,847.0,7,12393,8,1101,434.0,0.0,847.0,847,2004.0,100,48,0.0,5,IR2,0,60,41.0,30.85894600589856,48130.0,6.415,2.6,2006,9,Q3,1Fam,1
163474.633393212,825,2,1.5,54,1.0,825.0,5,7200,4,0,350.0,0.0,825.0,825,1954.0,0,0,0.0,7,Reg,0,20,60.0,27.363846269205577,50140.0,6.37,3.6,2008,7,Q3,1Fam,0
203909.759061135,2464,4,3.5,1,3.0,2418.0,8,13693,9,0,650.0,1728.0,195.0,2464,2007.0,358,78,554.0,5,Reg,0,20,105.0,27.363846269205577,50140.0,6.494999999999999,3.6,2008,8,Q3,1Fam,0
140000.0,1558,3,2.5,63,1.0,913.0,5,10930,6,510,288.0,580.0,333.0,1048,1962.0,0,0,0.0,6,Reg,0,50,60.0,27.363846269205577,50140.0,5.88,2.7,2008,4,Q2,1Fam,1
179399.563554274,2052,3,2.5,9,3.0,1107.0,8,10125,7,1012,642.0,445.0,412.0,1040,2000.0,210,91,0.0,5,Reg,0,60,75.0,26.11993393300743,50720.0,4.85,5.0,2009,5,Q2,1Fam,1
181134.0,1340,3,2.0,0,2.0,1340.0,7,8899,6,0,396.0,24.0,1316.0,1340,2007.0,100,30,0.0,5,IR1,0,20,73.0,29.102296283256685,48910.0,6.59,3.0,2007,8,Q3,1Fam,0
253000.0,1971,3,2.5,4,2.0,1113.0,7,9675,8,858,689.0,341.0,772.0,1113,2005.0,0,48,0.0,5,Reg,0,60,75.0,26.11993393300743,50720.0,5.115,5.1,2009,2,Q1,1Fam,0
224500.0,1692,3,2.5,0,2.0,846.0,7,13159,6,846,650.0,0.0,846.0,846,2009.0,208,114,0.0,5,IR1,0,60,83.0,26.11993393300743,50720.0,5.2,5.6,2009,7,Q3,1Fam,0
167517.628078595,1643,2,3.0,42,2.0,1182.0,6,11500,6,0,438.0,262.0,197.0,1643,1966.0,339,0,0.0,6,IR1,0,20,68.0,27.363846269205577,50140.0,5.95,3.0,2008,3,Q1,1Fam,0
240000.0,1670,3,2.0,0,3.0,1670.0,7,14859,7,0,690.0,0.0,1670.0,1670,2006.0,144,60,27.0,5,IR1,0,20,50.0,30.85894600589856,48130.0,6.52,2.6,2006,8,Q3,1Fam,0
187741.866657478,2000,3,2.5,13,3.0,996.0,7,9627,9,1004,650.0,758.0,238.0,996,1993.0,190,48,94.0,5,Reg,0,60,74.0,30.85894600589856,48130.0,6.24,2.4,2006,11,Q4,1Fam,1
187245.168439419,943,3,1.0,49,1.0,0.0,4,11515,5,0,308.0,0.0,0.0,943,1958.0,0,0,0.0,5,IR1,0,30,68.0,29.102296283256685,48910.0,6.59,3.0,2007,8,Q3,1Fam,1
156214.042540726,1418,1,2.5,0,3.0,1642.0,8,12853,6,0,852.0,1032.0,610.0,1418,2010.0,160,192,0.0,5,IR1,0,20,57.0,25.221608273812684,49020.0,5.07,4.3,2010,4,Q2,1Fam,0
180000.0,1337,2,3.0,15,2.0,1337.0,8,5395,5,0,462.0,733.0,604.0,1337,1993.0,96,0,0.0,5,IR1,0,120,41.0,27.363846269205577,50140.0,6.1,2.9,2008,10,Q4,TwnhsE,0
122500.0,1365,2,2.5,36,2.0,765.0,5,1920,6,600,440.0,471.0,294.0,765,1971.0,240,36,376.0,5,Reg,0,160,24.0,29.102296283256685,48910.0,6.59,3.0,2007,8,Q3,TwnhsE,0
274900.0,1713,3,3.0,5,3.0,1713.0,8,9591,7,0,856.0,1088.0,625.0,1713,2004.0,0,26,262.0,5,Reg,170,20,76.0,26.11993393300743,50720.0,5.055,5.0,2009,1,Q1,1Fam,1
115000.0,1224,3,1.0,83,1.0,818.0,6,3950,5,406,210.0,468.0,350.0,818,1926.0,0,0,0.0,8,Reg,0,50,68.0,26.11993393300743,50720.0,4.94,5.1,2009,12,Q4,1Fam,1
187222.653264601,2499,4,2.5,33,2.0,392.0,8,9600,5,1012,527.0,0.0,392.0,1487,1976.0,0,64,200.0,5,Reg,0,80,80.0,26.11993393300743,50720.0,5.055,5.0,2009,1,Q1,1Fam,0
174126.297156192,864,3,1.0,34,1.0,864.0,5,7200,5,0,297.0,437.0,427.0,864,1977.0,0,0,0.0,8,Reg,0,20,60.0,30.85894600589856,48130.0,6.34,2.7,2006,3,Q1,1Fam,0
153575.0,1396,3,1.0,92,1.0,698.0,6,8730,7,698,384.0,0.0,698.0,698,2003.0,0,0,0.0,7,Reg,259,70,60.0,29.102296283256685,48910.0,6.710000000000001,3.0,2007,7,Q3,1Fam,1
137000.0,1928,4,2.0,96,1.0,1020.0,6,9142,9,1020,440.0,0.0,1020.0,908,1910.0,0,60,0.0,8,Reg,0,190,69.0,30.85894600589856,48130.0,6.51,2.4,2006,4,Q2,2fmCon,1
183810.11848086,1240,3,2.5,22,2.0,1265.0,7,10331,6,0,528.0,215.0,970.0,1240,1985.0,232,0,0.0,7,Reg,0,20,42.0,29.102296283256685,48910.0,6.710000000000001,3.0,2007,7,Q3,1Fam,0
244600.0,1468,3,2.0,1,3.0,1468.0,8,9612,6,0,898.0,0.0,1468.0,1468,2008.0,210,150,72.0,5,Reg,0,20,74.0,26.11993393300743,50720.0,4.94,5.1,2009,12,Q4,1Fam,1
160200.0,1145,2,2.0,4,2.0,1145.0,7,3182,5,0,397.0,16.0,1129.0,1145,2005.0,100,16,11.0,5,Reg,0,120,43.0,26.11993393300743,50720.0,5.055,4.7,2009,9,Q3,TwnhsE,1
403000.0,2794,4,3.5,14,3.0,1462.0,8,15138,9,1304,810.0,689.0,773.0,1490,1995.0,0,146,506.0,5,IR1,0,60,174.0,26.11993393300743,50720.0,5.2,5.6,2009,7,Q3,1Fam,1
172500.0,1258,2,2.0,1,3.0,1258.0,7,3922,6,0,648.0,0.0,1258.0,1258,2007.0,144,16,72.0,5,Reg,0,120,53.0,29.102296283256685,48910.0,6.68,3.4,2007,6,Q2,TwnhsE,1
375000.0,2036,3,4.0,44,2.0,2136.0,7,215245,8,0,513.0,1236.0,80.0,2036,1965.0,0,0,0.0,5,IR3,0,20,150.0,26.11993393300743,50720.0,5.4,6.0,2009,6,Q2,1Fam,0
446261.0,2713,3,3.5,0,3.0,1452.0,9,14948,11,1237,858.0,1330.0,122.0,1476,2008.0,126,66,268.0,5,IR1,0,60,67.0,27.363846269205577,50140.0,6.09,3.1,2008,11,Q4,1Fam,0
180658.216435809,1057,3,1.5,51,1.0,1057.0,5,10519,6,0,288.0,0.0,1057.0,1057,1955.0,0,0,164.0,8,Reg,0,20,70.0,30.85894600589856,48130.0,6.34,2.7,2006,3,Q1,1Fam,1
214000.0,1588,3,2.0,7,2.0,1588.0,7,10264,6,0,472.0,1162.0,426.0,1588,1999.0,158,29,183.0,5,IR1,0,20,78.0,30.85894600589856,48130.0,6.52,2.6,2006,8,Q3,1Fam,0
107500.0,2372,4,2.0,117,1.0,994.0,5,6600,11,994,432.0,0.0,994.0,1378,1985.0,0,287,0.0,4,Reg,0,70,60.0,26.11993393300743,50720.0,4.94,5.1,2009,12,Q4,1Fam,1
182927.863869391,1076,3,1.5,33,2.0,1076.0,5,9216,5,0,576.0,294.0,782.0,1076,1985.0,0,0,176.0,6,IR1,0,20,68.0,27.363846269205577,50140.0,6.01,3.0,2008,9,Q3,1Fam,0
175370.990918319,1376,3,1.0,87,2.0,768.0,6,8850,7,624,576.0,0.0,768.0,752,1977.0,0,54,0.0,7,Reg,0,50,60.0,29.102296283256685,48910.0,6.29,3.0,2007,2,Q1,1Fam,1
313000.0,2153,3,3.5,9,3.0,1440.0,9,11050,8,677,736.0,904.0,536.0,1476,2000.0,253,142,204.0,5,Reg,0,60,68.0,26.11993393300743,50720.0,4.85,5.0,2009,5,Q2,1Fam,0
287000.0,2263,3,2.5,7,2.0,1055.0,8,9240,7,1208,905.0,0.0,1055.0,1055,2001.0,0,45,396.0,5,Reg,189,60,68.0,27.363846269205577,50140.0,6.01,3.0,2008,9,Q3,1Fam,1
162015.318511503,1508,1,2.0,1,2.0,1508.0,7,17485,5,0,572.0,1346.0,162.0,1508,2009.0,0,0,96.0,5,IR2,0,20,44.0,25.221608273812684,49020.0,5.025,5.5,2010,1,Q1,1Fam,1
161305.53503837,840,2,1.0,86,1.0,798.0,3,5747,5,0,250.0,0.0,798.0,840,1938.0,112,0,0.0,4,Reg,0,30,48.0,30.85894600589856,48130.0,6.67,3.1,2006,6,Q2,1Fam,1
180064.941503122,990,3,2.0,13,1.0,990.0,5,8428,5,0,384.0,420.0,570.0,990,1995.0,256,0,0.0,7,IR2,0,20,60.0,29.102296283256685,48910.0,6.710000000000001,3.0,2007,7,Q3,1Fam,0
162690.209131977,1136,2,1.5,79,1.0,704.0,4,6240,6,512,336.0,80.0,624.0,624,1990.0,0,365,0.0,7,Reg,0,50,52.0,27.363846269205577,50140.0,6.494999999999999,3.6,2008,8,Q3,1Fam,1
237000.0,2031,3,3.5,6,2.0,1128.0,8,9473,7,903,577.0,804.0,324.0,1128,2002.0,0,211,0.0,5,Reg,0,60,75.0,27.363846269205577,50140.0,5.95,3.0,2008,3,Q1,1Fam,0
169500.0,1818,4,1.5,76,1.0,1040.0,7,7758,7,592,240.0,224.0,816.0,1226,1951.0,0,0,600.0,4,Reg,184,50,68.0,29.102296283256685,48910.0,6.68,3.4,2007,6,Q2,1Fam,1
186711.715848082,1278,4,1.0,54,1.0,854.0,6,7200,6,424,240.0,673.0,181.0,854,1954.0,0,0,0.0,5,Reg,0,50,60.0,27.363846269205577,50140.0,5.88,2.7,2008,4,Q2,1Fam,0
185199.372568143,1114,3,1.5,5,2.0,1114.0,7,13072,6,0,576.0,0.0,1114.0,1114,2005.0,248,102,0.0,5,Reg,0,20,63.0,26.11993393300743,50720.0,4.85,5.0,2009,5,Q2,1Fam,1
194107.287565956,1256,3,2.0,22,2.0,1256.0,6,18265,6,0,578.0,920.0,276.0,1256,1986.0,282,0,228.0,5,Reg,0,20,93.0,27.363846269205577,50140.0,5.95,3.0,2008,3,Q1,1Fam,0
181017.222455218,1334,3,3.0,39,2.0,1334.0,7,10140,7,0,477.0,553.0,713.0,1334,1967.0,0,20,264.0,6,Reg,264,20,78.0,30.85894600589856,48130.0,6.51,2.4,2006,4,Q2,1Fam,0
193700.976276404,907,3,1.0,31,1.0,907.0,5,16269,5,0,343.0,625.0,282.0,907,1978.0,72,0,76.0,5,IR1,0,20,68.0,26.11993393300743,50720.0,5.2,5.6,2009,7,Q3,1Fam,0
176334.184710805,1830,3,2.5,1,3.0,1302.0,8,8778,7,528,859.0,0.0,1302.0,1302,2006.0,0,40,0.0,5,Reg,0,60,75.0,29.102296283256685,48910.0,6.16,2.9,2007,3,Q1,1Fam,0
290000.0,2520,4,2.5,12,3.0,1203.0,7,9950,9,1306,721.0,565.0,638.0,1214,1995.0,224,114,290.0,5,IR1,0,60,82.0,29.102296283256685,48910.0,6.68,3.4,2007,6,Q2,1Fam,0
189030.680303208,1093,3,3.0,41,2.0,1093.0,6,10738,6,0,484.0,792.0,301.0,1093,1966.0,224,0,0.0,7,IR1,0,20,88.0,29.102296283256685,48910.0,6.24,2.6,2007,11,Q4,1Fam,0
186414.012339254,1538,3,3.0,2,2.0,1538.0,8,8847,7,0,484.0,769.0,769.0,1538,2005.0,146,40,148.0,5,Reg,0,20,74.0,29.102296283256685,48910.0,6.125,3.0,2007,12,Q4,1Fam,0
139000.0,1121,3,2.0,46,2.0,1121.0,5,8816,5,0,480.0,651.0,470.0,1121,1963.0,0,80,0.0,6,Reg,0,20,80.0,26.11993393300743,50720.0,5.4,6.0,2009,6,Q2,1Fam,0
168000.0,1622,3,2.0,46,4.0,1249.0,4,32463,7,0,1356.0,1159.0,90.0,1622,1975.0,439,0,149.0,4,Reg,0,190,68.0,29.102296283256685,48910.0,6.16,2.9,2007,3,Q1,2fmCon,1
182067.760625207,1238,3,1.5,57,1.0,864.0,5,7200,6,0,357.0,432.0,432.0,1238,1950.0,0,171,0.0,3,Reg,0,20,60.0,29.102296283256685,48910.0,6.24,2.6,2007,11,Q4,1Fam,0
124000.0,1040,3,2.0,31,0.0,1040.0,5,8430,5,0,0.0,616.0,424.0,1040,1979.0,0,0,136.0,5,Reg,0,20,60.0,26.11993393300743,50720.0,5.18,5.6,2009,8,Q3,1Fam,0
220000.0,1915,3,3.5,14,2.0,908.0,8,10041,8,988,506.0,789.0,119.0,927,1992.0,120,150,0.0,5,IR1,0,60,80.0,30.85894600589856,48130.0,6.25,3.0,2006,2,Q1,1Fam,0
155919.014077746,1142,2,2.0,1,2.0,1142.0,7,3010,6,0,440.0,16.0,1126.0,1142,2005.0,90,0,14.0,5,Reg,0,120,43.0,30.85894600589856,48130.0,6.67,3.1,2006,6,Q2,TwnhsE,1
145000.0,1138,3,1.5,49,1.0,588.0,6,10482,6,0,264.0,507.0,81.0,1138,1958.0,224,0,63.0,8,Reg,0,80,65.0,29.102296283256685,48910.0,6.68,3.4,2007,6,Q2,1Fam,0
86000.0,605,2,2.0,87,0.0,528.0,4,9098,5,0,0.0,348.0,180.0,605,1979.0,0,0,0.0,7,IR1,0,30,58.0,29.102296283256685,48910.0,6.710000000000001,3.0,2007,7,Q3,1Fam,1
186544.114327568,2250,3,3.5,8,3.0,1671.0,8,13650,7,563,756.0,578.0,1093.0,1687,2002.0,238,130,232.0,5,Reg,0,60,105.0,25.221608273812684,49020.0,4.734999999999999,5.0,2010,6,Q2,1Fam,0
175000.0,1647,3,2.5,8,2.0,953.0,6,7917,7,694,460.0,0.0,953.0,953,1999.0,0,40,0.0,5,Reg,0,60,62.0,29.102296283256685,48910.0,6.59,3.0,2007,8,Q3,1Fam,1
252678.0,1852,3,3.5,0,2.0,900.0,7,8640,7,920,644.0,822.0,78.0,932,2009.0,168,108,0.0,5,Reg,0,60,72.0,26.11993393300743,50720.0,5.2,5.6,2009,7,Q3,1Fam,0
144000.0,912,2,2.0,46,1.0,912.0,5,12968,4,0,352.0,737.0,175.0,912,1962.0,140,0,0.0,6,IR2,176,20,68.0,27.363846269205577,50140.0,6.01,3.0,2008,9,Q3,1Fam,0
142953.0,2240,6,2.0,30,2.0,0.0,5,7018,12,1120,528.0,0.0,0.0,1120,1979.0,154,0,0.0,5,Reg,0,90,64.0,26.11993393300743,50720.0,5.4,6.0,2009,6,Q2,Duplex,0
113000.0,988,2,1.0,54,2.0,988.0,5,21750,4,0,520.0,0.0,988.0,988,1954.0,0,0,0.0,5,Reg,0,20,100.0,27.363846269205577,50140.0,5.88,3.1,2008,2,Q1,1Fam,0
755000.0,4316,4,4.0,13,3.0,2444.0,10,21535,10,1872,832.0,1455.0,989.0,2444,1994.0,382,50,1170.0,6,IR1,0,60,104.0,29.102296283256685,48910.0,6.220000000000001,3.0,2007,1,Q1,1Fam,1
211423.986511149,1560,3,1.5,47,2.0,1560.0,6,25485,6,0,580.0,540.0,0.0,1560,1960.0,0,75,423.0,4,IR1,0,20,68.0,29.102296283256685,48910.0,6.21,2.8,2007,5,Q2,1Fam,0
169335.310624364,1368,2,4.0,9,4.0,1288.0,7,7020,8,0,784.0,1243.0,45.0,1368,1997.0,0,48,200.0,5,Reg,0,90,78.0,30.85894600589856,48130.0,6.24,2.4,2006,11,Q4,Duplex,0
125000.0,1472,3,1.0,82,1.0,702.0,5,9600,6,630,250.0,0.0,702.0,842,1925.0,0,0,0.0,8,Reg,0,50,60.0,29.102296283256685,48910.0,6.710000000000001,3.0,2007,7,Q3,1Fam,1
159650.304285848,792,2,1.0,86,1.0,624.0,5,8520,5,0,287.0,0.0,624.0,792,1963.0,0,0,0.0,8,Reg,0,30,60.0,26.11993393300743,50720.0,5.115,5.1,2009,2,Q1,1Fam,1
124500.0,1041,3,2.0,50,1.0,1041.0,5,9600,6,0,270.0,991.0,50.0,1041,1959.0,224,88,132.0,6,Reg,0,20,80.0,26.11993393300743,50720.0,5.2,5.6,2009,7,Q3,1Fam,0
260400.0,1720,3,3.0,14,2.0,1720.0,7,10593,7,0,527.0,919.0,801.0,1720,1996.0,240,56,338.0,5,IR1,0,20,59.0,25.221608273812684,49020.0,4.965,5.2,2010,3,Q1,1Fam,0
192429.187345783,1829,4,3.0,43,2.0,1829.0,6,10456,8,0,535.0,506.0,1323.0,1829,1967.0,0,76,120.0,6,IR1,0,20,68.0,25.221608273812684,49020.0,4.885,4.3,2010,5,Q2,1Fam,0
145000.0,1072,2,2.0,1,2.0,547.0,5,3675,5,0,525.0,547.0,0.0,1072,2005.0,0,28,80.0,5,Reg,0,180,35.0,30.85894600589856,48130.0,6.595,2.4,2006,5,Q2,TwnhsE,0
140196.10979821,1020,1,2.0,19,2.0,1004.0,8,3907,4,0,509.0,577.0,427.0,1020,1988.0,135,0,0.0,5,IR1,0,120,35.0,29.102296283256685,48910.0,6.16,2.9,2007,3,Q1,TwnhsE,0
211000.0,1796,3,3.5,9,2.0,794.0,6,9531,7,914,546.0,706.0,88.0,882,1998.0,0,36,0.0,5,IR1,0,60,68.0,29.102296283256685,48910.0,6.21,2.8,2007,5,Q2,1Fam,0
198176.47090687,1560,4,2.0,49,2.0,1560.0,5,8078,8,0,484.0,0.0,1560.0,1560,1958.0,0,0,260.0,5,Reg,0,90,70.0,29.102296283256685,48910.0,6.125,3.0,2007,12,Q4,Duplex,0
181969.358707768,988,3,2.0,41,1.0,988.0,5,7150,5,0,360.0,725.0,263.0,988,1974.0,0,0,52.0,6,Reg,0,20,65.0,29.102296283256685,48910.0,6.24,2.6,2007,11,Q4,1Fam,0
174520.152570658,1480,3,1.0,89,1.0,972.0,6,5400,6,0,207.0,0.0,972.0,1044,1920.0,0,0,0.0,6,Reg,0,50,60.0,26.11993393300743,50720.0,5.055,4.7,2009,9,Q3,1Fam,1
180000.0,1523,3,2.5,32,2.0,1193.0,6,11361,7,0,478.0,644.0,549.0,1523,1976.0,0,0,160.0,5,Reg,189,20,104.0,27.363846269205577,50140.0,6.05,3.0,2008,5,Q2,1Fam,0
79000.0,774,3,1.0,76,0.0,544.0,3,4270,6,0,0.0,544.0,0.0,774,1979.0,0,0,0.0,6,Reg,0,30,70.0,29.102296283256685,48910.0,6.21,2.8,2007,5,Q2,1Fam,1
130000.0,1964,4,1.5,97,0.0,940.0,5,8525,7,940,0.0,0.0,940.0,1024,1979.0,0,192,0.0,6,Reg,0,70,55.0,27.363846269205577,50140.0,6.09,3.1,2008,11,Q4,1Fam,1
164430.391189608,1966,1,3.0,0,3.0,1966.0,10,12291,6,0,1092.0,1572.0,394.0,1966,2007.0,76,52,754.0,5,IR1,0,20,98.0,29.102296283256685,48910.0,6.385,2.6,2007,10,Q4,1Fam,0
201842.998700429,2473,4,2.5,0,3.0,1094.0,9,12292,11,1371,675.0,205.0,889.0,1102,2006.0,246,39,184.0,5,IR1,0,60,63.0,30.85894600589856,48130.0,6.765000000000001,2.8,2006,7,Q3,1Fam,0
160312.319589212,1208,2,2.0,1,2.0,1208.0,7,7488,6,0,632.0,393.0,815.0,1208,2005.0,105,58,0.0,5,IR1,0,20,64.0,30.85894600589856,48130.0,6.25,3.0,2006,2,Q1,1Fam,0
130000.0,1352,3,1.5,48,1.0,1062.0,5,6930,6,0,288.0,300.0,468.0,1352,1958.0,168,0,120.0,4,IR1,0,80,92.0,30.85894600589856,48130.0,6.765000000000001,2.8,2006,7,Q3,1Fam,0
110000.0,1392,2,2.0,41,2.0,1392.0,6,13560,5,0,576.0,0.0,1392.0,1392,1968.0,0,0,216.0,3,Reg,0,20,120.0,26.11993393300743,50720.0,5.2,5.6,2009,7,Q3,1Fam,0
191569.089663229,1782,3,3.0,5,3.0,1782.0,8,16870,7,0,932.0,1531.0,251.0,1782,2004.0,99,82,238.0,5,IR1,0,20,129.0,26.11993393300743,50720.0,4.8,4.9,2009,4,Q2,1Fam,1
97000.0,882,2,1.0,52,1.0,0.0,5,12702,4,0,308.0,0.0,0.0,882,1956.0,0,45,0.0,5,Reg,0,20,70.0,27.363846269205577,50140.0,5.19,3.8,2008,12,Q4,1Fam,0
172500.0,1471,3,2.5,10,2.0,729.0,6,3230,6,729,440.0,381.0,348.0,742,1999.0,0,24,894.0,5,Reg,0,160,34.0,26.11993393300743,50720.0,5.005000000000001,5.2,2009,3,Q1,TwnhsE,0
181044.201560887,1690,3,3.5,7,2.0,915.0,6,9487,7,750,442.0,520.0,395.0,940,2000.0,0,50,0.0,5,IR1,0,60,58.0,29.102296283256685,48910.0,6.68,3.4,2007,6,Q2,1Fam,0
150891.638244053,836,2,1.0,35,1.0,836.0,7,2280,4,0,308.0,0.0,836.0,836,1975.0,0,30,0.0,6,Reg,0,120,24.0,25.221608273812684,49020.0,4.734999999999999,5.0,2010,6,Q2,Twnhs,0
181681.021081956,1336,3,2.5,40,2.0,1288.0,5,9600,6,0,502.0,553.0,588.0,1336,1969.0,312,11,128.0,5,Reg,0,20,80.0,26.11993393300743,50720.0,5.18,5.6,2009,8,Q3,1Fam,0
179258.619211334,1425,3,3.0,8,2.0,1425.0,7,8685,5,0,591.0,846.0,579.0,1425,1998.0,0,130,0.0,5,IR1,0,20,68.0,30.85894600589856,48130.0,6.595,2.4,2006,5,Q2,1Fam,0
183967.561548763,1588,3,3.0,0,2.0,725.0,5,10411,8,863,561.0,0.0,725.0,725,2007.0,0,0,0.0,5,Reg,0,60,81.0,29.102296283256685,48910.0,6.710000000000001,3.0,2007,7,Q3,1Fam,0
125500.0,1154,3,2.0,88,1.0,796.0,4,5436,7,358,240.0,735.0,61.0,796,1922.0,0,96,0.0,8,Reg,0,50,40.0,25.221608273812684,49020.0,4.885,4.3,2010,5,Q2,1Fam,1
109500.0,792,2,1.0,85,1.0,768.0,5,9022,5,0,240.0,0.0,768.0,792,1924.0,316,0,0.0,8,Reg,0,30,52.0,26.11993393300743,50720.0,4.85,5.0,2009,5,Q2,1Fam,1
167522.061539111,1365,3,1.5,33,2.0,765.0,5,2160,7,600,440.0,402.0,363.0,765,1973.0,0,36,200.0,6,Reg,0,160,24.0,30.85894600589856,48130.0,6.67,3.1,2006,6,Q2,TwnhsE,0
162845.613675766,1179,2,3.0,19,2.0,1166.0,8,4740,5,0,480.0,248.0,918.0,1179,1988.0,0,108,0.0,5,IR1,135,120,38.0,29.102296283256685,48910.0,6.385,2.6,2007,10,Q4,TwnhsE,0
98000.0,1344,4,1.0,92,3.0,624.0,5,4571,7,720,513.0,0.0,624.0,624,1916.0,0,0,0.0,5,Reg,0,70,34.0,27.363846269205577,50140.0,6.05,3.0,2008,5,Q2,1Fam,1
62383.0,864,3,1.0,44,1.0,864.0,5,8281,5,0,360.0,553.0,0.0,864,1965.0,0,0,0.0,5,IR1,0,20,60.0,26.11993393300743,50720.0,4.94,5.1,2009,12,Q4,1Fam,0
179162.507290733,1051,3,2.0,40,1.0,1051.0,5,9759,6,0,264.0,799.0,252.0,1051,1966.0,182,88,0.0,5,IR1,0,20,68.0,30.85894600589856,48130.0,6.34,2.7,2006,3,Q1,1Fam,0
173439.49362151,1040,2,2.0,56,2.0,0.0,3,8544,6,0,400.0,0.0,0.0,1040,1950.0,0,0,0.0,4,Reg,0,90,60.0,30.85894600589856,48130.0,6.125,2.5,2006,12,Q4,Duplex,0
187750.0,1301,2,3.0,0,2.0,1293.0,7,7200,5,0,572.0,0.0,1293.0,1301,2006.0,216,121,0.0,5,Reg,0,20,60.0,30.85894600589856,48130.0,6.52,2.6,2006,8,Q3,1Fam,0
174000.0,1537,3,2.5,46,2.0,1319.0,6,8400,7,0,462.0,0.0,1319.0,1537,1962.0,0,36,237.0,9,Reg,0,20,80.0,27.363846269205577,50140.0,6.37,3.6,2008,7,Q3,1Fam,1
119750.0,954,2,1.0,69,1.0,920.0,5,6305,5,0,240.0,0.0,920.0,954,1938.0,0,0,0.0,7,Reg,0,30,50.0,29.102296283256685,48910.0,6.68,3.4,2007,6,Q2,1Fam,1
180358.114292956,884,2,2.0,55,1.0,884.0,5,15428,4,0,270.0,741.0,143.0,884,1951.0,0,0,0.0,6,Reg,195,20,85.0,30.85894600589856,48130.0,6.67,3.1,2006,6,Q2,1Fam,1
198515.546934075,1584,4,2.0,39,2.0,1584.0,5,8917,8,0,506.0,0.0,1584.0,1584,1967.0,0,0,0.0,5,IR1,0,90,68.0,30.85894600589856,48130.0,6.365,2.4,2006,10,Q4,Duplex,0
138500.0,1052,3,2.5,38,1.0,1052.0,5,8400,5,0,288.0,1016.0,36.0,1052,1968.0,356,0,168.0,5,Reg,0,20,70.0,30.85894600589856,48130.0,6.24,2.4,2006,11,Q4,1Fam,0
189680.453052788,1527,3,2.5,61,2.0,699.0,7,11419,6,726,410.0,699.0,0.0,801,1948.0,0,0,0.0,7,Reg,0,60,78.0,26.11993393300743,50720.0,4.94,5.1,2009,12,Q4,1Fam,1
202112.046522999,2202,4,3.5,15,2.0,1105.0,8,11762,9,1097,517.0,335.0,770.0,1105,1992.0,0,65,309.0,5,Reg,144,60,88.0,29.102296283256685,48910.0,6.38,2.8,2007,9,Q3,1Fam,1
164454.967963631,1270,2,2.0,2,2.0,1270.0,7,7242,6,0,524.0,0.0,1270.0,1270,2005.0,0,96,0.0,5,Reg,0,20,64.0,29.102296283256685,48910.0,6.710000000000001,3.0,2007,7,Q3,1Fam,1
209449.651603064,1550,3,1.5,86,1.0,817.0,6,21780,7,610,318.0,0.0,817.0,940,1937.0,0,0,0.0,5,Reg,0,50,66.0,30.85894600589856,48130.0,6.415,2.6,2006,9,Q3,1Fam,1
195158.972598372,2152,3,2.5,0,2.0,1582.0,8,16659,7,570,728.0,0.0,1582.0,1582,2007.0,0,368,0.0,5,IR1,0,60,134.0,29.102296283256685,48910.0,6.68,3.4,2007,6,Q2,1Fam,1
211491.972463654,2032,3,4.0,12,3.0,1840.0,7,23730,7,0,786.0,700.0,1140.0,2032,1996.0,0,46,668.0,5,IR2,0,20,68.0,27.363846269205577,50140.0,6.01,3.0,2008,9,Q3,1Fam,1
92900.0,1040,2,2.0,59,2.0,0.0,3,8544,6,0,400.0,0.0,0.0,1040,1987.0,0,0,0.0,4,Reg,0,90,60.0,26.11993393300743,50720.0,5.4,6.0,2009,6,Q2,Duplex,0
213250.0,1680,3,3.0,11,2.0,1650.0,7,10140,7,0,583.0,144.0,379.0,1680,1998.0,78,73,0.0,5,Reg,0,20,78.0,26.11993393300743,50720.0,5.4,6.0,2009,6,Q2,1Fam,1
168664.346821336,1456,3,2.5,30,2.0,855.0,6,2179,6,601,460.0,70.0,785.0,855,1976.0,0,28,0.0,5,Reg,0,160,24.0,30.85894600589856,48130.0,6.765000000000001,2.8,2006,7,Q3,Twnhs,0
162062.47538448,1448,2,2.0,3,2.0,1372.0,8,7500,6,0,692.0,24.0,1348.0,1448,2006.0,0,140,238.0,5,Reg,0,20,75.0,26.11993393300743,50720.0,5.4,6.0,2009,6,Q2,1Fam,1
236000.0,1949,3,3.5,17,2.0,1050.0,7,9938,8,887,574.0,750.0,300.0,1062,1993.0,156,90,246.0,5,Reg,0,60,80.0,25.221608273812684,49020.0,4.734999999999999,5.0,2010,6,Q2,1Fam,1
185770.606634739,1094,3,2.0,4,2.0,1094.0,5,12450,6,0,576.0,729.0,365.0,1094,2004.0,0,0,126.0,5,Reg,0,20,60.0,29.102296283256685,48910.0,6.21,2.8,2007,5,Q2,1Fam,1
167081.220948984,1092,3,1.5,36,0.0,546.0,4,1936,5,546,0.0,0.0,546.0,546,1979.0,0,0,0.0,7,Reg,0,160,21.0,30.85894600589856,48130.0,6.67,3.1,2006,6,Q2,Twnhs,0
175031.089987177,892,3,2.0,44,1.0,864.0,5,7800,5,0,416.0,240.0,150.0,892,1966.0,0,0,47.0,7,Reg,0,20,65.0,25.221608273812684,49020.0,4.734999999999999,5.0,2010,6,Q2,1Fam,1
205000.0,1986,3,2.5,44,2.0,768.0,7,13600,7,800,486.0,454.0,314.0,1186,1965.0,0,42,176.0,6,Reg,189,60,85.0,26.11993393300743,50720.0,4.94,4.4,2009,10,Q4,1Fam,1
160192.453934518,1000,1,2.0,43,2.0,1000.0,5,13050,4,0,575.0,104.0,46.0,1000,1993.0,238,0,0.0,6,Reg,0,20,87.0,30.85894600589856,48130.0,6.51,2.4,2006,4,Q2,1Fam,0
143500.0,1268,3,1.5,32,1.0,1268.0,5,9286,5,0,252.0,196.0,1072.0,1268,1978.0,173,0,0.0,7,IR1,0,20,68.0,26.11993393300743,50720.0,4.94,4.4,2009,10,Q4,1Fam,1
281213.0,2482,4,2.5,2,3.0,1094.0,8,12665,9,1349,642.0,0.0,1094.0,1133,2005.0,144,39,245.0,5,IR1,0,60,88.0,29.102296283256685,48910.0,6.29,3.0,2007,2,Q1,1Fam,1
170401.630997116,1483,1,2.5,33,2.0,1420.0,7,20062,4,0,690.0,1092.0,328.0,1483,1977.0,496,0,0.0,7,IR1,0,20,68.0,25.221608273812684,49020.0,5.07,4.3,2010,4,Q2,1Fam,1
196395.969632434,1012,4,3.0,31,0.0,976.0,6,7840,4,0,0.0,976.0,0.0,1012,1979.0,0,0,355.0,5,IR1,0,90,38.0,30.85894600589856,48130.0,6.365,2.4,2006,10,Q4,Duplex,0
212000.0,1661,3,3.5,13,2.0,799.0,7,10667,6,834,550.0,385.0,70.0,827,1996.0,158,61,0.0,6,IR2,0,60,43.0,26.11993393300743,50720.0,4.8,4.9,2009,4,Q2,1Fam,0
312500.0,1800,3,3.0,4,3.0,1800.0,8,14331,7,0,765.0,1274.0,526.0,1800,2002.0,270,78,630.0,5,Reg,0,20,85.0,30.85894600589856,48130.0,6.595,2.4,2006,5,Q2,1Fam,0
194500.0,1744,3,2.5,17,2.0,996.0,7,9453,7,730,457.0,402.0,594.0,1014,1993.0,370,70,0.0,7,IR1,0,60,68.0,25.221608273812684,49020.0,4.99,5.3,2010,2,Q1,1Fam,1
112000.0,1902,4,2.0,32,2.0,0.0,6,8930,8,584,539.0,0.0,0.0,1318,1978.0,0,0,0.0,5,Reg,0,90,68.0,25.221608273812684,49020.0,5.07,4.3,2010,4,Q2,Duplex,0
190000.0,1844,3,2.0,33,2.0,1844.0,6,11751,7,0,546.0,705.0,1139.0,1844,1977.0,0,122,480.0,6,IR1,0,20,105.0,25.221608273812684,49020.0,5.025,5.5,2010,1,Q1,1Fam,0
169762.081624282,1232,3,1.5,68,1.0,600.0,6,6000,6,624,217.0,276.0,324.0,608,1939.0,0,0,0.0,6,Reg,0,70,50.0,29.102296283256685,48910.0,6.29,3.0,2007,2,Q1,1Fam,1
103200.0,882,1,1.0,51,0.0,882.0,4,5500,4,0,0.0,0.0,882.0,882,1979.0,0,0,0.0,6,Reg,0,45,55.0,29.102296283256685,48910.0,6.17,2.8,2007,4,Q2,1Fam,0
149709.672100371,987,2,1.5,36,1.0,483.0,6,1890,5,504,352.0,483.0,0.0,483,1975.0,411,0,422.0,6,Reg,0,160,21.0,27.363846269205577,50140.0,5.88,2.7,2008,4,Q2,Twnhs,0
173000.0,1640,3,2.5,4,2.0,798.0,6,8366,6,842,520.0,0.0,798.0,798,2004.0,138,45,0.0,5,IR1,0,60,65.0,27.363846269205577,50140.0,5.19,3.8,2008,12,Q4,1Fam,0
187397.993362224,1138,3,1.5,49,2.0,1138.0,6,15312,6,0,480.0,588.0,550.0,1138,1960.0,0,0,54.0,5,Reg,140,80,88.0,26.11993393300743,50720.0,5.005000000000001,5.2,2009,3,Q1,1Fam,0
84500.0,1140,3,1.0,0,0.0,1140.0,5,17217,6,0,0.0,0.0,1140.0,1140,1979.0,36,56,0.0,5,Reg,0,20,90.0,30.85894600589856,48130.0,6.765000000000001,2.8,2006,7,Q3,1Fam,0
135000.0,1271,4,2.0,60,1.0,720.0,5,21286,7,551,312.0,0.0,720.0,720,1948.0,0,0,0.0,5,Reg,0,50,115.0,27.363846269205577,50140.0,6.494999999999999,3.6,2008,8,Q3,1Fam,1
201740.620690863,2475,4,2.5,12,3.0,1629.0,8,17433,7,830,962.0,0.0,1629.0,1645,1998.0,23,172,114.0,5,IR2,256,60,60.0,25.221608273812684,49020.0,5.025,5.5,2010,1,Q1,1Fam,0
266500.0,2340,4,2.0,69,1.0,1152.0,7,9042,9,1152,252.0,275.0,877.0,1188,1941.0,0,60,0.0,9,Reg,0,70,66.0,25.221608273812684,49020.0,4.885,4.3,2010,5,Q2,1Fam,1
370878.0,1766,2,3.5,0,3.0,1766.0,9,9187,7,0,478.0,1121.0,645.0,1766,2009.0,195,130,162.0,5,Reg,0,20,85.0,26.11993393300743,50720.0,4.94,4.4,2009,10,Q4,1Fam,0
181733.336941451,1284,3,3.0,23,2.0,1284.0,6,10960,5,0,480.0,256.0,1028.0,1284,1984.0,0,0,0.0,5,IR1,0,20,68.0,29.102296283256685,48910.0,6.17,2.8,2007,4,Q2,1Fam,0
133500.0,864,3,2.0,37,1.0,864.0,5,15523,5,0,338.0,460.0,404.0,864,1972.0,0,0,0.0,6,IR1,0,20,36.0,26.11993393300743,50720.0,5.18,5.6,2009,8,Q3,1Fam,0
177161.583857224,1714,3,3.5,8,2.0,923.0,6,8637,7,767,451.0,871.0,52.0,947,2000.0,256,48,0.0,5,IR1,0,60,68.0,29.102296283256685,48910.0,6.17,2.8,2007,4,Q2,1Fam,1
198422.868144723,2327,4,2.5,5,2.0,1129.0,7,10905,9,1198,596.0,0.0,1129.0,1129,2003.0,0,57,0.0,5,IR2,0,60,41.0,27.363846269205577,50140.0,6.494999999999999,3.6,2008,8,Q3,1Fam,0
138000.0,990,3,2.0,15,2.0,990.0,5,8072,5,0,480.0,746.0,244.0,990,2000.0,0,64,0.0,5,Reg,0,20,60.0,26.11993393300743,50720.0,4.85,5.0,2009,5,Q2,1Fam,1
176980.914909382,1274,3,1.5,19,2.0,624.0,5,10475,6,650,576.0,458.0,166.0,624,1993.0,22,0,0.0,5,Reg,0,60,63.0,25.221608273812684,49020.0,4.965,5.2,2010,3,Q1,1Fam,0
192343.34807661,2538,4,2.5,11,3.0,1325.0,8,9044,8,1203,933.0,1225.0,100.0,1335,1996.0,198,92,526.0,5,IR1,0,60,82.0,29.102296283256685,48910.0,6.21,2.8,2007,5,Q2,1Fam,1
155000.0,1135,3,2.0,73,2.0,560.0,7,7200,6,560,576.0,350.0,0.0,575,1971.0,256,0,0.0,9,Reg,0,70,60.0,26.11993393300743,50720.0,4.8,4.9,2009,4,Q2,1Fam,1
182152.207151253,1280,3,2.5,41,2.0,793.0,5,10050,6,0,432.0,602.0,191.0,1280,1966.0,140,40,87.0,6,IR1,0,85,68.0,29.102296283256685,48910.0,6.68,3.4,2007,6,Q2,1Fam,0
269500.0,1968,4,2.5,1,3.0,774.0,8,12003,8,1194,680.0,0.0,774.0,774,2009.0,0,75,84.0,5,Reg,0,60,92.0,25.221608273812684,49020.0,4.885,4.3,2010,5,Q2,1Fam,1
190233.609102705,1690,4,2.0,99,2.0,560.0,7,7200,5,760,624.0,0.0,560.0,930,2008.0,0,0,0.0,9,Reg,0,70,60.0,26.11993393300743,50720.0,5.18,5.6,2009,8,Q3,1Fam,1
167350.910824524,3005,3,2.5,5,3.0,1376.0,7,2880,9,1629,704.0,0.0,1376.0,1376,2004.0,0,177,0.0,5,Reg,0,160,32.0,26.11993393300743,50720.0,5.2,5.6,2009,7,Q3,Twnhs,1
164626.577880222,756,2,1.0,83,2.0,660.0,4,9259,4,0,440.0,0.0,660.0,756,1945.0,80,0,0.0,4,Reg,0,30,94.0,25.221608273812684,49020.0,4.734999999999999,5.0,2010,6,Q2,1Fam,1
175758.873595981,1426,3,1.0,77,1.0,966.0,5,6240,6,412,230.0,0.0,966.0,1014,1930.0,174,0,0.0,7,Reg,0,50,52.0,29.102296283256685,48910.0,6.710000000000001,3.0,2007,7,Q3,1Fam,1
318000.0,1694,3,2.0,0,3.0,1694.0,8,12030,7,0,818.0,0.0,1694.0,1694,2007.0,168,228,254.0,5,Reg,0,20,93.0,29.102296283256685,48910.0,6.125,3.0,2007,12,Q4,1Fam,0
175110.956519547,1465,3,2.5,12,2.0,789.0,6,8402,7,676,393.0,0.0,789.0,789,1998.0,0,75,0.0,5,IR1,0,60,63.0,25.221608273812684,49020.0,4.885,4.3,2010,5,Q2,1Fam,0
179069.112234629,912,3,1.5,47,1.0,912.0,5,7150,6,0,252.0,140.0,182.0,912,1962.0,0,0,60.0,6,Reg,0,20,65.0,26.11993393300743,50720.0,4.94,4.4,2009,10,Q4,1Fam,0
208943.427726113,2071,4,2.0,53,1.0,825.0,5,15584,9,0,336.0,0.0,825.0,2071,1956.0,131,28,366.0,5,Reg,0,80,68.0,26.11993393300743,50720.0,4.94,4.4,2009,10,Q4,1Fam,0
205000.0,1610,3,3.0,33,2.0,1610.0,6,10603,6,0,480.0,1200.0,410.0,1610,1977.0,168,68,28.0,7,IR1,0,20,68.0,25.221608273812684,49020.0,4.99,5.3,2010,2,Q1,1Fam,1
188500.0,1432,3,3.5,5,2.0,716.0,7,7795,6,716,432.0,425.0,291.0,716,2004.0,100,51,0.0,5,IR1,0,60,71.0,26.11993393300743,50720.0,5.2,5.6,2009,7,Q3,1Fam,1
108500.0,960,2,1.0,87,1.0,960.0,4,6000,5,0,308.0,250.0,710.0,960,1997.0,0,0,0.0,4,Reg,0,30,50.0,29.102296283256685,48910.0,6.710000000000001,3.0,2007,7,Q3,1Fam,1
175610.840124147,1874,3,3.5,1,3.0,955.0,8,9428,8,919,880.0,729.0,226.0,955,2007.0,168,108,310.0,5,Reg,0,60,80.0,27.363846269205577,50140.0,5.88,3.1,2008,2,Q1,1Fam,1
150900.0,1728,4,2.0,30,2.0,1728.0,6,12640,8,0,574.0,936.0,396.0,1728,1976.0,40,0,0.0,5,IR1,0,90,55.0,30.85894600589856,48130.0,6.765000000000001,2.8,2006,7,Q3,Duplex,0
130000.0,894,3,2.0,41,2.0,894.0,5,9764,5,0,450.0,702.0,192.0,894,1967.0,0,0,0.0,7,IR1,0,20,57.0,27.363846269205577,50140.0,6.05,3.0,2008,5,Q2,1Fam,1
276000.0,2574,3,2.5,0,3.0,1482.0,8,9588,10,1092,868.0,0.0,1482.0,1482,2007.0,0,148,270.0,5,IR1,0,60,69.0,29.102296283256685,48910.0,6.24,2.6,2007,11,Q4,1Fam,0
285000.0,2374,4,2.5,4,3.0,1181.0,8,11999,10,1140,656.0,0.0,1181.0,1234,2003.0,104,100,340.0,5,Reg,0,60,93.0,29.102296283256685,48910.0,6.21,2.8,2007,5,Q2,1Fam,1
161122.505607926,906,2,1.0,71,1.0,348.0,4,4882,5,453,231.0,120.0,228.0,453,1937.0,0,0,0.0,7,IR1,0,70,50.0,27.363846269205577,50140.0,6.01,3.0,2008,9,Q3,1Fam,1
175249.222149411,864,3,2.0,37,2.0,864.0,5,7560,5,0,576.0,119.0,132.0,864,1977.0,0,0,0.0,5,Reg,0,20,63.0,27.363846269205577,50140.0,6.05,3.0,2008,5,Q2,1Fam,0
171070.367893827,865,2,2.0,87,1.0,660.0,6,10042,4,125,216.0,144.0,238.0,740,1920.0,0,0,0.0,8,Reg,0,40,62.0,29.102296283256685,48910.0,6.59,3.0,2007,8,Q3,1Fam,1
100000.0,968,2,1.0,84,2.0,968.0,5,8520,5,0,480.0,0.0,968.0,968,1935.0,0,0,0.0,6,Reg,0,30,60.0,29.102296283256685,48910.0,6.710000000000001,3.0,2007,7,Q3,1Fam,1
176519.18031559,1384,3,2.5,10,2.0,384.0,6,8872,7,630,390.0,0.0,384.0,754,1997.0,0,0,0.0,5,IR1,0,80,56.0,29.102296283256685,48910.0,6.16,2.9,2007,3,Q1,1Fam,0
147196.673677562,720,1,1.0,106,1.0,448.0,4,7008,5,272,280.0,0.0,448.0,448,1900.0,0,0,0.0,8,Reg,0,50,60.0,30.85894600589856,48130.0,6.34,2.7,2006,3,Q1,1Fam,1
112000.0,833,3,2.0,24,0.0,833.0,5,8780,5,0,0.0,625.0,208.0,833,1979.0,0,0,0.0,5,IR1,0,20,68.0,26.11993393300743,50720.0,5.005000000000001,5.2,2009,3,Q1,1Fam,0
117000.0,1604,3,2.0,68,2.0,984.0,5,10998,6,620,660.0,408.0,156.0,984,1977.0,0,68,0.0,5,Reg,0,50,60.0,26.11993393300743,50720.0,5.2,5.6,2009,7,Q3,1Fam,1
197000.0,1247,1,2.5,1,2.0,1247.0,8,3316,4,0,550.0,1039.0,208.0,1247,2005.0,0,84,0.0,5,IR1,0,120,37.0,30.85894600589856,48130.0,6.51,2.4,2006,4,Q2,TwnhsE,0
326000.0,1850,3,3.0,2,3.0,1833.0,9,16033,8,0,772.0,1261.0,572.0,1850,2004.0,519,112,378.0,5,IR1,0,20,98.0,30.85894600589856,48130.0,6.34,2.7,2006,3,Q1,1Fam,1
179000.0,1349,3,2.0,7,2.0,1349.0,7,8450,6,0,539.0,0.0,1349.0,1349,2000.0,120,55,108.0,5,Reg,0,20,65.0,29.102296283256685,48910.0,6.125,3.0,2007,12,Q4,1Fam,1
170175.22684199,1501,3,3.5,8,2.0,744.0,6,2280,6,744,440.0,565.0,179.0,757,1999.0,0,0,342.0,5,Reg,0,160,24.0,29.102296283256685,48910.0,6.38,2.8,2007,9,Q3,Twnhs,0
171247.48948121,1287,2,2.5,32,2.0,957.0,6,9360,5,0,541.0,841.0,0.0,1287,1977.0,302,39,0.0,7,Reg,120,85,72.0,26.11993393300743,50720.0,4.87,4.6,2009,11,Q4,1Fam,0
115000.0,1771,3,1.0,49,2.0,0.0,5,21750,9,0,336.0,0.0,0.0,1771,1960.0,0,0,75.0,4,Reg,0,20,100.0,26.11993393300743,50720.0,4.87,4.6,2009,11,Q4,1Fam,1
201000.0,1466,3,2.0,2,3.0,1466.0,8,8925,7,0,610.0,16.0,1450.0,1466,2007.0,100,18,0.0,5,IR1,0,20,73.0,26.11993393300743,50720.0,5.2,5.6,2009,7,Q3,1Fam,0
193046.301574659,1880,3,3.5,0,3.0,955.0,8,12217,8,925,880.0,745.0,210.0,955,2007.0,168,127,0.0,5,IR1,0,60,112.0,29.102296283256685,48910.0,6.125,3.0,2007,12,Q4,1Fam,0
154850.508361878,1296,2,2.0,86,1.0,1107.0,5,4853,5,0,260.0,133.0,974.0,1296,1979.0,0,0,203.0,6,Reg,0,30,67.0,25.221608273812684,49020.0,4.885,4.3,2010,5,Q2,1Fam,1
183750.755371907,1651,3,2.0,0,3.0,1643.0,8,9178,7,0,870.0,0.0,1643.0,1651,2007.0,204,64,306.0,5,Reg,0,20,71.0,29.102296283256685,48910.0,6.38,2.8,2007,9,Q3,1Fam,0
137000.0,935,3,2.0,41,1.0,935.0,5,13526,5,0,288.0,560.0,0.0,935,1965.0,180,0,114.0,6,IR1,0,20,68.0,30.85894600589856,48130.0,6.24,2.4,2006,11,Q4,1Fam,0
187340.455456083,1078,3,1.0,84,1.0,1054.0,5,10230,6,0,264.0,0.0,1054.0,1078,1987.0,0,0,0.0,7,Reg,112,30,60.0,26.11993393300743,50720.0,4.94,5.1,2009,12,Q4,1Fam,1
87000.0,1774,4,3.0,106,3.0,1095.0,4,9600,8,679,779.0,0.0,1095.0,1095,1920.0,0,0,0.0,2,Reg,0,70,60.0,30.85894600589856,48130.0,6.595,2.4,2006,5,Q2,1Fam,1
178817.275675758,1152,3,1.5,55,2.0,1152.0,5,9373,6,0,636.0,500.0,456.0,1152,1971.0,0,0,84.0,6,IR1,0,20,102.0,27.363846269205577,50140.0,6.05,3.0,2008,5,Q2,1Fam,0
147000.0,1026,3,2.0,30,2.0,940.0,6,10970,5,0,576.0,505.0,0.0,1026,1981.0,0,0,0.0,6,IR1,0,80,68.0,27.363846269205577,50140.0,6.1,2.9,2008,10,Q4,1Fam,0
140000.0,1375,2,1.0,52,2.0,1367.0,6,11310,5,0,451.0,0.0,1367.0,1375,1954.0,0,30,0.0,5,Reg,0,20,75.0,30.85894600589856,48130.0,6.67,3.1,2006,6,Q2,1Fam,0
188007.94241481,2232,3,3.5,16,2.0,1173.0,8,11692,8,1017,623.0,624.0,549.0,1215,1993.0,173,165,372.0,5,IR1,0,60,68.0,26.11993393300743,50720.0,4.94,4.4,2009,10,Q4,1Fam,1
138000.0,1904,3,2.5,59,1.0,1208.0,5,7200,7,768,240.0,180.0,676.0,1136,1950.0,0,0,0.0,4,Reg,0,50,60.0,26.11993393300743,50720.0,4.85,5.0,2009,5,Q2,1Fam,1
168092.975480832,1358,2,3.0,1,2.0,1350.0,7,7301,6,0,484.0,876.0,474.0,1358,2008.0,192,26,176.0,6,IR1,0,120,55.0,27.363846269205577,50140.0,6.09,3.1,2008,11,Q4,TwnhsE,1
182125.729127024,1320,3,2.5,12,2.0,636.0,6,9019,6,684,472.0,274.0,362.0,636,1994.0,0,40,0.0,5,IR1,0,60,68.0,30.85894600589856,48130.0,6.765000000000001,2.8,2006,7,Q3,1Fam,0
157500.0,1478,3,3.0,49,2.0,1478.0,6,17600,6,0,498.0,1270.0,208.0,1478,1960.0,0,40,30.0,5,IR1,0,20,68.0,26.11993393300743,50720.0,4.94,5.1,2009,12,Q4,1Fam,0
191702.912573325,1342,4,2.0,56,1.0,1342.0,5,9280,7,0,256.0,557.0,785.0,1342,1951.0,0,0,0.0,6,Reg,0,20,58.0,29.102296283256685,48910.0,6.17,2.8,2007,4,Q2,1Fam,0
181814.527595192,1958,3,3.5,13,2.0,779.0,7,9317,7,929,499.0,497.0,282.0,1029,1994.0,202,93,0.0,5,Reg,0,60,75.0,29.102296283256685,48910.0,6.710000000000001,3.0,2007,7,Q3,1Fam,1
186939.507215101,1955,4,2.0,50,1.0,1151.0,5,9000,7,804,356.0,330.0,821.0,1151,1958.0,0,0,162.0,5,Reg,0,50,75.0,27.363846269205577,50140.0,5.69,3.3,2008,1,Q1,1Fam,0
88000.0,1092,3,1.5,39,1.0,525.0,6,1680,6,567,264.0,0.0,525.0,525,1971.0,0,0,381.0,5,Reg,0,160,21.0,25.221608273812684,49020.0,4.965,5.2,2010,3,Q1,Twnhs,0
215000.0,1959,4,2.5,3,2.0,847.0,7,11796,8,1112,434.0,0.0,847.0,847,2004.0,100,48,0.0,5,IR1,0,60,59.0,29.102296283256685,48910.0,6.710000000000001,3.0,2007,7,Q3,1Fam,1
192718.532696106,1211,3,3.0,32,2.0,1211.0,6,13068,6,0,461.0,890.0,273.0,1211,1976.0,0,0,621.0,5,Reg,0,20,90.0,27.363846269205577,50140.0,6.09,3.1,2008,11,Q4,1Fam,0
193956.817564124,1195,4,2.0,61,0.0,1195.0,5,8741,8,0,0.0,0.0,1195.0,1195,1979.0,118,0,0.0,6,Reg,0,90,52.0,29.102296283256685,48910.0,6.710000000000001,3.0,2007,7,Q3,Duplex,1
196070.997393789,1097,3,2.5,11,1.0,1097.0,5,16561,6,0,242.0,549.0,548.0,1097,1996.0,306,0,0.0,5,IR2,0,20,70.0,29.102296283256685,48910.0,6.710000000000001,3.0,2007,7,Q3,1Fam,0
127000.0,1507,4,2.0,48,1.0,1075.0,5,7910,7,0,404.0,666.0,409.0,1507,1960.0,0,0,0.0,5,Reg,0,80,70.0,27.363846269205577,50140.0,6.494999999999999,3.6,2008,8,Q3,1Fam,0
151556.01403002,2393,2,3.5,10,2.0,970.0,10,3951,7,924,846.0,128.0,0.0,1469,1998.0,0,90,0.0,5,IR1,94,160,36.0,27.363846269205577,50140.0,5.88,3.1,2008,2,Q1,TwnhsE,1
161500.0,1342,3,2.0,42,2.0,1372.0,6,9790,7,0,457.0,251.0,491.0,1342,1967.0,0,0,0.0,5,Reg,197,20,68.0,26.11993393300743,50720.0,5.055,4.7,2009,9,Q3,1Fam,0
175969.91662932,1812,3,2.5,5,2.0,835.0,7,10628,8,941,478.0,0.0,835.0,871,2004.0,146,91,0.0,5,IR1,0,60,96.0,26.11993393300743,50720.0,5.055,5.0,2009,1,Q1,1Fam,0
127500.0,1689,3,1.0,53,2.0,1436.0,6,9855,7,0,480.0,0.0,1436.0,1689,1956.0,0,0,0.0,5,Reg,0,20,73.0,26.11993393300743,50720.0,4.87,4.6,2009,11,Q4,1Fam,0
105500.0,832,2,1.0,54,2.0,832.0,6,7227,4,0,528.0,0.0,832.0,832,1962.0,0,0,0.0,6,Reg,0,45,59.0,27.363846269205577,50140.0,6.37,3.7,2008,6,Q2,1Fam,0
239500.0,2020,3,2.5,14,2.0,1128.0,8,9828,8,878,466.0,584.0,544.0,1142,1995.0,0,155,0.0,5,IR1,0,60,80.0,26.11993393300743,50720.0,5.4,6.0,2009,6,Q2,1Fam,0
174071.054808518,816,2,1.0,81,1.0,816.0,5,11672,4,0,210.0,0.0,816.0,816,1925.0,168,0,0.0,5,IR2,0,30,50.0,30.85894600589856,48130.0,6.765000000000001,2.8,2006,7,Q3,1Fam,1
237500.0,2117,4,2.5,38,2.0,1205.0,6,12925,7,0,550.0,865.0,340.0,2117,1970.0,0,42,0.0,7,IR1,0,20,68.0,27.363846269205577,50140.0,6.05,3.0,2008,5,Q2,1Fam,0
214000.0,2060,3,3.5,10,2.0,992.0,7,8755,8,1038,390.0,772.0,220.0,1022,1999.0,0,0,298.0,5,IR1,0,60,68.0,26.11993393300743,50720.0,5.4,6.0,2009,6,Q2,1Fam,0
187758.393988768,1329,3,1.5,52,1.0,1329.0,6,14267,6,0,312.0,923.0,406.0,1329,1958.0,393,36,108.0,6,IR1,0,20,81.0,25.221608273812684,49020.0,4.734999999999999,5.0,2010,6,Q2,1Fam,0
164573.372223048,868,2,2.0,36,2.0,768.0,5,8425,6,0,576.0,748.0,20.0,868,1989.0,138,0,0.0,6,Reg,0,190,70.0,29.102296283256685,48910.0,6.21,2.8,2007,5,Q2,2fmCon,1
129500.0,768,2,2.0,37,2.0,768.0,5,7244,5,0,624.0,619.0,149.0,768,1987.0,104,0,0.0,7,Reg,0,85,54.0,29.102296283256685,48910.0,6.17,2.8,2007,4,Q2,1Fam,0
164096.097354123,1456,3,2.5,32,2.0,855.0,6,2349,6,601,440.0,389.0,466.0,855,1977.0,0,28,0.0,5,Reg,0,160,24.0,26.11993393300743,50720.0,4.85,5.0,2009,5,Q2,Twnhs,0
133000.0,768,2,2.0,37,2.0,768.0,5,8445,5,0,396.0,656.0,112.0,768,1988.0,58,0,0.0,7,Reg,0,85,70.0,26.11993393300743,50720.0,5.005000000000001,5.2,2009,3,Q1,1Fam,1
130000.0,1316,3,2.0,81,2.0,926.0,5,5500,6,0,484.0,234.0,0.0,926,1974.0,0,0,0.0,7,Reg,0,50,50.0,25.221608273812684,49020.0,5.07,4.3,2010,4,Q2,1Fam,1
216855.260149095,2956,5,2.5,3,3.0,1706.0,8,13069,11,1238,916.0,0.0,1706.0,1718,2004.0,194,50,502.0,5,IR1,0,60,99.0,29.102296283256685,48910.0,6.59,3.0,2007,8,Q3,1Fam,0
172515.687368714,1430,3,2.5,10,2.0,384.0,7,7750,7,656,400.0,0.0,384.0,774,1999.0,0,0,0.0,5,Reg,0,80,62.0,26.11993393300743,50720.0,5.005000000000001,5.2,2009,3,Q1,1Fam,1
105900.0,720,2,1.0,82,2.0,624.0,6,8520,5,0,484.0,0.0,624.0,720,2005.0,106,0,0.0,8,Reg,0,30,60.0,25.221608273812684,49020.0,4.885,4.3,2010,5,Q2,1Fam,1
277000.0,2062,3,3.5,19,2.0,1157.0,7,14364,7,882,454.0,1065.0,92.0,1180,1988.0,60,55,128.0,5,IR1,154,60,68.0,29.102296283256685,48910.0,6.17,2.8,2007,4,Q2,1Fam,1
156106.800760811,1223,2,2.5,1,2.0,600.0,7,2544,4,623,480.0,0.0,600.0,520,2005.0,0,166,0.0,5,Reg,0,160,24.0,30.85894600589856,48130.0,6.765000000000001,2.8,2006,7,Q3,Twnhs,0
163753.087114229,1549,3,3.5,9,2.0,744.0,6,2280,6,792,440.0,550.0,194.0,757,1999.0,0,32,216.0,5,Reg,0,160,24.0,27.363846269205577,50140.0,5.88,2.7,2008,4,Q2,Twnhs,0
208029.642652019,2048,5,3.0,34,2.0,1958.0,6,12760,9,0,776.0,0.0,1958.0,2048,1976.0,0,0,0.0,5,IR1,0,90,68.0,25.221608273812684,49020.0,4.965,5.2,2010,3,Q1,Duplex,0
179714.630677039,1053,3,2.0,44,2.0,1053.0,5,8250,6,0,692.0,288.0,765.0,1053,1994.0,240,0,0.0,7,Reg,109,20,60.0,29.102296283256685,48910.0,6.710000000000001,3.0,2007,7,Q3,1Fam,0
181913.179121348,1470,3,2.5,13,2.0,680.0,6,8139,7,790,420.0,476.0,204.0,680,1995.0,192,49,119.0,5,Reg,0,60,65.0,27.363846269205577,50140.0,6.1,2.9,2008,10,Q4,1Fam,1
196500.0,1720,3,2.5,2,2.0,860.0,7,11645,7,860,565.0,0.0,860.0,860,2004.0,0,70,0.0,5,IR1,0,60,89.0,30.85894600589856,48130.0,6.52,2.6,2006,8,Q3,1Fam,0
83000.0,987,2,1.5,33,1.0,483.0,6,1953,5,504,264.0,309.0,174.0,483,1973.0,72,0,408.0,5,Reg,0,160,21.0,30.85894600589856,48130.0,6.67,3.1,2006,6,Q2,Twnhs,0
193850.613979055,1536,4,1.5,56,1.0,768.0,6,10266,7,768,308.0,372.0,396.0,768,1952.0,0,216,0.0,6,Reg,0,70,60.0,27.363846269205577,50140.0,6.05,3.0,2008,5,Q2,1Fam,0
170000.0,1389,2,2.0,32,2.0,1389.0,5,10010,6,0,418.0,1071.0,195.0,1389,1975.0,240,38,0.0,5,Reg,0,20,77.0,30.85894600589856,48130.0,6.51,2.4,2006,4,Q2,1Fam,1
192500.0,1555,2,2.0,4,2.0,1373.0,7,3182,7,0,430.0,16.0,1357.0,1555,2005.0,143,20,16.0,5,Reg,0,120,43.0,26.11993393300743,50720.0,4.85,5.0,2009,5,Q2,TwnhsE,1
181987.282510201,1346,3,3.0,2,3.0,1336.0,7,11896,6,0,660.0,78.0,1258.0,1346,2008.0,100,48,60.0,5,IR1,0,20,88.0,25.221608273812684,49020.0,4.885,4.3,2010,5,Q2,1Fam,0
169163.980786825,1152,2,4.0,31,1.0,1152.0,5,10547,6,0,252.0,1152.0,0.0,1152,1960.0,0,0,0.0,5,IR1,0,90,68.0,26.11993393300743,50720.0,5.2,5.6,2009,7,Q3,Duplex,0
151000.0,1200,2,2.5,1,2.0,600.0,7,3180,4,600,480.0,0.0,600.0,520,2005.0,0,166,0.0,5,Reg,0,160,30.0,30.85894600589856,48130.0,6.67,3.1,2006,6,Q2,TwnhsE,0
117000.0,1635,2,1.0,96,1.0,485.0,6,5310,5,634,255.0,0.0,485.0,1001,1950.0,394,0,0.0,8,Reg,0,50,59.0,30.85894600589856,48130.0,6.67,3.1,2006,6,Q2,1Fam,1
167398.006470987,861,2,1.0,89,2.0,861.0,4,7404,5,0,288.0,0.0,861.0,861,1920.0,0,0,0.0,6,Reg,0,30,62.0,26.11993393300743,50720.0,4.87,4.6,2009,11,Q4,1Fam,1
170625.842699726,976,2,2.0,38,2.0,976.0,6,9360,4,0,504.0,760.0,216.0,976,1968.0,94,0,203.0,7,Reg,0,20,78.0,30.85894600589856,48130.0,6.52,2.6,2006,8,Q3,1Fam,1
290000.0,2531,4,2.5,12,3.0,1318.0,8,12257,9,1203,752.0,56.0,1198.0,1328,1995.0,222,98,513.0,5,IR1,0,60,65.0,29.102296283256685,48910.0,6.24,2.6,2007,11,Q4,1Fam,0
254000.0,1324,2,3.0,3,2.0,1324.0,8,6240,6,0,550.0,863.0,461.0,1324,2006.0,192,38,176.0,5,Reg,0,120,48.0,26.11993393300743,50720.0,4.94,5.1,2009,12,Q4,TwnhsE,0
139000.0,1196,2,2.0,52,1.0,1196.0,6,9000,6,0,297.0,616.0,580.0,1196,1956.0,0,44,74.0,5,Reg,0,20,72.0,27.363846269205577,50140.0,6.05,3.0,2008,5,Q2,1Fam,0
225000.0,2287,3,2.0,53,2.0,1304.0,7,15593,7,983,667.0,603.0,701.0,1304,1953.0,0,21,0.0,4,Reg,0,50,81.0,30.85894600589856,48130.0,6.765000000000001,2.8,2006,7,Q3,1Fam,0
341000.0,2418,3,3.5,15,3.0,1311.0,7,10542,9,1093,983.0,1173.0,138.0,1325,1993.0,250,154,651.0,5,Reg,0,60,96.0,27.363846269205577,50140.0,6.494999999999999,3.6,2008,8,Q3,1Fam,1
183642.191304235,1377,3,2.0,47,1.0,1377.0,5,8000,6,0,351.0,1098.0,125.0,1377,1965.0,0,0,0.0,5,Reg,0,20,80.0,29.102296283256685,48910.0,6.24,2.6,2007,11,Q4,1Fam,0
175530.651633287,1034,3,1.5,30,2.0,450.0,6,7703,6,0,504.0,450.0,0.0,1034,1978.0,311,0,40.0,8,IR1,0,85,68.0,27.363846269205577,50140.0,6.05,3.0,2008,5,Q2,1Fam,0
270000.0,1494,2,2.5,11,2.0,1494.0,8,9549,6,0,481.0,437.0,0.0,1494,1995.0,0,30,0.0,5,IR1,216,120,30.0,30.85894600589856,48130.0,6.51,2.4,2006,4,Q2,TwnhsE,1
60000.0,438,1,1.0,89,1.0,290.0,2,8400,3,0,246.0,290.0,0.0,438,1930.0,0,0,0.0,5,Reg,0,30,60.0,26.11993393300743,50720.0,5.055,5.0,2009,1,Q1,1Fam,1
189000.0,1456,3,3.5,3,2.0,728.0,7,8199,7,728,410.0,648.0,80.0,728,2005.0,36,18,0.0,5,Reg,0,60,63.0,27.363846269205577,50140.0,6.1,2.9,2008,10,Q4,1Fam,0
67000.0,864,2,2.0,94,0.0,864.0,3,8248,5,0,0.0,41.0,823.0,864,1979.0,0,0,0.0,3,Reg,0,30,45.0,27.363846269205577,50140.0,6.01,3.0,2008,9,Q3,1Fam,1
168337.406544343,1224,2,2.0,43,3.0,0.0,4,10899,8,0,530.0,0.0,0.0,1224,1964.0,0,0,0.0,5,IR1,0,90,68.0,29.102296283256685,48910.0,6.17,2.8,2007,4,Q2,Duplex,0
134500.0,1008,2,2.0,54,1.0,1008.0,5,8923,6,0,240.0,643.0,365.0,1008,1953.0,0,18,0.0,7,Reg,0,20,66.0,29.102296283256685,48910.0,6.21,2.8,2007,5,Q2,1Fam,1
200500.0,3086,3,3.0,61,0.0,1598.0,5,18030,12,971,0.0,152.0,977.0,1636,1979.0,122,0,0.0,6,IR1,0,50,138.0,29.102296283256685,48910.0,6.16,2.9,2007,3,Q1,1Fam,1
278000.0,2524,4,3.5,28,2.0,2524.0,8,9600,9,0,542.0,1104.0,1420.0,2524,1981.0,474,120,0.0,5,Reg,0,20,80.0,26.11993393300743,50720.0,5.2,5.6,2009,7,Q3,1Fam,0
185000.0,1337,3,3.0,4,2.0,1337.0,7,8450,6,0,531.0,699.0,638.0,1337,2003.0,0,39,0.0,5,Reg,0,20,65.0,29.102296283256685,48910.0,6.385,2.6,2007,10,Q4,1Fam,0
163424.037827357,1577,2,3.0,2,2.0,1577.0,9,7841,6,0,564.0,848.0,729.0,1577,2005.0,203,39,394.0,5,IR1,0,120,48.0,29.102296283256685,48910.0,6.21,2.8,2007,5,Q2,TwnhsE,0
194822.365690957,1200,3,2.0,44,3.0,1200.0,4,14137,6,0,850.0,865.0,88.0,1200,1964.0,0,119,98.0,5,Reg,171,85,150.0,27.363846269205577,50140.0,6.09,3.1,2008,11,Q4,1Fam,0
210802.395364155,2168,5,2.0,109,2.0,760.0,5,8660,11,928,576.0,0.0,760.0,928,1998.0,467,160,0.0,6,Reg,0,70,50.0,26.11993393300743,50720.0,4.94,5.1,2009,12,Q4,1Fam,1
179584.488673295,1372,3,2.0,1,2.0,1363.0,8,8640,6,0,588.0,24.0,1339.0,1372,2008.0,192,113,0.0,5,Reg,0,20,72.0,27.363846269205577,50140.0,6.37,3.6,2008,7,Q3,1Fam,1
192000.0,2022,4,2.5,31,2.0,1160.0,7,10005,8,866,505.0,392.0,768.0,1156,1977.0,288,117,299.0,5,Reg,0,60,83.0,27.363846269205577,50140.0,5.95,3.0,2008,3,Q1,1Fam,0
250000.0,2057,3,1.5,70,1.0,1017.0,7,11500,6,1037,180.0,223.0,794.0,1020,1936.0,0,0,0.0,7,IR1,322,50,86.0,30.85894600589856,48130.0,6.67,3.1,2006,6,Q2,1Fam,1
160000.0,1750,4,3.0,68,1.0,983.0,6,12508,7,767,423.0,660.0,323.0,983,1989.0,245,0,0.0,7,IR1,0,50,75.0,27.363846269205577,50140.0,6.37,3.6,2008,7,Q3,1Fam,1
175900.0,1603,3,2.5,14,2.0,761.0,6,7153,7,793,484.0,387.0,374.0,810,1992.0,0,124,0.0,5,Reg,0,60,65.0,30.85894600589856,48130.0,6.765000000000001,2.8,2006,7,Q3,1Fam,0
190757.177789246,2256,4,2.0,100,0.0,840.0,5,9045,12,1128,0.0,0.0,840.0,1128,1979.0,0,18,0.0,3,Reg,0,190,100.0,25.221608273812684,49020.0,4.734999999999999,5.0,2010,6,Q2,2fmCon,1
175231.189709791,1595,3,2.0,91,2.0,663.0,6,7200,7,821,528.0,338.0,325.0,774,1974.0,49,0,0.0,8,Reg,0,70,60.0,30.85894600589856,48130.0,6.51,2.4,2006,4,Q2,1Fam,1
157000.0,1601,3,2.0,31,2.0,1271.0,7,11880,7,0,478.0,704.0,567.0,1601,1978.0,0,0,206.0,5,IR1,0,20,82.0,26.11993393300743,50720.0,4.8,4.9,2009,4,Q2,1Fam,0
114504.0,1368,3,1.0,96,1.0,684.0,6,3600,7,684,216.0,0.0,684.0,684,1930.0,0,158,0.0,7,Reg,0,70,60.0,30.85894600589856,48130.0,6.365,2.4,2006,10,Q4,1Fam,1
152000.0,1370,3,2.0,33,2.0,1090.0,7,10400,6,0,479.0,0.0,1090.0,1370,1976.0,0,0,189.0,5,Reg,0,20,80.0,26.11993393300743,50720.0,5.4,6.0,2009,6,Q2,1Fam,0
182675.204270589,2362,3,3.5,27,2.0,2002.0,7,12000,8,0,546.0,1732.0,270.0,2362,1980.0,180,16,600.0,6,Reg,0,20,80.0,29.102296283256685,48910.0,6.16,2.9,2007,3,Q1,1Fam,0
170996.973346087,1092,3,1.5,34,1.0,525.0,6,1680,6,567,264.0,382.0,143.0,525,1972.0,352,0,504.0,5,Reg,0,160,21.0,30.85894600589856,48130.0,6.365,2.4,2006,10,Q4,Twnhs,0
555000.0,2402,2,3.0,1,3.0,3094.0,10,15431,10,0,672.0,1767.0,788.0,2402,2008.0,0,72,200.0,5,Reg,170,20,105.0,26.11993393300743,50720.0,4.8,4.9,2009,4,Q2,1Fam,0
161000.0,1378,3,2.0,80,2.0,689.0,7,9600,7,689,360.0,141.0,548.0,689,1928.0,0,0,0.0,9,Reg,0,70,60.0,27.363846269205577,50140.0,6.1,2.9,2008,10,Q4,1Fam,1
135750.0,952,2,1.0,52,1.0,952.0,4,8475,4,0,283.0,228.0,724.0,952,1956.0,0,0,0.0,7,IR1,0,20,68.0,27.363846269205577,50140.0,5.88,2.7,2008,4,Q2,1Fam,0
168273.282454755,1210,2,1.5,56,1.0,0.0,5,9533,7,0,616.0,0.0,0.0,1210,1953.0,208,0,140.0,5,Reg,0,20,75.0,26.11993393300743,50720.0,5.18,5.6,2009,8,Q3,1Fam,0
84500.0,630,1,2.0,37,0.0,630.0,4,1936,3,0,0.0,131.0,0.0,630,1979.0,0,0,0.0,6,Reg,0,180,21.0,29.102296283256685,48910.0,6.125,3.0,2007,12,Q4,Twnhs,0
159000.0,1664,3,2.0,59,2.0,1004.0,6,5000,7,660,420.0,399.0,605.0,1004,1950.0,0,24,0.0,7,Reg,0,50,50.0,30.85894600589856,48130.0,6.365,2.4,2006,10,Q4,1Fam,1
160387.032696693,808,2,1.0,49,1.0,808.0,5,5175,5,0,308.0,150.0,254.0,808,1963.0,143,0,0.0,8,Reg,0,20,50.0,29.102296283256685,48910.0,6.710000000000001,3.0,2007,7,Q3,1Fam,1
166475.457581812,1315,3,3.0,49,2.0,808.0,4,4330,5,477,436.0,681.0,0.0,838,1958.0,0,0,0.0,6,Reg,0,190,52.0,29.102296283256685,48910.0,6.29,3.0,2007,2,Q1,2fmCon,0
137500.0,1513,4,1.5,87,1.0,939.0,5,6120,8,574,180.0,0.0,939.0,939,1933.0,24,0,0.0,8,Reg,0,70,51.0,29.102296283256685,48910.0,6.21,2.8,2007,5,Q2,1Fam,1
107000.0,1056,2,2.0,40,1.0,1056.0,4,8900,5,0,384.0,1056.0,0.0,1056,1966.0,0,42,0.0,4,Reg,0,20,68.0,30.85894600589856,48130.0,6.24,2.4,2006,11,Q4,1Fam,0
184522.369240168,2454,3,2.0,128,2.0,819.0,7,13500,8,1142,576.0,0.0,819.0,1312,1950.0,0,148,0.0,8,Reg,0,75,75.0,29.102296283256685,48910.0,6.29,3.0,2007,2,Q1,1Fam,1
188000.0,1658,3,3.5,13,2.0,773.0,6,8000,8,885,431.0,219.0,554.0,773,1995.0,224,84,0.0,5,Reg,0,60,68.0,27.363846269205577,50140.0,6.37,3.7,2008,6,Q2,1Fam,1
185306.650665866,2075,3,3.5,14,2.0,1148.0,7,10530,8,984,473.0,819.0,329.0,1091,1993.0,235,86,194.0,6,Reg,0,60,78.0,29.102296283256685,48910.0,6.59,3.0,2007,8,Q3,1Fam,0
124000.0,1750,3,1.0,126,1.0,636.0,5,9000,8,661,240.0,0.0,636.0,1089,1937.0,0,0,0.0,6,Reg,0,70,50.0,30.85894600589856,48130.0,6.67,3.1,2006,6,Q2,1Fam,1
163000.0,1912,3,2.0,103,2.0,482.0,6,10800,7,691,672.0,0.0,482.0,1221,2003.0,0,25,0.0,7,Reg,0,190,60.0,27.363846269205577,50140.0,5.88,2.7,2008,4,Q2,2fmCon,1
230000.0,1840,3,3.5,8,2.0,944.0,7,12420,6,896,622.0,666.0,278.0,944,2001.0,0,45,0.0,5,Reg,0,60,79.0,26.11993393300743,50720.0,5.4,6.0,2009,6,Q2,1Fam,0
144500.0,848,1,2.0,4,2.0,848.0,6,4438,4,0,420.0,662.0,186.0,848,2004.0,140,0,169.0,5,Reg,0,120,68.0,27.363846269205577,50140.0,6.37,3.7,2008,6,Q2,TwnhsE,0
155000.0,1826,4,2.5,94,1.0,910.0,7,2500,7,910,164.0,299.0,611.0,916,1915.0,0,0,0.0,8,Reg,0,70,50.0,26.11993393300743,50720.0,5.4,6.0,2009,6,Q2,1Fam,1
178658.114178223,1495,3,1.0,61,2.0,864.0,6,8064,6,0,576.0,120.0,744.0,1064,1994.0,180,36,0.0,7,Reg,0,50,60.0,26.11993393300743,50720.0,5.18,5.6,2009,8,Q3,1Fam,1
310000.0,2520,5,3.5,13,3.0,1338.0,8,14541,10,1168,796.0,1012.0,326.0,1352,1993.0,209,55,0.0,7,IR1,0,60,68.0,30.85894600589856,48130.0,6.24,2.4,2006,11,Q4,1Fam,0
197999.674975598,1325,3,2.0,59,2.0,409.0,5,17541,6,0,576.0,300.0,109.0,1325,1996.0,0,42,0.0,7,IR1,0,20,68.0,29.102296283256685,48910.0,6.710000000000001,3.0,2007,7,Q3,1Fam,1
168494.985022146,1242,3,1.5,74,1.0,583.0,6,5707,6,595,180.0,0.0,583.0,647,1926.0,329,96,0.0,6,Reg,0,70,43.0,26.11993393300743,50720.0,5.005000000000001,5.2,2009,3,Q1,1Fam,1
90350.0,694,2,1.0,94,1.0,440.0,5,4280,4,0,352.0,365.0,75.0,694,1990.0,0,0,0.0,6,Reg,0,30,40.0,29.102296283256685,48910.0,6.16,2.9,2007,3,Q1,1Fam,1
193808.319298263,1969,4,2.0,70,2.0,1272.0,6,6876,9,0,400.0,0.0,1272.0,1272,1938.0,0,34,0.0,6,Reg,0,50,60.0,27.363846269205577,50140.0,6.09,3.1,2008,11,Q4,1Fam,1
310000.0,2007,3,3.5,1,3.0,1017.0,10,11003,10,981,812.0,765.0,252.0,1026,2008.0,168,52,160.0,5,Reg,0,60,85.0,26.11993393300743,50720.0,4.8,4.9,2009,4,Q2,1Fam,0
169788.738771463,1040,3,1.0,33,2.0,1040.0,5,4224,6,0,499.0,769.0,271.0,1040,1975.0,0,100,0.0,6,Reg,0,120,68.0,27.363846269205577,50140.0,6.37,3.7,2008,6,Q2,TwnhsE,0
190000.0,1867,2,2.0,54,1.0,1617.0,5,10708,7,0,303.0,379.0,470.0,1867,1955.0,476,0,0.0,5,IR1,142,20,68.0,26.11993393300743,50720.0,4.87,4.6,2009,11,Q4,1Fam,1
124900.0,780,2,1.0,36,1.0,780.0,5,7200,4,0,352.0,632.0,148.0,780,1973.0,196,0,0.0,7,Reg,0,20,60.0,27.363846269205577,50140.0,5.69,3.3,2008,1,Q1,1Fam,0
148000.0,1032,3,2.5,29,2.0,1032.0,6,10395,6,0,564.0,605.0,427.0,1032,1978.0,0,0,233.0,6,IR1,0,80,68.0,29.102296283256685,48910.0,6.710000000000001,3.0,2007,7,Q3,1Fam,0
175000.0,1509,3,3.0,20,2.0,1461.0,6,10200,5,0,600.0,783.0,678.0,1509,1988.0,224,0,219.0,5,Reg,0,80,85.0,27.363846269205577,50140.0,6.494999999999999,3.6,2008,8,Q3,1Fam,1
209258.33693701,2650,6,3.0,43,0.0,0.0,4,7200,10,1788,0.0,0.0,0.0,862,1979.0,0,0,0.0,6,Reg,0,90,60.0,25.221608273812684,49020.0,4.99,5.3,2010,2,Q1,Duplex,0
127000.0,955,3,2.0,41,1.0,955.0,5,7742,6,0,386.0,763.0,192.0,955,1966.0,0,0,0.0,7,Reg,0,20,66.0,29.102296283256685,48910.0,6.220000000000001,3.0,2007,1,Q1,1Fam,0
175308.263299874,1117,3,1.0,45,1.0,1117.0,5,7590,6,0,264.0,0.0,1117.0,1117,1963.0,0,0,0.0,5,Reg,0,20,69.0,27.363846269205577,50140.0,6.05,3.0,2008,5,Q2,1Fam,0
187500.0,1498,3,2.5,11,2.0,691.0,6,13031,6,807,409.0,592.0,99.0,691,1995.0,315,44,0.0,5,IR2,0,60,68.0,30.85894600589856,48130.0,6.765000000000001,2.8,2006,7,Q3,1Fam,1
277936.12694354,2338,4,3.5,1,3.0,2660.0,9,51974,8,0,1110.0,1101.0,1559.0,2338,2005.0,0,135,710.0,5,IR1,322,20,52.0,29.102296283256685,48910.0,6.68,3.4,2007,6,Q2,1Fam,1
113000.0,1452,2,2.0,89,0.0,736.0,4,4456,8,716,0.0,0.0,736.0,736,1979.0,0,0,0.0,5,Reg,0,190,33.0,26.11993393300743,50720.0,5.4,6.0,2009,6,Q2,2fmCon,1
128500.0,971,3,1.5,37,1.0,971.0,5,9920,5,0,300.0,523.0,448.0,971,1969.0,0,0,0.0,6,IR1,0,20,69.0,30.85894600589856,48130.0,6.595,2.4,2006,5,Q2,1Fam,0
137500.0,1709,3,2.0,2,2.0,970.0,7,2522,7,739,380.0,0.0,970.0,970,2004.0,0,40,50.0,5,Reg,0,160,24.0,30.85894600589856,48130.0,6.51,2.4,2006,4,Q2,Twnhs,0
52500.0,693,2,1.0,65,0.0,693.0,4,4118,4,0,0.0,0.0,693.0,693,1979.0,0,20,0.0,4,IR1,0,30,153.0,30.85894600589856,48130.0,6.34,2.7,2006,3,Q1,1Fam,1
171500.796725006,934,2,1.5,42,1.0,912.0,6,10366,4,0,336.0,456.0,456.0,934,1964.0,77,0,0.0,7,IR1,0,80,80.0,30.85894600589856,48130.0,6.765000000000001,2.8,2006,7,Q3,1Fam,0
176220.543265638,1694,2,3.0,32,2.0,1694.0,8,14694,5,0,642.0,1252.0,306.0,1694,1977.0,501,120,450.0,9,IR1,0,20,68.0,26.11993393300743,50720.0,5.4,6.0,2009,6,Q2,1Fam,1
82500.0,1411,3,2.0,32,2.0,1386.0,7,11900,6,0,544.0,822.0,564.0,1411,1977.0,192,0,209.0,5,Reg,0,20,85.0,26.11993393300743,50720.0,4.8,4.9,2009,4,Q2,1Fam,0
200000.0,1700,3,3.0,3,2.0,1682.0,6,9135,7,0,544.0,340.0,1342.0,1700,2003.0,192,23,120.0,5,Reg,0,20,70.0,30.85894600589856,48130.0,6.595,2.4,2006,5,Q2,1Fam,0
206977.567039357,1824,5,2.0,51,2.0,1824.0,5,12436,9,0,484.0,0.0,1824.0,1824,1958.0,0,0,0.0,5,Reg,0,90,76.0,27.363846269205577,50140.0,5.69,3.3,2008,1,Q1,Duplex,0
174900.0,1165,3,2.5,42,2.0,1127.0,6,9020,6,0,490.0,312.0,276.0,1165,1966.0,0,129,183.0,7,Reg,0,80,82.0,27.363846269205577,50140.0,6.05,3.0,2008,5,Q2,1Fam,0
260000.0,1530,3,3.0,4,2.0,1530.0,7,16158,7,0,430.0,1274.0,256.0,1530,2005.0,168,36,16.0,5,IR1,0,20,124.0,26.11993393300743,50720.0,5.4,6.0,2009,6,Q2,1Fam,0
256300.0,1600,3,2.0,2,3.0,1566.0,8,14230,7,0,890.0,0.0,1566.0,1600,2007.0,0,56,640.0,5,Reg,0,20,110.0,26.11993393300743,50720.0,5.2,5.6,2009,7,Q3,1Fam,0
176363.773907793,1232,3,2.5,44,2.0,1232.0,5,9600,6,0,490.0,698.0,534.0,1232,1966.0,0,224,172.0,5,Reg,0,20,80.0,25.221608273812684,49020.0,5.07,4.3,2010,4,Q2,1Fam,0
219210.0,1863,4,2.5,0,3.0,879.0,7,14054,9,984,660.0,0.0,879.0,879,2006.0,100,17,0.0,5,IR1,0,60,58.0,30.85894600589856,48130.0,6.24,2.4,2006,11,Q4,1Fam,0
201000.0,1560,3,2.0,7,2.0,1560.0,7,9196,7,0,573.0,0.0,1560.0,1560,2003.0,100,150,0.0,5,IR1,0,20,129.0,25.221608273812684,49020.0,5.07,4.3,2010,4,Q2,1Fam,0
176429.401241704,1080,3,1.0,118,0.0,684.0,5,5914,5,396,0.0,0.0,684.0,684,1979.0,0,165,0.0,9,Reg,0,50,44.0,27.363846269205577,50140.0,6.01,3.0,2008,9,Q3,1Fam,1
181000.0,1675,3,2.5,10,2.0,841.0,6,24682,7,783,502.0,0.0,841.0,892,1999.0,0,103,0.0,5,IR3,0,60,68.0,26.11993393300743,50720.0,5.4,6.0,2009,6,Q2,1Fam,0
160775.629777099,984,2,2.0,54,1.0,936.0,6,6390,4,0,280.0,0.0,936.0,984,1954.0,0,0,0.0,7,Reg,0,45,64.0,27.363846269205577,50140.0,6.37,3.7,2008,6,Q2,1Fam,0
145000.0,1505,3,2.0,68,1.0,883.0,5,9144,8,517,240.0,399.0,484.0,988,1940.0,0,0,0.0,5,Reg,0,50,68.0,27.363846269205577,50140.0,6.37,3.6,2008,7,Q3,1Fam,1
184100.0,1419,3,3.5,7,2.0,408.0,8,7750,7,640,527.0,353.0,55.0,779,2002.0,120,0,0.0,5,Reg,0,80,68.0,26.11993393300743,50720.0,5.005000000000001,5.2,2009,3,Q1,1Fam,0
179600.0,1422,3,2.0,3,2.0,1422.0,7,8500,7,0,626.0,0.0,1422.0,1422,2004.0,192,60,106.0,5,Reg,0,20,63.0,29.102296283256685,48910.0,6.24,2.6,2007,11,Q4,1Fam,0
158307.206742274,1680,2,3.0,100,2.0,856.0,5,6048,7,744,450.0,736.0,120.0,936,1910.0,56,144,0.0,7,Reg,0,190,60.0,25.221608273812684,49020.0,4.734999999999999,5.0,2010,6,Q2,2fmCon,1
182852.32772198,1479,3,2.5,26,2.0,725.0,7,12090,6,754,484.0,321.0,404.0,725,1981.0,167,72,306.0,7,Reg,0,60,78.0,29.102296283256685,48910.0,6.16,2.9,2007,3,Q1,1Fam,1
164475.14942856,1625,2,3.5,1,2.0,1573.0,8,5568,5,0,495.0,1573.0,0.0,1625,2006.0,123,0,473.0,5,IR1,153,120,59.0,29.102296283256685,48910.0,6.385,2.6,2007,10,Q4,TwnhsE,1
181262.329995106,1730,3,2.5,17,2.0,816.0,6,7703,6,897,528.0,52.0,400.0,833,1992.0,0,91,0.0,6,Reg,168,60,70.0,26.11993393300743,50720.0,4.87,4.6,2009,11,Q4,1Fam,0
367294.0,1702,1,2.5,0,3.0,1702.0,9,8769,7,0,1052.0,1540.0,162.0,1702,2008.0,0,72,766.0,5,Reg,224,120,65.0,27.363846269205577,50140.0,6.1,2.9,2008,10,Q4,TwnhsE,0
154406.415627461,948,2,1.5,34,1.0,483.0,6,1680,5,465,264.0,276.0,207.0,483,1972.0,0,0,504.0,5,Reg,0,160,21.0,30.85894600589856,48130.0,6.765000000000001,2.8,2006,7,Q3,Twnhs,0
239000.0,1950,3,2.5,10,2.0,975.0,7,7399,7,975,576.0,649.0,326.0,975,1997.0,0,10,1600.0,5,IR1,198,60,66.0,29.102296283256685,48910.0,6.68,3.4,2007,6,Q2,1Fam,1
135000.0,1134,2,1.0,47,1.0,1010.0,5,7000,6,0,254.0,588.0,422.0,1134,1960.0,0,16,45.0,7,Reg,0,20,70.0,29.102296283256685,48910.0,6.17,2.8,2007,4,Q2,1Fam,1
262500.0,1566,3,3.0,2,2.0,1566.0,8,9000,7,0,750.0,1078.0,488.0,1566,2008.0,144,168,36.0,5,Reg,0,20,75.0,25.221608273812684,49020.0,5.07,4.3,2010,4,Q2,1Fam,0
180987.949624695,1836,3,2.0,1,2.0,1836.0,8,8125,8,0,517.0,0.0,1836.0,1836,2009.0,0,175,288.0,5,Reg,0,20,65.0,26.11993393300743,50720.0,4.94,4.4,2009,10,Q4,1Fam,1
118500.0,816,3,2.0,17,0.0,816.0,6,11841,5,0,0.0,816.0,0.0,816,1979.0,0,32,104.0,5,Reg,0,90,81.0,29.102296283256685,48910.0,6.21,2.8,2007,5,Q2,Duplex,0
192265.198109864,2088,4,2.5,1,3.0,948.0,8,8899,10,1140,656.0,40.0,908.0,948,2007.0,100,24,108.0,5,Reg,0,60,74.0,27.363846269205577,50140.0,6.37,3.7,2008,6,Q2,1Fam,0
91000.0,1077,3,1.0,84,1.0,1007.0,3,9786,6,0,210.0,0.0,1007.0,1077,1922.0,0,100,0.0,4,Reg,0,30,60.0,30.85894600589856,48130.0,6.595,2.4,2006,5,Q2,1Fam,1
162900.0,1664,4,2.5,30,2.0,832.0,7,10140,8,832,528.0,194.0,638.0,832,1976.0,0,28,0.0,5,Reg,259,60,78.0,30.85894600589856,48130.0,6.34,2.7,2006,3,Q1,1Fam,0
193053.055502348,1832,4,4.0,43,0.0,1832.0,4,10773,8,0,0.0,704.0,1128.0,1832,1979.0,0,58,72.0,3,Reg,0,90,72.0,25.221608273812684,49020.0,4.885,4.3,2010,5,Q2,Duplex,0
318061.0,1869,2,2.0,0,2.0,1869.0,9,7820,6,0,617.0,0.0,1869.0,1869,2007.0,210,54,362.0,5,IR1,0,120,68.0,29.102296283256685,48910.0,6.125,3.0,2007,12,Q4,TwnhsE,0
154672.422763036,1511,2,3.0,4,2.0,1368.0,7,2938,5,0,398.0,1038.0,330.0,1511,2002.0,130,30,40.0,5,Reg,0,120,68.0,30.85894600589856,48130.0,6.595,2.4,2006,5,Q2,TwnhsE,0
102000.0,986,2,1.0,81,1.0,960.0,6,6180,5,0,180.0,0.0,960.0,986,1926.0,0,128,0.0,5,Reg,0,30,60.0,29.102296283256685,48910.0,6.21,2.8,2007,5,Q2,1Fam,1
437154.0,2728,4,3.5,1,3.0,1848.0,9,20431,10,880,706.0,1410.0,438.0,1848,2006.0,0,0,870.0,5,IR2,0,60,56.0,30.85894600589856,48130.0,6.51,2.4,2006,4,Q2,1Fam,1
189000.0,1804,3,2.5,11,2.0,994.0,7,7500,7,776,442.0,0.0,994.0,1028,1999.0,140,60,0.0,5,Reg,0,60,60.0,25.221608273812684,49020.0,4.734999999999999,5.0,2010,6,Q2,1Fam,0
158820.474171061,1378,2,3.0,3,2.0,1378.0,8,4379,6,0,540.0,851.0,527.0,1378,2004.0,160,56,0.0,5,IR1,0,120,45.0,29.102296283256685,48910.0,6.710000000000001,3.0,2007,7,Q3,TwnhsE,0
181246.728523853,1052,3,1.5,42,1.0,1052.0,5,11625,6,0,668.0,527.0,525.0,1052,1984.0,0,215,172.0,6,Reg,0,20,75.0,26.11993393300743,50720.0,4.8,4.9,2009,4,Q2,1Fam,0
325000.0,2622,3,3.5,16,2.0,1463.0,8,12256,9,1122,712.0,1032.0,431.0,1500,1994.0,186,32,362.0,5,IR1,0,60,98.0,25.221608273812684,49020.0,5.07,4.3,2010,4,Q2,1Fam,1
181420.346494222,1677,3,3.5,7,2.0,827.0,6,8450,7,850,627.0,472.0,355.0,827,2001.0,0,68,0.0,5,Reg,0,60,65.0,27.363846269205577,50140.0,6.01,3.0,2008,9,Q3,1Fam,0
149000.0,1502,3,1.5,77,1.0,776.0,7,7200,6,651,270.0,0.0,776.0,851,1931.0,0,0,0.0,6,Reg,0,70,60.0,27.363846269205577,50140.0,5.88,3.1,2008,2,Q1,1Fam,1
160805.584645628,725,1,1.5,119,1.0,630.0,3,10800,4,0,320.0,0.0,630.0,725,1959.0,0,30,0.0,5,Reg,0,30,60.0,26.11993393300743,50720.0,4.87,4.6,2009,11,Q4,1Fam,1
127500.0,1069,2,2.0,33,2.0,1069.0,6,4043,4,0,440.0,360.0,709.0,1069,1977.0,0,55,0.0,5,Reg,165,120,53.0,25.221608273812684,49020.0,4.57,4.7,2010,7,Q3,TwnhsE,0
149900.0,1466,3,1.5,47,2.0,1466.0,5,17755,6,0,528.0,176.0,1290.0,1466,1959.0,0,140,132.0,4,Reg,100,20,134.0,30.85894600589856,48130.0,6.24,2.4,2006,11,Q4,1Fam,0
157090.568462479,670,2,2.0,62,0.0,370.0,3,3500,4,228,0.0,144.0,226.0,442,1979.0,0,21,0.0,5,Reg,0,50,51.0,29.102296283256685,48910.0,6.710000000000001,3.0,2007,7,Q3,1Fam,1
133900.0,768,2,1.5,37,1.0,768.0,5,7200,5,0,396.0,660.0,108.0,768,1974.0,192,0,0.0,8,Reg,0,85,60.0,26.11993393300743,50720.0,4.8,4.9,2009,4,Q2,1Fam,1
185830.971906573,1651,3,2.0,0,3.0,1643.0,8,10235,7,0,870.0,0.0,1643.0,1651,2007.0,192,64,306.0,5,IR1,0,20,66.0,29.102296283256685,48910.0,6.38,2.8,2007,9,Q3,1Fam,0
118000.0,1218,3,2.0,34,1.0,672.0,6,1680,7,546,264.0,317.0,355.0,672,1972.0,0,28,281.0,7,Reg,0,160,21.0,30.85894600589856,48130.0,6.595,2.4,2006,5,Q2,Twnhs,0
171557.32317862,992,3,1.0,56,1.0,381.0,5,8842,6,0,319.0,0.0,381.0,992,1954.0,60,0,0.0,6,Reg,0,20,68.0,25.221608273812684,49020.0,5.025,5.5,2010,1,Q1,1Fam,0
140000.0,1095,2,2.0,48,1.0,588.0,6,10382,6,0,264.0,513.0,75.0,1095,1958.0,0,0,105.0,5,Reg,0,190,75.0,30.85894600589856,48130.0,6.34,2.7,2006,3,Q1,2fmCon,0
158000.0,1159,3,1.5,38,1.0,1051.0,5,11553,7,0,336.0,673.0,378.0,1159,1968.0,466,0,188.0,5,IR1,0,20,68.0,30.85894600589856,48130.0,6.765000000000001,2.8,2006,7,Q3,1Fam,0
35311.0,480,1,1.0,57,1.0,480.0,2,9000,4,0,308.0,50.0,430.0,480,1958.0,0,0,0.0,3,Reg,0,20,50.0,30.85894600589856,48130.0,6.365,2.4,2006,10,Q4,1Fam,1
124000.0,1144,3,2.5,45,1.0,1144.0,5,9204,6,0,336.0,25.0,247.0,1144,1962.0,0,88,0.0,5,Reg,0,20,71.0,27.363846269205577,50140.0,6.494999999999999,3.6,2008,8,Q3,1Fam,0
152163.2443541,1405,2,3.0,4,2.0,1405.0,7,3242,6,0,478.0,1000.0,405.0,1405,2003.0,136,36,235.0,5,Reg,0,120,48.0,29.102296283256685,48910.0,6.16,2.9,2007,3,Q1,TwnhsE,0
199158.097008868,1524,3,3.0,29,2.0,1524.0,7,20270,7,0,478.0,599.0,925.0,1524,1979.0,140,0,0.0,6,IR1,0,20,82.0,27.363846269205577,50140.0,5.88,2.7,2008,4,Q2,1Fam,0
155000.0,1548,3,3.5,31,2.0,804.0,6,2308,7,744,440.0,556.0,248.0,804,1976.0,48,0,0.0,6,Reg,0,160,24.0,29.102296283256685,48910.0,6.710000000000001,3.0,2007,7,Q3,TwnhsE,0
139000.0,1652,4,3.0,95,1.0,686.0,5,10800,7,686,416.0,686.0,0.0,966,1961.0,0,0,0.0,6,Reg,0,50,60.0,25.221608273812684,49020.0,4.734999999999999,5.0,2010,6,Q2,1Fam,1
181419.5253183,1776,3,2.5,10,2.0,821.0,6,9783,7,955,443.0,0.0,821.0,821,1996.0,286,116,0.0,5,IR1,0,60,54.0,30.85894600589856,48130.0,6.595,2.4,2006,5,Q2,1Fam,0
162537.52704471,1666,2,3.0,0,2.0,1666.0,9,6373,6,0,575.0,415.0,1251.0,1666,2006.0,228,75,572.0,5,Reg,0,120,48.0,30.85894600589856,48130.0,6.67,3.1,2006,6,Q2,TwnhsE,0
107900.0,901,2,1.0,54,1.0,901.0,4,6000,4,0,281.0,0.0,901.0,901,1954.0,0,0,0.0,7,Reg,0,20,50.0,27.363846269205577,50140.0,6.494999999999999,3.6,2008,8,Q3,1Fam,1
91000.0,790,2,1.0,78,1.0,768.0,6,6292,4,0,160.0,384.0,384.0,790,1925.0,0,141,0.0,5,Reg,0,30,52.0,27.363846269205577,50140.0,5.88,2.7,2008,4,Q2,1Fam,1
152000.0,1097,3,2.0,26,2.0,1040.0,6,9672,6,0,480.0,338.0,702.0,1097,1986.0,0,0,0.0,5,Reg,0,20,81.0,25.221608273812684,49020.0,4.885,4.3,2010,5,Q2,1Fam,1
183320.898107934,1725,3,2.5,7,2.0,840.0,7,8749,6,885,550.0,0.0,840.0,840,2002.0,0,48,0.0,5,Reg,0,60,70.0,26.11993393300743,50720.0,4.87,4.6,2009,11,Q4,1Fam,0
130500.0,1479,3,2.5,34,2.0,725.0,6,13517,6,754,475.0,533.0,192.0,725,1976.0,0,44,289.0,8,IR1,0,60,68.0,25.221608273812684,49020.0,4.965,5.2,2010,3,Q1,1Fam,1
582933.0,2822,4,3.5,1,3.0,1734.0,9,13891,12,1088,1020.0,0.0,1734.0,1734,2009.0,52,170,424.0,5,Reg,192,60,107.0,26.11993393300743,50720.0,5.055,5.0,2009,1,Q1,1Fam,1
143000.0,1846,3,2.0,58,1.0,1040.0,6,10496,7,678,315.0,196.0,844.0,1168,1949.0,0,0,320.0,6,Reg,0,50,78.0,29.102296283256685,48910.0,6.220000000000001,3.0,2007,1,Q1,1Fam,1
120500.0,864,3,1.0,36,2.0,864.0,4,9000,5,0,528.0,616.0,248.0,864,1974.0,0,0,0.0,6,Reg,0,20,60.0,29.102296283256685,48910.0,6.21,2.8,2007,5,Q2,1Fam,0
153900.0,1199,2,2.0,15,2.0,1199.0,6,7892,5,0,530.0,300.0,899.0,1199,1993.0,0,63,0.0,5,Reg,0,120,55.0,27.363846269205577,50140.0,5.95,3.0,2008,3,Q1,TwnhsE,0
182241.340444154,1689,3,3.0,17,2.0,1680.0,4,9990,6,0,432.0,1383.0,297.0,1689,1991.0,428,120,0.0,5,Reg,0,20,74.0,27.363846269205577,50140.0,6.37,3.6,2008,7,Q3,1Fam,0
169136.43011395,1922,2,3.0,5,3.0,1922.0,8,11305,6,0,692.0,1329.0,593.0,1922,2002.0,201,64,886.0,5,Reg,0,20,80.0,29.102296283256685,48910.0,6.17,2.8,2007,4,Q2,1Fam,0
110000.0,894,3,1.0,53,2.0,894.0,4,9450,5,0,400.0,552.0,342.0,894,1999.0,0,0,0.0,5,Reg,0,20,68.0,29.102296283256685,48910.0,6.21,2.8,2007,5,Q2,1Fam,0
314813.0,1828,3,2.0,0,3.0,1822.0,9,11694,9,0,774.0,48.0,1774.0,1828,2007.0,0,108,452.0,5,Reg,260,20,90.0,29.102296283256685,48910.0,6.710000000000001,3.0,2007,7,Q3,1Fam,0
115000.0,1639,3,1.0,72,1.0,1064.0,6,10480,6,0,240.0,0.0,1064.0,1166,1936.0,0,0,0.0,5,Reg,0,50,51.0,27.363846269205577,50140.0,5.95,3.0,2008,3,Q1,1Fam,1
219500.0,1740,3,1.5,67,1.0,800.0,7,13125,6,780,240.0,410.0,390.0,960,1940.0,0,0,0.0,6,Reg,0,70,75.0,29.102296283256685,48910.0,6.710000000000001,3.0,2007,7,Q3,1Fam,1
183583.683569555,1629,3,2.5,13,2.0,928.0,5,13830,6,701,482.0,791.0,137.0,928,1997.0,212,34,0.0,5,IR1,0,60,74.0,25.221608273812684,49020.0,4.965,5.2,2010,3,Q1,1Fam,1
139647.095720655,848,1,2.0,7,2.0,848.0,6,4435,4,0,420.0,672.0,176.0,848,2003.0,140,0,170.0,5,Reg,0,120,68.0,25.221608273812684,49020.0,5.07,4.3,2010,4,Q2,TwnhsE,0
184000.0,1820,4,3.0,83,1.0,1026.0,7,9120,8,687,240.0,329.0,697.0,1133,1925.0,0,100,0.0,6,Reg,0,50,60.0,27.363846269205577,50140.0,6.37,3.7,2008,6,Q2,1Fam,1
118000.0,698,2,1.5,62,0.0,698.0,5,9405,4,0,0.0,0.0,698.0,698,1979.0,0,200,0.0,9,Reg,0,20,50.0,26.11993393300743,50720.0,5.4,6.0,2009,6,Q2,1Fam,1
87000.0,803,2,1.0,66,2.0,720.0,5,5000,5,0,360.0,116.0,604.0,803,1941.0,0,0,0.0,6,Reg,0,45,50.0,29.102296283256685,48910.0,6.125,3.0,2007,12,Q4,1Fam,1
87500.0,1040,2,2.0,57,2.0,0.0,3,8544,6,0,400.0,0.0,0.0,1040,1949.0,0,0,340.0,4,Reg,0,90,68.0,30.85894600589856,48130.0,6.595,2.4,2006,5,Q2,Duplex,1
193743.194909801,1603,4,1.0,85,2.0,784.0,6,9650,7,784,599.0,0.0,784.0,819,1980.0,0,217,0.0,3,IR1,0,70,68.0,27.363846269205577,50140.0,6.37,3.7,2008,6,Q2,1Fam,1
187100.0,1430,3,2.0,8,2.0,1413.0,7,16285,6,0,605.0,0.0,1413.0,1430,2001.0,0,33,0.0,5,IR2,0,20,67.0,26.11993393300743,50720.0,5.4,6.0,2009,6,Q2,1Fam,1
175061.18585763,1721,3,3.0,2,2.0,1721.0,8,9254,7,0,554.0,119.0,1602.0,1721,2005.0,168,27,210.0,5,IR1,0,20,71.0,29.102296283256685,48910.0,6.220000000000001,3.0,2007,1,Q1,1Fam,0
158500.0,1152,3,1.5,59,1.0,1092.0,6,14000,6,0,300.0,0.0,1092.0,1152,1950.0,0,36,0.0,8,Reg,0,20,80.0,26.11993393300743,50720.0,5.18,5.6,2009,8,Q3,1Fam,1
191000.0,1504,2,2.0,3,2.0,1346.0,7,3182,7,0,437.0,16.0,1330.0,1504,2005.0,156,20,14.0,5,Reg,0,120,43.0,27.363846269205577,50140.0,6.05,3.0,2008,5,Q2,TwnhsE,1
182900.0,1440,3,2.0,26,2.0,1440.0,6,12546,7,0,467.0,678.0,762.0,1440,1981.0,0,0,310.0,7,IR1,0,20,68.0,29.102296283256685,48910.0,6.17,2.8,2007,4,Q2,1Fam,0
173621.195202569,1866,2,3.0,0,3.0,1858.0,9,10110,7,0,870.0,372.0,1486.0,1866,2008.0,0,48,492.0,5,IR1,0,120,58.0,27.363846269205577,50140.0,6.09,3.1,2008,11,Q4,TwnhsE,0
178680.587503997,1432,3,2.5,30,2.0,716.0,5,8286,6,716,531.0,531.0,185.0,716,1977.0,0,136,0.0,7,IR1,240,60,68.0,29.102296283256685,48910.0,6.68,3.4,2007,6,Q2,1Fam,0
182997.570115536,1728,3,1.5,57,1.0,704.0,5,9462,7,704,234.0,0.0,704.0,1024,1949.0,245,60,0.0,6,Reg,0,60,79.0,30.85894600589856,48130.0,6.765000000000001,2.8,2006,7,Q3,1Fam,1
157574.595395085,1222,2,2.0,0,2.0,1222.0,7,7360,6,0,615.0,24.0,1198.0,1222,2009.0,0,54,80.0,5,Reg,0,20,64.0,25.221608273812684,49020.0,4.965,5.2,2010,3,Q1,1Fam,0
204900.0,1498,2,2.0,0,2.0,1498.0,7,8990,5,0,675.0,0.0,1498.0,1498,2006.0,351,33,0.0,5,IR1,0,20,73.0,30.85894600589856,48130.0,6.51,2.4,2006,4,Q2,1Fam,0
168173.94329857,1416,3,1.5,62,1.0,780.0,6,6000,6,636,312.0,300.0,480.0,780,1948.0,221,0,0.0,7,Reg,0,50,50.0,25.221608273812684,49020.0,4.965,5.2,2010,3,Q1,1Fam,1
88000.0,1015,3,1.0,81,1.0,768.0,5,6120,6,0,450.0,489.0,279.0,1015,1925.0,0,0,0.0,7,Reg,120,30,51.0,30.85894600589856,48130.0,6.765000000000001,2.8,2006,7,Q3,1Fam,1
120000.0,1183,2,1.5,59,1.0,649.0,3,6000,6,504,308.0,331.0,318.0,679,1981.0,0,176,0.0,7,Reg,0,50,50.0,29.102296283256685,48910.0,6.68,3.4,2007,6,Q2,1Fam,1
191393.608594076,2411,4,3.5,37,2.0,1008.0,6,8000,8,1008,570.0,915.0,93.0,1403,1970.0,0,192,525.0,6,Reg,0,60,80.0,29.102296283256685,48910.0,6.68,3.4,2007,6,Q2,1Fam,0
193417.64740633,1760,4,1.5,96,2.0,1077.0,4,10818,7,779,648.0,0.0,1077.0,981,1935.0,120,0,0.0,4,Reg,0,50,60.0,30.85894600589856,48130.0,6.25,3.0,2006,2,Q1,1Fam,1
150106.505141704,612,1,1.0,69,1.0,0.0,2,5925,4,0,308.0,0.0,0.0,612,1965.0,0,0,0.0,4,Reg,0,30,50.0,26.11993393300743,50720.0,4.94,4.4,2009,10,Q4,1Fam,1
168500.0,1474,3,2.5,14,2.0,384.0,7,8530,7,670,400.0,0.0,384.0,804,1995.0,120,72,22.0,5,IR1,0,80,68.0,26.11993393300743,50720.0,4.85,5.0,2009,5,Q2,1Fam,1
124000.0,1584,4,2.0,42,3.0,1584.0,5,8944,8,0,792.0,0.0,1584.0,1584,1967.0,0,152,0.0,5,Reg,0,90,65.0,26.11993393300743,50720.0,4.8,4.9,2009,4,Q2,Duplex,0
221500.0,1614,3,2.0,1,3.0,1614.0,7,11210,7,0,865.0,20.0,1594.0,1614,2005.0,144,59,240.0,5,IR1,0,20,86.0,30.85894600589856,48130.0,6.765000000000001,2.8,2006,7,Q3,1Fam,1
157500.0,1539,3,2.0,104,2.0,650.0,5,10440,8,581,686.0,0.0,650.0,958,1983.0,70,78,0.0,8,Reg,0,70,60.0,27.363846269205577,50140.0,6.37,3.7,2008,6,Q2,1Fam,1
240000.0,2614,4,2.5,34,2.0,1522.0,6,10800,9,1066,624.0,956.0,384.0,1548,1974.0,38,243,0.0,7,Reg,0,60,90.0,27.363846269205577,50140.0,6.37,3.7,2008,6,Q2,1Fam,1
159500.0,1426,3,1.5,32,2.0,690.0,6,7950,6,728,440.0,535.0,155.0,698,1977.0,252,0,140.0,6,IR1,0,60,75.0,26.11993393300743,50720.0,5.2,5.6,2009,7,Q3,1Fam,0
185000.0,1511,3,3.5,9,2.0,802.0,6,11207,8,709,413.0,714.0,88.0,802,1997.0,95,75,0.0,5,IR1,0,60,70.0,30.85894600589856,48130.0,6.67,3.1,2006,6,Q2,1Fam,0
185000.0,1876,4,2.5,34,2.0,901.0,6,9120,8,933,540.0,442.0,459.0,943,1974.0,0,69,270.0,6,Reg,0,60,76.0,27.363846269205577,50140.0,6.37,3.6,2008,7,Q3,1Fam,0
233230.0,1919,3,2.5,0,2.0,1079.0,8,15611,8,840,685.0,0.0,1079.0,1079,2006.0,0,51,0.0,5,Reg,0,60,120.0,30.85894600589856,48130.0,6.765000000000001,2.8,2006,7,Q3,1Fam,0
162330.199085679,1218,2,2.0,1,2.0,1218.0,7,9215,4,0,676.0,0.0,1218.0,1218,2009.0,0,136,0.0,5,Reg,0,20,92.0,25.221608273812684,49020.0,5.07,4.3,2010,4,Q2,1Fam,1
181276.500571809,1633,3,2.5,10,2.0,932.0,6,11184,7,701,460.0,0.0,932.0,932,1998.0,0,39,0.0,5,IR1,0,60,73.0,27.363846269205577,50140.0,5.88,2.7,2008,4,Q2,1Fam,0
193789.648503294,1246,3,2.0,42,2.0,1246.0,6,12700,6,0,441.0,939.0,307.0,1246,1964.0,0,69,0.0,5,IR1,0,80,68.0,30.85894600589856,48130.0,6.24,2.4,2006,11,Q4,1Fam,0
149500.0,1400,3,1.5,28,2.0,672.0,6,7844,6,728,440.0,209.0,463.0,672,1978.0,0,0,203.0,7,Reg,0,60,74.0,30.85894600589856,48130.0,6.34,2.7,2006,3,Q1,1Fam,0
148000.0,1072,2,2.0,3,2.0,547.0,6,3675,5,0,525.0,459.0,88.0,1072,2005.0,0,28,80.0,5,Reg,0,180,35.0,27.363846269205577,50140.0,6.37,3.7,2008,6,Q2,TwnhsE,0
221000.0,1494,3,3.0,6,2.0,1494.0,7,12803,6,0,530.0,922.0,572.0,1494,2002.0,192,36,99.0,5,IR1,0,20,88.0,27.363846269205577,50140.0,6.01,3.0,2008,9,Q3,1Fam,0
158313.615666777,1565,2,3.0,1,2.0,1560.0,9,5911,6,0,556.0,472.0,1088.0,1565,2005.0,196,56,278.0,5,Reg,0,120,48.0,30.85894600589856,48130.0,6.34,2.7,2006,3,Q1,TwnhsE,0
191619.294648838,1005,3,2.0,43,2.0,1005.0,4,14299,5,0,440.0,513.0,348.0,1005,1964.0,0,0,0.0,3,Reg,0,20,62.0,29.102296283256685,48910.0,6.710000000000001,3.0,2007,7,Q3,1Fam,0
209242.82289186,2698,4,3.5,0,3.0,1850.0,10,16052,11,848,736.0,1206.0,644.0,1850,2006.0,250,0,734.0,5,IR1,0,60,82.0,30.85894600589856,48130.0,6.765000000000001,2.8,2006,7,Q3,1Fam,0
169652.235284283,936,2,2.0,50,1.0,936.0,6,8760,4,0,315.0,873.0,63.0,936,1957.0,0,0,0.0,7,Reg,0,20,73.0,29.102296283256685,48910.0,6.38,2.8,2007,9,Q3,1Fam,1
209673.316647174,1609,5,1.5,53,1.0,1000.0,6,9525,7,541,305.0,468.0,532.0,1068,1953.0,0,0,0.0,5,Reg,0,50,75.0,30.85894600589856,48130.0,6.765000000000001,2.8,2006,7,Q3,1Fam,0
350000.0,2113,2,3.5,13,3.0,2109.0,8,10437,7,0,839.0,1696.0,413.0,2113,1995.0,236,46,660.0,6,IR1,0,20,91.0,27.363846269205577,50140.0,6.494999999999999,3.6,2008,8,Q3,1Fam,0
182801.408333628,1436,3,1.5,86,4.0,892.0,5,10836,7,182,1488.0,0.0,892.0,1254,1968.0,0,0,0.0,5,Reg,0,50,60.0,27.363846269205577,50140.0,6.37,3.7,2008,6,Q2,1Fam,1
156804.951429181,1646,2,3.5,4,2.0,1594.0,7,3811,5,0,482.0,1474.0,120.0,1646,2004.0,128,53,174.0,5,IR1,155,120,44.0,27.363846269205577,50140.0,6.37,3.6,2008,7,Q3,TwnhsE,1
116050.0,864,3,1.0,36,1.0,864.0,4,9353,5,0,280.0,0.0,864.0,864,1972.0,0,0,0.0,5,Reg,0,20,71.0,30.85894600589856,48130.0,6.765000000000001,2.8,2006,7,Q3,1Fam,0
93000.0,936,2,1.0,56,2.0,936.0,4,6000,4,0,576.0,0.0,936.0,936,1974.0,0,32,0.0,4,Reg,0,20,60.0,26.11993393300743,50720.0,5.115,5.1,2009,2,Q1,2fmCon,0
266000.0,1684,2,2.0,3,2.0,1684.0,9,8849,6,0,564.0,28.0,1656.0,1684,2005.0,495,72,616.0,5,IR1,0,120,63.0,27.363846269205577,50140.0,6.37,3.6,2008,7,Q3,TwnhsE,0
182056.024744887,2234,3,3.5,6,3.0,1160.0,8,9545,7,1029,768.0,505.0,655.0,1205,2000.0,0,50,322.0,5,Reg,0,60,83.0,30.85894600589856,48130.0,6.67,3.1,2006,6,Q2,1Fam,0
165086.775061735,1092,3,1.5,34,1.0,546.0,4,1484,5,546,253.0,252.0,294.0,546,1972.0,0,0,0.0,4,Reg,0,160,21.0,30.85894600589856,48130.0,6.595,2.4,2006,5,Q2,TwnhsE,0
160000.0,5642,3,4.5,0,2.0,6110.0,10,63887,12,950,1418.0,5644.0,466.0,4692,2008.0,214,292,796.0,5,IR3,0,60,313.0,27.363846269205577,50140.0,5.69,3.3,2008,1,Q1,1Fam,0
192867.417844592,2683,4,3.5,18,2.0,930.0,6,9205,9,1319,473.0,704.0,226.0,1364,1990.0,237,251,304.0,5,IR1,196,60,68.0,27.363846269205577,50140.0,6.37,3.7,2008,6,Q2,1Fam,1
415298.0,2121,3,2.5,1,3.0,2121.0,9,14450,8,0,732.0,0.0,2121.0,2121,2007.0,124,98,315.0,5,Reg,142,20,107.0,29.102296283256685,48910.0,6.21,2.8,2007,5,Q2,1Fam,1
183259.503900506,1670,2,3.5,0,3.0,1670.0,8,15218,6,0,928.0,1562.0,108.0,1670,2006.0,0,240,0.0,5,IR1,0,20,49.0,30.85894600589856,48130.0,6.415,2.6,2006,9,Q3,1Fam,0
220079.756777048,1728,6,4.0,48,0.0,1728.0,5,13260,10,0,0.0,1500.0,228.0,1728,1979.0,0,0,144.0,6,IR1,0,90,98.0,25.221608273812684,49020.0,5.025,5.5,2010,1,Q1,Duplex,1
169364.469225677,965,2,2.0,14,2.0,870.0,5,11105,4,0,580.0,870.0,0.0,965,1998.0,71,0,0.0,5,Reg,0,85,82.0,25.221608273812684,49020.0,4.57,4.7,2010,7,Q3,1Fam,0
315000.0,1980,3,3.0,2,3.0,1980.0,9,16737,8,0,770.0,1447.0,533.0,1980,2004.0,194,45,66.0,5,Reg,0,20,129.0,30.85894600589856,48130.0,6.415,2.6,2006,9,Q3,1Fam,1
159000.0,1114,3,2.5,4,2.0,1114.0,5,13695,6,0,576.0,646.0,468.0,1114,2004.0,0,102,0.0,5,Reg,0,20,66.0,27.363846269205577,50140.0,6.37,3.7,2008,6,Q2,1Fam,0
147000.0,1120,3,1.0,0,0.0,1120.0,5,8402,6,0,0.0,206.0,914.0,1120,1979.0,0,30,0.0,5,Reg,0,20,70.0,29.102296283256685,48910.0,6.125,3.0,2007,12,Q4,1Fam,0
152000.0,1620,4,2.5,38,2.0,780.0,5,10793,7,840,462.0,493.0,0.0,780,1969.0,208,0,263.0,5,Reg,0,60,80.0,29.102296283256685,48910.0,6.17,2.8,2007,4,Q2,1Fam,0
189386.323677132,1400,3,2.0,1,2.0,1400.0,7,11024,6,0,612.0,0.0,1400.0,1400,2005.0,144,55,118.0,5,IR1,0,20,91.0,30.85894600589856,48130.0,6.365,2.4,2006,10,Q4,1Fam,1
93000.0,1124,3,1.0,52,0.0,0.0,5,8335,5,0,0.0,0.0,0.0,1124,1979.0,0,36,0.0,5,Reg,0,20,77.0,30.85894600589856,48130.0,6.51,2.4,2006,4,Q2,1Fam,0
335000.0,2184,3,3.5,1,3.0,1104.0,9,11308,10,1054,836.0,936.0,168.0,1130,2008.0,0,102,154.0,5,IR1,0,60,96.0,26.11993393300743,50720.0,5.2,5.6,2009,7,Q3,1Fam,0
164810.609473548,899,2,1.0,98,1.0,481.0,5,6756,5,0,200.0,0.0,481.0,899,1930.0,0,0,0.0,6,Reg,0,30,60.0,27.363846269205577,50140.0,6.01,3.0,2008,9,Q3,1Fam,1
152272.560975937,1055,2,3.0,30,1.0,1055.0,7,2280,4,0,319.0,120.0,443.0,1055,1976.0,0,29,0.0,7,Reg,0,120,24.0,30.85894600589856,48130.0,6.51,2.4,2006,4,Q2,Twnhs,0
171104.853481351,1347,3,2.5,53,2.0,1347.0,5,5805,6,0,551.0,274.0,0.0,1347,1957.0,0,0,0.0,7,Reg,0,20,69.0,25.221608273812684,49020.0,4.734999999999999,5.0,2010,6,Q2,1Fam,0
170000.0,1088,2,1.5,21,2.0,1074.0,8,3696,5,0,461.0,0.0,1074.0,1088,1987.0,0,74,0.0,5,Reg,0,120,68.0,29.102296283256685,48910.0,6.385,2.6,2007,10,Q4,TwnhsE,0
224000.0,1640,3,2.0,54,2.0,1296.0,6,14778,7,0,924.0,728.0,568.0,1640,1993.0,108,0,72.0,7,IR1,0,20,68.0,27.363846269205577,50140.0,6.09,3.1,2008,11,Q4,1Fam,1
119200.0,1082,2,1.0,59,1.0,1082.0,6,11664,5,0,240.0,336.0,746.0,1082,1948.0,0,130,206.0,5,Reg,0,20,60.0,29.102296283256685,48910.0,6.24,2.6,2007,11,Q4,1Fam,1
170157.842016969,1685,2,2.0,1,3.0,1685.0,8,11824,5,0,658.0,0.0,1685.0,1685,2006.0,112,63,298.0,5,IR1,0,20,100.0,29.102296283256685,48910.0,6.17,2.8,2007,4,Q2,1Fam,0
183410.785819008,1358,3,2.0,8,2.0,1339.0,7,7321,5,0,625.0,0.0,1339.0,1358,1999.0,176,174,0.0,5,IR1,0,20,73.0,29.102296283256685,48910.0,6.125,3.0,2007,12,Q4,1Fam,1
185911.366293097,1604,4,2.0,52,2.0,1604.0,5,8267,8,0,576.0,0.0,1604.0,1604,1958.0,42,0,0.0,5,Reg,0,90,70.0,25.221608273812684,49020.0,4.965,5.2,2010,3,Q1,Duplex,0
195664.686104237,1657,3,2.5,14,2.0,832.0,7,14565,6,825,483.0,537.0,295.0,832,1994.0,144,74,145.0,5,IR2,0,60,43.0,27.363846269205577,50140.0,6.09,3.1,2008,11,Q4,1Fam,1
143000.0,923,2,2.0,30,1.0,923.0,6,8012,5,0,264.0,543.0,261.0,923,1980.0,80,0,0.0,5,Reg,0,120,50.0,25.221608273812684,49020.0,4.885,4.3,2010,5,Q2,TwnhsE,0
100000.0,1664,4,2.0,45,0.0,0.0,5,9825,8,0,0.0,0.0,0.0,1664,1979.0,0,0,0.0,5,Reg,0,90,75.0,25.221608273812684,49020.0,4.885,4.3,2010,5,Q2,Duplex,0
394617.0,1932,2,3.0,0,3.0,1932.0,8,12444,7,0,774.0,1336.0,596.0,1932,2008.0,0,66,426.0,5,Reg,0,20,96.0,27.363846269205577,50140.0,6.09,3.1,2008,11,Q4,1Fam,0
165014.532907657,660,2,1.0,62,0.0,0.0,2,9000,5,0,0.0,0.0,0.0,660,1979.0,0,0,0.0,2,Reg,0,20,68.0,26.11993393300743,50720.0,5.4,6.0,2009,6,Q2,1Fam,1
199567.946369234,1921,4,2.0,42,2.0,1921.0,6,11136,8,0,576.0,0.0,1921.0,1921,1964.0,0,180,0.0,5,Reg,0,90,120.0,30.85894600589856,48130.0,6.765000000000001,2.8,2006,7,Q3,Duplex,0
167240.0,1248,2,2.0,1,2.0,1248.0,7,3010,5,0,438.0,16.0,1232.0,1248,2005.0,108,0,16.0,5,Reg,0,120,43.0,30.85894600589856,48130.0,6.34,2.7,2006,3,Q1,TwnhsE,1
141000.0,1375,3,1.5,70,1.0,780.0,6,9000,6,595,544.0,0.0,780.0,780,1979.0,0,162,0.0,6,Reg,126,50,50.0,29.102296283256685,48910.0,6.125,3.0,2007,12,Q4,1Fam,1
156000.0,912,2,2.0,29,2.0,888.0,6,7540,5,0,470.0,773.0,115.0,912,1978.0,0,0,0.0,6,IR1,192,85,68.0,29.102296283256685,48910.0,6.68,3.4,2007,6,Q2,1Fam,0
171190.624128768,960,3,1.0,52,0.0,960.0,4,6410,5,0,0.0,0.0,960.0,960,1979.0,0,0,0.0,5,Reg,0,20,64.0,25.221608273812684,49020.0,4.885,4.3,2010,5,Q2,1Fam,0
149900.0,894,3,2.0,34,2.0,894.0,5,9800,5,0,552.0,894.0,0.0,894,1975.0,256,0,0.0,7,Reg,0,20,70.0,30.85894600589856,48130.0,6.765000000000001,2.8,2006,7,Q3,1Fam,0
110000.0,816,2,2.0,47,2.0,816.0,5,8472,5,0,516.0,104.0,0.0,816,1963.0,106,0,0.0,5,IR2,0,90,110.0,25.221608273812684,49020.0,4.885,4.3,2010,5,Q2,Duplex,0
182744.514344465,1027,3,1.5,46,1.0,1027.0,5,8000,6,0,299.0,520.0,188.0,1027,1962.0,0,0,0.0,5,Reg,0,20,80.0,27.363846269205577,50140.0,6.09,3.1,2008,11,Q4,1Fam,0
138887.0,1784,4,1.5,92,1.0,747.0,5,13132,9,892,180.0,0.0,747.0,892,1914.0,203,40,0.0,5,Reg,0,70,96.0,30.85894600589856,48130.0,6.765000000000001,2.8,2006,7,Q3,1Fam,1
182550.070992189,1795,3,3.5,3,3.0,900.0,8,10603,8,886,782.0,682.0,218.0,909,2006.0,168,45,121.0,5,Reg,0,60,84.0,26.11993393300743,50720.0,5.2,5.6,2009,7,Q3,1Fam,0
163419.663729346,1092,3,1.5,40,0.0,546.0,4,1900,5,546,0.0,0.0,546.0,546,1979.0,0,0,0.0,4,Reg,0,160,21.0,25.221608273812684,49020.0,4.734999999999999,5.0,2010,6,Q2,TwnhsE,0
181721.458225594,1350,3,1.5,52,2.0,967.0,4,9375,6,0,504.0,799.0,168.0,1350,1954.0,237,0,0.0,5,Reg,0,20,75.0,30.85894600589856,48130.0,6.67,3.1,2006,6,Q2,1Fam,0
169233.113601757,1838,2,4.0,11,3.0,1838.0,6,10126,8,0,721.0,1593.0,83.0,1838,1998.0,160,67,0.0,5,Reg,0,90,83.0,27.363846269205577,50140.0,6.37,3.6,2008,7,Q3,Duplex,1
85000.0,1112,3,1.5,34,1.0,536.0,5,2592,4,576,336.0,129.0,175.0,536,1976.0,182,0,0.0,3,Reg,0,160,36.0,25.221608273812684,49020.0,5.07,4.3,2010,4,Q2,TwnhsE,0
130500.0,1200,3,1.0,62,1.0,768.0,5,11767,6,432,240.0,352.0,416.0,768,1946.0,0,0,0.0,6,Reg,0,50,70.0,27.363846269205577,50140.0,6.05,3.0,2008,5,Q2,1Fam,1
239000.0,2345,4,2.5,74,2.0,952.0,6,16560,9,1175,360.0,503.0,449.0,1170,1932.0,0,0,0.0,8,IR1,0,70,80.0,30.85894600589856,48130.0,6.765000000000001,2.8,2006,7,Q3,1Fam,1
180051.809151659,1587,3,2.0,36,2.0,1587.0,6,10667,7,0,525.0,838.0,749.0,1587,1971.0,0,44,302.0,6,Reg,0,20,85.0,29.102296283256685,48910.0,6.16,2.9,2007,3,Q1,1Fam,0
185846.215131922,1592,3,2.0,13,2.0,1556.0,8,11927,7,0,484.0,408.0,683.0,1592,1994.0,120,35,519.0,5,Reg,0,20,73.0,29.102296283256685,48910.0,6.68,3.4,2007,6,Q2,1Fam,1
190000.0,2620,4,3.0,30,2.0,1361.0,5,18890,12,1259,600.0,498.0,652.0,1361,1977.0,155,24,1.0,5,IR1,0,90,68.0,29.102296283256685,48910.0,6.59,3.0,2007,8,Q3,Duplex,0
155000.0,1094,3,1.0,55,2.0,1094.0,6,10452,5,0,495.0,500.0,594.0,1094,1953.0,0,0,216.0,5,IR1,287,20,85.0,27.363846269205577,50140.0,6.37,3.7,2008,6,Q2,1Fam,0
174894.588364005,1226,2,1.5,56,2.0,0.0,5,13108,7,0,400.0,0.0,0.0,1226,1951.0,174,24,0.0,5,IR2,228,20,126.0,29.102296283256685,48910.0,6.68,3.4,2007,6,Q2,1Fam,0
172281.605004025,2006,2,3.0,10,3.0,1982.0,8,11675,5,0,938.0,1660.0,322.0,2006,1998.0,144,33,495.0,5,IR1,0,20,136.0,27.363846269205577,50140.0,6.37,3.6,2008,7,Q3,1Fam,0
183322.866146283,1202,3,1.5,53,1.0,1202.0,5,8750,6,0,304.0,435.0,565.0,1202,1956.0,0,35,0.0,5,Reg,0,20,70.0,26.11993393300743,50720.0,4.87,4.6,2009,11,Q4,1Fam,0
184924.279658997,970,3,1.5,14,0.0,912.0,5,10441,6,0,0.0,337.0,575.0,970,1979.0,80,32,0.0,5,Reg,0,85,62.0,30.85894600589856,48130.0,6.765000000000001,2.8,2006,7,Q3,1Fam,0
176521.216975696,1510,3,3.0,43,2.0,1510.0,5,9680,6,0,517.0,1010.0,500.0,1510,1967.0,0,40,268.0,6,Reg,204,20,88.0,25.221608273812684,49020.0,5.07,4.3,2010,4,Q2,1Fam,0
211817.702818093,2039,3,2.5,65,3.0,929.0,7,21299,7,0,791.0,0.0,929.0,2039,1941.0,0,0,0.0,5,Reg,0,30,118.0,30.85894600589856,48130.0,6.125,2.5,2006,12,Q4,1Fam,1
160000.0,1472,3,2.5,16,2.0,384.0,7,10784,7,670,402.0,0.0,384.0,802,1991.0,164,0,76.0,5,IR1,0,80,68.0,29.102296283256685,48910.0,6.21,2.8,2007,5,Q2,1Fam,1
179460.96518734,2334,3,2.5,1,3.0,1590.0,9,12858,10,707,751.0,0.0,1590.0,1627,2009.0,144,133,162.0,5,IR1,0,60,102.0,25.221608273812684,49020.0,5.025,5.5,2010,1,Q1,1Fam,1
192000.0,1431,3,3.0,10,2.0,1431.0,7,9017,6,0,666.0,560.0,871.0,1431,1999.0,0,35,0.0,5,IR1,0,20,68.0,26.11993393300743,50720.0,5.055,4.7,2009,9,Q3,1Fam,0
109900.0,1196,2,2.0,91,2.0,1196.0,4,4800,5,0,440.0,197.0,999.0,1196,1957.0,0,0,0.0,7,Reg,0,30,40.0,29.102296283256685,48910.0,6.710000000000001,3.0,2007,7,Q3,1Fam,1
184000.0,1651,3,3.0,22,2.0,1606.0,6,12416,7,0,616.0,1398.0,0.0,1651,1986.0,192,0,132.0,5,IR1,0,20,47.0,27.363846269205577,50140.0,6.09,3.1,2008,11,Q4,1Fam,0
260000.0,2417,4,2.5,15,2.0,1288.0,8,16059,9,1116,462.0,0.0,1288.0,1301,1991.0,127,82,284.0,5,Reg,0,60,121.0,30.85894600589856,48130.0,6.51,2.4,2006,4,Q2,1Fam,1
348000.0,2392,3,3.5,9,3.0,1396.0,8,9452,7,985,870.0,1074.0,322.0,1407,1997.0,0,70,423.0,5,Reg,0,60,82.0,30.85894600589856,48130.0,6.67,3.1,2006,6,Q2,1Fam,1
166457.67844853,1444,2,2.0,32,2.0,1444.0,6,10400,5,0,473.0,0.0,1444.0,1444,1976.0,0,24,120.0,5,Reg,0,20,80.0,27.363846269205577,50140.0,5.88,2.7,2008,4,Q2,1Fam,0
182520.230322476,1536,3,2.5,2,2.0,768.0,6,10237,6,768,400.0,0.0,768.0,768,2005.0,100,38,0.0,5,Reg,0,60,65.0,29.102296283256685,48910.0,6.68,3.4,2007,6,Q2,1Fam,1
190000.0,1453,2,2.5,20,2.0,1453.0,7,5271,6,0,445.0,1082.0,371.0,1453,1986.0,0,80,0.0,5,IR1,184,120,68.0,30.85894600589856,48130.0,6.125,2.5,2006,12,Q4,1Fam,0
168000.0,1437,3,2.5,50,2.0,1188.0,5,14175,6,0,576.0,988.0,200.0,1437,1999.0,304,0,0.0,6,Reg,0,20,68.0,30.85894600589856,48130.0,6.24,2.4,2006,11,Q4,1Fam,1
156407.65915545,967,2,1.0,87,1.0,967.0,5,3153,5,0,180.0,0.0,967.0,967,1920.0,0,0,0.0,6,Reg,0,30,56.0,29.102296283256685,48910.0,6.710000000000001,3.0,2007,7,Q3,1Fam,1
155000.0,1348,3,1.5,40,2.0,660.0,6,7590,6,688,453.0,512.0,148.0,660,1966.0,188,108,266.0,5,Reg,0,60,69.0,30.85894600589856,48130.0,6.765000000000001,2.8,2006,7,Q3,1Fam,0
202900.0,1908,4,2.5,8,2.0,967.0,8,14191,9,915,431.0,0.0,967.0,993,2002.0,135,0,0.0,5,Reg,0,60,85.0,25.221608273812684,49020.0,5.07,4.3,2010,4,Q2,1Fam,0
